hour_of_year,pm10_2022,pm10_2023,pm10_2024
1,,221.0,538.0
2,232.0,267.0,340.0
3,234.0,320.0,346.0
4,183.0,361.0,275.0
5,137.0,166.0,176.0
6,99.0,94.0,143.0
7,88.0,76.0,124.0
8,62.0,61.0,75.0
9,65.0,64.0,60.0
10,51.0,48.0,48.0
11,38.0,53.0,52.0
12,73.0,40.0,35.0
13,277.0,34.0,27.0
14,122.0,23.0,37.0
15,117.0,15.0,30.0
16,85.0,16.0,32.0
17,72.0,32.0,31.0
18,34.0,28.0,34.0
19,26.0,24.0,28.0
20,33.0,27.0,36.0
21,46.0,138.0,46.0
22,38.0,78.0,37.0
23,70.0,91.0,25.0
24,80.0,85.0,27.0
25,69.0,106.0,27.0
26,73.0,90.0,26.0
27,48.0,88.0,29.0
28,42.0,72.0,30.0
29,34.0,72.0,19.0
30,28.0,56.0,15.0
31,194.0,60.0,16.0
32,115.0,51.0,22.0
33,71.0,51.0,26.0
34,86.0,68.0,27.0
35,93.0,55.0,42.0
36,85.0,108.0,37.0
37,68.0,99.0,39.0
38,82.0,83.0,48.0
39,67.0,55.0,48.0
40,62.0,48.0,51.0
41,49.0,55.0,48.0
42,50.0,47.0,56.0
43,47.0,43.0,59.0
44,49.0,67.0,67.0
45,51.0,84.0,75.0
46,52.0,167.0,76.0
47,42.0,204.0,82.0
48,38.0,175.0,107.0
49,38.0,142.0,141.0
50,35.0,123.0,171.0
51,38.0,80.0,130.0
52,29.0,112.0,151.0
53,27.0,69.0,154.0
54,22.0,77.0,99.0
55,38.0,48.0,95.0
56,42.0,43.0,83.0
57,57.0,57.0,68.0
58,128.0,59.0,63.0
59,76.0,141.0,62.0
60,58.0,95.0,68.0
61,41.0,84.0,80.0
62,41.0,99.0,60.0
63,41.0,103.0,74.0
64,,62.0,91.0
65,39.0,65.0,79.0
66,34.0,55.0,66.0
67,42.0,45.0,66.0
68,35.0,52.0,58.0
69,29.0,58.0,53.0
70,37.0,56.0,43.0
71,34.0,45.0,35.0
72,32.0,75.0,28.0
73,47.0,112.0,35.0
74,42.0,141.0,31.0
75,59.0,134.0,23.0
76,76.0,88.0,21.0
77,85.0,129.0,36.0
78,77.0,97.0,42.0
79,64.0,97.0,37.0
80,83.0,102.0,39.0
81,107.0,139.0,42.0
82,126.0,141.0,46.0
83,119.0,212.0,59.0
84,80.0,102.0,65.0
85,81.0,60.0,55.0
86,88.0,47.0,47.0
87,79.0,64.0,39.0
88,77.0,53.0,42.0
89,84.0,60.0,49.0
90,91.0,57.0,49.0
91,96.0,53.0,43.0
92,97.0,46.0,42.0
93,88.0,57.0,34.0
94,173.0,51.0,47.0
95,253.0,59.0,48.0
96,217.0,191.0,53.0
97,260.0,157.0,56.0
98,211.0,123.0,59.0
99,142.0,140.0,71.0
100,178.0,142.0,77.0
101,136.0,127.0,49.0
102,97.0,112.0,30.0
103,127.0,95.0,29.0
104,100.0,75.0,37.0
105,96.0,130.0,41.0
106,131.0,249.0,44.0
107,177.0,266.0,60.0
108,151.0,189.0,88.0
109,125.0,91.0,81.0
110,34.0,56.0,78.0
111,40.0,111.0,76.0
112,62.0,106.0,73.0
113,51.0,111.0,69.0
114,164.0,102.0,66.0
115,56.0,79.0,67.0
116,51.0,65.0,66.0
117,55.0,48.0,68.0
118,51.0,46.0,59.0
119,90.0,47.0,68.0
120,229.0,46.0,75.0
121,156.0,38.0,93.0
122,125.0,74.0,112.0
123,109.0,102.0,113.0
124,112.0,99.0,133.0
125,101.0,121.0,123.0
126,141.0,125.0,121.0
127,177.0,86.0,127.0
128,126.0,78.0,131.0
129,131.0,123.0,147.0
130,178.0,148.0,207.0
131,196.0,146.0,206.0
132,186.0,143.0,170.0
133,61.0,152.0,107.0
134,33.0,127.0,70.0
135,50.0,112.0,71.0
136,61.0,128.0,75.0
137,88.0,132.0,87.0
138,76.0,98.0,84.0
139,71.0,76.0,76.0
140,72.0,62.0,76.0
141,71.0,59.0,98.0
142,69.0,60.0,108.0
143,53.0,92.0,176.0
144,50.0,196.0,143.0
145,39.0,178.0,142.0
146,40.0,142.0,134.0
147,41.0,102.0,155.0
148,61.0,97.0,115.0
149,131.0,124.0,94.0
150,50.0,111.0,136.0
151,44.0,115.0,121.0
152,50.0,106.0,81.0
153,64.0,112.0,58.0
154,56.0,129.0,47.0
155,50.0,177.0,47.0
156,60.0,147.0,55.0
157,56.0,108.0,62.0
158,60.0,127.0,69.0
159,61.0,113.0,71.0
160,70.0,92.0,65.0
161,82.0,78.0,52.0
162,74.0,72.0,47.0
163,84.0,66.0,44.0
164,91.0,69.0,43.0
165,97.0,70.0,36.0
166,75.0,67.0,32.0
167,88.0,63.0,28.0
168,99.0,49.0,26.0
169,89.0,47.0,27.0
170,99.0,53.0,29.0
171,106.0,55.0,32.0
172,116.0,57.0,32.0
173,109.0,48.0,39.0
174,105.0,42.0,36.0
175,102.0,44.0,62.0
176,99.0,42.0,92.0
177,73.0,50.0,105.0
178,91.0,57.0,102.0
179,91.0,53.0,185.0
180,132.0,69.0,144.0
181,149.0,54.0,114.0
182,167.0,66.0,80.0
183,144.0,55.0,105.0
184,142.0,51.0,100.0
185,139.0,51.0,95.0
186,139.0,49.0,97.0
187,121.0,45.0,87.0
188,112.0,46.0,222.0
189,169.0,49.0,273.0
190,210.0,49.0,269.0
191,270.0,45.0,166.0
192,288.0,44.0,
193,222.0,29.0,88.0
194,204.0,24.0,68.0
195,162.0,26.0,59.0
196,149.0,26.0,99.0
197,104.0,24.0,102.0
198,96.0,33.0,104.0
199,102.0,34.0,221.0
200,75.0,39.0,261.0
201,88.0,44.0,152.0
202,96.0,51.0,94.0
203,101.0,57.0,
204,84.0,76.0,
205,68.0,70.0,
206,55.0,,
207,108.0,78.0,
208,86.0,55.0,
209,70.0,53.0,
210,61.0,49.0,
211,55.0,52.0,
212,55.0,52.0,
213,50.0,51.0,
214,52.0,43.0,
215,49.0,51.0,
216,50.0,99.0,
217,41.0,132.0,
218,59.0,88.0,
219,67.0,121.0,
220,56.0,143.0,
221,60.0,119.0,
222,79.0,98.0,
223,58.0,104.0,
224,50.0,104.0,
225,38.0,123.0,
226,34.0,206.0,
227,44.0,215.0,
228,45.0,134.0,
229,53.0,136.0,
230,66.0,95.0,
231,66.0,92.0,
232,64.0,69.0,
233,62.0,79.0,
234,58.0,84.0,
235,57.0,79.0,
236,54.0,49.0,
237,56.0,67.0,
238,40.0,67.0,
239,46.0,194.0,
240,38.0,185.0,
241,30.0,118.0,
242,21.0,121.0,
243,20.0,126.0,
244,33.0,104.0,
245,32.0,63.0,
246,32.0,60.0,
247,29.0,93.0,
248,25.0,90.0,
249,23.0,142.0,
250,36.0,304.0,
251,47.0,299.0,
252,39.0,162.0,
253,45.0,61.0,
254,42.0,78.0,
255,51.0,83.0,
256,59.0,65.0,
257,55.0,66.0,
258,56.0,87.0,
259,51.0,66.0,
260,49.0,68.0,
261,47.0,83.0,
262,34.0,220.0,
263,34.0,195.0,
264,,202.0,
265,,,
266,,145.0,
267,,113.0,
268,,106.0,
269,,69.0,
270,,,
271,,81.0,
272,,69.0,
273,,84.0,
274,,,
275,135.0,119.0,
276,135.0,154.0,
277,108.0,195.0,
278,89.0,101.0,
279,122.0,94.0,
280,106.0,67.0,
281,104.0,59.0,
282,108.0,55.0,
283,110.0,55.0,
284,134.0,59.0,
285,201.0,64.0,
286,208.0,69.0,
287,156.0,57.0,
288,118.0,35.0,
289,156.0,27.0,
290,169.0,34.0,
291,136.0,35.0,
292,,35.0,
293,90.0,28.0,
294,66.0,28.0,
295,60.0,23.0,
296,69.0,17.0,
297,98.0,69.0,
298,186.0,62.0,
299,267.0,45.0,
300,186.0,34.0,
301,58.0,35.0,
302,57.0,40.0,
303,69.0,46.0,
304,84.0,43.0,
305,82.0,52.0,
306,81.0,66.0,
307,77.0,70.0,
308,76.0,57.0,
309,129.0,41.0,
310,210.0,43.0,
311,250.0,40.0,
312,197.0,39.0,
313,197.0,105.0,
314,145.0,151.0,
315,146.0,103.0,
316,110.0,118.0,
317,166.0,115.0,
318,90.0,110.0,
319,86.0,90.0,
320,89.0,100.0,
321,145.0,166.0,
322,217.0,154.0,
323,285.0,113.0,
324,145.0,101.0,
325,131.0,55.0,
326,85.0,87.0,
327,57.0,89.0,
328,68.0,92.0,
329,90.0,63.0,
330,116.0,52.0,
331,112.0,52.0,
332,100.0,48.0,
333,164.0,47.0,
334,182.0,47.0,
335,264.0,55.0,
336,224.0,86.0,
337,243.0,103.0,
338,125.0,112.0,
339,103.0,110.0,
340,79.0,96.0,
341,54.0,92.0,
342,60.0,104.0,
343,77.0,74.0,
344,51.0,99.0,
345,406.0,95.0,
346,386.0,133.0,
347,322.0,142.0,
348,331.0,146.0,
349,240.0,117.0,
350,169.0,85.0,
351,262.0,85.0,
352,219.0,89.0,
353,164.0,84.0,
354,168.0,77.0,
355,123.0,75.0,
356,123.0,69.0,
357,108.0,77.0,
358,581.0,115.0,
359,260.0,145.0,
360,143.0,175.0,
361,125.0,138.0,
362,123.0,142.0,
363,134.0,91.0,
364,103.0,79.0,
365,97.0,118.0,
366,98.0,115.0,
367,95.0,128.0,
368,95.0,232.0,
369,112.0,158.0,
370,116.0,138.0,
371,114.0,142.0,
372,97.0,98.0,
373,93.0,100.0,
374,112.0,138.0,
375,109.0,121.0,
376,101.0,247.0,
377,97.0,322.0,
378,91.0,181.0,
379,90.0,64.0,
380,82.0,65.0,
381,87.0,84.0,
382,129.0,78.0,
383,170.0,74.0,
384,151.0,82.0,
385,150.0,209.0,
386,155.0,179.0,
387,170.0,152.0,
388,104.0,124.0,
389,88.0,106.0,
390,75.0,97.0,
391,78.0,117.0,
392,83.0,90.0,
393,147.0,146.0,
394,188.0,257.0,
395,269.0,212.0,
396,185.0,192.0,
397,122.0,132.0,
398,62.0,73.0,
399,81.0,107.0,
400,85.0,92.0,
401,83.0,83.0,77.0
402,88.0,110.0,74.0
403,80.0,112.0,68.0
404,69.0,99.0,62.0
405,79.0,93.0,63.0
406,70.0,85.0,59.0
407,73.0,79.0,155.0
408,97.0,98.0,164.0
409,200.0,140.0,125.0
410,156.0,146.0,227.0
411,114.0,142.0,217.0
412,191.0,,164.0
413,243.0,216.0,179.0
414,117.0,166.0,254.0
415,120.0,198.0,194.0
416,116.0,329.0,159.0
417,152.0,,147.0
418,257.0,363.0,184.0
419,272.0,199.0,234.0
420,246.0,108.0,266.0
421,89.0,156.0,211.0
422,94.0,175.0,172.0
423,138.0,148.0,184.0
424,128.0,155.0,122.0
425,135.0,100.0,110.0
426,120.0,71.0,137.0
427,90.0,64.0,125.0
428,92.0,68.0,138.0
429,95.0,76.0,192.0
430,513.0,60.0,155.0
431,300.0,51.0,195.0
432,278.0,50.0,194.0
433,201.0,61.0,174.0
434,211.0,147.0,179.0
435,159.0,118.0,223.0
436,152.0,109.0,122.0
437,150.0,128.0,76.0
438,103.0,95.0,76.0
439,101.0,52.0,80.0
440,85.0,35.0,103.0
441,149.0,35.0,161.0
442,128.0,31.0,723.0
443,113.0,35.0,577.0
444,67.0,46.0,256.0
445,276.0,104.0,202.0
446,183.0,99.0,171.0
447,,139.0,121.0
448,70.0,94.0,87.0
449,48.0,76.0,79.0
450,51.0,71.0,92.0
451,42.0,63.0,78.0
452,44.0,41.0,59.0
453,78.0,32.0,47.0
454,55.0,34.0,37.0
455,52.0,27.0,39.0
456,50.0,27.0,33.0
457,62.0,27.0,45.0
458,51.0,31.0,37.0
459,52.0,40.0,29.0
460,28.0,35.0,27.0
461,44.0,25.0,33.0
462,68.0,28.0,36.0
463,100.0,45.0,40.0
464,137.0,85.0,37.0
465,103.0,99.0,36.0
466,80.0,180.0,42.0
467,107.0,153.0,47.0
468,127.0,108.0,58.0
469,111.0,74.0,59.0
470,83.0,58.0,56.0
471,82.0,93.0,48.0
472,75.0,82.0,53.0
473,74.0,96.0,52.0
474,69.0,97.0,52.0
475,72.0,93.0,51.0
476,76.0,89.0,63.0
477,72.0,97.0,61.0
478,54.0,86.0,54.0
479,52.0,65.0,55.0
480,58.0,51.0,48.0
481,50.0,54.0,38.0
482,45.0,44.0,39.0
483,53.0,43.0,36.0
484,49.0,65.0,25.0
485,47.0,64.0,21.0
486,44.0,48.0,22.0
487,42.0,48.0,15.0
488,47.0,52.0,30.0
489,56.0,127.0,29.0
490,56.0,132.0,35.0
491,47.0,154.0,41.0
492,46.0,149.0,48.0
493,56.0,87.0,43.0
494,72.0,78.0,49.0
495,111.0,93.0,63.0
496,126.0,120.0,80.0
497,125.0,115.0,44.0
498,96.0,113.0,47.0
499,107.0,102.0,54.0
500,93.0,89.0,50.0
501,92.0,75.0,
502,80.0,62.0,
503,70.0,53.0,
504,68.0,53.0,
505,69.0,52.0,
506,71.0,39.0,
507,72.0,44.0,
508,70.0,41.0,67.0
509,56.0,38.0,63.0
510,57.0,37.0,75.0
511,60.0,44.0,72.0
512,56.0,36.0,35.0
513,57.0,31.0,26.0
514,62.0,31.0,14.0
515,56.0,41.0,32.0
516,64.0,40.0,65.0
517,87.0,38.0,74.0
518,84.0,46.0,86.0
519,84.0,42.0,98.0
520,68.0,49.0,109.0
521,62.0,43.0,
522,47.0,41.0,
523,34.0,45.0,135.0
524,,35.0,131.0
525,77.0,45.0,123.0
526,27.0,41.0,139.0
527,27.0,31.0,157.0
528,30.0,24.0,179.0
529,31.0,26.0,184.0
530,23.0,36.0,175.0
531,20.0,28.0,171.0
532,17.0,23.0,181.0
533,18.0,34.0,123.0
534,17.0,28.0,105.0
535,23.0,30.0,124.0
536,23.0,31.0,129.0
537,33.0,38.0,145.0
538,26.0,61.0,267.0
539,28.0,65.0,302.0
540,34.0,57.0,215.0
541,29.0,41.0,134.0
542,39.0,43.0,92.0
543,34.0,51.0,110.0
544,35.0,44.0,102.0
545,40.0,36.0,136.0
546,42.0,37.0,152.0
547,53.0,32.0,134.0
548,51.0,27.0,116.0
549,,28.0,102.0
550,35.0,33.0,80.0
551,44.0,31.0,54.0
552,37.0,31.0,45.0
553,35.0,34.0,50.0
554,40.0,43.0,58.0
555,38.0,42.0,60.0
556,38.0,47.0,56.0
557,35.0,63.0,94.0
558,157.0,54.0,86.0
559,186.0,89.0,92.0
560,165.0,89.0,110.0
561,161.0,93.0,122.0
562,152.0,97.0,165.0
563,114.0,164.0,116.0
564,112.0,126.0,105.0
565,114.0,,119.0
566,164.0,89.0,86.0
567,156.0,98.0,105.0
568,133.0,203.0,107.0
569,152.0,78.0,83.0
570,158.0,77.0,
571,176.0,62.0,
572,179.0,55.0,59.0
573,228.0,48.0,55.0
574,247.0,36.0,50.0
575,190.0,33.0,52.0
576,119.0,29.0,46.0
577,108.0,23.0,37.0
578,38.0,34.0,35.0
579,61.0,37.0,37.0
580,70.0,40.0,38.0
581,47.0,36.0,14.0
582,58.0,33.0,16.0
583,52.0,37.0,21.0
584,52.0,31.0,22.0
585,80.0,38.0,42.0
586,91.0,68.0,48.0
587,139.0,86.0,70.0
588,194.0,73.0,56.0
589,89.0,72.0,53.0
590,57.0,68.0,60.0
591,66.0,226.0,58.0
592,63.0,105.0,37.0
593,54.0,69.0,31.0
594,57.0,60.0,30.0
595,56.0,63.0,24.0
596,206.0,52.0,26.0
597,124.0,47.0,35.0
598,48.0,53.0,28.0
599,36.0,49.0,34.0
600,34.0,36.0,39.0
601,30.0,27.0,41.0
602,32.0,22.0,39.0
603,27.0,14.0,66.0
604,38.0,10.0,78.0
605,38.0,11.0,140.0
606,39.0,11.0,64.0
607,39.0,19.0,26.0
608,35.0,32.0,41.0
609,35.0,56.0,55.0
610,36.0,45.0,166.0
611,32.0,39.0,86.0
612,41.0,48.0,52.0
613,40.0,53.0,75.0
614,40.0,67.0,88.0
615,37.0,48.0,87.0
616,41.0,32.0,80.0
617,31.0,24.0,100.0
618,43.0,27.0,106.0
619,46.0,34.0,90.0
620,33.0,35.0,92.0
621,44.0,35.0,80.0
622,34.0,29.0,67.0
623,37.0,26.0,68.0
624,32.0,27.0,64.0
625,28.0,27.0,55.0
626,34.0,33.0,36.0
627,41.0,29.0,22.0
628,34.0,30.0,17.0
629,24.0,19.0,21.0
630,25.0,20.0,20.0
631,25.0,26.0,17.0
632,29.0,34.0,33.0
633,30.0,37.0,27.0
634,27.0,46.0,29.0
635,30.0,45.0,33.0
636,44.0,59.0,49.0
637,44.0,55.0,49.0
638,53.0,58.0,56.0
639,42.0,60.0,49.0
640,46.0,72.0,56.0
641,47.0,75.0,43.0
642,59.0,80.0,44.0
643,57.0,88.0,50.0
644,52.0,87.0,44.0
645,62.0,81.0,31.0
646,63.0,67.0,33.0
647,46.0,69.0,29.0
648,45.0,64.0,32.0
649,39.0,55.0,28.0
650,36.0,44.0,23.0
651,45.0,47.0,18.0
652,56.0,55.0,23.0
653,47.0,95.0,27.0
654,35.0,110.0,35.0
655,17.0,138.0,46.0
656,21.0,161.0,59.0
657,19.0,130.0,69.0
658,16.0,174.0,102.0
659,16.0,232.0,96.0
660,,172.0,37.0
661,709.0,179.0,32.0
662,,171.0,32.0
663,26.0,136.0,30.0
664,29.0,107.0,28.0
665,25.0,107.0,33.0
666,25.0,148.0,32.0
667,33.0,,27.0
668,47.0,163.0,18.0
669,64.0,174.0,19.0
670,60.0,,22.0
671,65.0,222.0,29.0
672,57.0,270.0,21.0
673,64.0,251.0,16.0
674,75.0,222.0,15.0
675,41.0,175.0,23.0
676,28.0,150.0,40.0
677,30.0,141.0,30.0
678,37.0,132.0,52.0
679,42.0,107.0,79.0
680,39.0,107.0,106.0
681,39.0,111.0,136.0
682,39.0,116.0,330.0
683,45.0,124.0,157.0
684,50.0,120.0,101.0
685,71.0,88.0,61.0
686,27.0,103.0,58.0
687,26.0,108.0,74.0
688,27.0,92.0,69.0
689,32.0,78.0,49.0
690,28.0,63.0,37.0
691,26.0,43.0,35.0
692,25.0,45.0,37.0
693,34.0,52.0,36.0
694,33.0,,32.0
695,43.0,45.0,30.0
696,51.0,,29.0
697,94.0,27.0,40.0
698,69.0,23.0,42.0
699,83.0,54.0,50.0
700,68.0,65.0,78.0
701,66.0,53.0,51.0
702,57.0,46.0,42.0
703,68.0,49.0,46.0
704,53.0,57.0,82.0
705,83.0,80.0,76.0
706,64.0,144.0,300.0
707,116.0,141.0,275.0
708,56.0,109.0,93.0
709,54.0,75.0,78.0
710,66.0,97.0,80.0
711,66.0,104.0,86.0
712,,80.0,83.0
713,82.0,79.0,87.0
714,78.0,79.0,83.0
715,63.0,66.0,79.0
716,52.0,62.0,76.0
717,259.0,59.0,73.0
718,250.0,47.0,61.0
719,136.0,44.0,57.0
720,67.0,39.0,49.0
721,55.0,36.0,186.0
722,86.0,39.0,240.0
723,63.0,39.0,164.0
724,58.0,18.0,155.0
725,61.0,11.0,146.0
726,49.0,28.0,121.0
727,70.0,30.0,142.0
728,107.0,24.0,111.0
729,125.0,29.0,187.0
730,164.0,30.0,314.0
731,104.0,26.0,327.0
732,85.0,24.0,137.0
733,92.0,21.0,104.0
734,112.0,29.0,92.0
735,123.0,36.0,84.0
736,65.0,32.0,61.0
737,72.0,33.0,54.0
738,58.0,28.0,52.0
739,57.0,30.0,59.0
740,55.0,23.0,48.0
741,79.0,26.0,38.0
742,123.0,15.0,
743,196.0,13.0,40.7
744,125.0,11.0,50.19
745,,,
746,159.0,11.0,
747,169.0,10.0,
748,110.0,9.0,
749,122.0,20.0,
750,94.0,26.0,
751,102.0,23.0,
752,90.0,20.0,
753,159.0,26.0,
754,255.0,39.0,
755,314.0,55.0,
756,129.0,56.0,
757,330.0,73.0,
758,73.0,71.0,
759,77.0,77.0,
760,75.0,76.0,
761,73.0,75.0,91.8
762,61.0,62.0,87.0
763,51.0,58.0,67.0
764,43.0,64.0,46.0
765,129.0,71.0,50.0
766,46.0,59.0,46.0
767,53.0,30.0,50.0
768,42.0,22.0,91.0
769,78.0,30.0,136.0
770,188.0,31.0,165.0
771,158.0,54.0,130.0
772,120.0,60.0,132.0
773,111.0,61.0,119.0
774,109.0,73.0,80.0
775,83.0,75.0,124.0
776,114.0,77.0,168.0
777,173.0,80.0,219.0
778,163.0,91.0,209.0
779,232.0,110.0,238.0
780,132.0,104.0,168.0
781,110.0,107.0,78.0
782,99.0,99.0,64.0
783,90.0,101.0,90.0
784,110.0,97.0,90.0
785,100.0,78.0,68.0
786,100.0,63.0,65.0
787,91.0,75.0,54.0
788,88.0,67.0,37.0
789,84.0,69.0,55.0
790,86.0,63.0,77.0
791,74.0,44.0,75.0
792,81.0,38.0,92.0
793,79.0,49.0,90.0
794,78.0,58.0,92.0
795,61.0,98.0,117.0
796,53.0,101.0,52.0
797,51.0,88.0,53.0
798,49.0,40.0,48.0
799,50.0,35.0,49.0
800,52.0,28.0,35.0
801,45.0,57.0,30.0
802,53.0,111.0,34.0
803,48.0,128.0,48.0
804,56.0,77.0,68.0
805,34.0,75.0,364.0
806,36.0,70.0,523.0
807,40.0,79.0,312.0
808,45.0,66.0,172.0
809,60.0,53.0,129.0
810,64.0,49.0,167.0
811,67.0,42.0,149.0
812,51.0,37.0,65.0
813,46.0,,47.0
814,38.0,41.0,44.0
815,29.0,38.0,59.0
816,27.0,28.0,55.0
817,26.0,24.0,64.0
818,29.0,20.0,50.0
819,32.0,16.0,70.0
820,29.0,15.0,52.0
821,31.0,23.0,64.0
822,25.0,36.0,85.0
823,21.0,72.0,67.0
824,24.0,68.0,43.0
825,29.0,81.0,48.0
826,32.0,111.0,48.0
827,44.0,118.0,51.0
828,44.0,99.0,181.0
829,52.0,67.0,110.0
830,51.0,70.0,105.0
831,58.0,66.0,93.0
832,39.0,53.0,107.0
833,46.0,43.0,104.0
834,53.0,38.0,67.0
835,60.0,39.0,52.0
836,54.0,34.0,30.0
837,51.0,29.0,29.0
838,48.0,42.0,30.0
839,39.0,74.0,28.0
840,41.0,88.0,21.0
841,29.0,101.0,14.0
842,28.0,104.0,17.0
843,30.0,78.0,29.0
844,38.0,96.0,29.0
845,37.0,69.0,31.0
846,40.0,66.0,50.0
847,28.0,60.0,61.0
848,34.0,74.0,66.0
849,51.0,71.0,47.0
850,118.0,69.0,57.0
851,104.0,91.0,76.0
852,46.0,63.0,47.0
853,65.0,41.0,55.0
854,47.0,51.0,60.0
855,56.0,63.0,51.0
856,56.0,,44.0
857,49.0,58.0,37.0
858,49.0,47.0,41.0
859,48.0,47.0,39.0
860,40.0,43.0,31.0
861,31.0,40.0,29.0
862,33.0,43.0,28.0
863,33.0,46.0,24.0
864,30.0,64.0,27.0
865,33.0,110.0,21.0
866,64.0,114.0,22.0
867,60.0,88.0,27.0
868,49.0,68.0,59.0
869,42.0,78.0,62.0
870,48.0,60.0,44.0
871,48.0,63.0,46.0
872,55.0,60.0,68.0
873,67.0,93.0,120.0
874,84.0,67.0,189.0
875,72.0,91.0,173.0
876,85.0,67.0,76.0
877,68.0,68.0,37.0
878,61.0,66.0,45.0
879,62.0,69.0,41.0
880,74.0,91.0,33.0
881,80.0,98.0,36.0
882,72.0,63.0,46.0
883,81.0,40.0,46.0
884,85.0,35.0,34.0
885,74.0,34.0,32.0
886,69.0,34.0,29.0
887,57.0,28.0,25.0
888,56.0,80.0,25.0
889,53.0,91.0,22.0
890,53.0,75.0,21.0
891,60.0,39.0,15.0
892,70.0,58.0,40.0
893,71.0,60.0,86.0
894,78.0,82.0,80.0
895,81.0,119.0,73.0
896,90.0,88.0,93.0
897,103.0,133.0,117.0
898,88.0,200.0,81.0
899,79.0,298.0,67.0
900,105.0,143.0,71.0
901,83.0,111.0,88.0
902,70.0,98.0,94.0
903,54.0,142.0,96.0
904,37.0,136.0,106.0
905,40.0,105.0,107.0
906,41.0,121.0,81.0
907,42.0,107.0,55.0
908,45.0,109.0,57.0
909,40.0,84.0,63.0
910,56.0,56.0,94.0
911,56.0,43.0,88.0
912,61.0,38.0,177.0
913,59.0,48.0,128.0
914,59.0,40.0,138.0
915,56.0,44.0,161.0
916,46.0,43.0,111.0
917,58.0,54.0,122.0
918,56.0,51.0,131.0
919,62.0,41.0,138.0
920,63.0,42.0,153.0
921,80.0,32.0,131.0
922,135.0,42.0,283.0
923,117.0,47.0,279.0
924,90.0,57.0,111.0
925,97.0,72.0,103.0
926,46.0,87.0,91.0
927,43.0,108.0,93.0
928,50.0,86.0,72.0
929,55.0,89.0,61.0
930,,68.0,64.0
931,,61.0,76.0
932,65.0,50.0,59.0
933,54.0,54.0,56.0
934,48.0,55.0,47.0
935,66.0,51.0,46.0
936,137.0,52.0,43.0
937,166.0,48.0,41.0
938,133.0,52.0,42.0
939,140.0,58.0,49.0
940,109.0,66.0,52.0
941,119.0,82.0,56.0
942,118.0,78.0,69.0
943,98.0,89.0,90.0
944,135.0,94.0,106.0
945,134.0,127.0,128.0
946,152.0,159.0,196.0
947,165.0,96.0,270.0
948,167.0,65.0,103.0
949,110.0,52.0,75.0
950,49.0,46.0,66.0
951,60.0,49.0,78.0
952,73.0,37.0,88.0
953,71.0,40.0,82.0
954,74.0,45.0,90.0
955,68.0,45.0,83.0
956,61.0,38.0,76.0
957,59.0,42.0,65.0
958,52.0,29.0,62.0
959,52.0,34.0,65.0
960,47.0,34.0,59.0
961,40.0,30.0,61.0
962,34.0,25.0,50.0
963,34.0,92.0,53.0
964,48.0,72.0,60.0
965,,58.0,65.0
966,56.0,90.0,75.0
967,73.0,63.0,79.0
968,65.0,59.0,81.0
969,93.0,116.0,107.0
970,159.0,115.0,155.0
971,145.0,158.0,112.0
972,176.0,100.0,93.0
973,105.0,67.0,106.0
974,93.0,60.0,80.0
975,60.0,52.0,104.0
976,63.0,51.0,118.0
977,81.0,53.0,131.0
978,69.0,47.0,106.0
979,63.0,42.0,95.0
980,55.0,38.0,80.0
981,62.0,48.0,82.0
982,51.0,48.0,145.0
983,46.0,44.0,147.0
984,45.0,42.0,101.0
985,39.0,32.0,145.0
986,,25.0,144.0
987,34.0,23.0,129.0
988,39.0,22.0,85.0
989,42.0,22.0,69.0
990,35.0,16.0,80.0
991,41.0,16.0,74.0
992,52.0,46.0,80.0
993,53.0,108.0,41.0
994,102.0,135.0,48.0
995,134.0,49.0,51.0
996,91.0,40.0,67.0
997,117.0,36.0,142.0
998,97.0,52.0,121.0
999,94.0,58.0,89.0
1000,107.0,58.0,70.0
1001,95.0,57.0,54.0
1002,78.0,59.0,60.0
1003,59.0,64.0,65.0
1004,56.0,,62.0
1005,56.0,46.0,44.0
1006,,33.0,39.0
1007,42.0,36.0,43.0
1008,45.0,41.0,35.0
1009,94.0,25.0,26.0
1010,51.0,22.0,31.0
1011,57.0,24.0,26.0
1012,77.0,39.0,29.0
1013,93.0,29.0,38.0
1014,93.0,36.0,35.0
1015,105.0,69.0,33.0
1016,104.0,66.0,46.0
1017,149.0,47.0,59.0
1018,147.0,59.0,64.0
1019,273.0,83.0,62.0
1020,130.0,61.0,72.0
1021,111.0,46.0,77.0
1022,98.0,45.0,74.0
1023,,52.0,72.0
1024,120.0,49.0,56.0
1025,,36.0,58.0
1026,88.0,31.0,59.0
1027,,39.0,53.0
1028,65.0,32.0,51.0
1029,76.0,39.0,56.0
1030,74.0,39.0,46.0
1031,71.0,24.0,44.0
1032,60.0,19.0,33.0
1033,54.0,23.0,30.0
1034,,37.0,26.0
1035,42.0,44.0,21.0
1036,46.0,55.0,25.0
1037,43.0,66.0,17.0
1038,42.0,89.0,12.0
1039,41.0,85.0,11.0
1040,45.0,64.0,13.0
1041,,155.0,30.0
1042,74.0,276.0,57.0
1043,61.0,146.0,61.0
1044,48.0,103.0,64.0
1045,56.0,96.0,69.0
1046,52.0,88.0,77.0
1047,48.0,101.0,70.0
1048,46.0,107.0,52.0
1049,44.0,96.0,53.0
1050,41.0,74.0,67.0
1051,40.0,87.0,54.0
1052,38.0,79.0,50.0
1053,37.0,61.0,49.0
1054,35.0,37.0,42.0
1055,39.0,43.0,35.0
1056,38.0,104.0,34.0
1057,46.0,83.0,37.0
1058,52.0,106.0,29.0
1059,70.0,86.0,25.0
1060,77.0,70.0,28.0
1061,71.0,47.0,39.0
1062,63.0,52.0,57.0
1063,96.0,79.0,55.0
1064,125.0,91.0,85.0
1065,169.0,97.0,129.0
1066,193.0,110.0,162.0
1067,169.0,169.0,228.0
1068,118.0,,108.0
1069,89.0,,78.0
1070,77.0,,109.0
1071,104.0,,132.0
1072,94.0,,103.0
1073,76.0,,117.0
1074,67.0,188.0,130.0
1075,52.0,96.0,130.0
1076,45.0,79.0,119.0
1077,48.0,75.0,105.0
1078,45.0,53.0,94.0
1079,42.0,50.0,91.0
1080,41.0,44.0,93.0
1081,41.0,41.0,83.0
1082,75.0,35.0,102.0
1083,45.0,31.0,149.0
1084,47.0,60.0,137.0
1085,51.0,65.0,150.0
1086,90.0,109.0,176.0
1087,104.0,105.0,151.0
1088,140.0,92.0,142.0
1089,117.0,133.0,181.0
1090,244.0,212.0,224.0
1091,135.0,157.0,220.0
1092,91.0,112.0,191.0
1093,99.0,86.0,118.0
1094,87.0,71.0,116.0
1095,126.0,80.0,105.0
1096,114.0,88.0,93.0
1097,81.0,74.0,93.0
1098,68.0,76.0,85.0
1099,61.0,65.0,72.0
1100,58.0,61.0,65.0
1101,57.0,70.0,68.0
1102,42.0,105.0,72.0
1103,45.0,192.0,69.0
1104,37.0,238.0,54.0
1105,41.0,186.0,63.0
1106,53.0,165.0,61.0
1107,44.0,148.0,50.0
1108,44.0,132.0,48.0
1109,48.0,148.0,101.0
1110,71.0,88.0,77.0
1111,88.0,65.0,72.0
1112,81.0,171.0,71.0
1113,113.0,234.0,70.0
1114,172.0,175.0,66.0
1115,214.0,132.0,62.0
1116,204.0,124.0,77.0
1117,192.0,130.0,92.0
1118,136.0,127.0,113.0
1119,116.0,126.0,107.0
1120,125.0,94.0,47.0
1121,118.0,77.0,36.0
1122,95.0,77.0,56.0
1123,76.0,68.0,52.0
1124,74.0,61.0,35.0
1125,65.0,63.0,40.0
1126,60.0,57.0,36.0
1127,97.0,52.0,31.0
1128,119.0,63.0,37.0
1129,157.0,53.0,36.0
1130,163.0,37.0,31.0
1131,99.0,28.0,28.0
1132,110.0,37.0,32.0
1133,99.0,24.0,13.0
1134,85.0,22.0,9.0
1135,,18.0,10.0
1136,71.0,19.0,17.0
1137,78.0,21.0,14.0
1138,150.0,30.0,14.0
1139,256.0,30.0,10.0
1140,242.0,41.0,7.0
1141,266.0,43.0,17.0
1142,218.0,47.0,7.0
1143,213.0,51.0,17.0
1144,189.0,46.0,22.0
1145,162.0,41.0,26.0
1146,145.0,36.0,28.0
1147,147.0,46.0,36.0
1148,120.0,49.0,42.0
1149,124.0,51.0,32.0
1150,107.0,40.0,32.0
1151,86.0,32.0,31.0
1152,73.0,44.0,37.0
1153,56.0,27.0,35.0
1154,51.0,15.0,38.0
1155,182.0,20.0,35.0
1156,136.0,13.0,36.0
1157,80.0,13.0,31.0
1158,56.0,17.0,31.0
1159,47.0,17.0,27.0
1160,49.0,20.0,27.0
1161,45.0,23.0,24.0
1162,45.0,32.0,25.0
1163,50.0,29.0,19.0
1164,53.0,38.0,22.0
1165,61.0,35.0,23.0
1166,54.0,31.0,28.0
1167,59.0,28.0,38.0
1168,56.0,39.0,36.0
1169,55.0,39.0,37.0
1170,,32.0,49.0
1171,61.0,39.0,58.0
1172,61.0,38.0,54.0
1173,68.0,40.0,46.0
1174,47.0,49.0,45.0
1175,38.0,45.0,41.0
1176,35.0,33.0,36.0
1177,34.0,27.0,40.0
1178,35.0,53.0,45.0
1179,31.0,95.0,54.0
1180,27.0,64.0,69.0
1181,22.0,74.0,120.0
1182,32.0,79.0,139.0
1183,36.0,64.0,92.0
1184,48.0,66.0,94.0
1185,35.0,87.0,169.0
1186,49.0,97.0,332.0
1187,50.0,109.0,213.0
1188,49.0,62.0,147.0
1189,61.0,49.0,138.0
1190,55.0,52.0,102.0
1191,42.0,60.0,103.0
1192,44.0,62.0,110.0
1193,45.0,63.0,137.0
1194,50.0,58.0,103.0
1195,45.0,59.0,86.0
1196,43.0,59.0,69.0
1197,35.0,64.0,68.0
1198,38.0,56.0,65.0
1199,34.0,48.0,77.0
1200,33.0,88.0,217.0
1201,31.0,142.0,244.0
1202,26.0,147.0,255.0
1203,25.0,123.0,123.0
1204,25.0,109.0,77.0
1205,32.0,85.0,143.0
1206,43.0,68.0,95.0
1207,59.0,51.0,69.0
1208,60.0,121.0,75.0
1209,60.0,97.0,161.0
1210,87.0,123.0,302.0
1211,77.0,140.0,298.0
1212,68.0,87.0,84.0
1213,80.0,83.0,38.0
1214,72.0,66.0,54.0
1215,66.0,63.0,90.0
1216,69.0,75.0,111.0
1217,75.0,79.0,81.0
1218,58.0,79.0,66.0
1219,49.0,75.0,62.0
1220,53.0,75.0,51.0
1221,56.0,80.0,40.0
1222,54.0,84.0,48.0
1223,60.0,71.0,48.0
1224,52.0,54.0,130.0
1225,67.0,92.0,240.0
1226,80.0,112.0,222.0
1227,62.0,106.0,211.0
1228,79.0,101.0,218.0
1229,64.0,140.0,179.0
1230,88.0,116.0,116.0
1231,52.0,124.0,76.0
1232,70.0,169.0,101.0
1233,109.0,205.0,141.0
1234,194.0,271.0,
1235,184.0,296.0,315.0
1236,113.0,132.0,135.0
1237,78.0,99.0,69.0
1238,65.0,96.0,61.0
1239,88.0,107.0,84.0
1240,85.0,117.0,121.0
1241,69.0,97.0,135.0
1242,60.0,95.0,90.0
1243,53.0,82.0,65.0
1244,42.0,82.0,55.0
1245,51.0,79.0,50.0
1246,45.0,65.0,65.0
1247,53.0,52.0,58.0
1248,147.0,110.0,238.0
1249,94.0,161.0,252.0
1250,254.0,141.0,121.0
1251,219.0,148.0,188.0
1252,172.0,132.0,176.0
1253,173.0,176.0,92.0
1254,178.0,169.0,129.0
1255,138.0,95.0,80.0
1256,139.0,96.0,105.0
1257,129.0,138.0,147.0
1258,319.0,196.0,208.0
1259,260.0,214.0,166.0
1260,104.0,151.0,217.0
1261,166.0,468.0,194.0
1262,124.0,802.0,165.0
1263,46.0,234.0,152.0
1264,45.0,237.0,91.0
1265,52.0,80.0,82.0
1266,48.0,53.0,108.0
1267,44.0,64.0,107.0
1268,40.0,82.0,55.0
1269,59.0,79.0,70.0
1270,227.0,82.0,77.0
1271,146.0,91.0,86.0
1272,58.0,84.0,67.0
1273,42.0,62.0,82.0
1274,68.0,138.0,60.0
1275,92.0,149.0,56.0
1276,114.0,168.0,98.0
1277,80.0,156.0,139.0
1278,100.0,88.0,143.0
1279,92.0,59.0,123.0
1280,75.0,56.0,126.0
1281,117.0,55.0,113.0
1282,194.0,73.0,159.0
1283,117.0,80.0,101.0
1284,124.0,110.0,91.0
1285,85.0,71.0,97.0
1286,72.0,39.0,99.0
1287,77.0,43.0,75.0
1288,66.0,53.0,63.0
1289,83.0,57.0,73.0
1290,74.0,52.0,79.0
1291,71.0,49.0,73.0
1292,81.0,48.0,70.0
1293,74.0,74.0,59.0
1294,63.0,67.0,58.0
1295,68.0,59.0,49.0
1296,65.0,55.0,43.0
1297,63.0,47.0,46.0
1298,54.0,56.0,35.0
1299,51.0,71.0,33.0
1300,63.0,55.0,29.0
1301,64.0,73.0,32.0
1302,64.0,122.0,35.0
1303,72.0,104.0,43.0
1304,81.0,105.0,70.0
1305,86.0,142.0,54.0
1306,105.0,220.0,55.0
1307,104.0,132.0,52.0
1308,117.0,95.0,53.0
1309,107.0,103.0,50.0
1310,80.0,101.0,41.0
1311,106.0,101.0,36.0
1312,113.0,87.0,37.0
1313,108.0,77.0,39.0
1314,95.0,90.0,37.0
1315,89.0,82.0,33.0
1316,76.0,70.0,34.0
1317,62.0,90.0,33.0
1318,48.0,88.0,43.0
1319,49.0,62.0,38.0
1320,46.0,51.0,39.0
1321,49.0,54.0,43.0
1322,40.0,50.0,51.0
1323,36.0,82.0,39.0
1324,34.0,35.0,44.0
1325,34.0,44.0,60.0
1326,33.0,42.0,72.0
1327,39.0,49.0,64.0
1328,47.0,42.0,76.0
1329,45.0,47.0,79.0
1330,34.0,43.0,101.0
1331,44.0,51.0,105.0
1332,44.0,59.0,60.0
1333,51.0,73.0,60.0
1334,52.0,74.0,51.0
1335,57.0,78.0,57.0
1336,59.0,76.0,78.0
1337,60.0,69.0,73.0
1338,74.0,71.0,66.0
1339,77.0,49.0,71.0
1340,70.0,39.0,60.0
1341,54.0,37.0,62.0
1342,55.0,44.0,66.0
1343,43.0,54.0,114.0
1344,43.0,46.0,106.0
1345,52.0,36.0,157.0
1346,41.0,31.0,165.0
1347,35.0,31.0,105.0
1348,31.0,31.0,110.0
1349,32.0,,83.0
1350,33.0,37.0,72.0
1351,50.0,28.0,67.0
1352,51.0,39.0,78.0
1353,48.0,35.0,145.0
1354,47.0,31.0,408.0
1355,51.0,35.0,290.0
1356,59.0,56.0,129.0
1357,80.0,70.0,77.0
1358,71.0,69.0,53.0
1359,84.0,73.0,80.0
1360,87.0,66.0,99.0
1361,80.0,58.0,93.0
1362,81.0,53.0,102.0
1363,80.0,58.0,115.0
1364,99.0,50.0,113.0
1365,108.0,46.0,109.0
1366,102.0,62.0,87.0
1367,98.0,64.0,191.0
1368,106.0,64.0,241.0
1369,83.0,98.0,240.0
1370,78.0,94.0,205.0
1371,50.0,83.0,168.0
1372,48.0,86.0,128.0
1373,40.0,66.0,128.0
1374,43.0,110.0,87.0
1375,45.0,209.0,94.0
1376,41.0,115.0,85.0
1377,55.0,108.0,139.0
1378,55.0,205.0,166.0
1379,54.0,235.0,116.0
1380,52.0,105.0,112.0
1381,62.0,119.0,139.0
1382,64.0,139.0,126.0
1383,158.0,152.0,113.0
1384,59.0,147.0,77.0
1385,57.0,103.0,94.0
1386,59.0,91.0,64.0
1387,58.0,90.0,65.0
1388,47.0,86.0,99.0
1389,37.0,83.0,130.0
1390,33.0,72.0,102.0
1391,38.0,68.0,200.0
1392,41.0,60.0,238.0
1393,39.0,54.0,220.0
1394,38.0,66.0,173.0
1395,45.0,140.0,156.0
1396,75.0,158.0,167.0
1397,84.0,139.0,130.0
1398,68.0,144.0,121.0
1399,56.0,156.0,118.0
1400,69.0,138.0,100.0
1401,87.0,153.0,117.0
1402,164.0,272.0,256.0
1403,107.0,200.0,186.0
1404,56.0,117.0,142.0
1405,53.0,52.0,84.0
1406,52.0,70.0,49.0
1407,65.0,105.0,128.0
1408,63.0,119.0,135.0
1409,52.0,113.0,164.0
1410,61.0,113.0,130.0
1411,51.0,96.0,103.0
1412,37.0,75.0,81.0
1413,46.0,64.0,139.0
1414,38.0,60.0,124.0
1415,,61.0,108.0
1416,27.0,56.0,116.0
1417,,,131.0
1418,32.0,90.0,135.0
1419,27.0,93.0,138.0
1420,58.0,84.0,117.0
1421,49.0,186.0,105.0
1422,58.0,204.0,92.0
1423,50.0,161.0,77.0
1424,86.0,123.0,62.0
1425,129.0,174.0,61.0
1426,169.0,189.0,70.0
1427,77.0,329.0,83.0
1428,74.0,182.0,
1429,66.0,98.0,
1430,97.0,79.0,118.0
1431,92.0,63.0,113.0
1432,63.0,30.0,107.0
1433,54.0,36.0,109.0
1434,51.0,69.0,105.0
1435,53.0,66.0,101.0
1436,43.0,62.0,99.0
1437,43.0,62.0,98.0
1438,50.0,106.0,94.0
1439,42.0,74.0,92.0
1440,41.0,158.0,84.0
1441,31.0,,
1442,40.0,,77.0
1443,31.0,,66.0
1444,28.0,,74.0
1445,41.0,,72.0
1446,47.0,,130.0
1447,47.0,,165.0
1448,63.0,,169.0
1449,94.0,40.0,231.0
1450,117.0,95.0,122.0
1451,116.0,70.0,107.0
1452,98.0,65.0,128.0
1453,81.0,310.0,136.0
1454,64.0,170.0,186.0
1455,86.0,178.0,191.0
1456,69.0,134.0,184.0
1457,74.0,135.0,172.0
1458,64.0,327.0,152.0
1459,54.0,246.0,111.0
1460,56.0,151.0,92.0
1461,52.0,149.0,96.0
1462,50.0,107.0,109.0
1463,53.0,86.0,101.0
1464,53.0,95.0,85.0
1465,49.0,106.0,85.0
1466,44.0,421.0,149.0
1467,59.0,497.0,185.0
1468,43.0,470.0,186.0
1469,46.0,421.0,192.0
1470,59.0,307.0,131.0
1471,54.0,204.0,167.0
1472,67.0,146.0,147.0
1473,75.0,127.0,158.0
1474,112.0,181.0,255.0
1475,108.0,153.0,292.0
1476,74.0,118.0,159.0
1477,81.0,110.0,75.0
1478,65.0,110.0,61.0
1479,70.0,104.0,149.0
1480,66.0,87.0,112.0
1481,66.0,95.0,98.0
1482,59.0,97.0,78.0
1483,61.0,97.0,73.0
1484,54.0,94.0,61.0
1485,53.0,84.0,56.0
1486,,72.0,49.0
1487,51.0,72.0,51.0
1488,,75.0,47.0
1489,40.0,63.0,54.0
1490,29.0,62.0,102.0
1491,28.0,57.0,97.0
1492,27.0,107.0,88.0
1493,34.0,145.0,91.0
1494,39.0,127.0,85.0
1495,37.0,136.0,88.0
1496,39.0,140.0,92.0
1497,56.0,150.0,81.0
1498,61.0,185.0,108.0
1499,51.0,183.0,113.0
1500,63.0,144.0,78.0
1501,84.0,111.0,70.0
1502,74.0,95.0,81.0
1503,79.0,110.0,121.0
1504,55.0,99.0,112.0
1505,61.0,128.0,100.0
1506,37.0,113.0,80.0
1507,36.0,115.0,72.0
1508,42.0,95.0,77.0
1509,45.0,87.0,75.0
1510,38.0,84.0,76.0
1511,50.0,77.0,67.0
1512,39.0,70.0,57.0
1513,42.0,58.0,64.0
1514,33.0,44.0,69.0
1515,34.0,32.0,62.0
1516,34.0,39.0,54.0
1517,49.0,36.0,59.0
1518,41.0,42.0,68.0
1519,63.0,52.0,65.0
1520,91.0,46.0,103.0
1521,92.0,76.0,95.0
1522,122.0,95.0,186.0
1523,128.0,91.0,133.0
1524,98.0,72.0,110.0
1525,96.0,75.0,74.0
1526,102.0,73.0,106.0
1527,,72.0,148.0
1528,93.0,77.0,149.0
1529,80.0,73.0,140.0
1530,62.0,74.0,117.0
1531,53.0,66.0,113.0
1532,52.0,50.0,104.0
1533,52.0,52.0,86.0
1534,55.0,54.0,76.0
1535,49.0,44.0,74.0
1536,57.0,46.0,96.0
1537,45.0,70.0,68.0
1538,57.0,47.0,60.0
1539,44.0,51.0,90.0
1540,49.0,54.0,93.0
1541,42.0,57.0,74.0
1542,44.0,75.0,117.0
1543,52.0,81.0,116.0
1544,63.0,79.0,153.0
1545,66.0,76.0,131.0
1546,104.0,178.0,267.0
1547,142.0,130.0,217.0
1548,162.0,114.0,117.0
1549,135.0,111.0,87.0
1550,88.0,106.0,92.0
1551,94.0,108.0,73.0
1552,93.0,105.0,59.0
1553,85.0,102.0,58.0
1554,76.0,103.0,57.0
1555,65.0,100.0,53.0
1556,68.0,85.0,62.0
1557,57.0,65.0,69.0
1558,67.0,52.0,61.0
1559,,63.0,51.0
1560,102.0,61.0,44.0
1561,110.0,52.0,40.0
1562,88.0,72.0,44.0
1563,97.0,55.0,40.0
1564,97.0,49.0,38.0
1565,79.0,57.0,80.0
1566,86.0,54.0,105.0
1567,75.0,89.0,126.0
1568,70.0,159.0,100.0
1569,76.0,,117.0
1570,81.0,333.0,309.0
1571,132.0,213.0,176.0
1572,167.0,173.0,100.0
1573,173.0,133.0,119.0
1574,215.0,,101.0
1575,161.0,146.0,119.0
1576,96.0,127.0,137.0
1577,84.0,126.0,123.0
1578,80.0,114.0,101.0
1579,72.0,100.0,73.0
1580,61.0,79.0,62.0
1581,65.0,80.0,65.0
1582,51.0,76.0,56.0
1583,48.0,61.0,62.0
1584,38.0,64.0,58.0
1585,31.0,51.0,52.0
1586,30.0,45.0,46.0
1587,31.0,62.0,55.0
1588,31.0,40.0,63.0
1589,33.0,46.0,52.0
1590,54.0,45.0,47.0
1591,62.0,48.0,53.0
1592,66.0,64.0,56.0
1593,78.0,87.0,98.0
1594,156.0,106.0,178.0
1595,131.0,88.0,148.0
1596,69.0,90.0,113.0
1597,67.0,88.0,
1598,75.0,100.0,151.0
1599,83.0,125.0,149.0
1600,81.0,103.0,127.0
1601,79.0,107.0,130.0
1602,81.0,104.0,122.0
1603,75.0,87.0,118.0
1604,71.0,84.0,111.0
1605,63.0,74.0,97.0
1606,56.0,65.0,88.0
1607,49.0,76.0,83.0
1608,41.0,63.0,88.0
1609,38.0,50.0,79.0
1610,41.0,51.0,103.0
1611,32.0,,101.0
1612,31.0,38.0,133.0
1613,31.0,39.0,136.0
1614,38.0,39.0,130.0
1615,32.0,38.0,118.0
1616,57.0,40.0,118.0
1617,44.0,60.0,119.0
1618,73.0,137.0,106.0
1619,52.0,112.0,141.0
1620,52.0,99.0,125.0
1621,50.0,104.0,140.0
1622,56.0,103.0,183.0
1623,68.0,,215.0
1624,57.0,105.0,156.0
1625,54.0,97.0,131.0
1626,54.0,93.0,95.0
1627,52.0,90.0,97.0
1628,55.0,76.0,98.0
1629,59.0,71.0,96.0
1630,39.0,64.0,82.0
1631,,60.0,81.0
1632,36.0,66.0,70.0
1633,28.0,55.0,65.0
1634,40.0,44.0,66.0
1635,70.0,58.0,63.0
1636,68.0,43.0,101.0
1637,69.0,42.0,48.0
1638,100.0,46.0,54.0
1639,100.0,50.0,81.0
1640,102.0,33.0,77.0
1641,136.0,59.0,65.0
1642,181.0,89.0,55.0
1643,153.0,120.0,50.0
1644,138.0,128.0,63.0
1645,109.0,92.0,64.0
1646,99.0,85.0,81.0
1647,118.0,105.0,70.0
1648,90.0,91.0,68.0
1649,73.0,71.0,64.0
1650,62.0,59.0,51.0
1651,55.0,46.0,47.0
1652,56.0,62.0,49.0
1653,55.0,70.0,44.0
1654,48.0,52.0,44.0
1655,37.0,46.0,37.0
1656,35.0,41.0,26.0
1657,42.0,40.0,23.0
1658,43.0,40.0,28.0
1659,40.0,52.0,31.0
1660,39.0,65.0,28.0
1661,45.0,77.0,17.0
1662,67.0,96.0,22.0
1663,88.0,106.0,21.0
1664,90.0,103.0,17.0
1665,102.0,145.0,22.0
1666,187.0,167.0,15.0
1667,117.0,145.0,20.0
1668,140.0,64.0,20.0
1669,114.0,71.0,40.0
1670,76.0,108.0,44.0
1671,77.0,124.0,35.0
1672,110.0,120.0,42.0
1673,82.0,106.0,30.0
1674,61.0,105.0,29.0
1675,207.0,81.0,33.0
1676,203.0,67.0,30.0
1677,171.0,80.0,25.0
1678,170.0,72.0,23.0
1679,128.0,90.0,25.0
1680,,120.0,22.0
1681,116.0,120.0,25.0
1682,81.0,131.0,17.0
1683,70.0,105.0,19.0
1684,51.0,100.0,17.0
1685,45.0,105.0,17.0
1686,46.0,117.0,14.0
1687,42.0,118.0,37.0
1688,,114.0,50.0
1689,31.0,129.0,89.0
1690,37.0,119.0,160.0
1691,37.0,119.0,109.0
1692,45.0,76.0,81.0
1693,41.0,112.0,71.0
1694,51.0,124.0,69.0
1695,58.0,100.0,87.0
1696,50.0,67.0,77.0
1697,66.0,50.0,72.0
1698,71.0,44.0,69.0
1699,61.0,38.0,56.0
1700,50.0,39.0,51.0
1701,32.0,71.0,55.0
1702,25.0,47.0,52.0
1703,23.0,39.0,46.0
1704,27.0,34.0,37.0
1705,28.0,35.0,34.0
1706,22.0,93.0,32.0
1707,26.0,139.0,29.0
1708,22.0,99.0,32.0
1709,28.0,59.0,38.0
1710,42.0,44.0,50.0
1711,32.0,36.0,43.0
1712,36.0,39.0,48.0
1713,52.0,28.0,105.0
1714,64.0,30.0,126.0
1715,59.0,27.0,77.0
1716,50.0,36.0,62.0
1717,45.0,37.0,84.0
1718,44.0,38.0,110.0
1719,43.0,72.0,139.0
1720,38.0,47.0,148.0
1721,33.0,23.0,137.0
1722,38.0,26.0,114.0
1723,37.0,31.0,70.0
1724,38.0,28.0,60.0
1725,35.0,38.0,61.0
1726,44.0,46.0,106.0
1727,33.0,46.0,99.0
1728,36.0,50.0,69.0
1729,30.0,48.0,86.0
1730,33.0,53.0,110.0
1731,38.0,34.0,125.0
1732,40.0,23.0,134.0
1733,44.0,18.0,140.0
1734,60.0,14.0,110.0
1735,55.0,17.0,118.0
1736,61.0,13.0,124.0
1737,91.0,13.0,188.0
1738,113.0,21.0,
1739,90.0,21.0,
1740,73.0,15.0,121.0
1741,69.0,19.0,64.0
1742,87.0,23.0,67.0
1743,107.0,40.0,75.0
1744,97.0,29.0,63.0
1745,82.0,38.0,69.0
1746,80.0,46.0,70.0
1747,74.0,47.0,61.0
1748,67.0,29.0,59.0
1749,71.0,23.0,67.0
1750,61.0,29.0,76.0
1751,55.0,26.0,59.0
1752,130.0,18.0,40.0
1753,122.0,16.0,31.0
1754,186.0,19.0,30.0
1755,137.0,17.0,109.0
1756,104.0,18.0,165.0
1757,89.0,22.0,170.0
1758,64.0,17.0,139.0
1759,67.0,16.0,122.0
1760,66.0,13.0,133.0
1761,77.0,18.0,194.0
1762,97.0,22.0,323.0
1763,109.0,22.0,322.0
1764,101.0,20.0,215.0
1765,87.0,23.0,125.0
1766,73.0,20.0,105.0
1767,81.0,26.0,88.0
1768,71.0,22.0,82.0
1769,69.0,22.0,75.0
1770,71.0,26.0,81.0
1771,69.0,22.0,54.0
1772,73.0,20.0,54.0
1773,82.0,21.0,54.0
1774,76.0,21.0,53.0
1775,64.0,16.0,52.0
1776,70.0,14.0,61.0
1777,56.0,17.0,64.0
1778,47.0,17.0,74.0
1779,45.0,13.0,78.0
1780,45.0,22.0,77.0
1781,67.0,27.0,103.0
1782,124.0,23.0,77.0
1783,116.0,30.0,68.0
1784,134.0,35.0,77.0
1785,167.0,45.0,114.0
1786,217.0,59.0,191.0
1787,175.0,98.0,200.0
1788,96.0,82.0,123.0
1789,62.0,115.0,109.0
1790,96.0,103.0,95.0
1791,86.0,108.0,109.0
1792,77.0,104.0,107.0
1793,88.0,80.0,82.0
1794,78.0,65.0,75.0
1795,76.0,58.0,62.0
1796,71.0,53.0,65.0
1797,68.0,50.0,71.0
1798,57.0,51.0,65.0
1799,63.0,57.0,64.0
1800,51.0,,96.0
1801,49.0,228.0,90.0
1802,45.0,223.0,59.0
1803,61.0,170.0,61.0
1804,70.0,139.0,61.0
1805,120.0,119.0,46.0
1806,97.0,106.0,48.0
1807,123.0,183.0,43.0
1808,121.0,104.0,46.0
1809,163.0,81.0,47.0
1810,218.0,81.0,51.0
1811,174.0,61.0,37.0
1812,330.0,55.0,39.0
1813,283.0,55.0,42.0
1814,198.0,56.0,42.0
1815,229.0,50.0,52.0
1816,129.0,54.0,55.0
1817,137.0,65.0,67.0
1818,125.0,67.0,61.0
1819,83.0,58.0,74.0
1820,80.0,53.0,
1821,57.0,45.0,
1822,67.0,42.0,54.0
1823,60.0,39.0,46.0
1824,74.0,38.0,49.0
1825,86.0,48.0,73.0
1826,105.0,37.0,54.0
1827,101.0,16.0,51.0
1828,112.0,20.0,54.0
1829,86.0,18.0,32.0
1830,93.0,16.0,31.0
1831,65.0,14.0,40.0
1832,81.0,14.0,37.0
1833,79.0,20.0,36.0
1834,87.0,20.0,36.0
1835,133.0,28.0,42.0
1836,241.0,22.0,50.0
1837,285.0,26.0,54.0
1838,252.0,28.0,67.0
1839,215.0,26.0,55.0
1840,153.0,33.0,48.0
1841,116.0,36.0,40.0
1842,119.0,38.0,43.0
1843,145.0,29.0,46.0
1844,107.0,34.0,43.0
1845,91.0,47.0,40.0
1846,92.0,44.0,32.0
1847,79.0,36.0,23.0
1848,84.0,22.0,14.0
1849,62.0,20.0,15.0
1850,56.0,18.0,10.0
1851,56.0,13.0,7.0
1852,56.0,13.0,7.0
1853,,9.0,8.0
1854,54.0,15.0,10.0
1855,53.0,13.0,7.0
1856,53.0,16.0,11.0
1857,77.0,19.0,9.0
1858,64.0,23.0,7.0
1859,57.0,17.0,10.0
1860,58.0,18.0,10.0
1861,62.0,20.0,12.0
1862,49.0,27.0,14.0
1863,49.0,24.0,15.0
1864,48.0,23.0,16.0
1865,55.0,16.0,14.0
1866,53.0,13.0,11.0
1867,52.0,13.0,11.0
1868,55.0,10.0,12.0
1869,46.0,12.0,13.0
1870,38.0,10.0,9.0
1871,38.0,10.0,9.0
1872,40.0,10.0,13.0
1873,51.0,14.0,16.0
1874,39.0,18.0,17.0
1875,39.0,23.0,17.0
1876,25.0,18.0,17.0
1877,,21.0,24.0
1878,28.0,23.0,16.0
1879,29.0,21.0,19.0
1880,35.0,26.0,19.0
1881,47.0,36.0,30.0
1882,38.0,32.0,33.0
1883,49.0,38.0,36.0
1884,48.0,32.0,39.0
1885,58.0,28.0,31.0
1886,56.0,24.0,26.0
1887,48.0,30.0,26.0
1888,49.0,40.0,26.0
1889,44.0,46.0,27.0
1890,50.0,43.0,25.0
1891,53.0,46.0,30.0
1892,50.0,35.0,28.0
1893,44.0,39.0,24.0
1894,47.0,46.0,19.0
1895,35.0,44.0,17.0
1896,41.0,47.0,17.0
1897,36.0,52.0,15.0
1898,30.0,53.0,13.0
1899,32.0,49.0,12.0
1900,31.0,54.0,27.0
1901,34.0,54.0,47.0
1902,32.0,74.0,59.0
1903,30.0,79.0,73.0
1904,36.0,71.0,59.0
1905,44.0,84.0,69.0
1906,58.0,129.0,114.0
1907,77.0,117.0,106.0
1908,80.0,88.0,116.0
1909,84.0,115.0,104.0
1910,70.0,115.0,115.0
1911,75.0,108.0,106.0
1912,165.0,87.0,114.0
1913,260.0,85.0,103.0
1914,75.0,81.0,73.0
1915,72.0,71.0,67.0
1916,58.0,51.0,54.0
1917,53.0,51.0,57.0
1918,63.0,42.0,65.0
1919,68.0,44.0,61.0
1920,92.0,45.0,62.0
1921,88.0,76.0,43.0
1922,62.0,120.0,28.0
1923,144.0,128.0,36.0
1924,164.0,116.0,39.0
1925,88.0,99.0,51.0
1926,72.0,97.0,45.0
1927,74.0,101.0,63.0
1928,73.0,81.0,74.0
1929,87.0,128.0,85.0
1930,110.0,248.0,140.0
1931,117.0,190.0,123.0
1932,185.0,162.0,122.0
1933,216.0,124.0,92.0
1934,116.0,112.0,129.0
1935,103.0,117.0,127.0
1936,74.0,100.0,111.0
1937,61.0,86.0,107.0
1938,60.0,69.0,100.0
1939,57.0,75.0,89.0
1940,141.0,,70.0
1941,92.0,60.0,57.0
1942,76.0,57.0,50.0
1943,107.0,44.0,42.0
1944,93.0,46.0,43.0
1945,86.0,49.0,78.0
1946,82.0,41.0,54.0
1947,69.0,35.0,70.0
1948,66.0,35.0,76.0
1949,73.0,46.0,138.0
1950,81.0,47.0,119.0
1951,98.0,51.0,137.0
1952,112.0,57.0,92.0
1953,126.0,99.0,137.0
1954,155.0,115.0,252.0
1955,167.0,126.0,126.0
1956,154.0,143.0,121.0
1957,140.0,106.0,104.0
1958,125.0,108.0,155.0
1959,123.0,110.0,166.0
1960,123.0,106.0,166.0
1961,117.0,78.0,159.0
1962,115.0,66.0,101.0
1963,111.0,69.0,62.0
1964,112.0,59.0,57.0
1965,112.0,80.0,46.0
1966,100.0,56.0,59.0
1967,72.0,44.0,57.0
1968,58.0,42.0,54.0
1969,53.0,94.0,46.0
1970,42.0,134.0,37.0
1971,35.0,116.0,27.0
1972,33.0,97.0,125.0
1973,52.0,130.0,53.0
1974,73.0,97.0,26.0
1975,59.0,135.0,31.0
1976,68.0,117.0,32.0
1977,104.0,110.0,32.0
1978,120.0,201.0,37.0
1979,115.0,559.0,39.0
1980,156.0,773.0,37.0
1981,109.0,,40.0
1982,90.0,485.0,44.0
1983,53.0,405.0,46.0
1984,53.0,362.0,40.0
1985,54.0,280.0,40.0
1986,48.0,113.0,44.0
1987,40.0,70.0,46.0
1988,42.0,82.0,29.0
1989,46.0,62.0,37.0
1990,41.0,55.0,38.0
1991,52.0,44.0,48.0
1992,94.0,49.0,47.0
1993,138.0,44.0,35.0
1994,137.0,48.0,39.0
1995,115.0,129.0,33.0
1996,98.0,146.0,26.0
1997,68.0,92.0,29.0
1998,97.0,79.0,32.0
1999,94.0,82.0,29.0
2000,90.0,62.0,35.0
2001,125.0,54.0,37.0
2002,146.0,73.0,42.0
2003,108.0,50.0,43.0
2004,64.0,58.0,49.0
2005,33.0,61.0,53.0
2006,41.0,65.0,62.0
2007,43.0,53.0,65.0
2008,57.0,47.0,61.0
2009,46.0,63.0,65.0
2010,42.0,55.0,66.0
2011,49.0,57.0,53.0
2012,45.0,60.0,48.0
2013,39.0,67.0,49.0
2014,44.0,45.0,46.0
2015,,42.0,59.0
2016,48.0,42.0,103.0
2017,38.0,31.0,126.0
2018,41.0,27.0,110.0
2019,68.0,39.0,107.0
2020,56.0,32.0,66.0
2021,74.0,57.0,62.0
2022,80.0,61.0,60.0
2023,108.0,64.0,57.0
2024,119.0,61.0,61.0
2025,185.0,72.0,61.0
2026,170.0,94.0,82.0
2027,159.0,73.0,583.0
2028,127.0,56.0,540.0
2029,103.0,59.0,145.0
2030,89.0,62.0,192.0
2031,85.0,71.0,81.0
2032,61.0,76.0,78.0
2033,64.0,69.0,37.0
2034,60.0,66.0,79.0
2035,50.0,57.0,84.0
2036,,52.0,85.0
2037,46.0,70.0,65.0
2038,45.0,68.0,78.0
2039,55.0,55.0,79.0
2040,48.0,44.0,81.0
2041,55.0,39.0,79.0
2042,53.0,37.0,92.0
2043,52.0,49.0,62.0
2044,,44.0,48.0
2045,123.0,49.0,43.0
2046,94.0,41.0,64.0
2047,75.0,49.0,66.0
2048,78.0,67.0,118.0
2049,78.0,76.0,131.0
2050,110.0,172.0,150.0
2051,109.0,204.0,87.0
2052,85.0,113.0,49.0
2053,100.0,90.0,55.0
2054,78.0,78.0,44.0
2055,79.0,96.0,43.0
2056,71.0,72.0,47.0
2057,71.0,76.0,47.0
2058,,66.0,42.0
2059,67.0,65.0,40.0
2060,62.0,56.0,37.0
2061,58.0,55.0,44.0
2062,249.0,45.0,41.0
2063,196.0,52.0,44.0
2064,63.0,54.0,56.0
2065,48.0,52.0,85.0
2066,43.0,53.0,81.0
2067,43.0,52.0,71.0
2068,42.0,53.0,65.0
2069,49.0,57.0,67.0
2070,52.0,58.0,71.0
2071,49.0,55.0,75.0
2072,59.0,58.0,91.0
2073,91.0,52.0,125.0
2074,157.0,55.0,122.0
2075,162.0,51.0,120.0
2076,91.0,45.0,112.0
2077,87.0,43.0,97.0
2078,84.0,39.0,94.0
2079,96.0,64.0,92.0
2080,84.0,55.0,90.0
2081,77.0,47.0,91.0
2082,85.0,30.0,85.0
2083,81.0,9.0,88.0
2084,71.0,11.0,84.0
2085,68.0,10.0,117.0
2086,67.0,16.0,69.0
2087,63.0,21.0,57.0
2088,53.0,26.0,60.0
2089,56.0,28.0,49.0
2090,51.0,31.0,42.0
2091,42.0,35.0,43.0
2092,50.0,35.0,45.0
2093,,29.0,45.0
2094,52.0,31.0,40.0
2095,74.0,39.0,43.0
2096,104.0,41.0,49.0
2097,107.0,42.0,55.0
2098,116.0,38.0,51.0
2099,152.0,37.0,54.0
2100,111.0,38.0,58.0
2101,121.0,38.0,82.0
2102,118.0,44.0,60.0
2103,131.0,49.0,45.0
2104,,36.0,48.0
2105,101.0,45.0,60.0
2106,91.0,43.0,70.0
2107,86.0,35.0,73.0
2108,,30.0,61.0
2109,71.0,30.0,46.0
2110,70.0,26.0,46.0
2111,66.0,24.0,48.0
2112,108.0,23.0,44.0
2113,140.0,17.0,38.0
2114,87.0,14.0,33.0
2115,79.0,22.0,36.0
2116,95.0,24.0,40.0
2117,146.0,38.0,41.0
2118,116.0,37.0,53.0
2119,127.0,91.0,50.0
2120,129.0,100.0,53.0
2121,89.0,67.0,78.0
2122,393.0,68.0,77.0
2123,328.0,70.0,67.0
2124,212.0,61.0,71.0
2125,552.0,56.0,58.0
2126,362.0,64.0,56.0
2127,266.0,94.0,72.0
2128,245.0,98.0,66.0
2129,199.0,85.0,61.0
2130,151.0,81.0,48.0
2131,116.0,78.0,44.0
2132,110.0,74.0,42.0
2133,95.0,72.0,44.0
2134,86.0,72.0,47.0
2135,141.0,86.0,51.0
2136,,111.0,55.0
2137,99.0,118.0,60.0
2138,63.0,106.0,46.0
2139,51.0,128.0,40.0
2140,45.0,104.0,40.0
2141,46.0,133.0,39.0
2142,49.0,90.0,51.0
2143,52.0,119.0,64.0
2144,67.0,130.0,69.0
2145,133.0,126.0,96.0
2146,167.0,204.0,118.0
2147,130.0,167.0,84.0
2148,72.0,104.0,65.0
2149,77.0,123.0,61.0
2150,82.0,115.0,71.0
2151,73.0,,81.0
2152,70.0,189.0,80.0
2153,66.0,141.0,78.0
2154,73.0,118.0,75.0
2155,69.0,95.0,76.0
2156,66.0,80.0,78.0
2157,67.0,71.0,68.0
2158,59.0,74.0,50.0
2159,62.0,82.0,47.0
2160,83.0,69.0,44.0
2161,,,56.0
2162,56.0,83.0,57.0
2163,60.0,87.0,48.0
2164,55.0,79.0,51.0
2165,46.0,98.0,62.0
2166,41.0,78.0,64.0
2167,46.0,52.0,68.0
2168,50.0,69.0,65.0
2169,58.0,65.0,78.0
2170,65.0,135.0,97.0
2171,57.0,119.0,90.0
2172,51.0,75.0,61.0
2173,59.0,85.0,58.0
2174,59.0,69.0,69.0
2175,58.0,,74.0
2176,,78.0,78.0
2177,58.0,69.0,68.0
2178,61.0,57.0,55.0
2179,60.0,54.0,46.0
2180,55.0,47.0,44.0
2181,58.0,47.0,47.0
2182,60.0,47.0,67.0
2183,50.0,39.0,57.0
2184,46.0,41.0,42.0
2185,45.0,36.0,
2186,51.0,34.0,45.0
2187,39.0,38.0,53.0
2188,53.0,26.0,87.0
2189,56.0,29.0,71.0
2190,54.0,31.0,62.0
2191,47.0,35.0,64.0
2192,55.0,46.0,73.0
2193,67.0,42.0,112.0
2194,87.0,44.0,181.0
2195,86.0,51.0,129.0
2196,111.0,57.0,116.0
2197,91.0,64.0,70.0
2198,97.0,68.0,64.0
2199,70.0,67.0,88.0
2200,69.0,75.0,
2201,71.0,75.0,90.0
2202,75.0,62.0,70.0
2203,,54.0,70.0
2204,,48.0,78.0
2205,55.0,50.0,87.0
2206,57.0,52.0,108.0
2207,60.0,53.0,131.0
2208,,48.0,230.0
2209,44.0,55.0,205.0
2210,41.0,109.0,124.0
2211,38.0,90.0,83.0
2212,38.0,80.0,50.0
2213,42.0,83.0,204.0
2214,42.0,77.0,374.0
2215,,82.0,322.0
2216,49.0,85.0,250.0
2217,44.0,164.0,176.0
2218,57.0,195.0,135.0
2219,59.0,123.0,108.0
2220,67.0,94.0,100.0
2221,81.0,90.0,88.0
2222,87.0,79.0,71.0
2223,72.0,107.0,76.0
2224,59.0,94.0,86.0
2225,43.0,81.0,80.0
2226,49.0,76.0,69.0
2227,47.0,77.0,69.0
2228,52.0,74.0,73.0
2229,46.0,63.0,77.0
2230,46.0,72.0,63.0
2231,45.0,67.0,63.0
2232,49.0,71.0,60.0
2233,41.0,69.0,47.0
2234,41.0,58.0,46.0
2235,29.0,62.0,31.0
2236,31.0,74.0,23.0
2237,37.0,70.0,26.0
2238,50.0,66.0,22.0
2239,48.0,105.0,29.0
2240,48.0,94.0,34.0
2241,53.0,145.0,49.0
2242,59.0,192.0,51.0
2243,79.0,238.0,51.0
2244,85.0,380.0,49.0
2245,98.0,232.0,53.0
2246,110.0,171.0,68.0
2247,110.0,141.0,70.0
2248,93.0,126.0,83.0
2249,79.0,106.0,83.0
2250,72.0,95.0,81.0
2251,68.0,85.0,61.0
2252,75.0,83.0,54.0
2253,61.0,91.0,61.0
2254,55.0,110.0,63.0
2255,56.0,116.0,51.0
2256,49.0,160.0,52.0
2257,48.0,191.0,34.0
2258,64.0,176.0,27.0
2259,54.0,253.0,23.0
2260,,223.0,27.0
2261,73.0,157.0,26.0
2262,74.0,162.0,51.0
2263,89.0,137.0,112.0
2264,136.0,150.0,134.0
2265,138.0,141.0,164.0
2266,83.0,175.0,283.0
2267,104.0,239.0,117.0
2268,299.0,201.0,68.0
2269,111.0,179.0,81.0
2270,91.0,153.0,96.0
2271,249.0,142.0,71.0
2272,197.0,138.0,295.0
2273,157.0,134.0,85.0
2274,118.0,163.0,57.0
2275,98.0,156.0,62.0
2276,85.0,144.0,51.0
2277,81.0,115.0,46.0
2278,77.0,111.0,44.0
2279,99.0,125.0,47.0
2280,88.0,110.0,53.0
2281,,72.0,43.0
2282,98.0,70.0,26.0
2283,110.0,62.0,30.0
2284,97.0,77.0,42.0
2285,75.0,,52.0
2286,71.0,58.0,44.0
2287,62.0,43.0,76.0
2288,83.0,53.0,131.0
2289,130.0,37.0,162.0
2290,110.0,50.0,190.0
2291,,42.0,136.0
2292,136.0,53.0,113.0
2293,85.0,68.0,94.0
2294,69.0,73.0,87.0
2295,55.0,65.0,100.0
2296,52.0,63.0,83.0
2297,95.0,51.0,73.0
2298,195.0,36.0,67.0
2299,178.0,44.0,77.0
2300,164.0,41.0,76.0
2301,140.0,35.0,72.0
2302,114.0,28.0,89.0
2303,87.0,29.0,67.0
2304,68.0,34.0,55.0
2305,56.0,33.0,51.0
2306,54.0,32.0,48.0
2307,55.0,35.0,48.0
2308,44.0,37.0,45.0
2309,36.0,45.0,60.0
2310,53.0,50.0,71.0
2311,51.0,32.0,78.0
2312,39.0,17.0,123.0
2313,53.0,31.0,137.0
2314,66.0,34.0,148.0
2315,67.0,33.0,142.0
2316,80.0,52.0,131.0
2317,64.0,71.0,131.0
2318,208.0,61.0,137.0
2319,95.0,59.0,250.0
2320,74.0,56.0,
2321,78.0,31.0,297.0
2322,84.0,19.0,74.0
2323,72.0,18.0,58.0
2324,68.0,22.0,46.0
2325,63.0,22.0,62.0
2326,61.0,27.0,48.0
2327,54.0,33.0,50.0
2328,53.0,30.0,51.0
2329,50.0,40.0,63.0
2330,53.0,45.0,114.0
2331,60.0,47.0,107.0
2332,61.0,44.0,67.0
2333,59.0,35.0,77.0
2334,66.0,14.0,104.0
2335,67.0,11.0,89.0
2336,67.0,9.0,71.0
2337,73.0,17.0,93.0
2338,75.0,23.0,104.0
2339,74.0,36.0,93.0
2340,86.0,35.0,102.0
2341,81.0,39.0,110.0
2342,82.0,36.0,139.0
2343,74.0,51.0,133.0
2344,74.0,51.0,99.0
2345,71.0,54.0,74.0
2346,75.0,39.0,71.0
2347,78.0,43.0,73.0
2348,81.0,38.0,77.0
2349,74.0,46.0,73.0
2350,66.0,39.0,64.0
2351,75.0,45.0,65.0
2352,79.0,42.0,61.0
2353,53.0,39.0,51.0
2354,46.0,25.0,39.0
2355,42.0,13.0,34.0
2356,40.0,15.0,31.0
2357,46.0,16.0,31.0
2358,47.0,14.0,31.0
2359,92.0,18.0,57.0
2360,111.0,16.0,62.0
2361,118.0,16.0,119.0
2362,186.0,17.0,137.0
2363,133.0,10.0,78.0
2364,117.0,9.0,66.0
2365,115.0,22.0,107.0
2366,99.0,26.0,108.0
2367,105.0,17.0,102.0
2368,81.0,33.0,98.0
2369,81.0,35.0,94.0
2370,89.0,25.0,95.0
2371,73.0,17.0,82.0
2372,83.0,18.0,74.0
2373,90.0,25.0,75.0
2374,75.0,12.0,71.0
2375,86.0,14.0,63.0
2376,81.0,15.0,62.0
2377,70.0,20.0,71.0
2378,42.0,6.0,68.0
2379,33.0,7.0,95.0
2380,49.0,6.0,94.0
2381,69.0,5.0,87.0
2382,73.0,6.0,110.0
2383,69.0,7.0,109.0
2384,79.0,11.0,86.0
2385,78.0,8.0,92.0
2386,72.0,6.0,107.0
2387,79.0,14.0,122.0
2388,69.0,13.0,109.0
2389,,23.0,110.0
2390,,16.0,127.0
2391,70.0,22.0,142.0
2392,41.0,24.0,170.0
2393,52.0,24.0,107.0
2394,44.0,13.0,80.0
2395,48.0,22.0,74.0
2396,48.0,6.0,70.0
2397,76.0,16.0,66.0
2398,32.0,13.0,56.0
2399,38.0,8.0,58.0
2400,41.0,10.0,67.0
2401,58.0,10.0,85.0
2402,45.0,6.0,83.0
2403,64.0,13.0,370.0
2404,70.0,10.0,712.0
2405,87.0,7.0,427.0
2406,120.0,11.0,216.0
2407,135.0,23.0,111.0
2408,149.0,27.0,77.0
2409,95.0,40.0,169.0
2410,62.0,54.0,238.0
2411,77.0,54.0,579.0
2412,67.0,63.0,667.0
2413,54.0,55.0,318.0
2414,,60.0,276.0
2415,89.0,53.0,287.0
2416,90.0,48.0,210.0
2417,102.0,37.0,139.0
2418,71.0,39.0,160.0
2419,52.0,43.0,98.0
2420,55.0,37.0,55.0
2421,38.0,34.0,53.0
2422,57.0,32.0,56.0
2423,51.0,26.0,66.0
2424,,22.0,60.0
2425,46.0,22.0,52.0
2426,33.0,24.0,48.0
2427,49.0,36.0,38.0
2428,,30.0,30.0
2429,45.0,23.0,25.0
2430,38.0,24.0,55.0
2431,37.0,39.0,41.0
2432,68.0,41.0,31.0
2433,91.0,31.0,34.0
2434,133.0,36.0,35.0
2435,130.0,46.0,28.0
2436,113.0,46.0,27.0
2437,66.0,57.0,41.0
2438,78.0,61.0,54.0
2439,57.0,45.0,85.0
2440,60.0,56.0,63.0
2441,52.0,50.0,73.0
2442,49.0,40.0,77.0
2443,45.0,26.0,76.0
2444,43.0,30.0,66.0
2445,43.0,22.0,71.0
2446,46.0,33.0,40.0
2447,43.0,27.0,37.0
2448,45.0,34.0,48.0
2449,60.0,25.0,41.0
2450,70.0,36.0,38.0
2451,100.0,27.0,36.0
2452,92.0,40.0,35.0
2453,108.0,30.0,34.0
2454,107.0,55.0,29.0
2455,115.0,58.0,38.0
2456,55.0,48.0,42.0
2457,63.0,47.0,58.0
2458,92.0,69.0,65.0
2459,94.0,72.0,67.0
2460,121.0,67.0,73.0
2461,122.0,63.0,77.0
2462,118.0,84.0,73.0
2463,71.0,62.0,103.0
2464,37.0,48.0,80.0
2465,38.0,42.0,76.0
2466,35.0,,72.0
2467,44.0,,72.0
2468,32.0,,71.0
2469,28.0,,102.0
2470,34.0,39.0,82.0
2471,56.0,,56.0
2472,37.0,39.0,47.0
2473,36.0,50.0,39.0
2474,52.0,39.0,37.0
2475,43.0,49.0,42.0
2476,48.0,148.0,44.0
2477,,192.0,37.0
2478,59.0,139.0,44.0
2479,52.0,124.0,44.0
2480,52.0,103.0,50.0
2481,55.0,99.0,92.0
2482,52.0,140.0,74.0
2483,48.0,206.0,75.0
2484,55.0,108.0,86.0
2485,49.0,,84.0
2486,52.0,95.0,87.0
2487,53.0,119.24,101.0
2488,57.0,100.8,92.0
2489,56.0,73.9,76.0
2490,55.0,51.47,58.0
2491,44.0,54.06,57.0
2492,43.0,96.56,57.0
2493,41.0,72.02,62.0
2494,46.0,69.5,61.0
2495,56.0,42.22,59.0
2496,57.0,52.88,52.0
2497,41.0,76.8,48.0
2498,31.0,103.58,47.0
2499,26.0,107.05,44.0
2500,31.0,104.36,48.0
2501,32.0,122.25,53.0
2502,30.0,54.91,59.0
2503,36.0,57.77,69.0
2504,41.0,89.89,109.0
2505,41.0,61.68,125.0
2506,45.0,98.29,122.0
2507,49.0,145.23,107.0
2508,66.0,86.6,90.0
2509,63.0,73.47,88.0
2510,59.0,60.68,91.0
2511,75.0,71.13,97.0
2512,80.0,119.57,84.0
2513,74.0,135.25,89.0
2514,65.0,119.36,87.0
2515,50.0,64.52,85.0
2516,53.0,50.58,78.0
2517,58.0,33.44,68.0
2518,58.0,60.9,68.0
2519,52.0,46.26,54.0
2520,51.0,48.17,60.0
2521,45.0,42.84,58.0
2522,46.0,47.94,54.0
2523,41.0,51.42,50.0
2524,45.0,58.44,45.0
2525,49.0,64.99,47.0
2526,48.0,75.03,52.0
2527,56.0,59.52,56.0
2528,62.0,57.47,64.0
2529,70.0,47.8,74.0
2530,60.0,45.74,93.0
2531,68.0,37.08,113.0
2532,77.0,28.24,113.0
2533,,29.29,100.0
2534,88.0,30.69,121.0
2535,88.0,32.57,137.0
2536,75.0,42.06,128.0
2537,74.0,37.25,115.0
2538,79.0,38.54,122.0
2539,79.0,36.05,95.0
2540,69.0,32.08,71.0
2541,60.0,32.57,61.0
2542,63.0,33.94,57.0
2543,64.0,34.6,62.0
2544,57.0,37.23,75.0
2545,61.0,36.88,68.0
2546,53.0,36.75,60.0
2547,42.0,36.91,81.0
2548,42.0,40.88,68.0
2549,46.0,38.8,60.0
2550,38.0,38.03,61.0
2551,45.0,35.19,111.0
2552,47.0,44.87,141.0
2553,53.0,57.33,191.0
2554,60.0,69.97,189.0
2555,63.0,63.92,199.0
2556,78.0,64.76,135.0
2557,76.0,73.77,107.0
2558,75.0,61.97,112.0
2559,80.0,63.62,125.0
2560,70.0,51.13,116.0
2561,65.0,47.36,100.0
2562,67.0,47.02,85.0
2563,60.0,45.51,97.0
2564,59.0,43.94,84.0
2565,69.0,43.02,80.0
2566,68.0,40.36,76.0
2567,63.0,37.45,67.0
2568,44.0,30.86,53.0
2569,51.0,34.77,45.0
2570,53.0,29.24,41.0
2571,55.0,33.63,44.0
2572,46.0,39.91,43.0
2573,49.0,44.51,39.0
2574,40.0,31.66,39.0
2575,44.0,40.05,39.0
2576,52.0,47.86,64.0
2577,55.0,74.28,97.0
2578,54.0,91.01,88.0
2579,67.0,69.44,68.0
2580,53.0,66.88,70.0
2581,44.0,67.37,70.0
2582,40.0,64.49,76.0
2583,51.0,69.74,93.0
2584,56.0,62.92,103.0
2585,44.0,57.37,92.0
2586,49.0,50.61,77.0
2587,51.0,45.22,72.0
2588,45.0,46.25,73.0
2589,48.0,43.28,69.0
2590,43.0,37.2,72.0
2591,31.0,41.83,61.0
2592,33.0,38.46,55.0
2593,38.0,39.43,50.0
2594,40.0,36.47,58.0
2595,31.0,37.79,78.0
2596,42.0,39.23,64.0
2597,27.0,39.92,64.0
2598,27.0,32.2,61.0
2599,32.0,33.45,67.0
2600,29.0,33.05,82.0
2601,37.0,38.6,101.0
2602,35.0,50.25,131.0
2603,35.0,56.22,93.0
2604,36.0,68.3,98.0
2605,37.0,71.87,104.0
2606,33.0,74.06,136.0
2607,35.0,78.88,146.0
2608,31.0,68.25,134.0
2609,37.0,60.29,122.0
2610,50.0,53.59,96.0
2611,45.0,44.9,84.0
2612,40.0,39.6,91.0
2613,40.0,40.56,69.0
2614,41.0,43.47,44.0
2615,37.0,44.88,26.0
2616,34.0,41.43,32.0
2617,31.0,47.47,62.0
2618,29.0,41.99,61.0
2619,31.0,43.34,48.0
2620,49.0,61.7,54.0
2621,38.0,61.58,40.0
2622,35.0,43.5,41.0
2623,90.0,46.98,81.0
2624,52.0,48.17,115.0
2625,44.0,57.8,113.0
2626,45.0,57.16,168.0
2627,60.0,58.35,113.0
2628,72.0,62.6,96.0
2629,79.0,70.5,110.0
2630,76.0,73.7,109.0
2631,84.0,77.2,127.0
2632,73.0,73.73,108.0
2633,72.0,74.91,88.0
2634,72.0,63.31,83.0
2635,58.0,49.09,81.0
2636,43.0,49.39,72.0
2637,54.0,,65.0
2638,46.0,46.74,62.0
2639,45.0,51.63,43.0
2640,47.0,50.66,40.0
2641,41.0,50.0,40.0
2642,46.0,48.0,48.0
2643,39.0,65.0,42.0
2644,41.0,61.0,43.0
2645,52.0,72.0,44.0
2646,63.0,63.0,48.0
2647,54.0,62.0,43.0
2648,60.0,106.0,50.0
2649,52.0,197.0,54.0
2650,52.0,167.0,65.0
2651,66.0,104.0,67.0
2652,72.0,142.0,74.0
2653,76.0,72.0,66.0
2654,84.0,83.0,53.0
2655,70.0,61.0,50.0
2656,54.0,56.0,46.0
2657,60.0,55.0,47.0
2658,58.0,119.0,57.0
2659,60.0,56.0,49.0
2660,55.0,43.0,52.0
2661,55.0,46.0,48.0
2662,54.0,41.0,47.0
2663,50.0,57.0,58.0
2664,,57.0,61.0
2665,45.0,39.0,99.0
2666,43.0,40.0,51.0
2667,44.0,47.0,39.0
2668,47.0,62.0,34.0
2669,52.0,72.0,28.0
2670,51.0,84.0,17.0
2671,49.0,72.0,20.0
2672,50.0,51.0,18.0
2673,54.0,50.0,19.0
2674,58.0,54.0,44.0
2675,169.0,52.0,29.0
2676,65.0,56.0,19.0
2677,69.0,57.0,18.0
2678,53.0,67.0,19.0
2679,53.0,65.0,17.0
2680,50.0,56.0,19.0
2681,57.0,45.0,19.0
2682,70.0,54.0,14.0
2683,59.0,51.0,22.0
2684,59.0,43.0,18.0
2685,53.0,46.0,13.0
2686,46.0,46.0,14.0
2687,57.0,42.0,12.0
2688,41.0,47.0,9.0
2689,42.0,40.0,17.0
2690,33.0,35.0,14.0
2691,42.0,38.0,15.0
2692,35.0,37.0,12.0
2693,38.0,44.0,9.0
2694,41.0,44.0,15.0
2695,33.0,43.0,12.0
2696,45.0,45.0,16.0
2697,53.0,71.0,14.0
2698,52.0,93.0,15.0
2699,59.0,53.0,20.0
2700,54.0,62.0,23.0
2701,52.0,66.0,26.0
2702,65.0,53.0,26.0
2703,61.0,49.0,27.0
2704,56.0,118.0,25.0
2705,43.0,122.0,30.0
2706,37.0,126.0,19.0
2707,49.0,52.0,22.0
2708,46.0,30.0,27.0
2709,49.0,27.0,18.0
2710,46.0,30.0,16.0
2711,48.0,17.0,18.0
2712,59.0,23.0,17.0
2713,,28.0,16.0
2714,41.0,28.0,14.0
2715,37.0,23.0,11.0
2716,38.0,20.0,11.0
2717,42.0,16.0,24.0
2718,44.0,16.0,27.0
2719,43.0,10.0,33.0
2720,37.0,6.0,34.0
2721,52.0,16.0,57.0
2722,48.0,26.0,54.0
2723,55.0,27.0,64.0
2724,51.0,21.0,59.0
2725,68.0,26.0,51.0
2726,68.0,39.0,69.0
2727,71.0,45.0,54.0
2728,58.0,49.0,54.0
2729,54.0,44.0,61.0
2730,44.0,20.0,61.0
2731,51.0,21.0,52.0
2732,46.0,,42.0
2733,51.0,23.0,50.0
2734,49.0,14.0,51.0
2735,40.0,14.0,33.0
2736,42.0,14.0,33.0
2737,43.0,15.0,40.0
2738,45.0,18.0,30.0
2739,40.0,26.0,36.0
2740,38.0,24.0,39.0
2741,40.0,22.0,37.0
2742,44.0,13.0,35.0
2743,46.0,56.0,30.0
2744,41.0,47.0,34.0
2745,52.0,55.0,47.0
2746,49.0,38.0,78.0
2747,50.0,42.0,52.0
2748,48.0,60.0,48.0
2749,52.0,71.0,56.0
2750,64.0,76.0,60.0
2751,61.0,67.0,47.0
2752,63.0,77.0,51.0
2753,60.0,71.0,57.0
2754,56.0,59.0,46.0
2755,48.0,,53.0
2756,59.0,42.0,51.0
2757,45.0,38.0,55.0
2758,53.0,35.0,56.0
2759,47.0,28.0,43.0
2760,63.0,32.0,43.0
2761,,36.0,42.0
2762,,46.0,38.0
2763,,50.0,62.0
2764,24.0,44.0,45.0
2765,19.0,64.0,24.0
2766,16.0,68.0,33.0
2767,30.0,58.0,35.0
2768,22.0,61.0,37.0
2769,50.0,165.0,57.0
2770,42.0,178.0,59.0
2771,31.0,180.0,64.0
2772,30.0,137.0,69.0
2773,30.0,120.0,73.0
2774,48.0,92.0,76.0
2775,40.0,82.0,68.0
2776,32.0,96.0,56.0
2777,47.0,93.0,47.0
2778,39.0,89.0,43.0
2779,32.0,93.0,47.0
2780,35.0,94.0,57.0
2781,34.0,84.0,51.0
2782,30.0,67.0,57.0
2783,28.0,62.0,56.0
2784,34.0,60.0,68.0
2785,30.0,50.0,71.0
2786,19.0,59.0,64.0
2787,20.0,75.0,73.0
2788,23.0,110.0,53.0
2789,25.0,96.0,43.0
2790,28.0,75.0,63.0
2791,33.0,129.0,78.0
2792,30.0,141.0,115.0
2793,36.0,150.0,174.0
2794,18.0,172.0,179.0
2795,21.0,179.0,123.0
2796,46.0,133.0,99.0
2797,43.0,76.0,117.0
2798,27.0,62.0,126.0
2799,28.0,67.0,115.0
2800,26.0,61.0,100.0
2801,25.0,56.0,98.0
2802,23.0,55.0,88.0
2803,24.0,51.0,65.0
2804,26.0,45.0,62.0
2805,33.0,41.0,73.0
2806,29.0,34.0,66.0
2807,31.0,29.0,61.0
2808,22.0,34.0,58.0
2809,24.0,28.0,69.0
2810,29.0,26.0,69.0
2811,25.0,17.0,64.0
2812,29.0,22.0,58.0
2813,33.0,20.0,66.0
2814,37.0,47.0,81.0
2815,33.0,48.0,74.0
2816,37.0,115.0,74.0
2817,39.0,122.0,80.0
2818,34.0,188.0,85.0
2819,47.0,75.0,89.0
2820,47.0,63.0,108.0
2821,61.0,69.0,122.0
2822,64.0,82.0,123.0
2823,59.0,94.0,116.0
2824,38.0,96.0,108.0
2825,35.0,101.0,87.0
2826,39.0,66.0,59.0
2827,27.0,31.0,51.0
2828,36.0,49.0,53.0
2829,36.0,52.0,64.0
2830,34.0,45.0,79.0
2831,38.0,41.0,73.0
2832,34.0,37.0,68.0
2833,31.0,,71.0
2834,29.0,243.0,75.0
2835,30.0,81.0,96.0
2836,35.0,62.0,86.0
2837,36.0,51.0,86.0
2838,38.0,52.0,91.0
2839,43.0,50.0,88.0
2840,34.0,70.0,89.0
2841,44.0,89.0,97.0
2842,59.0,76.0,86.0
2843,76.0,95.0,124.0
2844,88.0,127.0,180.0
2845,87.0,153.0,140.0
2846,92.0,119.0,98.0
2847,111.0,103.0,81.0
2848,93.0,74.0,106.0
2849,81.0,59.0,92.0
2850,82.0,43.0,81.0
2851,44.0,41.0,77.0
2852,52.0,,148.0
2853,56.0,47.0,91.0
2854,53.0,41.0,71.0
2855,45.0,38.0,66.0
2856,45.0,41.0,57.0
2857,38.0,54.0,49.0
2858,35.0,98.0,63.0
2859,44.0,100.0,55.0
2860,47.0,107.0,39.0
2861,51.0,75.0,43.0
2862,50.0,96.0,50.0
2863,54.0,82.0,56.0
2864,58.0,83.0,66.0
2865,96.0,110.0,80.0
2866,130.0,108.0,131.0
2867,138.0,89.0,118.0
2868,144.0,31.0,108.0
2869,87.0,43.0,93.0
2870,80.0,31.0,96.0
2871,84.0,34.0,100.0
2872,70.0,29.0,91.0
2873,55.0,29.0,88.0
2874,51.0,30.0,77.0
2875,53.0,34.0,69.0
2876,60.0,33.0,68.0
2877,52.0,36.0,64.0
2878,49.0,43.0,63.0
2879,46.0,50.0,57.0
2880,49.0,45.0,57.0
2881,,,60.0
2882,22.0,75.0,57.0
2883,21.0,90.0,76.0
2884,33.0,61.0,55.0
2885,29.0,59.0,43.0
2886,32.0,44.0,42.0
2887,32.0,57.0,47.0
2888,28.0,48.0,51.0
2889,34.0,66.0,53.0
2890,33.0,67.0,62.0
2891,38.0,47.0,68.0
2892,53.0,30.0,68.0
2893,51.0,39.0,65.0
2894,52.0,45.0,69.0
2895,47.0,60.0,71.0
2896,49.0,49.0,44.0
2897,46.0,41.0,57.0
2898,59.0,31.0,75.0
2899,48.0,24.0,78.0
2900,40.0,37.0,81.0
2901,50.0,48.0,83.0
2902,41.0,41.0,74.0
2903,37.0,38.0,73.0
2904,36.0,40.0,66.0
2905,35.0,43.0,
2906,43.0,36.0,48.0
2907,31.0,32.0,75.0
2908,35.0,34.0,55.0
2909,38.0,36.0,44.0
2910,45.0,36.0,41.0
2911,46.0,34.0,45.0
2912,47.0,87.0,29.0
2913,56.0,105.0,45.0
2914,57.0,93.0,42.0
2915,72.0,79.0,36.0
2916,75.0,96.0,45.0
2917,74.0,104.0,59.0
2918,85.0,95.0,64.0
2919,77.0,96.0,63.0
2920,72.0,80.0,70.0
2921,72.0,76.0,65.0
2922,65.0,80.0,66.0
2923,49.0,84.0,60.0
2924,47.0,71.0,60.0
2925,53.0,52.0,66.0
2926,56.0,52.0,70.0
2927,62.0,50.0,75.0
2928,107.0,53.0,67.0
2929,45.0,42.0,59.0
2930,46.0,44.0,53.0
2931,39.0,37.0,73.0
2932,47.0,36.0,52.0
2933,42.0,42.0,69.0
2934,45.0,43.0,85.0
2935,53.0,37.0,94.0
2936,52.0,36.0,112.0
2937,100.0,40.0,139.0
2938,84.0,50.0,155.0
2939,63.0,52.0,172.0
2940,81.0,44.0,156.0
2941,88.0,44.0,261.0
2942,85.0,41.0,164.0
2943,72.0,52.0,138.0
2944,88.0,44.0,118.0
2945,75.0,43.0,70.0
2946,67.0,40.0,61.0
2947,56.0,43.0,59.0
2948,64.0,47.0,80.0
2949,65.0,46.0,88.0
2950,68.0,,83.0
2951,53.0,,79.0
2952,44.0,,76.0
2953,43.0,42.83,70.0
2954,47.0,42.33,68.0
2955,40.0,44.1,69.0
2956,44.0,43.85,54.0
2957,44.0,44.15,53.0
2958,46.0,45.01,52.0
2959,56.0,42.59,38.0
2960,58.0,53.43,58.0
2961,70.0,48.17,70.0
2962,77.0,72.97,84.0
2963,78.0,98.19,95.0
2964,88.0,101.14,84.0
2965,80.0,99.54,94.0
2966,85.0,86.35,92.0
2967,80.0,95.79,99.0
2968,,82.28,103.0
2969,58.0,77.71,98.0
2970,63.0,77.53,84.0
2971,83.0,68.12,83.0
2972,78.0,59.83,83.0
2973,72.0,60.38,78.0
2974,65.0,53.21,72.0
2975,63.0,58.16,69.0
2976,56.0,50.47,75.0
2977,57.0,56.64,54.0
2978,44.0,63.29,42.0
2979,51.0,62.09,54.0
2980,59.0,49.36,34.0
2981,53.0,72.87,10.0
2982,51.0,51.66,23.0
2983,55.0,70.3,28.0
2984,73.0,90.99,37.0
2985,109.0,96.68,37.0
2986,85.0,88.12,49.0
2987,94.0,81.37,56.0
2988,93.0,75.6,47.0
2989,87.0,61.03,62.0
2990,93.0,67.13,60.0
2991,84.0,69.63,49.0
2992,90.0,69.08,51.0
2993,87.0,61.84,51.0
2994,78.0,44.77,42.0
2995,76.0,39.94,46.0
2996,81.0,49.99,52.0
2997,53.0,26.13,66.0
2998,67.0,40.93,68.0
2999,62.0,59.6,67.0
3000,60.0,54.27,59.0
3001,53.0,46.74,57.0
3002,,108.51,56.0
3003,46.0,37.69,79.0
3004,58.0,50.82,64.0
3005,60.0,86.44,53.0
3006,54.0,84.35,52.0
3007,54.0,141.24,54.0
3008,60.0,184.36,91.0
3009,63.0,164.85,96.0
3010,59.0,214.25,73.0
3011,56.0,169.34,70.0
3012,72.0,135.21,72.0
3013,63.0,125.96,68.0
3014,68.0,112.0,69.0
3015,81.0,123.55,70.0
3016,74.0,87.44,66.0
3017,68.0,78.93,56.0
3018,60.0,56.31,63.0
3019,59.0,62.32,66.0
3020,66.0,56.52,52.0
3021,59.0,55.96,57.0
3022,55.0,52.79,121.0
3023,52.0,68.57,89.0
3024,51.0,78.84,65.0
3025,38.0,,49.0
3026,41.0,128.63,43.0
3027,50.0,138.0,43.0
3028,,177.99,43.0
3029,51.0,211.16,48.0
3030,,80.1,50.0
3031,73.0,80.42,51.0
3032,145.0,100.23,56.0
3033,109.0,116.74,60.0
3034,131.0,89.47,75.0
3035,106.0,94.79,84.0
3036,66.0,105.51,97.0
3037,92.0,84.99,110.0
3038,65.0,75.94,103.0
3039,74.0,80.38,99.0
3040,,71.74,94.0
3041,,60.68,99.0
3042,49.0,50.51,97.0
3043,37.0,51.6,72.0
3044,45.0,42.69,59.0
3045,49.0,38.46,57.0
3046,44.0,51.37,59.0
3047,62.0,52.65,61.0
3048,59.0,51.63,64.0
3049,62.0,38.0,57.0
3050,52.0,39.0,59.0
3051,59.0,36.0,83.0
3052,58.0,34.0,70.0
3053,60.0,44.0,45.0
3054,63.0,44.0,57.0
3055,68.0,54.0,88.0
3056,74.0,79.0,158.0
3057,74.0,75.0,215.0
3058,89.0,76.0,202.0
3059,87.0,66.0,152.0
3060,90.0,82.0,129.0
3061,93.0,84.0,144.0
3062,100.0,83.0,134.0
3063,92.0,93.0,127.0
3064,92.0,78.0,106.0
3065,91.0,81.0,117.0
3066,77.0,77.0,109.0
3067,59.0,83.0,93.0
3068,56.0,74.0,98.0
3069,66.0,57.0,80.0
3070,63.0,48.0,73.0
3071,68.0,43.0,71.0
3072,63.0,76.0,78.0
3073,59.0,44.0,70.0
3074,64.0,20.0,72.0
3075,59.0,30.0,107.0
3076,61.0,56.0,79.0
3077,60.0,76.0,78.0
3078,62.0,56.0,54.0
3079,68.0,55.0,95.0
3080,71.0,80.0,153.0
3081,74.0,53.0,186.0
3082,91.0,49.0,272.0
3083,114.0,62.0,185.0
3084,106.0,78.0,170.0
3085,100.0,58.0,152.0
3086,115.0,72.0,131.0
3087,115.0,78.0,134.0
3088,106.0,79.0,215.0
3089,84.0,64.0,114.0
3090,80.0,57.0,117.0
3091,71.0,55.0,93.0
3092,68.0,64.0,86.0
3093,78.0,59.0,80.0
3094,72.0,58.0,65.0
3095,69.0,54.0,68.0
3096,62.0,53.0,53.0
3097,53.0,44.0,123.0
3098,52.0,43.0,197.0
3099,45.0,28.0,218.0
3100,54.0,24.0,186.0
3101,52.0,19.0,140.0
3102,47.0,27.0,119.0
3103,47.0,43.0,119.0
3104,43.0,62.0,114.0
3105,56.0,75.0,182.0
3106,67.0,104.0,174.0
3107,65.0,109.0,135.0
3108,61.0,84.0,122.0
3109,61.0,75.0,126.0
3110,93.0,69.0,108.0
3111,56.0,71.0,155.0
3112,50.0,69.0,316.0
3113,58.0,64.0,216.0
3114,62.0,35.0,122.0
3115,65.0,25.0,83.0
3116,68.0,51.0,70.0
3117,85.0,54.0,60.0
3118,70.0,51.0,58.0
3119,76.0,58.0,54.0
3120,61.0,44.0,43.0
3121,45.0,32.0,49.0
3122,38.0,33.0,53.0
3123,41.0,33.0,66.0
3124,43.0,36.0,75.0
3125,45.0,36.0,79.0
3126,36.0,35.0,225.0
3127,31.0,49.0,203.0
3128,31.0,54.0,84.0
3129,31.0,73.0,90.0
3130,20.0,116.0,91.0
3131,25.0,136.0,97.0
3132,31.0,136.0,97.0
3133,38.0,109.0,102.0
3134,49.0,106.0,108.0
3135,60.0,118.0,114.0
3136,56.0,109.0,110.0
3137,47.0,108.0,115.0
3138,58.0,97.0,103.0
3139,56.0,79.0,90.0
3140,65.0,64.0,81.0
3141,56.0,58.0,84.0
3142,51.0,52.0,82.0
3143,44.0,49.0,77.0
3144,50.0,50.0,79.0
3145,33.0,53.0,92.0
3146,29.0,54.0,88.0
3147,38.0,46.0,75.0
3148,38.0,46.0,51.0
3149,39.0,54.0,59.0
3150,41.0,53.0,59.0
3151,47.0,52.0,62.0
3152,50.0,57.0,65.0
3153,55.0,60.0,71.0
3154,51.0,74.0,74.0
3155,58.0,61.0,68.0
3156,103.0,77.0,77.0
3157,76.0,76.0,67.0
3158,68.0,64.0,70.0
3159,,77.0,66.0
3160,49.0,77.0,45.0
3161,47.0,70.0,37.0
3162,42.0,68.0,44.0
3163,44.0,69.0,50.0
3164,47.0,69.0,52.0
3165,47.0,81.0,56.0
3166,42.0,76.0,64.0
3167,49.0,52.0,64.0
3168,,34.0,63.0
3169,,31.0,70.0
3170,38.0,32.0,72.0
3171,37.0,31.0,58.0
3172,44.0,26.0,48.0
3173,45.0,31.0,52.0
3174,43.0,32.0,70.0
3175,41.0,43.0,60.0
3176,48.0,55.0,61.0
3177,49.0,52.0,68.0
3178,53.0,46.0,79.0
3179,59.0,34.0,93.0
3180,83.0,19.0,91.0
3181,83.0,24.0,91.0
3182,88.0,21.0,90.0
3183,80.0,21.0,92.0
3184,71.0,22.0,86.0
3185,63.0,22.0,87.0
3186,58.0,36.0,71.0
3187,57.0,46.0,66.0
3188,58.0,46.0,65.0
3189,60.0,41.0,71.0
3190,54.0,32.0,77.0
3191,49.0,28.0,79.0
3192,37.0,40.0,65.0
3193,35.0,39.0,61.0
3194,38.0,40.0,71.0
3195,43.0,27.0,65.0
3196,44.0,27.0,96.0
3197,40.0,29.0,94.0
3198,35.0,16.0,80.0
3199,49.0,12.0,122.0
3200,46.0,13.0,191.0
3201,60.0,13.0,234.0
3202,73.0,10.0,169.0
3203,78.0,17.0,115.0
3204,76.0,15.0,147.0
3205,75.0,11.0,137.0
3206,81.0,8.0,132.0
3207,84.0,25.0,118.0
3208,81.0,27.0,105.0
3209,77.0,31.0,79.0
3210,62.0,17.0,109.0
3211,46.0,15.0,78.0
3212,43.0,24.0,72.0
3213,38.0,51.0,76.0
3214,41.0,30.0,185.0
3215,43.0,28.0,99.0
3216,44.0,21.0,68.0
3217,41.0,32.0,49.0
3218,28.0,14.0,32.0
3219,38.0,7.0,47.0
3220,37.0,7.0,48.0
3221,32.0,27.0,93.0
3222,37.0,17.0,55.0
3223,37.0,28.0,50.0
3224,57.0,49.0,156.0
3225,69.0,95.0,84.0
3226,70.0,95.0,75.0
3227,60.0,28.0,72.0
3228,57.0,39.0,75.0
3229,56.0,56.0,91.0
3230,49.0,53.0,96.0
3231,55.0,46.0,67.0
3232,47.0,38.0,65.0
3233,48.0,29.0,59.0
3234,41.0,30.0,66.0
3235,37.0,22.0,72.0
3236,29.0,21.0,58.0
3237,35.0,22.0,64.0
3238,34.0,18.0,50.0
3239,45.0,36.0,45.0
3240,41.0,24.0,50.0
3241,42.0,16.0,46.0
3242,40.0,14.0,43.0
3243,39.0,11.0,41.0
3244,42.0,14.0,38.0
3245,42.0,39.0,43.0
3246,56.0,33.0,36.0
3247,68.0,24.0,40.0
3248,107.0,36.0,47.0
3249,142.0,63.0,150.0
3250,140.0,98.0,92.0
3251,65.0,44.0,67.0
3252,66.0,38.0,69.0
3253,74.0,53.0,78.0
3254,78.0,60.0,88.0
3255,86.0,54.0,83.0
3256,75.0,58.0,71.0
3257,60.0,46.0,55.0
3258,56.0,38.0,60.0
3259,56.0,34.0,70.0
3260,49.0,27.0,72.0
3261,43.0,27.0,74.0
3262,42.0,43.0,71.0
3263,48.0,34.0,86.0
3264,50.0,42.0,83.0
3265,48.0,53.0,79.0
3266,42.0,49.0,71.0
3267,44.0,29.0,92.0
3268,41.0,37.0,71.0
3269,41.0,69.0,64.0
3270,47.0,78.0,75.0
3271,43.0,59.0,82.0
3272,48.0,90.0,84.0
3273,59.0,104.0,86.0
3274,97.0,61.0,127.0
3275,68.0,57.0,151.0
3276,87.0,80.0,119.0
3277,81.0,80.0,134.0
3278,89.0,76.0,97.0
3279,72.0,89.0,111.0
3280,,72.0,462.0
3281,83.0,69.0,
3282,51.0,61.0,106.0
3283,58.0,54.0,85.0
3284,69.0,56.0,74.0
3285,63.0,55.0,91.0
3286,53.0,47.0,114.0
3287,63.0,43.0,95.0
3288,63.0,40.0,80.0
3289,56.0,36.0,82.0
3290,52.0,39.0,72.0
3291,75.0,45.0,76.0
3292,64.0,102.0,82.0
3293,63.0,87.0,81.0
3294,52.0,131.0,76.0
3295,52.0,183.0,79.0
3296,49.0,116.0,68.0
3297,55.0,63.0,47.0
3298,71.0,61.0,56.0
3299,102.0,79.0,58.0
3300,112.0,79.0,63.0
3301,98.0,58.0,76.0
3302,115.0,62.0,65.0
3303,112.0,61.0,84.0
3304,110.0,55.0,97.0
3305,115.0,40.0,81.0
3306,93.0,45.0,66.0
3307,88.0,38.0,70.0
3308,98.0,38.0,67.0
3309,73.0,28.0,70.0
3310,112.0,27.0,60.0
3311,61.0,38.0,56.0
3312,44.0,54.0,49.0
3313,60.0,53.0,36.0
3314,49.0,60.0,44.0
3315,47.0,50.0,40.0
3316,47.0,35.0,42.0
3317,60.0,28.0,39.0
3318,83.0,30.0,33.0
3319,94.0,40.0,44.0
3320,110.0,44.0,45.0
3321,198.0,125.0,69.0
3322,157.0,82.0,74.0
3323,123.0,73.0,70.0
3324,115.0,66.0,77.0
3325,98.0,79.0,71.0
3326,112.0,81.0,75.0
3327,94.0,84.0,86.0
3328,94.0,73.0,73.0
3329,85.0,62.0,68.0
3330,67.0,60.0,62.0
3331,61.0,63.0,57.0
3332,68.0,65.0,52.0
3333,72.0,55.0,55.0
3334,67.0,46.0,72.0
3335,63.0,53.0,63.0
3336,62.0,45.0,59.0
3337,52.0,39.0,67.0
3338,56.0,40.0,60.0
3339,61.0,61.0,54.0
3340,85.0,50.0,54.0
3341,81.0,44.0,54.0
3342,118.0,47.0,59.0
3343,140.0,59.0,67.0
3344,138.0,48.0,73.0
3345,110.0,83.0,80.0
3346,145.0,116.0,72.0
3347,102.0,120.0,71.0
3348,159.0,96.0,67.0
3349,92.0,96.0,70.0
3350,177.0,138.0,64.0
3351,104.0,40.0,56.0
3352,93.0,26.0,45.0
3353,68.0,19.0,45.0
3354,74.0,13.0,45.0
3355,66.0,15.0,44.0
3356,71.0,11.0,40.0
3357,,217.0,44.0
3358,67.0,70.0,48.0
3359,108.0,36.0,49.0
3360,89.0,26.0,64.0
3361,68.0,16.0,65.0
3362,62.0,17.0,67.0
3363,57.0,23.0,72.0
3364,56.0,22.0,70.0
3365,62.0,37.0,65.0
3366,65.0,52.0,71.0
3367,81.0,64.0,73.0
3368,74.0,69.0,78.0
3369,82.0,78.0,80.0
3370,93.0,72.0,94.0
3371,145.0,43.0,106.0
3372,133.0,27.0,94.0
3373,119.0,22.0,96.0
3374,106.0,22.0,103.0
3375,91.0,37.0,129.0
3376,81.0,31.0,120.0
3377,77.0,40.0,104.0
3378,76.0,39.0,100.0
3379,62.0,37.0,85.0
3380,60.0,39.0,74.0
3381,68.0,31.0,77.0
3382,75.0,28.0,63.0
3383,,35.0,86.0
3384,,33.0,90.0
3385,92.0,31.0,75.0
3386,61.0,27.0,74.0
3387,60.0,26.0,99.0
3388,52.0,25.0,54.0
3389,45.0,49.0,68.0
3390,45.0,82.0,63.0
3391,50.0,90.0,75.0
3392,53.0,67.0,81.0
3393,48.0,84.0,74.0
3394,35.0,147.0,83.0
3395,50.0,78.0,100.0
3396,49.0,55.0,136.0
3397,52.0,58.0,130.0
3398,45.0,62.0,126.0
3399,47.0,53.0,133.0
3400,54.0,54.0,118.0
3401,49.0,40.0,98.0
3402,59.0,28.0,76.0
3403,53.0,24.0,71.0
3404,,25.0,73.0
3405,46.0,40.0,71.0
3406,40.0,30.0,66.0
3407,36.0,29.0,77.0
3408,46.0,23.0,106.0
3409,37.0,20.0,145.0
3410,31.0,14.0,97.0
3411,22.0,13.0,89.0
3412,24.0,14.0,99.0
3413,22.0,43.0,208.0
3414,26.0,20.0,106.0
3415,32.0,54.0,100.0
3416,30.0,103.0,107.0
3417,39.0,51.0,102.0
3418,37.0,60.0,106.0
3419,35.0,72.0,111.0
3420,34.0,56.0,128.0
3421,28.0,55.0,129.0
3422,35.0,48.0,109.0
3423,35.0,43.0,126.0
3424,32.0,39.0,119.0
3425,34.0,39.0,99.0
3426,44.0,33.0,95.0
3427,44.0,36.0,86.0
3428,44.0,29.0,71.0
3429,45.0,36.0,79.0
3430,57.0,37.0,
3431,48.0,34.0,41.0
3432,52.0,33.0,38.0
3433,49.0,31.0,36.0
3434,45.0,30.0,31.0
3435,31.0,49.0,29.0
3436,30.0,33.0,75.0
3437,28.0,34.0,
3438,32.0,29.0,135.0
3439,24.0,31.0,104.0
3440,23.0,39.0,157.0
3441,22.0,44.0,198.0
3442,33.0,39.0,187.0
3443,23.0,52.0,151.0
3444,31.0,69.0,128.0
3445,38.0,64.0,123.0
3446,42.0,62.0,111.0
3447,41.0,47.0,125.0
3448,42.0,39.0,103.0
3449,42.0,36.0,100.0
3450,46.0,31.0,89.0
3451,46.0,26.0,74.0
3452,46.0,35.0,69.0
3453,45.0,24.0,78.0
3454,63.0,33.0,72.0
3455,71.0,36.0,80.0
3456,96.0,36.0,72.0
3457,68.0,31.0,93.0
3458,72.0,26.0,81.0
3459,65.0,43.0,102.0
3460,50.0,28.0,79.0
3461,83.0,22.0,99.0
3462,91.0,25.0,86.0
3463,79.0,33.0,96.0
3464,91.0,30.0,133.0
3465,79.0,30.0,197.0
3466,81.0,44.0,172.0
3467,80.0,37.0,146.0
3468,41.0,38.0,214.0
3469,27.0,37.0,123.0
3470,40.0,40.0,91.0
3471,35.0,35.0,61.0
3472,34.0,34.0,66.0
3473,31.0,26.0,47.0
3474,30.0,35.0,63.0
3475,31.0,50.0,52.0
3476,37.0,14.0,77.0
3477,38.0,28.0,76.0
3478,30.0,25.0,72.0
3479,29.0,30.0,68.0
3480,28.0,23.0,74.0
3481,37.0,24.0,83.0
3482,25.0,16.0,78.0
3483,29.0,20.0,70.0
3484,23.0,11.0,71.0
3485,28.0,13.0,65.0
3486,23.0,25.0,61.0
3487,20.0,26.0,57.0
3488,27.0,32.0,67.0
3489,41.0,38.0,104.0
3490,30.0,51.0,112.0
3491,34.0,44.0,106.0
3492,41.0,52.0,128.0
3493,43.0,45.0,128.0
3494,40.0,33.0,139.0
3495,40.0,34.0,132.0
3496,47.0,30.0,124.0
3497,44.0,31.0,109.0
3498,43.0,24.0,99.0
3499,41.0,26.0,84.0
3500,42.0,28.0,109.0
3501,37.0,30.0,90.0
3502,39.0,20.0,83.0
3503,32.0,24.0,81.0
3504,40.0,25.0,81.0
3505,35.0,30.0,78.0
3506,42.0,30.0,70.0
3507,46.0,27.0,88.0
3508,42.0,31.0,66.0
3509,50.0,29.0,69.0
3510,53.0,27.0,70.0
3511,58.0,27.0,69.0
3512,49.0,30.0,69.0
3513,56.0,34.0,104.0
3514,71.0,36.0,102.0
3515,,39.0,111.0
3516,,33.0,177.0
3517,,35.0,205.0
3518,,33.0,101.0
3519,,32.0,100.0
3520,,33.0,89.0
3521,,26.0,91.0
3522,,28.0,72.0
3523,,28.0,68.0
3524,,26.0,65.0
3525,,28.0,86.0
3526,,33.0,67.0
3527,,34.0,62.0
3528,,37.0,67.0
3529,,26.0,71.0
3530,,18.0,66.0
3531,,25.0,70.0
3532,,24.0,84.0
3533,,25.0,100.0
3534,,22.0,75.0
3535,,24.0,77.0
3536,,18.0,84.0
3537,,12.0,103.0
3538,,11.0,103.0
3539,,21.0,119.0
3540,,13.0,109.0
3541,,14.0,
3542,,17.0,
3543,,15.0,105.0
3544,,19.0,96.0
3545,,28.0,99.0
3546,,26.0,92.0
3547,,19.0,93.0
3548,,20.0,95.0
3549,,20.0,88.0
3550,,26.0,80.0
3551,,19.0,73.0
3552,,12.0,53.0
3553,,19.0,62.0
3554,,12.0,49.0
3555,,14.0,38.0
3556,,20.0,36.0
3557,,23.0,38.0
3558,,34.0,39.0
3559,,36.0,47.0
3560,,65.0,57.0
3561,,46.0,103.0
3562,,80.0,87.0
3563,,44.0,82.0
3564,,40.0,91.0
3565,,45.0,97.0
3566,66.0,45.0,97.0
3567,65.0,43.0,100.0
3568,66.0,38.0,78.0
3569,58.0,36.0,75.0
3570,38.0,33.0,
3571,25.0,35.0,84.0
3572,45.0,33.0,72.0
3573,47.0,31.0,82.0
3574,47.0,29.0,92.0
3575,50.0,32.0,162.0
3576,45.0,39.0,118.0
3577,53.0,70.0,216.0
3578,56.0,63.0,61.0
3579,46.0,52.0,29.0
3580,38.0,61.0,22.0
3581,40.0,49.0,21.0
3582,32.0,39.0,17.0
3583,34.0,59.0,12.0
3584,41.0,134.0,17.0
3585,50.0,114.0,29.0
3586,56.0,108.0,39.0
3587,64.0,52.0,41.0
3588,69.0,52.0,56.0
3589,71.0,57.0,59.0
3590,74.0,63.0,64.0
3591,67.0,47.0,62.0
3592,64.0,45.0,56.0
3593,,39.0,64.0
3594,55.0,40.0,47.0
3595,43.0,40.0,47.0
3596,51.0,33.0,47.0
3597,44.0,31.0,48.0
3598,52.0,26.0,58.0
3599,69.0,22.0,52.0
3600,52.0,25.0,44.0
3601,44.0,18.0,48.0
3602,48.0,20.0,55.0
3603,51.0,14.0,51.0
3604,43.0,25.0,59.0
3605,48.0,27.0,62.0
3606,45.0,47.0,61.0
3607,45.0,31.0,68.0
3608,42.0,82.0,57.0
3609,56.0,51.0,63.0
3610,54.0,82.0,64.0
3611,56.0,88.0,58.0
3612,54.0,67.0,64.0
3613,,66.0,72.0
3614,55.0,71.0,69.0
3615,53.0,46.0,64.0
3616,56.0,33.0,59.0
3617,52.0,32.0,56.0
3618,55.0,26.0,52.0
3619,46.0,29.0,57.0
3620,49.0,33.0,60.0
3621,42.0,34.0,53.0
3622,52.0,34.0,39.0
3623,41.0,31.0,66.0
3624,41.0,27.0,54.0
3625,,,70.0
3626,30.0,19.0,44.0
3627,30.0,19.0,56.0
3628,30.0,22.0,62.0
3629,32.0,18.0,60.0
3630,29.0,18.0,54.0
3631,30.0,26.0,59.0
3632,35.0,27.0,49.0
3633,34.0,23.0,62.0
3634,40.0,25.0,98.0
3635,48.0,23.0,103.0
3636,50.0,29.0,99.0
3637,41.0,30.0,102.0
3638,48.0,33.0,98.0
3639,41.0,40.0,92.0
3640,39.0,31.0,70.0
3641,41.0,23.0,62.0
3642,45.0,27.0,59.0
3643,39.0,31.0,67.0
3644,49.0,34.0,59.0
3645,40.0,39.0,58.0
3646,34.0,44.0,68.0
3647,37.0,41.0,74.0
3648,25.0,37.0,60.0
3649,25.0,33.0,
3650,20.0,29.0,53.0
3651,26.0,24.0,55.0
3652,24.0,25.0,56.0
3653,21.0,26.0,58.0
3654,26.0,29.0,57.0
3655,26.0,31.0,57.0
3656,20.0,29.0,54.0
3657,24.0,23.0,53.0
3658,23.0,22.0,46.0
3659,28.0,25.0,50.0
3660,26.0,26.0,67.0
3661,32.0,26.0,75.0
3662,,27.0,73.0
3663,,31.0,58.0
3664,,31.0,48.0
3665,,28.0,53.0
3666,,34.0,58.0
3667,,35.0,64.0
3668,,33.0,61.0
3669,,36.0,66.0
3670,,30.0,65.0
3671,,38.0,76.0
3672,,36.0,72.0
3673,,31.0,67.0
3674,,33.0,60.0
3675,,29.0,51.0
3676,,31.0,49.0
3677,,20.0,54.0
3678,,18.0,54.0
3679,,25.0,58.0
3680,,14.0,61.0
3681,,13.0,64.0
3682,,14.0,53.0
3683,,13.0,53.0
3684,,22.0,59.0
3685,,22.0,58.0
3686,,30.0,67.0
3687,,33.0,71.0
3688,,28.0,62.0
3689,,25.0,61.0
3690,32.0,23.0,54.0
3691,34.0,35.0,54.0
3692,33.0,30.0,57.0
3693,26.0,25.0,62.0
3694,23.0,26.0,58.0
3695,22.0,34.0,71.0
3696,32.0,32.0,76.0
3697,23.0,27.0,88.0
3698,27.0,19.0,77.0
3699,25.0,11.0,62.0
3700,24.0,8.0,57.0
3701,26.0,10.0,50.0
3702,73.0,26.0,56.0
3703,100.0,26.0,56.0
3704,115.0,22.0,51.0
3705,143.0,28.0,57.0
3706,89.0,29.0,82.0
3707,54.0,15.0,82.0
3708,63.0,21.0,93.0
3709,60.0,27.0,99.0
3710,60.0,35.0,100.0
3711,51.0,39.0,95.0
3712,56.0,28.0,97.0
3713,42.0,23.0,91.0
3714,34.0,24.0,80.0
3715,27.0,18.0,49.0
3716,20.0,14.0,37.0
3717,24.0,17.0,27.0
3718,23.0,15.0,98.0
3719,32.0,19.0,74.0
3720,38.0,16.0,76.0
3721,27.0,17.0,70.0
3722,33.0,24.0,68.0
3723,27.0,28.0,55.0
3724,30.0,19.0,45.0
3725,31.0,37.0,40.0
3726,25.0,37.0,101.0
3727,29.0,39.0,132.0
3728,44.0,44.0,114.0
3729,72.0,82.0,220.0
3730,71.0,107.0,121.0
3731,54.0,109.0,111.0
3732,47.0,87.0,119.0
3733,37.0,46.0,99.0
3734,52.0,42.0,86.0
3735,62.0,43.0,108.0
3736,60.0,38.0,96.0
3737,54.0,34.0,139.0
3738,40.0,31.0,114.0
3739,31.0,35.0,52.0
3740,27.0,37.0,124.0
3741,36.0,31.0,106.0
3742,28.0,28.0,54.0
3743,49.0,41.0,73.0
3744,54.0,41.0,55.0
3745,49.0,26.0,40.0
3746,49.0,32.0,48.0
3747,45.0,60.0,71.0
3748,44.0,81.0,87.0
3749,41.0,104.0,98.0
3750,65.0,96.0,103.0
3751,49.0,80.0,148.0
3752,102.0,111.0,109.0
3753,186.0,158.0,206.0
3754,130.0,179.0,203.0
3755,138.0,110.0,67.0
3756,133.0,74.0,94.0
3757,140.0,70.0,103.0
3758,107.0,58.0,107.0
3759,143.0,59.0,100.0
3760,72.0,48.0,104.0
3761,111.0,40.0,91.0
3762,53.0,38.0,77.0
3763,43.0,42.0,72.0
3764,45.0,31.0,71.0
3765,33.0,28.0,
3766,34.0,23.0,
3767,58.0,25.0,
3768,57.0,28.0,
3769,49.0,29.0,
3770,50.0,21.0,
3771,56.0,27.0,
3772,51.0,58.0,34.0
3773,62.0,32.0,44.0
3774,59.0,42.0,117.0
3775,63.0,39.0,98.0
3776,70.0,35.0,128.0
3777,170.0,57.0,195.0
3778,148.0,90.0,118.0
3779,107.0,70.0,67.0
3780,101.0,84.0,111.0
3781,109.0,75.0,108.0
3782,137.0,63.0,105.0
3783,104.0,62.0,99.0
3784,88.0,51.0,94.0
3785,76.0,42.0,94.0
3786,79.0,36.0,84.0
3787,57.0,26.0,79.0
3788,67.0,31.0,78.0
3789,48.0,29.0,79.0
3790,61.0,37.0,78.0
3791,66.0,30.0,166.0
3792,67.0,31.0,47.0
3793,66.0,25.0,29.0
3794,66.0,27.0,650.0
3795,51.0,41.0,
3796,56.0,43.0,47.0
3797,53.0,52.0,42.0
3798,48.0,52.0,58.0
3799,57.0,56.0,75.0
3800,53.0,39.0,131.0
3801,68.0,39.0,93.0
3802,63.0,49.0,73.0
3803,74.0,49.0,70.0
3804,81.0,50.0,54.0
3805,93.0,50.0,59.0
3806,91.0,52.0,55.0
3807,76.0,61.0,56.0
3808,65.0,49.0,48.0
3809,55.0,48.0,45.0
3810,51.0,47.0,40.0
3811,71.0,57.0,40.0
3812,56.0,52.0,45.0
3813,54.0,43.0,53.0
3814,83.0,39.0,54.0
3815,49.0,36.0,53.0
3816,45.0,38.0,64.0
3817,32.0,35.0,52.0
3818,28.0,36.0,51.0
3819,34.0,29.0,50.0
3820,28.0,31.0,45.0
3821,41.0,42.0,58.0
3822,32.0,58.0,57.0
3823,31.0,55.0,76.0
3824,41.0,60.0,64.0
3825,51.0,74.0,63.0
3826,49.0,127.0,71.0
3827,54.0,101.0,81.0
3828,49.0,250.0,70.0
3829,57.0,125.0,75.0
3830,59.0,87.0,86.0
3831,45.0,77.0,78.0
3832,49.0,55.0,70.0
3833,57.0,40.0,65.0
3834,45.0,30.0,55.0
3835,59.0,25.0,49.0
3836,46.0,30.0,43.0
3837,31.0,44.0,35.0
3838,34.0,36.0,29.0
3839,29.0,42.0,38.0
3840,32.0,40.0,42.0
3841,30.0,37.0,31.0
3842,26.0,40.0,39.0
3843,25.0,35.0,38.0
3844,30.0,37.0,62.0
3845,33.0,41.0,72.0
3846,31.0,43.0,54.0
3847,39.0,40.0,43.0
3848,67.0,40.0,39.0
3849,62.0,54.0,41.0
3850,56.0,58.0,59.0
3851,66.0,67.0,46.0
3852,75.0,66.0,51.0
3853,77.0,65.0,57.0
3854,75.0,71.0,58.0
3855,74.0,66.0,57.0
3856,67.0,55.0,54.0
3857,64.0,41.0,46.0
3858,49.0,42.0,42.0
3859,44.0,38.0,42.0
3860,31.0,31.0,49.0
3861,32.0,37.0,104.0
3862,36.0,43.0,94.0
3863,66.0,44.0,88.0
3864,48.0,42.0,51.0
3865,41.0,31.0,47.0
3866,43.0,29.0,63.0
3867,38.0,28.0,57.0
3868,37.0,42.0,46.0
3869,46.0,44.0,38.0
3870,55.0,37.0,52.0
3871,62.0,42.0,90.0
3872,53.0,49.0,119.0
3873,54.0,49.0,186.0
3874,84.0,56.0,155.0
3875,84.0,60.0,190.0
3876,93.0,57.0,161.0
3877,72.0,56.0,81.0
3878,73.0,63.0,104.0
3879,78.0,52.0,66.0
3880,74.0,50.0,108.0
3881,46.0,49.0,53.0
3882,40.0,45.0,43.0
3883,40.0,47.0,48.0
3884,32.0,50.0,44.0
3885,23.0,46.0,51.0
3886,31.0,43.0,53.0
3887,27.0,37.0,55.0
3888,69.0,33.0,60.0
3889,61.0,30.0,49.0
3890,65.0,33.0,45.0
3891,60.0,34.0,39.0
3892,65.0,37.0,44.0
3893,57.0,49.0,45.0
3894,57.0,57.0,48.0
3895,61.0,44.0,48.0
3896,61.0,34.0,51.0
3897,66.0,43.0,94.0
3898,65.0,81.0,125.0
3899,81.0,68.0,98.0
3900,75.0,73.0,83.0
3901,76.0,77.0,71.0
3902,80.0,82.0,86.0
3903,58.0,97.0,83.0
3904,47.0,109.0,109.0
3905,51.0,96.0,59.0
3906,55.0,65.0,43.0
3907,64.0,50.0,39.0
3908,,50.0,34.0
3909,59.0,54.0,38.0
3910,67.0,55.0,40.0
3911,61.0,42.0,42.0
3912,67.0,39.0,47.0
3913,76.0,37.0,44.0
3914,79.0,30.0,47.0
3915,72.0,42.0,34.0
3916,70.0,63.0,31.0
3917,58.0,51.0,29.0
3918,54.0,49.0,32.0
3919,52.0,57.0,41.0
3920,54.0,66.0,53.0
3921,83.0,135.0,48.0
3922,83.0,202.0,67.0
3923,,265.0,78.0
3924,92.0,149.0,76.0
3925,86.0,134.0,82.0
3926,103.0,112.0,73.0
3927,77.0,119.0,66.0
3928,53.0,111.0,52.0
3929,67.0,87.0,42.0
3930,124.0,54.0,33.0
3931,71.0,46.0,30.0
3932,66.0,39.0,38.0
3933,79.0,35.0,39.0
3934,51.0,43.0,34.0
3935,54.0,35.0,31.0
3936,46.0,30.0,36.0
3937,46.0,38.0,31.0
3938,44.0,73.0,35.0
3939,51.0,77.0,34.0
3940,46.0,76.0,29.0
3941,53.0,72.0,25.0
3942,54.0,88.0,31.0
3943,74.0,142.0,32.0
3944,72.0,159.0,36.0
3945,88.0,253.0,42.0
3946,96.0,445.0,47.0
3947,107.0,279.0,47.0
3948,93.0,158.0,57.0
3949,102.0,117.0,59.0
3950,103.0,97.0,55.0
3951,78.0,139.0,50.0
3952,60.0,129.0,42.0
3953,55.0,83.0,37.0
3954,70.0,67.0,28.0
3955,71.0,68.0,31.0
3956,50.0,81.0,29.0
3957,37.0,78.0,29.0
3958,52.0,58.0,34.0
3959,44.0,53.0,32.0
3960,24.0,60.0,37.0
3961,24.0,65.0,53.0
3962,20.0,68.0,29.0
3963,19.0,65.0,32.0
3964,25.0,58.0,27.0
3965,22.0,60.0,21.0
3966,18.0,73.0,25.0
3967,15.0,68.0,25.0
3968,17.0,74.0,27.0
3969,23.0,161.0,34.0
3970,39.0,187.0,40.0
3971,36.0,206.0,40.0
3972,42.0,168.0,43.0
3973,37.0,305.0,64.0
3974,33.0,134.0,52.0
3975,31.0,99.0,47.0
3976,42.0,79.0,36.0
3977,38.0,78.0,40.0
3978,50.0,99.0,35.0
3979,66.0,95.0,29.0
3980,64.0,75.0,25.0
3981,65.0,61.0,30.0
3982,105.0,56.0,22.0
3983,90.0,58.0,25.0
3984,87.0,56.0,51.0
3985,91.0,52.0,42.0
3986,88.0,47.0,37.0
3987,73.0,58.0,29.0
3988,78.0,74.0,30.0
3989,79.0,79.0,29.0
3990,76.0,69.0,29.0
3991,74.0,50.0,22.0
3992,73.0,55.0,24.0
3993,85.0,126.0,34.0
3994,74.0,123.0,35.0
3995,90.0,126.0,32.0
3996,98.0,111.0,48.0
3997,94.0,109.0,52.0
3998,112.0,106.0,38.0
3999,131.0,121.0,42.0
4000,158.0,103.0,42.0
4001,188.0,95.0,26.0
4002,155.0,91.0,30.0
4003,142.0,107.0,27.0
4004,134.0,86.0,26.0
4005,78.0,76.0,24.0
4006,69.0,64.0,24.0
4007,118.0,51.0,31.0
4008,103.0,46.0,44.0
4009,92.0,53.0,51.0
4010,89.0,74.0,35.0
4011,83.0,74.0,28.0
4012,100.0,70.0,30.0
4013,96.0,60.0,23.0
4014,93.0,62.0,20.0
4015,87.0,63.0,26.0
4016,84.0,71.0,29.0
4017,87.0,83.0,29.0
4018,98.0,90.0,27.0
4019,104.0,88.0,33.0
4020,110.0,91.0,39.0
4021,111.0,106.0,35.0
4022,96.0,109.0,39.0
4023,82.0,103.0,40.0
4024,78.0,98.0,36.0
4025,72.0,98.0,30.0
4026,64.0,89.0,29.0
4027,55.0,71.0,23.0
4028,46.0,69.0,27.0
4029,58.0,54.0,29.0
4030,62.0,50.0,29.0
4031,48.0,51.0,31.0
4032,46.0,43.0,61.0
4033,45.0,53.0,47.0
4034,36.0,60.0,25.0
4035,38.0,59.0,27.0
4036,50.0,67.0,14.0
4037,41.0,76.0,23.0
4038,33.0,81.0,19.0
4039,44.0,84.0,25.0
4040,39.0,87.0,22.0
4041,47.0,124.0,26.0
4042,50.0,181.0,31.0
4043,71.0,143.0,29.0
4044,64.0,67.0,28.0
4045,58.0,74.0,32.0
4046,48.0,78.0,37.0
4047,44.0,68.0,31.0
4048,49.0,54.0,37.0
4049,38.0,48.0,41.0
4050,34.0,40.0,48.0
4051,42.0,42.0,36.0
4052,49.0,47.0,39.0
4053,33.0,44.0,38.0
4054,35.0,48.0,37.0
4055,31.0,53.0,42.0
4056,39.0,43.0,62.0
4057,29.0,35.0,45.0
4058,23.0,120.0,29.0
4059,22.0,144.0,24.0
4060,24.0,89.0,15.0
4061,26.0,108.0,19.0
4062,23.0,81.0,22.0
4063,26.0,103.0,20.0
4064,29.0,93.0,28.0
4065,29.0,145.0,27.0
4066,35.0,194.0,28.0
4067,31.0,171.0,31.0
4068,34.0,137.0,32.0
4069,32.0,114.0,30.0
4070,25.0,109.0,33.0
4071,29.0,116.0,37.0
4072,31.0,85.0,40.0
4073,31.0,63.0,44.0
4074,34.0,52.0,45.0
4075,32.0,52.0,40.0
4076,30.0,37.0,33.0
4077,35.0,42.0,40.0
4078,30.0,44.0,48.0
4079,32.0,48.0,
4080,30.0,42.0,55.0
4081,28.0,36.0,37.0
4082,27.0,35.0,34.0
4083,31.0,51.0,24.0
4084,27.0,57.0,28.0
4085,31.0,90.0,24.0
4086,21.0,109.0,25.0
4087,17.0,130.0,20.0
4088,31.0,189.0,28.0
4089,27.0,239.0,32.0
4090,25.0,228.0,35.0
4091,30.0,164.0,32.0
4092,33.0,120.0,35.0
4093,31.0,117.0,40.0
4094,47.0,120.0,36.0
4095,42.0,113.0,23.0
4096,57.0,103.0,28.0
4097,65.0,102.0,23.0
4098,74.0,105.0,11.0
4099,47.0,93.0,12.0
4100,51.0,72.0,11.0
4101,40.0,65.0,16.0
4102,36.0,57.0,10.0
4103,27.0,53.0,12.0
4104,36.0,44.0,10.0
4105,31.0,46.0,8.0
4106,32.0,104.0,7.0
4107,29.0,115.0,9.0
4108,31.0,100.0,8.0
4109,26.0,124.0,9.0
4110,21.0,174.0,10.0
4111,32.0,181.0,10.0
4112,29.0,149.0,10.0
4113,40.0,206.0,17.0
4114,36.0,285.0,
4115,43.0,160.0,
4116,35.0,132.0,
4117,40.0,128.0,
4118,39.0,125.0,
4119,36.0,96.0,
4120,34.0,85.0,
4121,42.0,86.0,
4122,43.0,56.0,
4123,40.0,45.0,
4124,33.0,62.0,
4125,80.0,67.0,
4126,36.0,52.0,
4127,30.0,57.0,
4128,31.0,56.0,
4129,19.0,46.0,
4130,20.0,43.0,
4131,16.0,40.0,
4132,16.0,80.0,
4133,22.0,72.0,
4134,35.0,82.0,
4135,29.0,69.0,
4136,30.0,59.0,
4137,31.0,58.0,
4138,28.0,70.0,
4139,35.0,91.0,
4140,34.0,94.0,7.0
4141,28.0,99.0,5.0
4142,42.0,95.0,14.0
4143,50.0,77.0,10.0
4144,52.0,78.0,14.0
4145,52.0,68.0,17.0
4146,67.0,67.0,15.0
4147,60.0,65.0,26.0
4148,57.0,55.0,23.0
4149,53.0,57.0,23.0
4150,46.0,58.0,21.0
4151,42.0,52.0,17.0
4152,41.0,44.0,17.0
4153,30.0,41.0,22.0
4154,34.0,51.0,10.0
4155,34.0,47.0,9.0
4156,29.0,47.0,8.0
4157,31.0,66.0,7.0
4158,36.0,64.0,19.0
4159,39.0,57.0,22.0
4160,46.0,91.0,32.0
4161,61.0,157.0,36.0
4162,59.0,140.0,26.0
4163,56.0,158.0,27.0
4164,56.0,129.0,33.0
4165,63.0,98.0,19.0
4166,68.0,100.0,22.0
4167,60.0,104.0,28.0
4168,54.0,91.0,25.0
4169,62.0,98.0,22.0
4170,74.0,106.0,28.0
4171,71.0,129.0,39.0
4172,71.0,85.0,35.0
4173,61.0,62.0,27.0
4174,63.0,44.0,16.0
4175,57.0,46.0,15.0
4176,56.0,56.0,27.0
4177,52.0,41.0,27.0
4178,51.0,42.0,33.0
4179,56.0,42.0,29.0
4180,53.0,36.0,20.0
4181,58.0,34.0,15.0
4182,55.0,38.0,26.0
4183,56.0,36.0,26.0
4184,65.0,32.0,16.0
4185,84.0,34.0,24.0
4186,96.0,70.0,25.0
4187,112.0,94.0,29.0
4188,88.0,106.0,19.0
4189,83.0,92.0,16.0
4190,83.0,93.0,11.0
4191,69.0,82.0,10.0
4192,54.0,77.0,8.0
4193,52.0,79.0,8.0
4194,51.0,78.0,10.0
4195,36.0,57.0,12.0
4196,37.0,51.0,16.0
4197,38.0,45.0,21.0
4198,49.0,35.0,21.0
4199,41.0,37.0,22.0
4200,40.0,49.0,25.0
4201,36.0,37.0,23.0
4202,38.0,28.0,20.0
4203,27.0,26.0,11.0
4204,24.0,24.0,15.0
4205,27.0,30.0,15.0
4206,27.0,23.0,14.0
4207,34.0,21.0,26.0
4208,37.0,27.0,10.0
4209,42.0,32.0,9.0
4210,46.0,39.0,30.0
4211,56.0,44.0,23.0
4212,62.0,52.0,34.0
4213,58.0,51.0,22.0
4214,53.0,55.0,25.0
4215,60.0,49.0,39.0
4216,43.0,39.0,51.0
4217,37.0,31.0,27.0
4218,31.0,23.0,36.0
4219,30.0,25.0,34.0
4220,38.0,39.0,44.0
4221,32.0,38.0,30.0
4222,35.0,23.0,38.0
4223,41.0,22.0,37.0
4224,35.0,26.0,37.0
4225,26.0,25.0,35.0
4226,22.0,26.0,32.0
4227,27.0,26.0,23.0
4228,22.0,32.0,22.0
4229,26.0,31.0,21.0
4230,29.0,40.0,27.0
4231,24.0,38.0,36.0
4232,27.0,35.0,52.0
4233,27.0,58.0,36.0
4234,29.0,76.0,44.0
4235,36.0,76.0,53.0
4236,51.0,82.0,54.0
4237,42.0,66.0,56.0
4238,46.0,55.0,62.0
4239,47.0,80.0,50.0
4240,42.0,76.0,32.0
4241,24.0,94.0,29.0
4242,33.0,90.0,29.0
4243,24.0,105.0,25.0
4244,24.0,66.0,27.0
4245,29.0,47.0,30.0
4246,27.0,32.0,32.0
4247,73.0,23.0,36.0
4248,25.0,24.0,25.0
4249,20.0,29.0,29.0
4250,19.0,38.0,31.0
4251,18.0,36.0,25.0
4252,26.0,33.0,28.0
4253,26.0,40.0,34.0
4254,25.0,60.0,41.0
4255,26.0,56.0,38.0
4256,30.0,52.0,39.0
4257,41.0,55.0,41.0
4258,40.0,91.0,52.0
4259,55.0,94.0,67.0
4260,58.0,88.0,81.0
4261,47.0,73.0,83.0
4262,43.0,77.0,66.0
4263,50.0,101.0,71.0
4264,50.0,73.0,66.0
4265,41.0,73.0,74.0
4266,45.0,85.0,63.0
4267,40.0,117.0,35.0
4268,34.0,77.0,33.0
4269,27.0,60.0,30.0
4270,23.0,56.0,32.0
4271,36.0,47.0,25.0
4272,35.0,,24.0
4273,27.0,52.0,29.0
4274,29.0,55.0,24.0
4275,23.0,53.0,25.0
4276,23.0,56.0,23.0
4277,21.0,59.0,31.0
4278,25.0,50.0,36.0
4279,22.0,46.0,53.0
4280,28.0,46.0,38.0
4281,42.0,49.0,40.0
4282,38.0,55.0,48.0
4283,54.0,50.0,38.0
4284,51.0,61.0,54.0
4285,48.0,70.0,48.0
4286,49.0,66.0,59.0
4287,36.0,97.0,66.0
4288,43.0,105.0,48.0
4289,41.0,103.0,43.0
4290,30.0,116.0,42.0
4291,35.0,106.0,33.0
4292,26.0,72.0,33.0
4293,26.0,68.0,27.0
4294,27.0,34.0,25.0
4295,30.0,48.0,26.0
4296,46.0,58.0,25.0
4297,32.0,45.0,19.0
4298,25.0,38.0,31.0
4299,24.0,34.0,31.0
4300,18.0,37.0,29.0
4301,12.0,32.0,28.0
4302,26.0,33.0,28.0
4303,40.0,30.0,44.0
4304,37.0,30.0,47.0
4305,48.0,34.0,61.0
4306,66.0,44.0,142.0
4307,72.0,38.0,87.0
4308,54.0,38.0,62.0
4309,48.0,35.0,67.0
4310,34.0,28.0,74.0
4311,40.0,40.0,75.0
4312,31.0,34.0,65.0
4313,33.0,41.0,49.0
4314,38.0,,35.0
4315,36.0,51.0,28.0
4316,31.0,40.0,32.0
4317,38.0,40.0,31.0
4318,33.0,31.0,37.0
4319,35.0,24.0,41.0
4320,33.0,38.0,38.0
4321,40.0,36.0,41.0
4322,37.0,28.0,34.0
4323,34.0,24.0,28.0
4324,24.0,17.0,33.0
4325,23.0,23.0,29.0
4326,27.0,18.0,34.0
4327,41.0,26.0,31.0
4328,41.0,20.0,44.0
4329,54.0,26.0,61.0
4330,75.0,30.0,64.0
4331,80.0,30.0,75.0
4332,73.0,33.0,62.0
4333,53.0,27.0,56.0
4334,49.0,35.0,70.0
4335,54.0,34.0,57.0
4336,53.0,39.0,50.0
4337,38.0,36.0,47.0
4338,32.0,39.0,47.0
4339,27.0,39.0,57.0
4340,27.0,40.0,50.0
4341,25.0,26.0,45.0
4342,36.0,24.0,46.0
4343,32.0,27.0,25.0
4344,26.0,30.0,29.0
4345,,,25.0
4346,20.0,25.0,27.0
4347,18.0,21.0,25.0
4348,18.0,23.0,23.0
4349,19.0,23.0,23.0
4350,55.0,26.0,26.0
4351,59.0,26.0,18.0
4352,57.0,22.0,22.0
4353,141.0,26.0,28.0
4354,155.0,24.0,24.0
4355,95.0,33.0,25.0
4356,65.0,38.0,22.0
4357,59.0,49.0,22.0
4358,54.0,51.0,9.0
4359,49.0,54.0,17.0
4360,48.0,58.0,8.0
4361,50.0,46.0,13.0
4362,42.0,36.0,11.0
4363,47.0,28.0,9.0
4364,41.0,23.0,8.0
4365,36.0,37.0,21.0
4366,37.0,32.0,22.0
4367,38.0,25.0,25.0
4368,26.0,39.0,15.0
4369,34.0,33.0,
4370,23.0,28.0,10.0
4371,38.0,25.0,17.0
4372,39.0,29.0,13.0
4373,47.0,27.0,13.0
4374,65.0,16.0,20.0
4375,72.0,23.0,21.0
4376,53.0,20.0,25.0
4377,58.0,27.0,37.0
4378,74.0,34.0,36.0
4379,76.0,28.0,34.0
4380,75.0,34.0,31.0
4381,66.0,38.0,41.0
4382,69.0,44.0,39.0
4383,68.0,41.0,43.0
4384,53.0,40.0,42.0
4385,60.0,38.0,45.0
4386,58.0,46.0,49.0
4387,53.0,56.0,53.0
4388,28.0,25.0,50.0
4389,41.0,21.0,41.0
4390,43.0,23.0,35.0
4391,32.0,66.0,31.0
4392,41.0,37.0,28.0
4393,42.0,28.0,29.0
4394,46.0,28.0,30.0
4395,31.0,17.0,33.0
4396,41.0,11.0,27.0
4397,31.0,11.0,34.0
4398,28.0,13.0,36.0
4399,29.0,25.0,41.0
4400,34.0,28.0,58.0
4401,36.0,34.0,77.0
4402,32.0,52.0,54.0
4403,43.0,61.0,68.0
4404,43.0,53.0,60.0
4405,53.0,65.0,72.0
4406,61.0,64.0,80.0
4407,50.0,65.0,65.0
4408,63.0,56.0,40.0
4409,35.0,48.0,40.0
4410,37.0,45.0,44.0
4411,27.0,39.0,48.0
4412,32.0,22.0,44.0
4413,26.0,19.0,45.0
4414,25.0,20.0,47.0
4415,37.0,20.0,52.0
4416,31.0,35.0,50.0
4417,23.0,20.0,51.0
4418,30.0,15.0,50.0
4419,31.0,11.0,54.0
4420,24.0,13.0,51.0
4421,30.0,12.0,44.0
4422,32.0,19.0,47.0
4423,32.0,21.0,63.0
4424,39.0,17.0,60.0
4425,46.0,147.0,58.0
4426,43.0,60.0,75.0
4427,61.0,47.0,61.0
4428,57.0,57.0,70.0
4429,58.0,64.0,83.0
4430,64.0,62.0,82.0
4431,46.0,69.0,77.0
4432,31.0,57.0,70.0
4433,45.0,42.0,53.0
4434,35.0,30.0,37.0
4435,41.0,31.0,26.0
4436,41.0,29.0,34.0
4437,36.0,28.0,35.0
4438,38.0,24.0,37.0
4439,32.0,38.0,41.0
4440,41.0,48.0,36.0
4441,45.0,34.0,30.0
4442,44.0,28.0,38.0
4443,38.0,24.0,34.0
4444,32.0,27.0,29.0
4445,39.0,27.0,67.0
4446,39.0,20.0,57.0
4447,41.0,17.0,60.0
4448,45.0,26.0,77.0
4449,48.0,28.0,111.0
4450,51.0,37.0,70.0
4451,69.0,43.0,72.0
4452,74.0,49.0,76.0
4453,68.0,57.0,80.0
4454,78.0,55.0,92.0
4455,56.0,62.0,97.0
4456,48.0,51.0,83.0
4457,40.0,39.0,69.0
4458,48.0,34.0,69.0
4459,39.0,27.0,52.0
4460,42.0,30.0,44.0
4461,50.0,28.0,37.0
4462,49.0,24.0,32.0
4463,51.0,33.0,29.0
4464,63.0,21.0,36.0
4465,56.0,23.0,36.0
4466,51.0,19.0,43.0
4467,53.0,19.0,39.0
4468,48.0,16.0,53.0
4469,50.0,23.0,59.0
4470,45.0,22.0,53.0
4471,47.0,33.0,60.0
4472,70.0,39.0,72.0
4473,83.0,29.0,69.0
4474,107.0,46.0,81.0
4475,93.0,53.0,101.0
4476,72.0,49.0,101.0
4477,75.0,47.0,96.0
4478,87.0,61.0,89.0
4479,68.0,52.0,90.0
4480,62.0,40.0,81.0
4481,59.0,48.0,72.0
4482,48.0,47.0,69.0
4483,49.0,37.0,69.0
4484,52.0,50.0,64.0
4485,53.0,20.0,62.0
4486,41.0,12.0,71.0
4487,48.0,11.0,56.0
4488,46.0,13.0,46.0
4489,34.0,13.0,42.0
4490,36.0,16.0,56.0
4491,31.0,17.0,52.0
4492,53.0,26.0,56.0
4493,34.0,22.0,51.0
4494,34.0,23.0,56.0
4495,34.0,27.0,61.0
4496,33.0,20.0,65.0
4497,48.0,20.0,62.0
4498,44.0,26.0,64.0
4499,70.0,30.0,74.0
4500,75.0,43.0,58.0
4501,61.0,49.0,79.0
4502,72.0,51.0,80.0
4503,60.0,42.0,80.0
4504,,24.0,79.0
4505,,23.0,71.0
4506,,29.0,58.0
4507,,33.0,58.0
4508,,29.0,60.0
4509,,25.0,67.0
4510,,37.0,61.0
4511,,28.0,61.0
4512,,28.0,68.0
4513,,32.0,64.0
4514,,29.0,58.0
4515,,27.0,56.0
4516,,33.0,62.0
4517,,33.0,72.0
4518,,30.0,93.0
4519,,30.0,84.0
4520,,30.0,94.0
4521,,31.0,93.0
4522,,39.0,81.0
4523,,45.0,56.0
4524,,55.0,48.0
4525,,54.0,46.0
4526,,63.0,58.0
4527,,50.0,56.0
4528,,44.0,54.0
4529,,30.0,49.0
4530,,28.0,39.0
4531,,27.0,42.0
4532,,27.0,43.0
4533,,23.0,35.0
4534,,25.0,41.0
4535,,42.0,40.0
4536,,51.0,49.0
4537,,42.0,43.0
4538,,36.0,67.0
4539,,32.0,127.0
4540,,30.0,125.0
4541,,27.0,119.0
4542,,30.0,82.0
4543,,31.0,105.0
4544,,30.0,120.0
4545,,35.0,197.0
4546,,47.0,177.0
4547,,52.0,95.0
4548,80.0,55.0,48.0
4549,63.0,53.0,49.0
4550,67.0,57.0,72.0
4551,48.0,65.0,70.0
4552,41.0,59.0,60.0
4553,34.0,58.0,49.0
4554,33.0,49.0,53.0
4555,31.0,33.0,51.0
4556,38.0,25.0,40.0
4557,36.0,32.0,33.0
4558,36.0,29.0,43.0
4559,36.0,32.0,44.0
4560,41.0,40.0,40.0
4561,41.0,37.0,28.0
4562,34.0,44.0,26.0
4563,34.0,42.0,33.0
4564,31.0,39.0,43.0
4565,34.0,42.0,58.0
4566,29.0,49.0,62.0
4567,37.0,46.0,59.0
4568,63.0,45.0,54.0
4569,56.0,44.0,141.0
4570,61.0,71.0,141.0
4571,35.0,81.0,114.0
4572,42.0,76.0,123.0
4573,47.0,66.0,69.0
4574,41.0,74.0,90.0
4575,36.0,66.0,64.0
4576,31.0,68.0,65.0
4577,37.0,50.0,52.0
4578,26.0,44.0,39.0
4579,32.0,46.0,36.0
4580,30.0,38.0,32.0
4581,32.0,25.0,37.0
4582,28.0,28.0,31.0
4583,30.0,31.0,28.0
4584,28.0,37.0,26.0
4585,29.0,37.0,31.0
4586,40.0,38.0,33.0
4587,34.0,41.0,33.0
4588,31.0,44.0,38.0
4589,36.0,40.0,32.0
4590,38.0,40.0,29.0
4591,37.0,48.0,30.0
4592,48.0,40.0,34.0
4593,84.0,42.0,60.0
4594,76.0,65.0,83.0
4595,98.0,79.0,79.0
4596,316.0,76.0,49.0
4597,139.0,88.0,38.0
4598,58.0,81.0,44.0
4599,49.0,79.0,39.0
4600,48.0,72.0,25.0
4601,49.0,68.0,28.0
4602,48.0,65.0,29.0
4603,62.0,40.0,45.0
4604,40.0,33.0,24.0
4605,46.0,32.0,31.0
4606,36.0,28.0,31.0
4607,26.0,35.0,29.0
4608,60.0,39.0,34.0
4609,51.0,38.0,35.0
4610,42.0,47.0,30.0
4611,36.0,43.0,27.0
4612,49.0,44.0,23.0
4613,45.0,39.0,26.0
4614,42.0,38.0,21.0
4615,49.0,36.0,17.0
4616,74.0,45.0,22.0
4617,104.0,49.0,22.0
4618,33.0,69.0,27.0
4619,56.0,83.0,22.0
4620,76.0,89.0,24.0
4621,71.0,92.0,28.0
4622,44.75,90.0,28.0
4623,39.98,99.0,31.0
4624,35.63,79.0,32.0
4625,50.19,71.0,39.0
4626,62.15,63.0,30.0
4627,41.72,54.0,33.0
4628,36.22,43.0,33.0
4629,32.22,33.0,34.0
4630,33.11,28.0,19.0
4631,41.86,46.0,25.0
4632,35.97,48.0,21.0
4633,34.8,50.0,13.0
4634,33.25,49.0,8.0
4635,33.4,46.0,7.0
4636,36.08,40.0,31.0
4637,39.07,40.0,13.0
4638,37.43,42.0,13.0
4639,43.39,46.0,22.0
4640,49.77,42.0,18.0
4641,54.7,46.0,33.0
4642,58.63,78.0,
4643,61.72,120.0,
4644,59.21,113.0,46.0
4645,68.81,86.0,52.0
4646,53.71,95.0,58.0
4647,47.6,88.0,57.0
4648,44.53,73.0,50.0
4649,41.0,54.0,52.0
4650,44.6,43.0,37.0
4651,37.28,42.0,35.0
4652,30.46,40.0,43.0
4653,38.11,31.0,36.0
4654,53.12,38.0,29.0
4655,38.93,52.0,27.0
4656,32.95,56.0,24.0
4657,29.29,58.0,29.0
4658,30.36,61.0,27.0
4659,27.34,58.0,22.0
4660,29.68,44.0,22.0
4661,46.35,53.0,25.0
4662,44.55,55.0,20.0
4663,41.55,58.0,28.0
4664,139.71,60.0,42.0
4665,58.6,73.0,65.0
4666,64.74,116.0,56.0
4667,65.46,137.0,38.0
4668,59.07,113.0,49.0
4669,50.68,106.0,45.0
4670,48.06,119.0,53.0
4671,40.24,110.0,71.0
4672,40.09,100.0,62.0
4673,30.6,90.0,47.0
4674,27.71,73.0,43.0
4675,35.32,51.0,66.0
4676,38.74,44.0,71.0
4677,35.1,49.0,64.0
4678,29.61,38.0,61.0
4679,26.05,42.0,85.0
4680,25.39,45.0,82.0
4681,28.0,47.0,80.0
4682,26.0,44.0,79.0
4683,49.0,38.0,80.0
4684,45.0,40.0,74.0
4685,44.0,45.0,
4686,48.0,49.0,
4687,44.0,53.0,87.0
4688,42.0,51.0,90.0
4689,51.0,50.0,77.0
4690,66.0,58.0,81.0
4691,78.0,67.0,118.0
4692,64.0,73.0,101.0
4693,66.0,75.0,96.0
4694,,82.0,97.0
4695,,85.0,96.0
4696,55.0,77.0,88.0
4697,29.0,64.0,83.0
4698,27.0,49.0,72.0
4699,32.0,37.0,67.0
4700,26.0,49.0,47.0
4701,20.0,59.0,34.0
4702,30.0,58.0,33.0
4703,24.0,50.0,34.0
4704,39.0,58.0,36.0
4705,35.0,52.0,31.0
4706,30.0,55.0,36.0
4707,37.0,66.0,31.0
4708,33.0,60.0,35.0
4709,42.0,50.0,44.0
4710,52.0,56.0,49.0
4711,44.0,56.0,51.0
4712,50.0,57.0,56.0
4713,53.0,59.0,77.0
4714,64.0,64.0,116.0
4715,78.0,68.0,101.0
4716,97.0,73.0,93.0
4717,82.0,72.0,79.0
4718,74.0,69.0,81.0
4719,85.0,72.0,87.0
4720,74.0,50.0,77.0
4721,70.0,58.0,70.0
4722,88.0,78.0,71.0
4723,49.0,59.0,57.0
4724,48.0,55.0,62.0
4725,44.0,41.0,53.0
4726,71.0,38.0,47.0
4727,71.0,47.0,41.0
4728,74.0,69.0,41.0
4729,67.0,66.0,40.0
4730,65.0,59.0,37.0
4731,55.0,53.0,42.0
4732,69.0,54.0,57.0
4733,67.0,55.0,66.0
4734,76.0,47.0,60.0
4735,65.0,47.0,62.0
4736,56.0,52.0,103.0
4737,63.0,54.0,128.0
4738,71.0,65.0,148.0
4739,82.0,91.0,145.0
4740,97.0,91.0,105.0
4741,100.0,74.0,93.0
4742,97.0,87.0,93.0
4743,89.0,65.0,88.0
4744,85.0,64.0,92.0
4745,88.0,72.0,96.0
4746,64.0,51.0,81.0
4747,65.0,37.0,91.0
4748,62.0,38.0,91.0
4749,53.0,42.0,84.0
4750,54.0,40.0,78.0
4751,51.0,47.0,65.0
4752,73.0,61.0,59.0
4753,73.0,67.0,53.0
4754,71.0,65.0,36.0
4755,78.0,66.0,40.0
4756,68.0,62.0,36.0
4757,73.0,64.0,43.0
4758,83.0,66.0,38.0
4759,78.0,61.0,38.0
4760,84.0,56.0,35.0
4761,141.0,64.0,
4762,143.0,97.0,
4763,122.0,95.0,71.0
4764,96.0,85.0,77.0
4765,97.0,77.0,72.0
4766,108.0,91.0,67.0
4767,86.0,81.0,64.0
4768,73.0,58.0,73.0
4769,56.0,46.0,65.0
4770,45.0,47.0,59.0
4771,46.0,52.0,56.0
4772,54.0,55.0,59.0
4773,42.0,59.0,48.0
4774,41.0,43.0,44.0
4775,40.0,46.0,42.0
4776,54.0,56.0,47.0
4777,55.0,71.0,41.0
4778,49.0,64.0,53.0
4779,46.0,61.0,40.0
4780,58.0,61.0,42.0
4781,55.0,70.0,42.0
4782,48.0,62.0,26.0
4783,52.0,57.0,31.0
4784,57.0,61.0,37.0
4785,93.0,73.0,38.0
4786,108.0,79.0,45.0
4787,122.0,91.0,56.0
4788,77.0,101.0,63.0
4789,64.0,96.0,58.0
4790,74.0,100.0,61.0
4791,70.0,98.0,52.0
4792,59.0,80.0,52.0
4793,55.0,57.0,63.0
4794,54.0,67.0,68.0
4795,44.0,61.0,64.0
4796,44.0,44.0,54.0
4797,49.0,39.0,42.0
4798,46.0,38.0,30.0
4799,47.0,61.0,24.0
4800,50.0,66.0,34.0
4801,43.0,61.0,38.0
4802,37.0,58.0,35.0
4803,34.0,50.0,42.0
4804,43.0,51.0,41.0
4805,51.0,46.0,46.0
4806,53.0,41.0,61.0
4807,46.0,43.0,67.0
4808,86.0,48.0,67.0
4809,136.0,40.0,125.0
4810,184.0,58.0,127.0
4811,169.0,69.0,99.0
4812,107.0,,67.0
4813,100.0,,57.0
4814,97.0,,62.0
4815,88.0,76.0,69.0
4816,69.0,57.0,73.0
4817,67.0,48.0,82.0
4818,67.0,49.0,89.0
4819,69.0,60.0,67.0
4820,54.0,65.0,59.0
4821,56.0,52.0,52.0
4822,56.0,49.0,61.0
4823,63.0,65.0,64.0
4824,50.0,77.0,81.0
4825,72.0,56.0,80.0
4826,76.0,52.0,64.0
4827,63.0,51.0,73.0
4828,49.0,52.0,65.0
4829,54.0,50.0,65.0
4830,53.0,40.0,78.0
4831,49.0,45.0,72.0
4832,49.0,53.0,70.0
4833,54.0,50.0,67.0
4834,61.0,81.0,98.0
4835,73.0,107.0,117.0
4836,88.0,120.0,130.0
4837,85.0,101.0,114.0
4838,99.0,91.0,94.0
4839,89.0,79.0,82.0
4840,91.0,66.0,64.0
4841,78.0,53.0,66.0
4842,65.0,47.0,72.0
4843,56.0,47.0,64.0
4844,57.0,45.0,60.0
4845,43.0,39.0,42.0
4846,42.0,35.0,46.0
4847,90.0,43.0,43.0
4848,68.0,55.0,43.0
4849,62.0,46.0,29.0
4850,54.0,29.0,31.0
4851,61.0,31.0,24.0
4852,49.0,26.0,31.0
4853,50.0,23.0,35.0
4854,49.0,33.0,30.0
4855,44.0,36.0,45.0
4856,41.0,33.0,41.0
4857,49.0,39.0,54.0
4858,59.0,45.0,46.0
4859,69.0,57.0,40.0
4860,77.0,81.0,56.0
4861,72.0,73.0,58.0
4862,81.0,57.0,46.0
4863,75.0,57.0,57.0
4864,65.0,45.0,63.0
4865,56.0,46.0,56.0
4866,46.0,47.0,41.0
4867,44.0,43.0,31.0
4868,40.0,34.0,30.0
4869,41.0,36.0,24.0
4870,41.0,34.0,25.0
4871,61.0,41.0,23.0
4872,46.0,39.0,29.0
4873,33.0,33.0,18.0
4874,35.0,32.0,23.0
4875,37.0,20.0,21.0
4876,35.0,28.0,35.0
4877,29.0,28.0,37.0
4878,29.0,31.0,36.0
4879,34.0,36.0,46.0
4880,36.0,38.0,42.0
4881,37.0,42.0,39.0
4882,42.0,44.0,37.0
4883,48.0,56.0,54.0
4884,60.0,54.0,56.0
4885,61.0,45.0,50.0
4886,64.0,46.0,56.0
4887,48.0,41.0,53.0
4888,43.0,36.0,33.0
4889,38.0,35.0,38.0
4890,37.0,67.0,49.0
4891,40.0,59.0,54.0
4892,47.0,45.0,62.0
4893,36.0,28.0,64.0
4894,31.0,27.0,44.0
4895,37.0,19.0,42.0
4896,45.0,37.0,32.0
4897,37.0,29.0,23.0
4898,28.0,25.0,25.0
4899,33.0,26.0,24.0
4900,30.0,32.0,20.0
4901,32.0,28.0,26.0
4902,27.0,30.0,32.0
4903,40.0,27.0,35.0
4904,37.0,35.0,40.0
4905,43.0,39.0,42.0
4906,40.0,46.0,55.0
4907,44.0,41.0,64.0
4908,58.0,47.0,63.0
4909,50.0,46.0,57.0
4910,59.0,35.0,59.0
4911,49.0,38.0,48.0
4912,38.0,36.0,42.0
4913,32.0,38.0,41.0
4914,28.0,47.0,37.0
4915,29.0,35.0,35.0
4916,46.0,50.0,26.0
4917,42.0,41.0,26.0
4918,33.0,40.0,22.0
4919,28.0,27.0,25.0
4920,41.0,31.0,35.0
4921,38.0,24.0,30.0
4922,36.0,21.0,18.0
4923,27.0,25.0,14.0
4924,25.0,19.0,12.0
4925,22.0,21.0,18.0
4926,22.0,25.0,34.0
4927,30.0,21.0,41.0
4928,29.0,30.0,45.0
4929,31.0,34.0,76.0
4930,38.0,39.0,106.0
4931,60.0,43.0,94.0
4932,59.0,43.0,62.0
4933,56.0,48.0,43.0
4934,57.0,46.0,
4935,54.0,43.0,47.0
4936,60.0,45.0,30.0
4937,42.0,45.0,23.0
4938,34.0,48.0,39.0
4939,41.0,45.0,29.0
4940,38.0,43.0,18.0
4941,31.0,35.0,34.0
4942,37.0,33.0,42.0
4943,39.0,29.0,25.0
4944,37.0,25.0,24.0
4945,33.0,38.0,16.0
4946,33.0,41.0,20.0
4947,29.0,33.0,27.0
4948,22.0,40.0,78.0
4949,23.0,34.0,63.0
4950,29.0,34.0,78.0
4951,32.0,34.0,60.0
4952,34.0,42.0,51.0
4953,36.0,48.0,44.0
4954,41.0,51.0,46.0
4955,66.0,60.0,40.0
4956,62.0,63.0,38.0
4957,59.0,61.0,44.0
4958,59.0,70.0,50.0
4959,60.0,60.0,68.0
4960,58.0,61.0,74.0
4961,42.0,42.0,62.0
4962,27.0,33.0,57.0
4963,30.0,51.0,56.0
4964,24.0,,30.0
4965,34.0,63.0,32.0
4966,70.0,69.0,27.0
4967,44.0,68.0,42.0
4968,34.0,69.0,60.0
4969,38.0,68.0,51.0
4970,37.0,64.0,44.0
4971,36.0,68.0,61.0
4972,34.0,60.0,75.0
4973,28.0,63.0,47.0
4974,24.0,61.0,49.0
4975,33.0,67.0,39.0
4976,29.0,67.0,51.0
4977,29.0,71.0,61.0
4978,46.0,79.0,82.0
4979,44.0,82.0,70.0
4980,50.0,95.0,65.0
4981,58.0,94.0,61.0
4982,63.0,93.0,66.0
4983,55.0,96.0,67.0
4984,41.0,81.0,71.0
4985,30.0,69.0,56.0
4986,35.0,62.0,57.0
4987,24.0,50.0,51.0
4988,33.0,53.0,44.0
4989,28.0,55.0,47.0
4990,20.0,46.0,34.0
4991,25.0,84.0,32.0
4992,33.0,82.0,38.0
4993,39.0,54.0,38.0
4994,35.0,41.0,27.0
4995,33.0,37.0,31.0
4996,27.0,32.0,28.0
4997,24.0,28.0,27.0
4998,30.0,31.0,31.0
4999,21.0,24.0,57.0
5000,38.0,33.0,77.0
5001,53.0,47.0,87.0
5002,49.0,71.0,61.0
5003,60.0,89.0,109.0
5004,52.0,89.0,106.0
5005,52.0,69.0,106.0
5006,57.0,64.0,86.0
5007,55.0,70.0,94.0
5008,43.0,78.0,68.0
5009,30.0,58.0,49.0
5010,45.0,65.0,65.0
5011,27.0,76.0,62.0
5012,27.0,90.0,57.0
5013,23.0,82.0,51.0
5014,25.0,56.0,36.0
5015,25.0,43.0,40.0
5016,27.0,37.0,34.0
5017,29.0,31.0,27.0
5018,27.0,23.0,21.0
5019,21.0,20.0,23.0
5020,20.0,22.0,22.0
5021,21.0,21.0,27.0
5022,26.0,30.0,33.0
5023,29.0,34.0,32.0
5024,23.0,39.0,33.0
5025,53.0,36.0,32.0
5026,58.0,44.0,29.0
5027,50.0,61.0,36.0
5028,59.0,60.0,41.0
5029,58.0,58.0,40.0
5030,51.0,54.0,46.0
5031,42.0,49.0,37.0
5032,29.0,34.0,43.0
5033,34.0,35.0,25.0
5034,36.0,43.0,22.0
5035,41.0,28.0,24.0
5036,31.0,31.0,21.0
5037,30.0,34.0,25.0
5038,28.0,39.0,26.0
5039,37.0,45.0,18.0
5040,35.0,46.0,17.0
5041,25.0,47.0,20.0
5042,26.0,41.0,27.0
5043,27.0,38.0,30.0
5044,28.0,36.0,37.0
5045,23.0,37.0,37.0
5046,30.0,38.0,36.0
5047,31.0,46.0,42.0
5048,38.0,50.0,58.0
5049,40.0,48.0,56.0
5050,40.0,85.0,56.0
5051,54.0,54.0,52.0
5052,55.0,44.0,59.0
5053,58.0,45.0,60.0
5054,59.0,36.0,58.0
5055,38.0,42.0,56.0
5056,40.0,37.0,51.0
5057,47.0,33.0,34.0
5058,51.0,33.0,29.0
5059,44.0,37.0,30.0
5060,46.0,38.0,32.0
5061,49.0,32.0,44.0
5062,52.0,34.0,49.0
5063,42.0,26.0,44.0
5064,38.0,28.0,42.0
5065,38.0,25.0,34.0
5066,35.0,25.0,37.0
5067,38.0,22.0,30.0
5068,30.0,29.0,30.0
5069,33.0,22.0,32.0
5070,31.0,23.0,37.0
5071,28.0,21.0,34.0
5072,25.0,26.0,34.0
5073,34.0,27.0,36.0
5074,38.0,34.0,43.0
5075,43.0,50.0,69.0
5076,56.0,43.0,67.0
5077,48.0,42.0,65.0
5078,40.0,40.0,74.0
5079,36.0,44.0,77.0
5080,29.0,39.0,73.0
5081,23.0,39.0,61.0
5082,25.0,30.0,45.0
5083,25.0,29.0,44.0
5084,26.0,35.0,38.0
5085,44.0,32.0,43.0
5086,36.0,26.0,49.0
5087,27.0,19.0,48.0
5088,28.0,39.0,42.0
5089,,,43.0
5090,23.0,34.0,41.0
5091,21.0,32.0,39.0
5092,31.0,35.0,68.0
5093,25.0,28.0,67.0
5094,26.0,28.0,62.0
5095,24.0,25.0,72.0
5096,35.0,31.0,74.0
5097,56.0,40.0,80.0
5098,63.0,45.0,99.0
5099,63.0,47.0,108.0
5100,52.0,62.0,115.0
5101,52.0,59.0,119.0
5102,53.0,54.0,122.0
5103,44.0,45.0,114.0
5104,35.0,47.0,105.0
5105,27.0,44.0,72.0
5106,29.0,45.0,59.0
5107,20.0,41.0,68.0
5108,18.0,31.0,80.0
5109,21.0,33.0,94.0
5110,24.0,24.0,85.0
5111,23.0,31.0,83.0
5112,25.0,38.0,79.0
5113,22.0,30.0,
5114,22.0,28.0,79.0
5115,28.0,26.0,82.0
5116,27.0,25.0,85.0
5117,20.0,19.0,89.0
5118,20.0,20.0,88.0
5119,27.0,23.0,96.0
5120,35.0,28.0,100.0
5121,36.0,53.0,97.0
5122,34.0,33.0,94.0
5123,54.0,44.0,103.0
5124,44.0,43.0,112.0
5125,47.0,44.0,112.0
5126,50.0,56.0,114.0
5127,57.0,38.0,109.0
5128,46.0,75.0,99.0
5129,42.0,45.0,96.0
5130,26.0,39.0,87.0
5131,28.0,42.0,82.0
5132,24.0,37.0,80.0
5133,29.0,33.0,82.0
5134,30.0,35.0,81.0
5135,38.0,197.0,84.0
5136,33.0,,80.0
5137,30.0,32.0,74.0
5138,38.0,20.0,80.0
5139,35.0,24.0,76.0
5140,25.0,21.0,73.0
5141,23.0,23.0,69.0
5142,34.0,25.0,72.0
5143,30.0,22.0,75.0
5144,42.0,28.0,80.0
5145,47.0,42.0,71.0
5146,73.0,84.0,77.0
5147,74.0,71.0,86.0
5148,68.0,94.0,103.0
5149,63.0,78.0,98.0
5150,67.0,71.0,96.0
5151,59.0,68.0,91.0
5152,56.0,60.0,87.0
5153,53.0,46.0,69.0
5154,36.0,36.0,60.0
5155,27.0,36.0,55.0
5156,27.0,47.0,52.0
5157,36.0,30.0,52.0
5158,43.0,27.0,52.0
5159,50.0,30.0,
5160,49.0,51.0,43.0
5161,46.0,46.0,42.0
5162,42.0,40.0,41.0
5163,36.0,35.0,39.0
5164,44.0,35.0,51.0
5165,48.0,38.0,34.0
5166,51.0,36.0,64.0
5167,43.0,31.0,87.0
5168,58.0,38.0,85.0
5169,53.0,88.0,109.0
5170,60.0,142.0,151.0
5171,69.0,126.0,140.0
5172,71.0,79.0,93.0
5173,77.0,81.0,73.0
5174,93.0,89.0,70.0
5175,84.0,80.0,46.0
5176,79.0,70.0,45.0
5177,74.0,46.0,40.0
5178,53.0,49.0,38.0
5179,42.0,51.0,36.0
5180,37.0,51.0,36.0
5181,44.0,28.0,38.0
5182,47.0,36.0,39.0
5183,40.0,37.0,39.0
5184,49.0,43.0,37.0
5185,57.0,46.0,34.0
5186,54.0,43.0,34.0
5187,49.0,39.0,26.0
5188,55.0,35.0,30.0
5189,48.0,44.0,47.0
5190,52.0,46.0,68.0
5191,53.0,42.0,70.0
5192,53.0,38.0,57.0
5193,53.0,93.0,49.0
5194,63.0,170.0,96.0
5195,59.0,114.0,56.0
5196,70.0,82.0,20.0
5197,76.0,88.0,35.0
5198,77.0,91.0,42.0
5199,73.0,83.0,48.0
5200,60.0,84.0,40.0
5201,48.0,61.0,36.0
5202,49.0,48.0,44.0
5203,51.0,37.0,32.0
5204,41.0,36.0,30.0
5205,38.0,38.0,28.0
5206,49.0,27.0,25.0
5207,82.0,96.0,37.0
5208,60.0,61.0,36.0
5209,53.0,50.68,38.0
5210,60.0,44.3,38.0
5211,51.0,42.72,31.0
5212,58.0,42.52,40.0
5213,49.0,47.79,43.0
5214,61.0,47.73,47.0
5215,60.0,47.61,47.0
5216,48.0,55.23,51.0
5217,65.0,92.18,51.0
5218,60.0,101.6,55.0
5219,63.0,87.17,66.0
5220,82.0,67.99,69.0
5221,82.0,58.79,69.0
5222,78.0,53.89,69.0
5223,89.0,49.98,64.0
5224,108.0,43.59,60.0
5225,43.0,32.57,50.0
5226,48.0,36.55,42.0
5227,35.0,29.47,41.0
5228,25.0,30.91,38.0
5229,38.0,31.97,39.0
5230,53.0,57.48,38.0
5231,47.0,85.03,30.0
5232,46.0,70.37,31.0
5233,42.0,66.89,30.0
5234,36.0,64.8,43.0
5235,34.0,53.59,43.0
5236,33.0,53.87,30.0
5237,28.0,55.77,41.0
5238,31.0,52.29,47.0
5239,29.0,55.92,42.0
5240,31.0,62.61,39.0
5241,34.0,82.45,38.0
5242,38.0,111.77,65.0
5243,50.0,92.01,81.0
5244,51.0,86.52,95.0
5245,59.0,88.41,69.0
5246,48.0,80.07,47.0
5247,41.0,84.9,50.0
5248,38.0,81.8,52.0
5249,37.0,72.83,60.0
5250,31.0,48.79,60.0
5251,33.0,49.41,42.0
5252,31.0,58.25,33.0
5253,28.0,38.39,32.0
5254,63.0,62.73,34.0
5255,42.0,84.91,34.0
5256,36.0,69.5,29.0
5257,34.0,56.47,30.0
5258,32.0,40.98,28.0
5259,31.0,43.24,55.0
5260,34.0,36.29,111.0
5261,32.0,35.11,151.0
5262,30.0,35.26,139.0
5263,37.0,37.27,130.0
5264,40.0,39.8,134.0
5265,42.0,47.32,184.0
5266,38.0,69.41,177.0
5267,47.0,75.65,139.0
5268,62.0,81.09,88.0
5269,66.0,84.68,60.0
5270,60.0,71.87,51.0
5271,60.0,64.95,48.0
5272,45.0,64.61,53.0
5273,40.0,57.8,45.0
5274,39.0,44.32,40.0
5275,32.0,43.98,44.0
5276,30.0,39.84,47.0
5277,33.0,39.7,47.0
5278,29.0,58.03,53.0
5279,35.0,59.3,57.0
5280,33.0,58.9,54.0
5281,29.0,60.27,39.0
5282,32.0,53.58,35.0
5283,29.0,42.38,44.0
5284,22.0,39.34,55.0
5285,31.0,47.39,75.0
5286,34.0,49.89,68.0
5287,32.0,43.74,56.0
5288,44.0,46.87,64.0
5289,31.0,62.39,87.0
5290,52.0,63.89,100.0
5291,59.0,71.79,116.0
5292,60.0,80.64,75.0
5293,55.0,99.02,34.0
5294,45.0,86.2,28.0
5295,40.0,82.74,31.0
5296,36.0,91.06,40.0
5297,38.0,76.03,45.0
5298,33.0,89.13,50.0
5299,32.0,70.63,48.0
5300,31.0,55.24,48.0
5301,23.0,60.05,50.0
5302,31.0,83.27,55.0
5303,30.0,114.19,58.0
5304,32.0,93.74,55.0
5305,29.0,72.78,48.0
5306,34.0,62.4,48.0
5307,31.0,62.22,42.0
5308,35.0,62.65,47.0
5309,34.0,64.12,40.0
5310,31.0,69.59,41.0
5311,36.0,62.71,38.0
5312,37.0,95.94,46.0
5313,38.0,167.78,47.0
5314,44.0,252.05,45.0
5315,58.0,205.57,52.0
5316,74.0,122.37,56.0
5317,60.0,147.45,62.0
5318,58.0,121.5,59.0
5319,47.0,110.92,54.0
5320,39.0,100.23,45.0
5321,36.0,82.0,62.0
5322,34.0,67.0,47.0
5323,28.0,56.0,38.0
5324,28.0,56.0,43.0
5325,23.0,48.0,44.0
5326,22.0,45.0,43.0
5327,35.0,52.0,41.0
5328,38.0,76.0,41.0
5329,32.0,67.0,36.0
5330,29.0,59.0,32.0
5331,22.0,54.0,33.0
5332,23.0,47.0,32.0
5333,26.0,49.0,34.0
5334,27.0,50.0,34.0
5335,31.0,51.0,37.0
5336,40.0,55.0,38.0
5337,45.0,59.0,41.0
5338,67.0,70.0,46.0
5339,64.0,81.0,73.0
5340,61.0,88.0,63.0
5341,51.0,91.0,58.0
5342,49.0,99.0,48.0
5343,33.0,91.0,36.0
5344,31.0,93.0,39.0
5345,112.0,75.0,39.0
5346,25.0,58.0,41.0
5347,26.0,54.0,39.0
5348,29.0,56.0,32.0
5349,23.0,59.0,20.0
5350,37.0,55.0,21.0
5351,28.0,78.0,26.0
5352,26.0,68.0,29.0
5353,37.0,48.0,30.0
5354,26.0,46.0,25.0
5355,27.0,47.0,18.0
5356,27.0,48.0,22.0
5357,24.0,52.0,24.0
5358,27.0,45.0,33.0
5359,26.0,49.0,38.0
5360,31.0,46.0,34.0
5361,35.0,64.0,42.0
5362,56.0,64.0,49.0
5363,69.0,71.0,54.0
5364,70.0,82.0,63.0
5365,48.0,92.0,47.0
5366,43.0,90.0,37.0
5367,44.0,83.0,38.0
5368,40.0,73.0,40.0
5369,56.0,61.0,48.0
5370,45.0,55.0,33.0
5371,46.0,43.0,31.0
5372,58.0,57.0,27.0
5373,25.0,51.0,19.0
5374,42.0,50.0,18.0
5375,14.0,67.0,20.0
5376,18.0,57.0,20.0
5377,17.0,45.0,24.0
5378,34.0,48.0,21.0
5379,22.0,48.0,21.0
5380,25.0,45.0,24.0
5381,46.0,37.0,14.0
5382,59.0,30.0,20.0
5383,71.0,26.0,17.0
5384,56.0,35.0,29.0
5385,93.0,33.0,25.0
5386,67.0,40.0,32.0
5387,35.0,50.0,43.0
5388,58.0,50.0,50.0
5389,40.0,50.0,51.0
5390,36.0,54.0,53.0
5391,33.0,55.0,49.0
5392,31.0,40.0,44.0
5393,34.0,44.0,43.0
5394,38.0,47.0,36.0
5395,31.0,62.0,32.0
5396,36.0,68.0,29.0
5397,27.0,43.0,24.0
5398,19.0,29.0,27.0
5399,24.0,45.0,31.0
5400,20.0,45.0,24.0
5401,39.0,41.0,26.0
5402,48.0,37.0,19.0
5403,33.0,32.0,20.0
5404,27.0,31.0,16.0
5405,48.0,101.0,16.0
5406,63.0,41.0,26.0
5407,45.0,36.0,28.0
5408,41.0,36.0,29.0
5409,42.0,36.0,36.0
5410,49.0,38.0,42.0
5411,43.0,38.0,47.0
5412,34.0,50.0,53.0
5413,21.0,55.0,55.0
5414,39.0,56.0,70.0
5415,36.0,47.0,63.0
5416,26.0,62.0,47.0
5417,30.0,54.0,44.0
5418,31.0,39.0,41.0
5419,22.0,40.0,42.0
5420,29.0,44.0,47.0
5421,25.0,36.0,39.0
5422,25.0,33.0,36.0
5423,25.0,59.0,36.0
5424,22.0,48.0,37.0
5425,35.0,39.0,31.0
5426,35.0,34.0,29.0
5427,41.0,34.0,31.0
5428,44.0,31.0,30.0
5429,32.0,28.0,32.0
5430,35.0,28.0,36.0
5431,38.0,30.0,30.0
5432,53.0,29.0,33.0
5433,93.0,42.0,33.0
5434,86.0,46.0,42.0
5435,86.0,47.0,60.0
5436,,50.0,65.0
5437,76.0,59.0,63.0
5438,70.0,49.0,72.0
5439,73.0,54.0,69.0
5440,64.0,41.0,62.0
5441,53.0,47.0,63.0
5442,59.0,51.0,47.0
5443,43.0,38.0,45.0
5444,42.0,44.0,48.0
5445,30.0,40.0,37.0
5446,33.0,48.0,43.0
5447,46.0,56.0,41.0
5448,41.0,54.0,39.0
5449,27.0,71.0,40.0
5450,30.0,56.0,41.0
5451,25.0,51.0,39.0
5452,31.0,47.0,35.0
5453,32.0,51.0,47.0
5454,32.0,55.0,45.0
5455,35.0,65.0,43.0
5456,38.0,150.0,64.0
5457,42.0,203.0,103.0
5458,56.0,152.0,132.0
5459,49.0,89.0,
5460,57.0,85.0,
5461,59.0,73.0,
5462,53.0,73.0,88.0
5463,50.0,70.0,90.0
5464,43.0,71.0,82.0
5465,37.0,59.0,74.0
5466,40.0,55.0,70.0
5467,37.0,46.0,61.0
5468,29.0,35.0,52.0
5469,29.0,34.0,52.0
5470,31.0,40.0,48.0
5471,30.0,39.0,39.0
5472,31.0,47.0,36.0
5473,30.0,45.0,30.0
5474,33.0,51.0,31.0
5475,29.0,71.0,28.0
5476,30.0,73.0,33.0
5477,36.0,74.0,36.0
5478,31.0,67.0,26.0
5479,30.0,77.0,31.0
5480,42.0,75.0,28.0
5481,45.0,169.0,33.0
5482,45.0,169.0,40.0
5483,54.0,124.0,46.0
5484,55.0,115.0,44.0
5485,74.0,93.0,53.0
5486,68.0,95.0,71.0
5487,106.0,80.0,53.0
5488,85.0,76.0,33.0
5489,39.0,71.0,24.0
5490,41.0,70.0,40.0
5491,37.0,84.0,41.0
5492,32.0,50.0,38.0
5493,30.0,52.0,36.0
5494,28.0,44.0,37.0
5495,39.0,35.0,30.0
5496,38.0,41.0,30.0
5497,34.0,54.0,29.0
5498,27.0,56.0,27.0
5499,30.0,52.0,22.0
5500,37.0,31.0,23.0
5501,32.0,39.0,29.0
5502,36.0,53.0,31.0
5503,34.0,50.0,30.0
5504,42.0,52.0,29.0
5505,59.0,57.0,30.0
5506,55.0,73.0,35.0
5507,59.0,123.0,40.0
5508,52.0,125.0,50.0
5509,63.0,93.0,48.0
5510,56.0,85.0,53.0
5511,69.0,71.0,53.0
5512,52.0,60.0,46.0
5513,56.0,44.0,44.0
5514,38.0,33.0,37.0
5515,35.0,35.0,33.0
5516,32.0,45.0,34.0
5517,30.0,27.0,32.0
5518,28.0,24.0,35.0
5519,38.0,31.0,39.0
5520,44.0,28.0,36.0
5521,37.0,23.0,26.0
5522,41.0,25.0,31.0
5523,37.0,36.0,44.0
5524,37.0,36.0,42.0
5525,48.0,42.0,34.0
5526,40.0,46.0,29.0
5527,43.0,45.0,36.0
5528,35.0,51.0,40.0
5529,44.0,55.0,37.0
5530,42.0,77.0,42.0
5531,56.0,67.0,47.0
5532,82.0,72.0,54.0
5533,72.0,83.0,43.0
5534,65.0,78.0,47.0
5535,70.0,82.0,42.0
5536,58.0,65.0,39.0
5537,40.0,50.0,30.0
5538,29.0,41.0,23.0
5539,35.0,60.0,24.0
5540,34.0,71.0,22.0
5541,30.0,61.0,21.0
5542,34.0,58.0,26.0
5543,36.0,63.0,26.0
5544,47.0,67.0,22.0
5545,44.0,69.0,35.0
5546,43.0,72.0,22.0
5547,42.0,72.0,27.0
5548,38.0,79.0,24.0
5549,41.0,84.0,21.0
5550,36.0,80.0,27.0
5551,37.0,78.0,37.0
5552,37.0,82.0,38.0
5553,40.0,97.0,33.0
5554,43.0,104.0,30.0
5555,95.0,94.0,38.0
5556,79.0,85.0,38.0
5557,67.0,83.0,55.0
5558,61.0,76.0,55.0
5559,53.0,76.0,97.0
5560,41.0,106.0,109.0
5561,36.0,128.0,58.0
5562,32.0,87.0,38.0
5563,29.0,66.0,20.0
5564,32.0,77.0,23.0
5565,25.0,76.0,13.0
5566,26.0,105.0,26.0
5567,26.0,80.0,30.0
5568,21.0,52.0,23.0
5569,32.0,51.0,18.0
5570,29.0,50.0,27.0
5571,26.0,53.0,24.0
5572,23.0,53.0,12.0
5573,20.0,62.0,22.0
5574,27.0,57.0,27.0
5575,25.0,48.0,31.0
5576,29.0,49.0,33.0
5577,26.0,76.0,50.0
5578,34.0,124.0,63.0
5579,43.0,183.0,145.0
5580,49.0,117.0,101.0
5581,43.0,72.0,57.0
5582,33.0,60.0,52.0
5583,44.0,48.0,47.0
5584,36.0,43.0,51.0
5585,34.0,44.0,58.0
5586,36.0,43.0,62.0
5587,41.0,40.0,56.0
5588,33.0,45.0,39.0
5589,37.0,34.0,34.0
5590,34.0,35.0,28.0
5591,29.0,39.0,25.0
5592,41.0,43.0,30.0
5593,46.0,43.0,23.0
5594,42.0,33.0,18.0
5595,37.0,27.0,15.0
5596,37.0,47.0,25.0
5597,33.0,48.0,37.0
5598,36.0,38.0,80.0
5599,44.0,40.0,97.0
5600,32.0,43.0,92.0
5601,50.0,43.0,127.0
5602,55.0,52.0,143.0
5603,61.0,87.0,104.0
5604,65.0,63.0,76.0
5605,65.0,47.0,57.0
5606,60.0,49.0,52.0
5607,69.0,33.0,51.0
5608,65.0,68.0,46.0
5609,52.0,75.0,44.0
5610,51.0,45.0,35.0
5611,46.0,84.0,32.0
5612,52.0,90.0,26.0
5613,48.0,62.0,27.0
5614,35.0,41.0,36.0
5615,47.0,33.0,36.0
5616,27.0,29.0,33.0
5617,33.0,59.0,34.0
5618,38.0,121.0,30.0
5619,33.0,197.0,27.0
5620,27.0,68.0,23.0
5621,27.0,28.0,22.0
5622,26.0,17.0,21.0
5623,32.0,22.0,108.0
5624,38.0,18.0,122.0
5625,35.0,21.0,151.0
5626,44.0,23.0,141.0
5627,47.0,24.0,105.0
5628,54.0,32.0,75.0
5629,54.0,32.0,61.0
5630,52.0,31.0,57.0
5631,50.0,31.0,51.0
5632,49.0,28.0,37.0
5633,43.0,30.0,73.0
5634,38.0,30.0,83.0
5635,34.0,28.0,48.0
5636,30.0,31.0,55.0
5637,32.0,44.0,37.0
5638,29.0,24.0,32.0
5639,34.0,19.0,32.0
5640,,,31.0
5641,33.0,25.0,32.0
5642,33.0,22.0,34.0
5643,31.0,22.0,28.0
5644,31.0,22.0,23.0
5645,28.0,14.0,32.0
5646,29.0,15.0,30.0
5647,28.0,21.0,31.0
5648,31.0,19.0,40.0
5649,39.0,30.0,87.0
5650,54.0,31.0,121.0
5651,56.0,34.0,110.0
5652,64.0,33.0,65.0
5653,60.0,37.0,112.0
5654,49.0,41.0,165.0
5655,49.0,79.0,97.0
5656,48.0,94.0,250.0
5657,42.0,68.0,99.0
5658,34.0,61.0,37.0
5659,36.0,53.0,36.0
5660,38.0,55.0,30.0
5661,42.0,53.0,33.0
5662,33.0,54.0,30.0
5663,35.0,56.0,31.0
5664,34.0,51.0,31.0
5665,24.0,53.0,43.0
5666,30.0,51.0,34.0
5667,20.0,49.0,26.0
5668,24.0,46.0,35.0
5669,24.0,51.0,33.0
5670,23.0,44.0,35.0
5671,22.0,59.0,36.0
5672,27.0,59.0,42.0
5673,26.0,80.0,46.0
5674,33.0,92.0,60.0
5675,48.0,82.0,70.0
5676,56.0,67.0,66.0
5677,61.0,69.0,62.0
5678,54.0,71.0,56.0
5679,56.0,64.0,52.0
5680,47.0,66.0,57.0
5681,47.0,56.0,46.0
5682,44.0,58.0,35.0
5683,49.0,51.0,32.0
5684,43.0,42.0,29.0
5685,37.0,42.0,31.0
5686,30.0,57.0,26.0
5687,44.0,55.0,25.0
5688,43.0,47.0,53.0
5689,43.0,37.0,44.0
5690,24.0,45.0,33.0
5691,34.0,43.0,33.0
5692,23.0,58.0,31.0
5693,26.0,39.0,33.0
5694,31.0,36.0,39.0
5695,28.0,52.0,40.0
5696,29.0,49.0,41.0
5697,29.0,68.0,40.0
5698,32.0,95.0,40.0
5699,35.0,87.0,43.0
5700,35.0,73.0,45.0
5701,35.0,53.0,57.0
5702,46.0,65.0,55.0
5703,48.0,59.0,63.0
5704,47.0,48.0,54.0
5705,38.0,34.0,39.0
5706,35.0,37.0,34.0
5707,38.0,36.0,36.0
5708,31.0,32.0,39.0
5709,26.0,34.0,44.0
5710,32.0,115.0,47.0
5711,35.0,47.0,41.0
5712,36.0,44.0,34.0
5713,40.0,105.0,27.0
5714,36.0,42.0,29.0
5715,33.0,61.0,30.0
5716,32.0,43.0,32.0
5717,29.0,50.0,34.0
5718,28.0,44.0,38.0
5719,33.0,49.0,37.0
5720,31.0,79.0,41.0
5721,37.0,99.0,50.0
5722,42.0,86.0,57.0
5723,60.0,85.0,52.0
5724,57.0,70.0,49.0
5725,52.0,48.0,55.0
5726,48.0,41.0,58.0
5727,59.0,33.0,62.0
5728,68.0,31.0,59.0
5729,46.0,28.0,44.0
5730,38.0,27.0,37.0
5731,31.0,22.0,40.0
5732,29.0,24.0,35.0
5733,37.0,24.0,42.0
5734,30.0,25.0,38.0
5735,26.0,36.0,37.0
5736,33.0,30.0,59.0
5737,191.0,26.0,52.0
5738,25.0,22.0,36.0
5739,22.0,18.0,29.0
5740,26.0,23.0,29.0
5741,25.0,72.0,30.0
5742,29.0,108.0,34.0
5743,28.0,102.0,33.0
5744,31.0,106.0,34.0
5745,26.0,166.0,59.0
5746,45.0,160.0,75.0
5747,39.0,176.0,93.0
5748,35.0,112.0,97.0
5749,38.0,62.0,61.0
5750,57.0,52.0,60.0
5751,46.0,126.0,60.0
5752,41.0,77.0,45.0
5753,35.0,61.0,42.0
5754,26.0,52.0,44.0
5755,28.0,34.0,71.0
5756,24.0,31.0,38.0
5757,31.0,31.0,30.0
5758,29.0,41.0,32.0
5759,23.0,46.0,37.0
5760,25.0,39.0,36.0
5761,27.0,32.0,41.0
5762,30.0,22.0,44.0
5763,27.0,14.0,26.0
5764,24.0,76.0,28.0
5765,29.0,134.0,39.0
5766,31.0,172.0,40.0
5767,32.0,134.0,40.0
5768,35.0,179.0,34.0
5769,44.0,167.0,36.0
5770,40.0,178.0,57.0
5771,43.0,84.0,77.0
5772,52.0,78.0,87.0
5773,55.0,74.0,71.0
5774,52.0,68.0,65.0
5775,51.0,75.0,50.0
5776,48.0,63.0,41.0
5777,40.0,51.0,26.0
5778,31.0,52.0,23.0
5779,44.0,41.0,21.0
5780,34.0,52.0,26.0
5781,31.0,75.0,46.0
5782,35.0,42.0,44.0
5783,24.0,28.0,33.0
5784,25.0,27.0,29.0
5785,28.0,52.0,27.0
5786,25.0,47.0,31.0
5787,37.0,56.0,23.0
5788,42.0,50.0,17.0
5789,43.0,51.0,21.0
5790,39.0,50.0,19.0
5791,38.0,50.0,24.0
5792,37.0,85.0,28.0
5793,49.0,92.0,34.0
5794,55.0,116.0,37.0
5795,61.0,69.0,47.0
5796,63.0,35.0,41.0
5797,51.0,28.0,45.0
5798,52.0,37.0,52.0
5799,58.0,43.0,63.0
5800,45.0,38.0,62.0
5801,41.0,39.0,68.0
5802,38.0,34.0,61.0
5803,32.0,35.0,55.0
5804,33.0,33.0,49.0
5805,25.0,39.0,48.0
5806,27.0,36.0,49.0
5807,34.0,28.0,43.0
5808,29.0,24.0,36.0
5809,24.0,24.0,42.0
5810,19.0,33.0,43.0
5811,15.0,38.0,35.0
5812,16.0,43.0,31.0
5813,16.0,73.0,40.0
5814,14.0,76.0,47.0
5815,16.0,130.0,62.0
5816,17.0,177.0,62.0
5817,26.0,188.0,140.0
5818,24.0,202.0,190.0
5819,29.0,123.0,134.0
5820,33.0,76.0,97.0
5821,33.0,58.0,86.0
5822,40.0,48.0,84.0
5823,35.0,47.0,73.0
5824,31.0,36.0,58.0
5825,32.0,31.0,47.0
5826,36.0,37.0,47.0
5827,36.0,31.0,38.0
5828,30.0,34.0,34.0
5829,33.0,29.0,46.0
5830,32.0,31.0,32.0
5831,29.0,39.0,23.0
5832,30.0,36.0,32.0
5833,,,23.0
5834,21.0,40.0,22.0
5835,29.0,35.0,23.0
5836,26.0,43.0,28.0
5837,24.0,37.0,34.0
5838,22.0,43.0,33.0
5839,19.0,52.0,35.0
5840,22.0,96.0,46.0
5841,28.0,208.0,80.0
5842,41.0,153.0,97.0
5843,47.0,158.0,99.0
5844,58.0,88.0,81.0
5845,42.0,68.0,63.0
5846,52.0,56.0,44.0
5847,32.0,48.0,52.0
5848,,44.0,61.0
5849,27.0,40.0,32.0
5850,25.0,42.0,16.0
5851,30.0,47.0,19.0
5852,29.0,46.0,21.0
5853,26.0,43.0,24.0
5854,25.0,33.0,29.0
5855,27.0,38.0,32.0
5856,25.0,59.0,26.0
5857,23.0,76.0,
5858,23.0,45.0,30.0
5859,27.0,32.0,48.0
5860,20.0,37.0,27.0
5861,27.0,28.0,9.0
5862,25.0,28.0,12.0
5863,22.0,27.0,26.0
5864,26.0,30.0,30.0
5865,37.0,41.0,43.0
5866,34.0,93.0,34.0
5867,44.0,52.0,30.0
5868,54.0,29.0,38.0
5869,44.0,33.0,32.0
5870,44.0,35.0,22.0
5871,29.0,47.0,22.0
5872,25.0,45.0,17.0
5873,27.0,45.0,16.0
5874,30.0,46.0,14.0
5875,25.0,38.0,19.0
5876,25.0,35.0,23.0
5877,26.0,49.0,12.0
5878,27.0,52.0,13.0
5879,30.0,42.0,22.0
5880,28.0,32.0,40.0
5881,25.0,31.0,32.0
5882,20.0,34.0,41.0
5883,28.0,35.0,41.0
5884,24.0,43.0,42.0
5885,23.0,36.0,36.0
5886,37.0,34.0,21.0
5887,23.0,38.0,23.0
5888,31.0,39.0,23.0
5889,24.0,79.0,24.0
5890,28.0,64.0,34.0
5891,35.0,59.0,36.0
5892,32.0,61.0,41.0
5893,30.0,43.0,43.0
5894,28.0,47.0,44.0
5895,25.0,52.0,36.0
5896,23.0,45.0,30.0
5897,20.0,48.0,38.0
5898,29.0,43.0,42.0
5899,20.0,41.0,40.0
5900,23.0,36.0,37.0
5901,26.0,33.0,29.0
5902,29.0,38.0,29.0
5903,21.0,29.0,20.0
5904,21.0,45.0,18.0
5905,39.0,41.0,23.0
5906,36.0,36.0,18.0
5907,20.0,45.0,14.0
5908,19.0,45.0,20.0
5909,21.0,35.0,19.0
5910,25.0,28.0,14.0
5911,23.0,30.0,25.0
5912,25.0,41.0,27.0
5913,25.0,44.0,34.0
5914,29.0,58.0,51.0
5915,34.0,75.0,46.0
5916,35.0,68.0,58.0
5917,31.0,69.0,41.0
5918,27.0,75.0,48.0
5919,31.0,85.0,48.0
5920,27.0,81.0,44.0
5921,29.0,75.0,44.0
5922,29.0,61.0,37.0
5923,28.0,60.0,37.0
5924,23.0,43.0,32.0
5925,22.0,34.0,51.0
5926,23.0,30.0,66.0
5927,19.0,38.0,48.0
5928,18.0,41.0,27.0
5929,17.0,40.0,26.0
5930,13.0,49.0,17.0
5931,11.0,44.0,11.0
5932,14.0,52.0,8.0
5933,17.0,44.0,18.0
5934,15.0,34.0,24.0
5935,16.0,38.0,21.0
5936,15.0,40.0,40.0
5937,22.0,50.0,27.0
5938,20.0,58.0,27.0
5939,20.0,62.0,16.0
5940,28.0,78.0,18.0
5941,29.0,83.0,28.0
5942,34.0,92.0,18.0
5943,30.0,95.0,14.0
5944,36.0,95.0,11.0
5945,30.0,74.0,12.0
5946,26.0,48.0,21.0
5947,23.0,37.0,22.0
5948,19.0,37.0,23.0
5949,18.0,40.0,27.0
5950,23.0,29.0,22.0
5951,20.0,63.0,16.0
5952,23.0,60.0,21.0
5953,19.0,44.0,16.0
5954,18.0,36.0,17.0
5955,21.0,28.0,17.0
5956,17.0,30.0,12.0
5957,22.0,26.0,20.0
5958,25.0,31.0,17.0
5959,20.0,33.0,19.0
5960,28.0,42.0,29.0
5961,39.0,44.0,22.0
5962,40.0,48.0,17.0
5963,50.0,47.0,13.0
5964,43.0,58.0,13.0
5965,45.0,65.0,26.0
5966,52.0,69.0,20.0
5967,67.0,116.0,13.0
5968,54.0,75.0,14.0
5969,59.0,49.0,19.0
5970,72.0,44.0,17.0
5971,61.0,43.0,15.0
5972,63.0,40.0,23.0
5973,54.0,43.0,17.0
5974,30.0,28.0,24.0
5975,33.0,34.0,29.0
5976,20.0,43.0,34.0
5977,18.0,30.63,26.0
5978,15.0,31.68,22.0
5979,21.0,31.27,19.0
5980,35.0,22.68,17.0
5981,41.0,25.32,31.0
5982,48.0,28.27,29.0
5983,44.0,28.57,27.0
5984,66.0,33.61,25.0
5985,62.0,46.76,28.0
5986,63.0,53.39,36.0
5987,69.0,50.64,36.0
5988,42.0,52.31,44.0
5989,57.0,57.68,23.0
5990,54.0,81.12,19.0
5991,48.0,43.48,25.0
5992,35.0,38.82,20.0
5993,32.0,50.89,16.0
5994,28.0,29.26,28.0
5995,33.0,28.8,45.0
5996,33.0,28.93,59.0
5997,38.0,34.12,47.0
5998,31.0,34.65,43.0
5999,43.0,30.15,41.0
6000,46.0,24.99,62.0
6001,38.0,27.48,79.0
6002,45.0,22.88,105.0
6003,62.0,23.29,54.0
6004,27.0,20.61,29.0
6005,32.0,19.66,27.0
6006,56.0,24.49,34.0
6007,52.0,37.11,47.0
6008,52.0,41.25,41.0
6009,71.0,90.26,33.0
6010,123.0,101.01,20.0
6011,75.0,80.57,18.0
6012,36.0,66.05,23.0
6013,24.0,64.7,22.0
6014,41.0,61.61,16.0
6015,31.0,40.26,24.0
6016,41.0,44.28,25.0
6017,37.0,47.33,22.0
6018,41.0,35.35,22.0
6019,41.0,37.41,22.0
6020,41.0,39.6,16.0
6021,38.0,32.87,27.0
6022,47.0,27.93,29.0
6023,49.0,38.8,31.0
6024,33.0,50.52,29.0
6025,30.0,37.8,26.0
6026,56.0,31.52,31.0
6027,65.0,27.35,34.0
6028,92.0,32.1,29.0
6029,99.0,30.79,27.0
6030,87.0,47.47,26.0
6031,81.0,42.73,29.0
6032,76.0,47.76,25.0
6033,105.0,54.96,21.0
6034,175.0,56.98,24.0
6035,170.0,71.36,27.0
6036,93.0,54.05,37.0
6037,39.0,79.73,42.0
6038,66.0,102.23,37.0
6039,50.0,76.14,29.0
6040,42.0,87.08,31.0
6041,47.0,112.53,31.0
6042,41.0,84.5,30.0
6043,36.0,43.0,28.0
6044,36.0,37.54,27.0
6045,36.0,32.38,32.0
6046,38.0,30.17,31.0
6047,42.0,32.28,32.0
6048,34.0,30.4,32.0
6049,30.0,25.94,29.0
6050,22.0,32.43,26.0
6051,31.0,27.65,47.0
6052,34.0,31.21,79.0
6053,45.0,32.06,75.0
6054,43.0,41.61,64.0
6055,40.0,40.24,63.0
6056,73.0,40.81,65.0
6057,117.0,67.19,128.0
6058,43.0,61.21,186.0
6059,44.0,46.44,101.0
6060,61.0,47.62,47.0
6061,64.0,41.25,37.0
6062,72.0,42.55,34.0
6063,52.0,32.07,35.0
6064,30.0,29.56,38.0
6065,35.0,23.05,41.0
6066,26.0,29.51,37.0
6067,22.0,26.93,41.0
6068,34.0,26.69,46.0
6069,31.0,27.52,42.0
6070,34.0,32.99,36.0
6071,30.0,29.28,35.0
6072,34.0,31.49,39.0
6073,38.0,27.0,31.0
6074,30.0,27.0,26.0
6075,22.0,26.0,25.0
6076,26.0,23.0,46.0
6077,26.0,22.0,54.0
6078,26.0,24.0,33.0
6079,29.0,24.0,40.0
6080,35.0,33.0,47.0
6081,30.0,90.0,75.0
6082,41.0,62.0,107.0
6083,41.0,43.0,102.0
6084,49.0,53.0,101.0
6085,43.0,55.0,114.0
6086,37.0,60.0,77.0
6087,32.0,48.0,59.0
6088,29.0,41.0,52.0
6089,36.0,43.0,45.0
6090,28.0,42.0,40.0
6091,31.0,47.0,39.0
6092,29.0,38.0,37.0
6093,35.0,42.0,40.0
6094,27.0,40.0,40.0
6095,25.0,29.0,42.0
6096,28.0,35.0,35.0
6097,23.0,36.0,32.0
6098,32.0,27.0,32.0
6099,32.0,35.0,41.0
6100,30.0,29.0,129.0
6101,24.0,31.0,145.0
6102,20.0,34.0,162.0
6103,22.0,32.0,134.0
6104,26.0,41.0,144.0
6105,35.0,41.0,220.0
6106,95.0,49.0,291.0
6107,62.0,55.0,140.0
6108,39.0,68.0,47.0
6109,46.0,71.0,48.0
6110,43.0,69.0,53.0
6111,39.0,94.0,48.0
6112,41.0,77.0,51.0
6113,45.0,53.0,60.0
6114,45.0,59.0,56.0
6115,38.0,49.0,51.0
6116,28.0,52.0,40.0
6117,28.0,48.0,43.0
6118,29.0,38.0,52.0
6119,23.0,32.0,48.0
6120,31.0,35.0,45.0
6121,29.0,47.0,97.0
6122,31.0,38.0,88.0
6123,29.0,34.0,160.0
6124,23.0,36.0,150.0
6125,29.0,35.0,101.0
6126,32.0,43.0,132.0
6127,33.0,47.0,117.0
6128,49.0,50.0,144.0
6129,97.0,56.0,151.0
6130,76.0,59.0,153.0
6131,64.0,81.0,156.0
6132,40.0,106.0,102.0
6133,59.0,71.0,88.0
6134,52.0,61.0,80.0
6135,38.0,76.0,90.0
6136,33.0,65.0,79.0
6137,34.0,54.0,68.0
6138,31.0,54.0,51.0
6139,30.0,48.0,43.0
6140,33.0,70.0,32.0
6141,32.0,48.0,31.0
6142,20.0,34.0,34.0
6143,34.0,31.0,48.0
6144,262.0,52.0,46.0
6145,38.0,46.0,32.0
6146,34.0,36.0,23.0
6147,34.0,37.0,34.0
6148,32.0,38.0,34.0
6149,38.0,38.0,32.0
6150,33.0,34.0,33.0
6151,29.0,42.0,39.0
6152,38.0,46.0,41.0
6153,43.0,54.0,63.0
6154,48.0,88.0,63.0
6155,33.0,89.0,61.0
6156,30.0,63.0,71.0
6157,35.0,77.0,84.0
6158,34.0,62.0,78.0
6159,34.0,85.0,78.0
6160,38.0,71.0,62.0
6161,30.0,63.0,47.0
6162,34.0,56.0,40.0
6163,34.0,52.0,35.0
6164,32.0,41.0,37.0
6165,31.0,46.0,34.0
6166,27.0,39.0,28.0
6167,33.0,36.0,36.0
6168,26.0,39.0,39.0
6169,25.0,42.0,30.0
6170,31.0,49.0,33.0
6171,16.0,42.0,34.0
6172,20.0,44.0,33.0
6173,19.0,51.0,33.0
6174,29.0,48.0,38.0
6175,20.0,39.0,38.0
6176,26.0,47.0,33.0
6177,29.0,88.0,38.0
6178,23.0,125.0,43.0
6179,30.0,101.0,46.0
6180,36.0,105.0,54.0
6181,47.0,107.0,52.0
6182,53.0,98.0,51.0
6183,36.0,113.0,52.0
6184,27.0,82.0,46.0
6185,26.0,55.0,34.0
6186,23.0,51.0,28.0
6187,28.0,40.0,22.0
6188,26.0,48.0,27.0
6189,30.0,35.0,23.0
6190,25.0,31.0,28.0
6191,25.0,28.0,36.0
6192,20.0,36.0,47.0
6193,34.0,35.0,53.0
6194,34.0,35.0,50.0
6195,29.0,43.0,32.0
6196,35.0,42.0,47.0
6197,45.0,21.0,38.0
6198,39.0,11.0,24.0
6199,39.0,10.0,8.0
6200,36.0,10.0,6.0
6201,35.0,11.0,10.0
6202,30.0,22.0,10.0
6203,32.0,16.0,16.0
6204,47.0,22.0,20.0
6205,44.0,30.0,22.0
6206,45.0,39.0,16.0
6207,38.0,40.0,26.0
6208,32.0,43.0,27.0
6209,26.0,36.0,29.0
6210,23.0,29.0,26.0
6211,21.0,29.0,25.0
6212,21.0,24.0,31.0
6213,22.0,27.0,39.0
6214,23.0,24.0,39.0
6215,30.0,31.0,31.0
6216,23.0,34.0,14.0
6217,23.0,23.0,15.0
6218,20.0,30.0,14.0
6219,18.0,22.0,16.0
6220,25.0,22.0,17.0
6221,36.0,35.0,9.0
6222,31.0,23.0,16.0
6223,39.0,28.0,14.0
6224,30.0,37.0,14.0
6225,38.0,41.0,12.0
6226,34.0,66.0,12.0
6227,42.0,70.0,12.0
6228,54.0,75.0,10.0
6229,48.0,56.0,8.0
6230,43.0,37.0,12.0
6231,34.0,26.0,19.0
6232,24.0,18.0,18.0
6233,21.0,26.0,15.0
6234,25.0,19.0,12.0
6235,23.0,26.0,11.0
6236,22.0,39.0,15.0
6237,20.0,20.0,20.0
6238,127.0,11.0,19.0
6239,28.0,10.0,24.0
6240,26.0,11.0,24.0
6241,22.0,10.0,17.0
6242,22.0,13.0,16.0
6243,24.0,12.0,19.0
6244,29.0,15.0,23.0
6245,37.0,12.0,25.0
6246,25.0,25.0,38.0
6247,35.0,39.0,39.0
6248,30.0,33.0,33.0
6249,23.0,47.0,35.0
6250,28.0,47.0,38.0
6251,47.0,34.0,45.0
6252,42.0,34.0,41.0
6253,37.0,38.0,39.0
6254,28.0,33.0,41.0
6255,23.0,,35.0
6256,25.0,31.0,31.0
6257,19.0,33.0,28.0
6258,18.0,29.0,22.0
6259,19.0,23.0,24.0
6260,16.0,25.0,27.0
6261,14.0,24.0,20.0
6262,19.0,25.0,23.0
6263,24.0,29.0,26.0
6264,22.0,24.0,23.0
6265,21.0,26.0,21.0
6266,22.0,24.0,25.0
6267,22.0,25.0,24.0
6268,21.0,25.0,21.0
6269,35.0,25.0,19.0
6270,36.0,28.0,17.0
6271,37.0,28.0,19.0
6272,34.0,43.0,41.0
6273,27.0,83.0,45.0
6274,31.0,70.0,41.0
6275,38.0,68.0,48.0
6276,48.0,44.0,57.0
6277,38.0,50.0,65.0
6278,34.0,59.0,77.0
6279,38.0,49.0,77.0
6280,29.0,40.0,71.0
6281,32.0,30.0,55.0
6282,27.0,31.0,59.0
6283,28.0,38.0,56.0
6284,23.0,30.0,45.0
6285,23.0,32.0,37.0
6286,25.0,36.0,32.0
6287,25.0,42.0,29.0
6288,23.0,36.0,32.0
6289,20.0,28.0,27.0
6290,22.0,26.0,28.0
6291,27.0,24.0,29.0
6292,30.0,27.0,32.0
6293,32.0,36.0,27.0
6294,26.0,30.0,31.0
6295,26.0,47.0,25.0
6296,32.0,108.0,31.0
6297,32.0,176.0,40.0
6298,38.0,160.0,94.0
6299,45.0,155.0,49.0
6300,58.0,101.0,46.0
6301,45.0,60.0,51.0
6302,52.0,86.0,63.0
6303,32.0,96.0,66.0
6304,30.0,70.0,65.0
6305,30.0,65.0,59.0
6306,30.0,62.0,60.0
6307,26.0,48.0,58.0
6308,33.0,37.0,55.0
6309,23.0,32.0,54.0
6310,37.0,37.0,49.0
6311,25.0,35.0,41.0
6312,91.0,35.0,32.0
6313,97.0,23.0,32.0
6314,31.0,24.0,30.0
6315,23.0,22.0,32.0
6316,32.0,16.0,38.0
6317,30.0,23.0,42.0
6318,49.0,50.0,36.0
6319,32.0,31.0,36.0
6320,34.0,27.0,36.0
6321,48.0,126.0,34.0
6322,35.0,131.0,54.0
6323,38.0,60.0,66.0
6324,45.0,69.0,53.0
6325,47.0,67.0,47.0
6326,48.0,71.0,55.0
6327,38.0,59.0,61.0
6328,24.0,39.0,52.0
6329,31.0,36.0,45.0
6330,28.0,41.0,42.0
6331,25.0,32.0,35.0
6332,27.0,43.0,35.0
6333,25.0,39.0,33.0
6334,53.0,35.0,34.0
6335,54.0,31.0,34.0
6336,24.0,24.0,25.0
6337,34.0,28.0,24.0
6338,34.0,26.0,31.0
6339,72.0,29.0,27.0
6340,34.0,33.0,27.0
6341,29.0,34.0,27.0
6342,38.0,32.0,22.0
6343,44.0,35.0,26.0
6344,25.0,38.0,23.0
6345,77.0,44.0,31.0
6346,78.0,83.0,34.0
6347,51.0,164.0,46.0
6348,46.0,103.0,34.0
6349,52.0,71.0,
6350,49.0,71.0,
6351,44.0,73.0,
6352,39.0,58.0,
6353,37.0,54.0,
6354,39.0,45.0,
6355,48.0,41.0,
6356,28.0,38.0,
6357,25.0,39.0,
6358,24.0,42.0,
6359,28.0,42.0,
6360,26.0,37.0,
6361,27.0,44.0,
6362,27.0,42.0,
6363,40.0,38.0,
6364,28.0,35.0,
6365,26.0,73.0,
6366,33.0,136.0,
6367,34.0,156.0,
6368,45.0,120.0,
6369,66.0,191.0,
6370,79.0,165.0,
6371,61.0,51.0,
6372,65.0,63.0,
6373,48.0,65.0,
6374,61.0,80.0,
6375,46.0,61.0,
6376,40.0,55.0,
6377,38.0,61.0,
6378,32.0,58.0,
6379,34.0,60.0,
6380,34.0,44.0,
6381,35.0,43.0,
6382,32.0,40.0,
6383,38.0,43.0,
6384,31.0,39.0,
6385,41.0,40.0,
6386,32.0,35.0,
6387,35.0,38.0,
6388,32.0,36.0,
6389,27.0,34.0,
6390,30.0,37.0,
6391,51.0,48.0,
6392,52.0,71.0,
6393,100.0,76.0,
6394,96.0,79.0,
6395,53.0,98.0,
6396,59.0,55.0,
6397,47.0,45.0,
6398,54.0,48.0,38.0
6399,69.0,66.0,35.0
6400,58.0,69.0,23.0
6401,51.0,53.0,20.0
6402,43.0,45.0,27.0
6403,34.0,36.0,24.0
6404,43.0,32.0,17.0
6405,33.0,23.0,21.0
6406,38.0,37.0,23.0
6407,36.0,34.0,25.0
6408,34.0,34.0,17.0
6409,28.0,35.0,12.0
6410,32.0,30.0,12.0
6411,26.0,28.0,14.0
6412,31.0,38.0,16.0
6413,48.0,40.0,14.0
6414,43.0,40.0,13.0
6415,40.0,61.0,20.0
6416,46.0,44.0,22.0
6417,46.0,106.0,26.0
6418,52.0,62.0,55.0
6419,44.0,56.0,63.0
6420,29.0,63.0,60.0
6421,39.0,66.0,45.0
6422,45.0,70.0,52.0
6423,54.0,92.0,57.0
6424,47.0,89.0,45.0
6425,51.0,80.0,38.0
6426,47.0,54.0,50.0
6427,40.0,38.0,40.0
6428,33.0,37.0,33.0
6429,35.0,36.0,26.0
6430,27.0,33.0,25.0
6431,27.0,30.0,26.0
6432,25.0,41.0,25.0
6433,23.0,31.0,25.0
6434,33.0,35.0,23.0
6435,28.0,38.0,43.0
6436,40.0,32.0,59.0
6437,54.0,34.0,59.0
6438,34.0,30.0,102.0
6439,31.0,34.0,82.0
6440,28.0,41.0,103.0
6441,112.0,45.0,118.0
6442,75.0,96.0,162.0
6443,54.0,93.0,78.0
6444,63.0,81.0,48.0
6445,70.0,73.0,33.0
6446,58.0,60.0,43.0
6447,48.0,69.0,57.0
6448,43.0,65.0,50.0
6449,33.0,53.0,42.0
6450,40.0,37.0,37.0
6451,35.0,32.0,38.0
6452,30.0,37.0,36.0
6453,23.0,41.0,49.0
6454,27.0,31.0,47.0
6455,32.0,30.0,42.0
6456,38.0,28.0,40.0
6457,24.0,28.0,33.0
6458,30.0,34.0,37.0
6459,40.0,36.0,42.0
6460,55.0,34.0,76.0
6461,92.0,33.0,92.0
6462,73.0,41.0,68.0
6463,73.0,45.0,46.0
6464,91.0,89.0,43.0
6465,90.0,194.0,64.0
6466,51.0,154.0,48.0
6467,35.0,102.0,48.0
6468,35.0,80.0,52.0
6469,40.0,63.0,62.0
6470,41.0,73.0,67.0
6471,40.0,73.0,77.0
6472,37.0,61.0,76.0
6473,46.0,52.0,72.0
6474,47.0,,70.0
6475,45.0,,66.0
6476,48.0,18.0,56.0
6477,36.0,17.0,65.0
6478,38.0,23.0,55.0
6479,43.0,63.0,47.0
6480,49.0,90.0,44.0
6481,45.0,43.0,38.0
6482,35.0,27.0,65.0
6483,31.0,69.0,145.0
6484,32.0,46.0,148.0
6485,35.0,47.0,93.0
6486,39.0,111.0,75.0
6487,41.0,109.0,79.0
6488,45.0,168.0,103.0
6489,51.0,178.0,136.0
6490,43.0,215.0,175.0
6491,50.0,89.0,131.0
6492,46.0,38.0,94.0
6493,45.0,50.0,49.0
6494,54.0,75.0,36.0
6495,48.0,51.0,33.0
6496,36.0,44.0,38.0
6497,43.0,38.0,49.0
6498,44.0,35.0,65.0
6499,43.0,44.0,68.0
6500,37.0,46.0,58.0
6501,43.0,41.0,55.0
6502,36.0,58.0,47.0
6503,40.0,60.0,44.0
6504,44.0,44.0,50.0
6505,35.0,38.0,57.0
6506,39.0,32.0,117.0
6507,27.0,35.0,118.0
6508,32.0,27.0,158.0
6509,27.0,24.0,227.0
6510,26.0,30.0,153.0
6511,35.0,40.0,108.0
6512,30.0,41.0,77.0
6513,41.0,75.0,93.0
6514,45.0,130.0,131.0
6515,52.0,90.0,106.0
6516,35.0,69.0,33.0
6517,40.0,66.0,32.0
6518,35.0,86.0,36.0
6519,34.0,73.0,33.0
6520,54.0,50.0,34.0
6521,49.0,36.0,43.0
6522,47.0,42.0,43.0
6523,71.0,38.0,36.0
6524,59.0,34.0,44.0
6525,36.0,32.0,49.0
6526,31.0,26.0,51.0
6527,31.0,28.0,56.0
6528,30.0,29.0,107.0
6529,26.0,19.0,90.0
6530,23.0,21.0,89.0
6531,23.0,25.0,79.0
6532,23.0,34.0,60.0
6533,,32.0,51.0
6534,31.0,30.0,41.0
6535,70.0,33.0,54.0
6536,86.0,37.0,48.0
6537,149.0,38.0,71.0
6538,208.0,54.0,82.0
6539,97.0,56.0,83.0
6540,345.0,66.0,54.0
6541,77.0,63.0,40.0
6542,118.0,51.0,37.0
6543,83.0,44.0,35.0
6544,41.0,41.0,31.0
6545,52.0,37.0,26.0
6546,61.0,26.0,27.0
6547,34.0,22.0,25.0
6548,38.0,28.0,31.0
6549,33.0,19.0,39.0
6550,40.0,22.0,44.0
6551,37.0,18.0,47.0
6552,30.0,20.0,46.0
6553,,,37.0
6554,31.0,31.0,52.0
6555,23.0,27.0,78.0
6556,29.0,23.0,71.0
6557,49.0,17.0,65.0
6558,64.0,20.0,73.0
6559,91.0,20.0,82.0
6560,124.0,17.0,104.0
6561,201.0,28.0,170.0
6562,177.0,32.0,177.0
6563,108.0,28.0,237.0
6564,62.0,35.0,143.0
6565,56.0,30.0,55.0
6566,60.0,29.0,35.0
6567,46.0,19.0,46.0
6568,36.0,27.0,55.0
6569,41.0,22.0,65.0
6570,33.0,23.0,58.0
6571,39.0,21.0,46.0
6572,38.0,16.0,42.0
6573,33.0,22.0,36.0
6574,34.0,17.0,34.0
6575,31.0,19.0,39.0
6576,34.0,31.0,41.0
6577,32.0,26.0,
6578,34.0,22.0,40.0
6579,26.0,11.0,46.0
6580,27.0,7.0,53.0
6581,35.0,6.0,56.0
6582,25.0,6.0,65.0
6583,36.0,10.0,47.0
6584,30.0,12.0,96.0
6585,27.0,27.0,135.0
6586,41.0,25.0,136.0
6587,38.0,29.0,95.0
6588,40.0,29.0,49.0
6589,33.0,30.0,61.0
6590,32.0,32.0,62.0
6591,38.0,27.0,50.0
6592,39.0,24.0,34.0
6593,34.0,18.0,29.0
6594,32.0,23.0,26.0
6595,32.0,21.0,26.0
6596,27.0,21.0,26.0
6597,33.0,18.0,28.0
6598,27.0,18.0,30.0
6599,31.0,22.0,29.0
6600,23.0,31.0,23.0
6601,35.0,25.0,22.0
6602,21.0,19.0,17.0
6603,33.0,20.0,20.0
6604,37.0,13.0,18.0
6605,36.0,21.0,38.0
6606,33.0,18.0,61.0
6607,28.0,18.0,81.0
6608,38.0,36.0,113.0
6609,42.0,39.0,124.0
6610,37.0,43.0,196.0
6611,52.0,40.0,140.0
6612,43.0,49.0,62.0
6613,41.0,45.0,35.0
6614,50.0,60.0,30.0
6615,42.0,67.0,37.0
6616,32.0,54.0,36.0
6617,37.0,32.0,36.0
6618,34.0,32.0,41.0
6619,35.0,38.0,42.0
6620,34.0,32.0,49.0
6621,33.0,32.0,49.0
6622,32.0,31.0,42.0
6623,29.0,22.0,50.0
6624,34.0,18.0,45.0
6625,32.0,22.0,34.0
6626,27.0,22.0,32.0
6627,27.0,22.0,28.0
6628,29.0,28.0,29.0
6629,31.0,28.0,26.0
6630,38.0,23.0,89.0
6631,41.0,34.0,134.0
6632,34.0,31.0,111.0
6633,45.0,38.0,166.0
6634,40.0,46.0,183.0
6635,58.0,44.0,101.0
6636,49.0,57.0,70.0
6637,55.0,56.0,54.0
6638,51.0,54.0,77.0
6639,40.0,69.0,73.0
6640,46.0,71.0,58.0
6641,43.0,49.0,57.0
6642,38.0,32.0,56.0
6643,36.0,31.0,59.0
6644,27.0,37.0,56.0
6645,26.0,39.0,48.0
6646,22.0,38.0,48.0
6647,21.0,33.0,43.0
6648,23.0,31.0,41.0
6649,23.0,29.0,42.0
6650,20.0,25.0,40.0
6651,17.0,22.0,34.0
6652,21.0,21.0,32.0
6653,31.0,35.0,28.0
6654,26.0,38.0,29.0
6655,37.0,38.0,93.0
6656,34.0,44.0,167.0
6657,42.0,55.0,234.0
6658,31.0,97.0,244.0
6659,40.0,80.0,182.0
6660,47.0,80.0,117.0
6661,50.0,96.0,62.0
6662,52.0,87.0,48.0
6663,51.0,77.0,54.0
6664,36.0,63.0,52.0
6665,30.0,66.0,50.0
6666,30.0,103.0,51.0
6667,31.0,43.0,54.0
6668,39.0,17.0,53.0
6669,37.0,12.0,54.0
6670,31.0,10.0,48.0
6671,33.0,14.0,50.0
6672,24.0,26.0,51.0
6673,31.0,14.0,47.0
6674,34.0,22.0,38.0
6675,46.0,22.0,42.0
6676,44.0,32.0,46.0
6677,34.0,31.0,55.0
6678,34.0,22.0,46.0
6679,41.0,18.0,37.0
6680,46.0,16.0,35.0
6681,37.0,12.0,30.0
6682,36.0,13.0,27.0
6683,55.0,15.0,30.0
6684,52.0,13.0,29.0
6685,49.0,19.0,26.0
6686,52.0,26.0,27.0
6687,37.0,14.0,26.0
6688,37.0,19.0,19.0
6689,31.0,29.0,16.0
6690,34.0,35.0,12.0
6691,28.0,24.0,22.0
6692,31.0,18.0,23.0
6693,36.0,33.0,36.0
6694,37.0,34.0,35.0
6695,34.0,23.0,25.0
6696,26.0,11.0,31.0
6697,22.0,15.0,31.0
6698,18.0,24.0,24.0
6699,14.0,29.0,20.0
6700,21.0,43.0,23.0
6701,20.0,42.0,22.0
6702,26.0,26.0,22.0
6703,23.0,21.0,22.0
6704,44.0,14.0,20.0
6705,33.0,10.0,42.0
6706,36.0,12.0,47.0
6707,50.0,10.0,45.0
6708,45.0,17.0,22.0
6709,57.0,20.0,14.0
6710,47.0,21.0,25.0
6711,45.0,34.0,31.0
6712,40.0,44.0,21.0
6713,38.0,42.0,18.0
6714,36.0,31.0,22.0
6715,36.0,38.0,25.0
6716,27.0,36.0,28.0
6717,31.0,35.0,29.0
6718,31.0,32.0,34.0
6719,45.0,35.0,33.0
6720,40.0,26.0,28.0
6721,25.0,28.0,31.0
6722,30.0,36.0,45.0
6723,27.0,34.0,60.0
6724,20.0,37.0,79.0
6725,22.0,27.0,102.0
6726,29.0,19.0,86.0
6727,18.0,15.0,72.0
6728,18.0,22.0,105.0
6729,20.0,25.0,142.0
6730,22.0,25.0,190.0
6731,30.0,28.0,107.0
6732,38.0,30.0,81.0
6733,38.0,30.0,60.0
6734,47.0,24.0,49.0
6735,,26.0,34.0
6736,25.0,29.0,24.0
6737,31.0,28.0,24.0
6738,24.0,31.0,24.0
6739,24.0,25.0,22.0
6740,25.0,24.0,20.0
6741,28.0,28.0,23.0
6742,33.0,29.0,24.0
6743,27.0,27.0,26.0
6744,23.0,28.0,66.0
6745,25.0,38.0,85.0
6746,20.0,43.0,82.0
6747,22.0,36.0,72.0
6748,19.0,39.0,59.0
6749,23.0,48.0,43.0
6750,28.0,50.0,38.0
6751,30.0,63.0,40.0
6752,27.0,50.0,93.0
6753,46.0,31.0,84.0
6754,65.0,35.0,165.0
6755,77.0,43.0,139.0
6756,45.0,55.0,22.0
6757,46.0,72.0,35.0
6758,39.0,100.0,41.0
6759,35.0,101.0,40.0
6760,26.0,92.0,37.0
6761,31.0,83.0,41.0
6762,25.0,96.0,52.0
6763,29.0,99.0,43.0
6764,26.0,90.0,39.0
6765,34.0,79.0,42.0
6766,31.0,69.0,41.0
6767,29.0,74.0,40.0
6768,39.0,75.0,38.0
6769,33.0,71.0,33.0
6770,34.0,91.0,34.0
6771,29.0,113.0,42.0
6772,33.0,107.0,49.0
6773,32.0,90.0,63.0
6774,41.0,77.0,71.0
6775,53.0,72.0,66.0
6776,56.0,103.0,103.0
6777,58.0,101.0,135.0
6778,50.0,96.0,123.0
6779,62.0,105.0,104.0
6780,58.0,110.0,96.0
6781,47.0,90.0,44.0
6782,45.0,77.0,38.0
6783,40.0,66.0,54.0
6784,35.0,58.0,63.0
6785,40.0,67.0,55.0
6786,34.0,61.0,53.0
6787,33.0,50.0,51.0
6788,35.0,60.0,56.0
6789,27.0,36.0,63.0
6790,37.0,31.0,62.0
6791,29.0,22.0,52.0
6792,31.0,24.0,47.0
6793,32.0,22.0,43.0
6794,22.0,15.0,37.0
6795,27.0,23.0,37.0
6796,33.0,33.0,33.0
6797,48.0,39.0,74.0
6798,45.0,37.0,79.0
6799,39.0,31.0,59.0
6800,58.0,29.0,101.0
6801,46.0,31.0,203.0
6802,81.0,32.0,321.0
6803,69.0,54.0,203.0
6804,70.0,112.0,131.0
6805,73.0,92.0,72.0
6806,67.0,83.0,60.0
6807,82.0,84.0,79.0
6808,70.0,62.0,90.0
6809,54.0,73.0,83.0
6810,37.0,58.0,68.0
6811,38.0,42.0,59.0
6812,34.0,40.0,52.0
6813,36.0,40.0,48.0
6814,32.0,32.0,36.0
6815,37.0,37.0,39.0
6816,97.0,33.0,35.0
6817,59.0,30.0,33.0
6818,66.0,41.0,30.0
6819,65.0,38.0,27.0
6820,62.0,33.0,23.0
6821,66.0,33.0,70.0
6822,68.0,39.0,132.0
6823,91.0,50.0,170.0
6824,77.0,105.0,198.0
6825,131.0,123.0,192.0
6826,96.0,193.0,293.0
6827,82.0,231.0,257.0
6828,88.0,159.0,159.0
6829,89.0,91.0,61.0
6830,79.0,75.0,50.0
6831,76.0,91.0,55.0
6832,78.0,124.0,44.0
6833,66.0,105.0,40.0
6834,108.0,93.0,46.0
6835,66.0,84.0,37.0
6836,45.0,99.0,39.0
6837,47.0,52.0,41.0
6838,57.0,41.0,43.0
6839,327.0,49.0,37.0
6840,50.0,57.0,36.0
6841,348.0,51.0,38.0
6842,69.0,119.0,27.0
6843,55.0,136.0,26.0
6844,50.0,161.0,25.0
6845,53.0,108.0,25.0
6846,51.0,117.0,100.0
6847,178.0,103.0,142.0
6848,74.0,60.0,134.0
6849,99.0,131.0,177.0
6850,148.0,358.0,125.0
6851,106.0,271.0,107.0
6852,68.0,122.0,109.0
6853,44.0,73.0,76.0
6854,46.0,76.0,73.0
6855,38.0,87.0,72.0
6856,34.0,84.0,75.0
6857,38.0,82.0,69.0
6858,36.0,59.0,63.0
6859,44.0,51.0,60.0
6860,38.0,57.0,56.0
6861,161.0,45.0,44.0
6862,194.0,41.0,41.0
6863,61.0,37.0,39.0
6864,41.0,34.0,37.0
6865,143.0,39.0,34.0
6866,46.0,33.0,27.0
6867,25.0,16.0,42.0
6868,48.0,24.0,70.0
6869,60.0,35.0,55.0
6870,67.0,26.0,53.0
6871,89.0,14.0,52.0
6872,136.0,23.0,60.0
6873,220.0,25.0,63.0
6874,204.0,23.0,73.0
6875,84.0,36.0,63.0
6876,43.0,49.0,38.0
6877,,43.0,30.0
6878,37.0,31.0,42.0
6879,57.0,39.0,63.0
6880,51.0,43.0,48.0
6881,46.0,39.0,44.0
6882,46.0,19.0,41.0
6883,33.0,25.0,34.0
6884,33.0,36.0,30.0
6885,35.0,41.0,29.0
6886,110.0,45.0,31.0
6887,33.0,39.0,35.0
6888,34.0,40.0,34.0
6889,29.0,42.0,23.0
6890,27.0,41.0,21.0
6891,27.0,43.0,33.0
6892,21.0,52.0,68.0
6893,35.0,69.0,66.0
6894,30.0,47.0,58.0
6895,33.0,40.0,47.0
6896,35.0,49.0,80.0
6897,33.0,44.0,158.0
6898,33.0,43.0,173.0
6899,34.0,35.0,119.0
6900,58.0,34.0,91.0
6901,64.0,41.0,45.0
6902,60.0,41.0,41.0
6903,59.0,44.0,39.0
6904,46.0,48.0,36.0
6905,45.0,45.0,38.0
6906,37.0,47.0,37.0
6907,33.0,48.0,39.0
6908,33.0,51.0,34.0
6909,29.0,54.0,30.0
6910,29.0,51.0,34.0
6911,35.0,45.0,30.0
6912,38.0,41.0,32.0
6913,21.0,44.0,26.0
6914,37.0,52.0,22.0
6915,27.0,41.0,17.0
6916,26.0,43.0,16.0
6917,24.0,48.0,43.0
6918,21.0,46.0,93.0
6919,23.0,56.0,147.0
6920,24.0,102.0,123.0
6921,32.0,69.0,100.0
6922,26.0,46.0,209.0
6923,25.0,38.0,141.0
6924,35.0,38.0,107.0
6925,38.0,46.0,81.0
6926,53.0,44.0,58.0
6927,51.0,41.0,58.0
6928,47.0,32.0,86.0
6929,48.0,33.0,79.0
6930,35.0,51.0,62.0
6931,30.0,51.0,61.0
6932,26.0,60.0,51.0
6933,27.0,43.0,56.0
6934,140.0,43.0,47.0
6935,37.0,41.0,48.0
6936,23.0,38.0,111.0
6937,31.0,74.0,161.0
6938,27.0,140.0,164.0
6939,24.0,138.0,164.0
6940,27.0,169.0,191.0
6941,25.0,125.0,161.0
6942,27.0,130.0,96.0
6943,27.0,131.0,76.0
6944,29.0,129.0,164.0
6945,32.0,159.0,221.0
6946,29.0,215.0,252.0
6947,32.0,127.0,100.0
6948,49.0,73.0,75.0
6949,48.0,46.0,71.0
6950,58.0,72.0,91.0
6951,53.0,59.0,93.0
6952,40.0,43.0,60.0
6953,41.0,40.0,45.0
6954,37.0,39.0,33.0
6955,46.0,34.0,30.0
6956,46.0,34.0,32.0
6957,30.0,35.0,28.0
6958,25.0,37.0,33.0
6959,20.0,33.0,40.0
6960,17.0,29.0,32.0
6961,16.0,47.0,17.0
6962,21.0,90.0,12.0
6963,20.0,173.0,17.0
6964,16.0,151.0,12.0
6965,14.0,124.0,11.0
6966,18.0,129.0,15.0
6967,25.0,80.0,15.0
6968,21.0,77.0,19.0
6969,26.0,222.0,21.0
6970,27.0,253.0,24.0
6971,27.0,215.0,23.0
6972,30.0,136.0,27.0
6973,34.0,99.0,26.0
6974,33.0,81.0,23.0
6975,32.0,88.0,25.0
6976,39.0,124.0,29.0
6977,49.0,137.0,28.0
6978,52.0,120.0,28.0
6979,53.0,110.0,28.0
6980,54.0,94.0,19.0
6981,44.0,,14.0
6982,33.0,60.0,16.0
6983,31.0,113.0,14.0
6984,32.0,171.0,13.0
6985,23.0,256.0,15.0
6986,23.0,262.0,21.0
6987,27.0,204.0,24.0
6988,40.0,,23.0
6989,29.0,153.0,25.0
6990,23.0,97.0,23.0
6991,31.0,110.0,20.0
6992,33.0,148.0,23.0
6993,27.0,223.0,29.0
6994,42.0,336.0,30.0
6995,47.0,378.0,26.0
6996,42.0,252.0,23.0
6997,38.0,65.0,
6998,27.0,96.0,23.0
6999,23.0,,24.0
7000,31.0,147.0,26.0
7001,31.0,97.0,28.0
7002,36.0,62.0,28.0
7003,42.0,56.0,29.0
7004,34.0,58.0,32.0
7005,32.0,53.0,32.0
7006,35.0,,25.0
7007,20.0,65.0,18.0
7008,29.0,113.0,21.0
7009,68.0,76.0,16.0
7010,65.0,151.0,
7011,60.0,149.0,17.0
7012,85.0,127.0,15.0
7013,77.0,89.0,19.0
7014,74.0,143.0,18.0
7015,105.0,118.0,15.0
7016,137.0,97.0,16.0
7017,112.0,173.0,15.0
7018,243.0,237.0,15.0
7019,103.0,178.0,17.0
7020,62.0,111.0,29.0
7021,63.0,75.0,28.0
7022,67.0,63.0,20.0
7023,72.0,67.0,
7024,65.0,105.0,22.0
7025,60.0,106.0,18.0
7026,56.0,96.0,20.0
7027,51.0,91.0,26.0
7028,45.0,72.0,22.0
7029,42.0,56.0,
7030,37.0,53.0,
7031,43.0,58.0,30.0
7032,100.0,133.0,29.0
7033,108.0,182.0,22.0
7034,102.0,194.0,26.0
7035,132.0,198.0,25.0
7036,91.0,147.0,25.0
7037,84.0,128.0,23.0
7038,52.0,107.0,20.0
7039,62.0,109.0,24.0
7040,124.0,121.0,30.0
7041,152.0,114.0,38.0
7042,180.0,165.0,38.0
7043,113.0,178.0,33.0
7044,56.0,102.0,22.0
7045,38.0,71.0,26.0
7046,39.0,51.0,24.0
7047,54.0,57.0,27.0
7048,56.0,54.0,25.0
7049,106.0,60.0,24.0
7050,73.0,51.0,26.0
7051,84.0,40.0,27.0
7052,39.0,37.0,25.0
7053,44.0,40.0,33.0
7054,46.0,41.0,25.0
7055,45.0,36.0,21.0
7056,87.0,34.0,40.0
7057,133.0,42.0,23.0
7058,115.0,44.0,25.0
7059,133.0,41.0,21.0
7060,130.0,45.0,22.0
7061,101.0,41.0,12.0
7062,86.0,40.0,13.0
7063,94.0,43.0,12.0
7064,112.0,38.0,11.0
7065,123.0,42.0,10.0
7066,292.0,48.0,21.0
7067,129.0,53.0,22.0
7068,94.0,51.0,22.0
7069,54.0,60.0,19.0
7070,53.0,66.0,17.0
7071,74.0,62.0,24.0
7072,62.0,53.0,31.0
7073,53.0,48.0,25.0
7074,53.0,43.0,23.0
7075,40.0,39.0,27.0
7076,35.0,36.0,28.0
7077,119.0,36.0,22.0
7078,80.0,35.0,20.0
7079,40.0,26.0,25.0
7080,77.0,28.0,26.0
7081,107.0,42.0,39.0
7082,89.0,36.0,26.0
7083,67.0,31.0,23.0
7084,40.0,25.0,29.0
7085,66.0,32.0,37.0
7086,52.0,31.0,39.0
7087,77.0,35.0,40.0
7088,88.0,33.0,40.0
7089,69.0,43.0,34.0
7090,66.0,53.0,45.0
7091,85.0,54.0,51.0
7092,93.0,59.0,55.0
7093,67.0,62.0,45.0
7094,62.0,61.0,52.0
7095,91.0,69.0,60.0
7096,97.0,72.0,59.0
7097,78.0,73.0,51.0
7098,70.0,63.0,40.0
7099,57.0,64.0,28.0
7100,40.0,59.0,27.0
7101,45.0,67.0,38.0
7102,47.0,69.0,40.0
7103,43.0,59.0,38.0
7104,39.0,48.0,32.0
7105,41.0,44.0,19.0
7106,55.0,39.0,22.0
7107,55.0,41.0,20.0
7108,64.0,37.0,46.0
7109,67.0,35.0,40.0
7110,51.0,33.0,43.0
7111,66.0,39.0,94.0
7112,84.0,43.0,122.0
7113,113.0,48.0,162.0
7114,116.0,47.0,166.0
7115,147.0,49.0,79.0
7116,128.0,63.0,64.0
7117,100.0,80.0,55.0
7118,112.0,76.0,49.0
7119,81.0,78.0,78.0
7120,71.0,80.0,71.0
7121,68.0,63.0,54.0
7122,60.0,55.0,48.0
7123,44.0,57.0,38.0
7124,48.0,55.0,37.0
7125,69.0,52.0,31.0
7126,83.0,53.0,31.0
7127,148.0,45.0,33.0
7128,136.0,51.0,35.0
7129,131.0,49.0,36.0
7130,105.0,44.0,61.0
7131,109.0,38.0,68.0
7132,83.0,38.0,64.0
7133,87.0,31.0,55.0
7134,56.0,31.0,71.0
7135,53.0,33.0,49.0
7136,45.0,42.0,61.0
7137,47.0,47.0,125.0
7138,44.0,51.0,143.0
7139,42.0,57.0,123.0
7140,42.0,62.0,88.0
7141,53.0,66.0,51.0
7142,42.0,65.0,73.0
7143,41.0,72.0,92.0
7144,41.0,65.0,73.0
7145,46.0,65.0,52.0
7146,39.0,53.0,38.0
7147,41.0,54.0,32.0
7148,41.0,51.0,32.0
7149,68.0,50.0,35.0
7150,44.0,38.0,38.0
7151,36.0,36.0,38.0
7152,48.0,30.0,44.0
7153,50.0,25.0,95.0
7154,132.0,28.0,128.0
7155,111.0,29.0,103.0
7156,115.0,26.0,129.0
7157,75.0,15.0,111.0
7158,88.0,27.0,101.0
7159,86.0,26.0,126.0
7160,87.0,37.0,118.0
7161,156.0,44.0,181.0
7162,82.0,55.0,244.0
7163,78.0,53.0,186.0
7164,73.0,64.0,119.0
7165,67.0,70.0,49.0
7166,60.0,75.0,48.0
7167,42.0,73.0,87.0
7168,48.0,68.0,83.0
7169,34.0,72.0,81.0
7170,42.0,74.0,87.0
7171,36.0,70.0,75.0
7172,37.0,66.0,63.0
7173,115.0,51.0,59.0
7174,34.0,43.0,56.0
7175,29.0,35.0,46.0
7176,32.0,27.0,49.0
7177,30.0,29.0,42.0
7178,29.0,27.0,37.0
7179,21.0,24.0,86.0
7180,44.0,27.0,92.0
7181,75.0,22.0,37.0
7182,72.0,15.0,92.0
7183,48.0,18.0,95.0
7184,82.0,25.0,142.0
7185,107.0,23.0,134.0
7186,120.0,19.0,148.0
7187,71.0,23.0,110.0
7188,97.0,21.0,97.0
7189,93.0,30.0,74.0
7190,89.0,24.0,86.0
7191,100.0,26.0,62.0
7192,84.0,28.0,45.0
7193,71.0,31.0,43.0
7194,60.0,29.0,37.0
7195,55.0,32.0,32.0
7196,50.0,33.0,27.0
7197,46.0,39.0,32.0
7198,42.0,38.0,35.0
7199,55.0,29.0,35.0
7200,90.0,38.0,29.0
7201,83.0,35.0,29.0
7202,107.0,30.0,23.0
7203,110.0,23.0,31.0
7204,75.0,26.0,41.0
7205,98.0,24.0,37.0
7206,107.0,34.0,44.0
7207,67.0,40.0,52.0
7208,102.0,44.0,53.0
7209,137.0,31.0,55.0
7210,236.0,44.0,67.0
7211,176.0,38.0,55.0
7212,154.0,43.0,41.0
7213,163.0,50.0,38.0
7214,83.0,56.0,44.0
7215,57.0,47.0,51.0
7216,66.0,36.0,35.0
7217,63.0,32.0,29.0
7218,59.0,26.0,25.0
7219,53.0,28.0,23.0
7220,52.0,22.0,19.0
7221,52.0,32.0,20.0
7222,50.0,31.0,22.0
7223,46.0,39.0,23.0
7224,39.0,23.0,23.0
7225,35.0,16.0,22.0
7226,37.0,17.0,22.0
7227,36.0,18.0,18.0
7228,34.0,23.0,26.0
7229,61.0,28.0,46.0
7230,87.0,29.0,83.0
7231,98.0,27.0,89.0
7232,111.0,27.0,92.0
7233,130.0,39.0,119.0
7234,131.0,50.0,166.0
7235,82.0,41.0,233.0
7236,58.0,46.0,126.0
7237,52.0,55.0,61.0
7238,65.0,53.0,68.0
7239,83.0,56.0,62.0
7240,91.0,53.0,33.0
7241,72.0,48.0,29.0
7242,64.0,46.0,31.0
7243,53.0,31.0,28.0
7244,32.0,31.0,26.0
7245,35.0,32.0,29.0
7246,46.0,28.0,23.0
7247,43.0,27.0,23.0
7248,34.0,44.0,19.0
7249,35.0,40.0,22.0
7250,74.0,50.0,21.0
7251,62.0,48.0,26.0
7252,70.0,30.0,64.0
7253,66.0,18.0,53.0
7254,63.0,14.0,50.0
7255,64.0,12.0,40.0
7256,70.0,10.0,55.0
7257,81.0,14.0,64.0
7258,87.0,16.0,88.0
7259,70.0,21.0,94.0
7260,36.0,24.0,108.0
7261,38.0,31.0,83.0
7262,40.0,39.0,73.0
7263,34.0,43.0,82.0
7264,31.0,51.0,69.0
7265,31.0,63.0,55.0
7266,34.0,57.0,39.0
7267,41.0,53.0,34.0
7268,34.0,54.0,43.0
7269,31.0,52.0,41.0
7270,35.0,48.0,39.0
7271,31.0,45.0,33.0
7272,32.0,41.0,30.0
7273,27.0,40.0,24.0
7274,42.0,36.0,28.0
7275,40.0,32.0,30.0
7276,46.0,34.0,28.0
7277,40.0,34.0,24.0
7278,39.0,39.0,27.0
7279,43.0,40.0,33.0
7280,54.0,39.0,41.0
7281,64.0,27.0,69.0
7282,68.0,37.0,211.0
7283,70.0,35.0,192.0
7284,76.0,44.0,177.0
7285,92.0,56.0,167.0
7286,65.0,60.0,170.0
7287,60.0,60.0,131.0
7288,61.0,72.0,110.0
7289,67.0,61.0,106.0
7290,57.0,,103.0
7291,50.0,62.0,105.0
7292,47.0,79.0,112.0
7293,56.0,70.0,102.0
7294,42.0,58.0,81.0
7295,41.0,55.0,68.0
7296,27.0,42.0,62.0
7297,,,149.0
7298,22.0,28.0,170.0
7299,17.0,13.0,160.0
7300,13.0,23.0,217.0
7301,20.0,33.0,145.0
7302,16.0,40.0,131.0
7303,19.0,24.0,123.0
7304,31.0,18.0,113.0
7305,30.0,18.0,153.0
7306,46.0,28.0,225.0
7307,39.0,27.0,233.0
7308,40.0,25.0,152.0
7309,39.0,29.0,120.0
7310,,29.0,106.0
7311,66.0,42.0,94.0
7312,61.0,43.0,100.0
7313,52.0,38.0,88.0
7314,56.0,42.0,84.0
7315,58.0,33.0,71.0
7316,45.0,31.0,84.0
7317,39.0,29.0,74.0
7318,38.0,25.0,75.0
7319,43.0,,64.0
7320,37.0,23.0,62.0
7321,25.0,24.0,59.0
7322,29.0,18.0,55.0
7323,27.0,26.0,54.0
7324,25.0,91.0,49.0
7325,27.0,95.0,53.0
7326,28.0,113.0,51.0
7327,22.0,116.0,55.0
7328,29.0,65.0,51.0
7329,32.0,101.0,51.0
7330,,189.0,54.0
7331,44.0,150.0,57.0
7332,40.0,66.0,75.0
7333,123.0,46.0,61.0
7334,65.0,46.0,61.0
7335,54.0,43.0,49.0
7336,44.0,39.0,51.0
7337,40.0,39.0,48.0
7338,25.0,35.0,54.0
7339,32.0,38.0,52.0
7340,,45.0,53.0
7341,26.0,36.0,52.0
7342,36.0,36.0,
7343,31.0,34.0,41.0
7344,35.0,29.0,40.0
7345,25.0,43.0,34.0
7346,17.0,62.0,34.0
7347,17.0,101.0,30.0
7348,24.0,85.0,31.0
7349,36.0,85.0,22.0
7350,37.0,88.0,19.0
7351,51.0,90.0,37.0
7352,64.0,95.0,33.0
7353,60.0,160.0,27.0
7354,80.0,187.0,28.0
7355,40.0,186.0,32.0
7356,48.0,128.0,36.0
7357,66.0,66.0,52.0
7358,54.0,57.0,63.0
7359,82.0,48.0,58.0
7360,75.0,49.0,46.0
7361,57.0,44.0,39.0
7362,46.0,41.0,38.0
7363,38.0,50.0,36.0
7364,39.0,37.0,34.0
7365,39.0,42.0,33.0
7366,30.0,40.0,29.0
7367,35.0,33.0,34.0
7368,40.0,39.0,33.0
7369,46.0,194.0,31.0
7370,39.0,172.0,29.0
7371,40.0,126.0,32.0
7372,39.0,137.0,28.0
7373,54.0,94.0,35.0
7374,62.0,62.0,31.0
7375,88.0,154.0,24.0
7376,66.0,102.0,24.0
7377,102.0,135.0,54.0
7378,177.0,124.0,53.0
7379,254.0,164.0,45.0
7380,190.0,79.0,37.0
7381,118.0,71.0,48.0
7382,112.0,66.0,57.0
7383,107.0,75.0,61.0
7384,97.0,90.0,63.0
7385,72.0,84.0,54.0
7386,60.0,58.0,44.0
7387,54.0,54.0,40.0
7388,52.0,51.0,39.0
7389,51.0,41.0,36.0
7390,72.0,44.0,34.0
7391,111.0,55.0,32.0
7392,232.0,133.0,64.0
7393,265.0,126.0,68.0
7394,91.0,101.0,67.0
7395,34.0,94.0,62.0
7396,33.0,101.0,54.0
7397,37.0,92.0,49.0
7398,46.0,75.0,65.0
7399,40.0,61.0,91.0
7400,41.0,64.0,97.0
7401,37.0,62.0,155.0
7402,43.0,71.0,167.0
7403,36.0,78.0,161.0
7404,39.0,80.0,100.0
7405,34.0,71.0,90.0
7406,37.0,39.0,78.0
7407,45.0,51.0,76.0
7408,52.0,54.0,62.0
7409,54.0,50.0,44.0
7410,51.0,44.0,39.0
7411,47.0,37.0,43.0
7412,39.0,35.0,55.0
7413,48.0,36.0,52.0
7414,36.0,33.0,84.0
7415,53.0,31.0,170.0
7416,78.0,33.0,229.0
7417,105.0,32.0,220.0
7418,139.0,73.0,159.0
7419,104.0,75.0,175.0
7420,89.0,71.0,93.0
7421,103.0,68.0,85.0
7422,59.0,53.0,98.0
7423,61.0,68.0,102.0
7424,72.0,70.0,112.0
7425,115.0,120.0,122.0
7426,148.0,167.0,126.0
7427,109.0,150.0,117.0
7428,38.0,126.0,115.0
7429,49.0,94.0,127.0
7430,59.0,68.0,119.0
7431,48.0,61.0,117.0
7432,66.0,83.0,120.0
7433,69.0,76.0,108.0
7434,63.0,82.0,110.0
7435,76.0,74.0,101.0
7436,76.0,58.0,94.0
7437,51.0,47.0,86.0
7438,44.0,50.0,84.0
7439,43.0,54.0,90.0
7440,69.0,106.0,80.0
7441,175.0,147.0,71.0
7442,167.0,179.0,90.0
7443,146.0,95.0,115.0
7444,132.0,105.0,138.0
7445,137.0,116.0,160.0
7446,102.0,105.0,154.0
7447,74.0,86.0,146.0
7448,98.0,128.0,154.0
7449,125.0,159.0,226.0
7450,269.0,227.0,306.0
7451,156.0,227.0,189.0
7452,67.0,119.0,112.0
7453,81.0,56.0,92.0
7454,84.0,72.0,100.0
7455,69.0,75.0,121.0
7456,46.0,78.0,110.0
7457,59.0,107.0,104.0
7458,42.0,99.0,102.0
7459,33.0,81.0,94.0
7460,37.0,84.0,79.0
7461,34.0,77.0,66.0
7462,33.0,70.0,63.0
7463,28.0,134.0,59.0
7464,25.0,251.0,65.0
7465,22.0,251.0,208.0
7466,13.0,237.0,273.0
7467,13.0,208.0,219.0
7468,22.0,201.0,151.0
7469,22.0,198.0,127.0
7470,17.0,153.0,133.0
7471,13.0,169.0,117.0
7472,13.0,157.0,141.0
7473,22.0,198.0,167.0
7474,22.0,373.0,269.0
7475,24.0,282.0,223.0
7476,21.0,180.0,165.0
7477,21.0,103.0,136.0
7478,29.0,111.0,92.0
7479,41.0,120.0,109.0
7480,32.0,126.0,113.0
7481,34.0,140.0,103.0
7482,31.0,137.0,92.0
7483,30.0,117.0,67.0
7484,28.0,100.0,59.0
7485,24.0,82.0,52.0
7486,22.0,71.0,50.0
7487,22.0,58.0,44.0
7488,22.0,53.0,42.0
7489,,52.0,40.0
7490,27.0,153.0,40.0
7491,22.0,145.0,34.0
7492,21.0,65.0,28.0
7493,22.0,57.0,29.0
7494,24.0,48.0,33.0
7495,19.0,69.0,37.0
7496,18.0,102.0,44.0
7497,29.0,124.0,71.0
7498,79.0,174.0,108.0
7499,61.0,125.0,122.0
7500,82.0,98.0,104.0
7501,47.0,124.0,102.0
7502,52.0,77.0,100.0
7503,65.0,59.0,91.0
7504,39.0,51.0,90.0
7505,31.0,67.0,84.0
7506,30.0,53.0,74.0
7507,33.0,51.0,72.0
7508,29.0,55.0,77.0
7509,32.0,54.0,68.0
7510,33.0,,45.0
7511,22.0,51.0,43.0
7512,23.0,51.0,46.0
7513,24.0,50.0,45.0
7514,21.0,,48.0
7515,21.0,53.0,51.0
7516,20.0,36.0,39.0
7517,25.0,34.0,30.0
7518,20.0,27.0,22.0
7519,24.0,24.0,19.0
7520,20.0,21.0,23.0
7521,68.0,14.0,27.0
7522,122.0,12.0,39.0
7523,132.0,13.0,47.0
7524,91.0,19.0,44.0
7525,103.0,21.0,59.0
7526,90.0,21.0,58.0
7527,88.0,30.0,77.0
7528,103.0,25.0,76.0
7529,103.0,19.0,89.0
7530,96.0,29.0,84.0
7531,109.0,49.0,71.0
7532,102.0,33.0,62.0
7533,73.0,24.0,62.0
7534,50.0,13.0,68.0
7535,45.0,17.0,63.0
7536,61.0,26.0,64.0
7537,104.0,19.0,54.0
7538,126.0,13.0,41.0
7539,139.0,9.0,35.0
7540,110.0,22.0,38.0
7541,64.0,18.0,45.0
7542,115.0,11.0,50.0
7543,111.0,13.0,105.0
7544,153.0,14.0,112.0
7545,160.0,11.0,68.0
7546,187.0,14.0,60.0
7547,208.0,12.0,79.0
7548,98.0,15.0,74.0
7549,106.0,19.0,73.0
7550,107.0,16.0,75.0
7551,142.0,19.0,71.0
7552,135.0,22.0,58.0
7553,110.0,29.0,57.0
7554,92.0,22.0,70.0
7555,97.0,24.0,58.0
7556,97.0,21.0,53.0
7557,100.0,15.0,53.0
7558,81.0,24.0,48.0
7559,81.0,30.0,35.0
7560,48.0,17.0,31.0
7561,93.0,14.0,24.0
7562,67.0,11.0,24.0
7563,58.0,12.0,32.0
7564,39.0,12.0,50.0
7565,31.0,19.0,81.0
7566,28.0,11.0,74.0
7567,33.0,11.0,65.0
7568,31.0,9.0,65.0
7569,40.0,10.0,80.0
7570,42.0,12.0,150.0
7571,45.0,10.0,92.0
7572,53.0,13.0,56.0
7573,54.0,12.0,47.0
7574,50.0,11.0,43.0
7575,50.0,16.0,37.0
7576,48.0,8.0,38.0
7577,29.0,10.0,32.0
7578,35.0,20.0,29.0
7579,35.0,25.0,31.0
7580,31.0,25.0,38.0
7581,40.0,27.0,42.0
7582,34.0,21.0,45.0
7583,30.0,22.0,45.0
7584,22.0,12.0,99.0
7585,16.0,6.0,163.0
7586,23.0,3.0,208.0
7587,19.0,4.0,156.0
7588,16.0,14.0,143.0
7589,12.0,25.0,122.0
7590,14.0,9.0,
7591,12.0,9.0,43.0
7592,17.0,11.0,40.0
7593,16.0,8.0,51.0
7594,17.0,13.0,43.0
7595,14.0,15.0,34.0
7596,14.0,29.0,89.0
7597,13.0,32.0,88.0
7598,19.0,42.0,70.0
7599,23.0,59.0,80.0
7600,25.0,42.0,62.0
7601,25.0,24.0,35.0
7602,24.0,19.0,32.0
7603,25.0,21.0,37.0
7604,24.0,14.0,38.0
7605,23.0,10.0,33.0
7606,18.0,15.0,35.0
7607,31.0,16.0,34.0
7608,31.0,20.0,49.0
7609,24.0,18.0,77.0
7610,23.0,20.0,76.0
7611,38.0,21.0,76.0
7612,41.0,22.0,53.0
7613,40.0,22.0,49.0
7614,29.0,21.0,102.0
7615,69.0,17.0,99.0
7616,231.0,24.0,77.0
7617,109.0,27.0,58.0
7618,249.0,26.0,118.0
7619,232.0,24.0,103.0
7620,111.0,18.0,91.0
7621,94.0,24.0,73.0
7622,85.0,27.0,84.0
7623,78.0,36.0,97.0
7624,120.0,38.0,79.0
7625,103.0,59.0,86.0
7626,103.0,66.0,74.0
7627,143.0,85.0,62.0
7628,97.0,94.0,58.0
7629,65.0,92.0,44.0
7630,47.0,66.0,42.0
7631,47.0,49.0,39.0
7632,41.0,40.0,37.0
7633,35.0,28.0,36.0
7634,22.0,33.0,35.0
7635,23.0,33.0,28.0
7636,26.0,24.0,23.0
7637,16.0,27.0,24.0
7638,30.0,31.0,26.0
7639,45.0,26.0,23.0
7640,44.0,20.0,30.0
7641,40.0,37.0,36.0
7642,58.0,49.0,43.0
7643,66.0,43.0,45.0
7644,81.0,37.0,53.0
7645,79.0,36.0,51.0
7646,66.0,44.0,55.0
7647,71.0,62.0,56.0
7648,72.0,67.0,66.0
7649,55.0,77.0,58.0
7650,56.0,83.0,54.0
7651,39.0,83.0,48.0
7652,42.0,84.0,44.0
7653,,84.0,42.0
7654,37.0,74.0,48.0
7655,,76.0,47.0
7656,30.0,71.0,40.0
7657,29.0,70.0,48.0
7658,26.0,65.0,38.0
7659,29.0,67.0,36.0
7660,29.0,72.0,161.0
7661,22.0,96.0,158.0
7662,25.0,82.0,107.0
7663,25.0,90.0,46.0
7664,30.0,78.0,64.0
7665,35.0,75.0,169.0
7666,45.0,166.0,272.0
7667,42.0,178.0,167.0
7668,49.0,95.0,116.0
7669,54.0,93.0,89.0
7670,68.0,94.0,78.0
7671,76.0,110.0,101.0
7672,63.0,94.0,89.0
7673,64.0,96.0,77.0
7674,57.0,81.0,56.0
7675,58.0,68.0,49.0
7676,60.0,63.0,47.0
7677,57.0,67.0,47.0
7678,46.0,59.0,43.0
7679,48.0,161.0,44.0
7680,45.0,249.0,46.0
7681,40.0,216.0,37.0
7682,38.0,179.0,38.0
7683,36.0,136.0,40.0
7684,36.0,117.0,34.0
7685,25.0,125.0,36.0
7686,14.0,79.0,38.0
7687,12.0,126.0,40.0
7688,13.0,95.0,34.0
7689,15.0,91.0,32.0
7690,35.0,148.0,36.0
7691,49.0,166.0,39.0
7692,58.0,112.0,41.0
7693,56.0,69.0,62.0
7694,63.0,58.0,73.0
7695,62.0,89.0,87.0
7696,68.0,104.0,95.0
7697,60.0,117.0,81.0
7698,65.0,140.0,70.0
7699,46.0,105.0,54.0
7700,60.0,105.0,37.0
7701,53.0,93.0,35.0
7702,32.0,85.0,41.0
7703,26.0,96.0,39.0
7704,16.0,204.0,77.0
7705,28.0,305.0,83.0
7706,18.0,261.0,82.0
7707,6.0,220.0,82.0
7708,8.0,155.0,98.0
7709,9.0,122.0,92.0
7710,8.0,82.0,52.0
7711,11.0,113.0,44.0
7712,13.0,98.0,54.0
7713,11.0,157.0,62.0
7714,24.0,212.0,76.0
7715,22.0,253.0,81.0
7716,30.0,99.0,97.0
7717,34.0,71.0,83.0
7718,24.0,78.0,77.0
7719,29.0,69.0,87.0
7720,32.0,68.0,91.0
7721,28.0,56.0,85.0
7722,17.0,50.0,76.0
7723,24.0,,60.0
7724,29.0,,50.0
7725,22.0,36.0,44.0
7726,15.0,39.0,49.0
7727,10.0,52.0,49.0
7728,7.0,46.0,55.0
7729,13.0,33.0,62.0
7730,8.0,46.0,60.0
7731,9.0,46.0,46.0
7732,15.0,48.0,52.0
7733,18.0,37.0,66.0
7734,12.0,40.0,75.0
7735,10.0,52.0,63.0
7736,10.0,52.0,66.0
7737,9.0,57.0,79.0
7738,14.0,58.0,114.0
7739,17.0,50.0,129.0
7740,21.0,46.0,81.0
7741,20.0,53.0,79.0
7742,21.0,76.0,75.0
7743,18.0,83.0,84.0
7744,25.0,101.0,75.0
7745,21.0,112.0,65.0
7746,18.0,100.0,61.0
7747,19.0,79.0,53.0
7748,22.0,64.0,53.0
7749,15.0,55.0,55.0
7750,12.0,62.0,50.0
7751,10.0,77.0,54.0
7752,11.0,73.0,129.0
7753,11.0,113.0,141.0
7754,7.0,123.0,127.0
7755,10.0,116.0,113.0
7756,9.0,98.0,79.0
7757,5.0,76.0,99.0
7758,6.0,61.0,88.0
7759,6.0,53.0,78.0
7760,5.0,39.0,91.0
7761,6.0,63.0,117.0
7762,10.0,74.0,231.0
7763,9.0,84.0,183.0
7764,9.0,57.0,93.0
7765,14.0,108.0,74.0
7766,9.0,153.0,58.0
7767,10.0,140.0,62.0
7768,7.0,103.0,62.0
7769,8.0,92.0,63.0
7770,7.0,65.0,66.0
7771,9.0,45.0,68.0
7772,7.0,41.0,67.0
7773,11.0,39.0,63.0
7774,13.0,35.0,53.0
7775,14.0,35.0,97.0
7776,10.0,32.0,249.0
7777,7.0,32.0,282.0
7778,7.0,27.0,172.0
7779,6.0,21.0,198.0
7780,7.0,22.0,128.0
7781,7.0,19.0,159.0
7782,11.0,19.0,89.0
7783,12.0,22.0,84.0
7784,18.0,34.0,167.0
7785,17.0,44.0,131.0
7786,8.0,42.0,76.0
7787,11.0,51.0,64.0
7788,15.0,85.0,62.0
7789,29.0,,72.0
7790,42.0,77.0,70.0
7791,61.0,62.0,67.0
7792,81.0,69.0,57.0
7793,81.0,68.0,48.0
7794,61.0,62.0,49.0
7795,43.0,68.0,51.0
7796,51.0,75.0,56.0
7797,37.0,89.0,52.0
7798,35.0,52.0,36.0
7799,16.0,87.0,39.0
7800,17.0,73.0,38.0
7801,25.0,26.0,28.0
7802,32.0,25.0,25.0
7803,23.0,25.0,17.0
7804,32.0,24.0,19.0
7805,24.0,28.0,16.0
7806,31.0,23.0,59.0
7807,46.0,16.0,124.0
7808,28.0,26.0,132.0
7809,14.0,25.0,194.0
7810,24.0,25.0,233.0
7811,35.0,24.0,123.0
7812,41.0,31.0,62.0
7813,39.0,42.0,68.0
7814,65.0,36.0,77.0
7815,42.0,45.0,64.0
7816,60.0,40.0,54.0
7817,91.0,43.0,54.0
7818,77.0,32.0,54.0
7819,58.0,32.0,57.0
7820,43.0,44.0,52.0
7821,49.0,56.0,52.0
7822,48.0,41.0,47.0
7823,45.0,39.0,45.0
7824,32.0,28.0,45.0
7825,24.0,22.0,73.0
7826,18.0,17.0,142.0
7827,22.0,22.0,154.0
7828,25.0,25.0,189.0
7829,24.0,39.0,121.0
7830,41.0,52.0,145.0
7831,46.0,35.0,110.0
7832,59.0,42.0,145.0
7833,40.0,40.0,193.0
7834,79.0,49.0,294.0
7835,69.0,60.0,330.0
7836,76.0,68.0,183.0
7837,77.0,59.0,93.0
7838,87.0,47.0,115.0
7839,94.0,67.0,118.0
7840,84.0,71.0,100.0
7841,63.0,65.0,95.0
7842,123.0,67.0,89.0
7843,124.0,58.0,74.0
7844,127.0,45.0,62.0
7845,117.0,38.0,63.0
7846,94.0,82.0,84.0
7847,99.0,59.0,80.0
7848,146.0,83.0,278.0
7849,120.0,152.0,279.0
7850,102.0,114.0,247.0
7851,102.0,141.0,150.0
7852,109.0,107.0,129.0
7853,120.0,133.0,175.0
7854,127.0,104.0,170.0
7855,111.0,88.0,180.0
7856,108.0,69.0,204.0
7857,144.0,141.0,228.0
7858,170.0,143.0,245.0
7859,166.0,180.0,203.0
7860,209.0,144.0,123.0
7861,199.0,129.0,93.0
7862,185.0,92.0,85.0
7863,182.0,91.0,78.0
7864,128.0,99.0,102.0
7865,165.0,97.0,103.0
7866,141.0,89.0,98.0
7867,129.0,65.0,77.0
7868,114.0,59.0,53.0
7869,131.0,47.0,53.0
7870,87.0,49.0,53.0
7871,76.0,35.0,76.0
7872,30.0,28.0,114.0
7873,,23.0,131.0
7874,31.0,17.0,142.0
7875,28.0,22.0,113.0
7876,30.0,26.0,108.0
7877,32.0,29.0,88.0
7878,31.0,23.0,103.0
7879,34.0,31.0,89.0
7880,,19.0,100.0
7881,,18.0,89.0
7882,,22.0,116.0
7883,,22.0,114.0
7884,,25.0,58.0
7885,,43.0,49.0
7886,,65.0,56.0
7887,,56.0,71.0
7888,,50.0,88.0
7889,,56.0,102.0
7890,,65.0,98.0
7891,,59.0,97.0
7892,,69.0,82.0
7893,,87.0,66.0
7894,,144.0,109.0
7895,,112.0,151.0
7896,,174.0,145.0
7897,27.0,143.0,128.0
7898,36.0,137.0,108.0
7899,24.0,97.0,82.0
7900,15.0,78.0,81.0
7901,44.0,73.0,80.0
7902,110.0,89.0,62.0
7903,126.0,81.0,84.0
7904,87.0,83.0,150.0
7905,91.0,79.0,143.0
7906,48.0,66.0,360.0
7907,66.0,74.0,405.0
7908,60.0,65.0,196.0
7909,73.0,71.0,104.0
7910,,79.0,69.0
7911,68.0,69.0,112.0
7912,,50.0,142.0
7913,67.0,34.0,120.0
7914,57.0,30.0,123.0
7915,51.0,29.0,103.0
7916,,25.0,116.0
7917,,15.0,108.0
7918,,14.0,91.0
7919,191.0,11.0,71.0
7920,162.0,7.0,72.0
7921,170.0,8.0,79.0
7922,169.0,6.0,87.0
7923,132.0,8.0,165.0
7924,98.0,17.0,244.0
7925,77.0,12.0,212.0
7926,66.0,9.0,184.0
7927,101.0,20.0,68.0
7928,99.0,16.0,54.0
7929,116.0,13.0,60.0
7930,108.0,20.0,63.0
7931,,22.0,75.0
7932,70.0,26.0,76.0
7933,69.0,19.0,69.0
7934,53.0,27.0,
7935,43.0,37.0,89.0
7936,32.0,36.0,90.0
7937,25.0,42.0,89.0
7938,45.0,41.0,79.0
7939,45.0,45.0,77.0
7940,50.0,41.0,84.0
7941,160.0,30.0,80.0
7942,,32.0,86.0
7943,156.0,35.0,88.0
7944,147.0,54.0,79.0
7945,124.0,45.0,124.0
7946,114.0,31.0,191.0
7947,76.0,37.0,204.0
7948,78.0,34.0,210.0
7949,75.0,41.0,242.0
7950,70.0,38.0,140.0
7951,56.0,39.0,106.0
7952,83.0,28.0,116.0
7953,133.0,38.0,181.0
7954,232.0,46.0,273.0
7955,291.0,41.0,234.0
7956,117.0,29.0,125.0
7957,46.0,28.0,95.0
7958,51.0,25.0,95.0
7959,61.0,28.0,98.0
7960,50.0,24.0,119.0
7961,57.0,30.0,166.0
7962,58.0,34.0,166.0
7963,63.0,40.0,159.0
7964,57.0,34.0,152.0
7965,51.0,32.0,134.0
7966,59.0,38.0,135.0
7967,117.0,35.0,151.0
7968,142.0,31.0,330.0
7969,147.0,35.0,352.0
7970,95.0,37.0,285.0
7971,131.0,33.0,325.0
7972,160.0,43.0,208.0
7973,146.0,47.0,156.0
7974,144.0,52.0,139.0
7975,145.0,51.0,103.0
7976,96.0,48.0,137.0
7977,127.0,48.0,257.0
7978,196.0,82.0,319.0
7979,285.0,45.0,155.0
7980,179.0,32.0,137.0
7981,206.0,42.0,160.0
7982,102.0,52.0,174.0
7983,83.0,63.0,165.0
7984,82.0,75.0,132.0
7985,62.0,84.0,110.0
7986,64.0,93.0,94.0
7987,44.0,107.0,85.0
7988,52.0,114.0,81.0
7989,179.0,123.0,75.0
7990,269.0,128.0,64.0
7991,245.0,149.0,54.0
7992,247.0,153.0,43.0
7993,237.0,164.0,35.0
7994,186.0,148.0,32.0
7995,114.0,83.0,34.0
7996,103.0,89.0,30.0
7997,92.0,88.0,30.0
7998,85.0,108.0,24.0
7999,159.0,80.0,22.0
8000,115.0,66.0,29.0
8001,219.0,106.0,33.0
8002,309.0,187.0,34.0
8003,420.0,143.0,36.0
8004,80.0,111.0,34.0
8005,179.0,120.0,48.0
8006,206.0,69.0,57.0
8007,144.0,96.0,70.0
8008,85.0,110.0,72.0
8009,78.0,125.0,78.0
8010,61.0,67.0,75.0
8011,72.0,85.0,56.0
8012,69.0,114.0,50.0
8013,57.0,261.0,50.0
8014,40.0,215.0,62.0
8015,26.0,387.0,51.0
8016,21.0,308.0,39.0
8017,,,30.0
8018,25.0,179.0,22.0
8019,24.0,108.0,18.0
8020,24.0,80.0,28.0
8021,17.0,58.0,24.0
8022,25.0,109.0,59.0
8023,28.0,114.0,40.0
8024,37.0,84.0,54.0
8025,54.0,182.0,97.0
8026,57.0,363.0,109.0
8027,62.0,377.0,89.0
8028,85.0,284.0,88.0
8029,110.0,197.0,111.0
8030,124.0,179.0,104.0
8031,109.0,120.0,80.0
8032,131.0,73.0,85.0
8033,135.0,70.0,108.0
8034,110.0,79.0,117.0
8035,117.0,77.0,108.0
8036,131.0,73.0,100.0
8037,100.0,96.0,84.0
8038,70.0,113.0,69.0
8039,57.0,280.0,76.0
8040,56.0,269.0,70.0
8041,60.0,276.0,97.0
8042,88.0,178.0,148.0
8043,95.0,165.0,131.0
8044,102.0,293.0,121.0
8045,116.0,172.0,95.0
8046,100.0,153.0,98.0
8047,69.0,141.0,97.0
8048,85.0,120.0,90.0
8049,94.0,130.0,120.0
8050,108.0,156.0,114.0
8051,102.0,296.0,133.0
8052,161.0,199.0,150.0
8053,175.0,91.0,105.0
8054,204.0,109.0,101.0
8055,171.0,167.0,108.0
8056,155.0,133.0,87.0
8057,202.0,99.0,68.0
8058,237.0,87.0,67.0
8059,203.0,82.0,76.0
8060,179.0,58.0,82.0
8061,160.0,94.0,73.0
8062,138.0,87.0,58.0
8063,135.0,82.0,47.0
8064,110.0,96.0,34.0
8065,107.0,115.0,30.0
8066,81.0,174.0,49.0
8067,81.0,155.0,88.0
8068,92.0,123.0,74.0
8069,138.0,118.0,43.0
8070,103.0,126.0,42.0
8071,106.0,70.0,46.0
8072,132.0,124.0,68.0
8073,171.0,89.0,86.0
8074,236.0,122.0,68.0
8075,211.0,150.0,61.0
8076,190.0,99.0,59.0
8077,172.0,64.0,56.0
8078,127.0,36.0,35.0
8079,73.0,39.0,12.0
8080,66.0,34.0,15.0
8081,65.0,37.0,14.0
8082,53.0,34.0,15.0
8083,52.0,32.0,14.0
8084,50.0,40.0,12.0
8085,38.0,52.0,12.0
8086,31.0,102.0,10.0
8087,31.0,146.0,11.0
8088,29.0,99.0,9.0
8089,25.0,84.0,8.0
8090,30.0,98.0,7.0
8091,10.0,104.0,4.0
8092,11.0,83.0,
8093,12.0,67.0,
8094,17.0,92.0,
8095,26.0,65.0,
8096,25.0,66.0,2.0
8097,22.0,145.0,9.0
8098,20.0,215.0,10.0
8099,27.0,385.0,11.0
8100,30.0,231.0,13.0
8101,35.0,83.0,14.0
8102,22.0,58.0,12.0
8103,23.0,51.0,13.0
8104,40.0,63.0,11.0
8105,46.0,96.0,12.0
8106,38.0,77.0,13.0
8107,44.0,73.0,15.0
8108,45.0,79.0,15.0
8109,52.0,72.0,12.0
8110,52.0,61.0,18.0
8111,68.0,79.0,16.0
8112,70.0,122.0,22.0
8113,72.0,165.0,29.0
8114,73.0,140.0,28.0
8115,61.0,164.0,29.0
8116,63.0,137.0,39.0
8117,51.0,143.0,42.0
8118,63.0,95.0,44.0
8119,65.0,124.0,43.0
8120,65.0,113.0,28.0
8121,77.0,159.0,24.0
8122,143.0,249.0,37.0
8123,123.0,257.0,51.0
8124,63.0,229.0,32.0
8125,76.0,181.0,44.0
8126,84.0,134.0,55.0
8127,112.0,185.0,72.0
8128,159.0,165.0,85.0
8129,151.0,109.0,99.0
8130,141.0,91.0,108.0
8131,123.0,106.0,120.0
8132,78.0,112.0,117.0
8133,74.0,80.0,105.0
8134,65.0,57.0,99.0
8135,72.0,53.0,106.0
8136,106.0,56.0,127.0
8137,102.0,56.0,144.0
8138,92.0,70.0,141.0
8139,95.0,126.0,134.0
8140,137.0,121.0,132.0
8141,142.0,138.0,96.0
8142,133.0,89.0,92.0
8143,111.0,69.0,86.0
8144,104.0,85.0,109.0
8145,157.0,42.0,120.0
8146,264.0,40.0,145.0
8147,202.0,33.0,134.0
8148,82.0,47.0,119.0
8149,101.0,58.0,134.0
8150,112.0,48.0,125.0
8151,137.0,51.0,144.0
8152,148.0,28.0,132.0
8153,146.0,32.0,113.0
8154,137.0,28.0,68.0
8155,124.0,32.0,52.0
8156,120.0,33.0,50.0
8157,107.0,28.0,40.0
8158,76.0,24.0,31.0
8159,80.0,14.0,22.0
8160,94.0,11.0,19.0
8161,113.0,10.0,25.0
8162,82.0,14.0,15.0
8163,70.0,13.0,10.0
8164,79.0,15.0,15.0
8165,78.0,13.0,10.0
8166,102.0,17.0,5.0
8167,83.0,17.0,6.0
8168,76.0,30.0,8.0
8169,67.0,24.0,12.0
8170,55.0,25.0,19.0
8171,51.0,25.0,10.0
8172,75.0,19.0,6.0
8173,103.0,30.0,5.0
8174,81.0,37.0,9.0
8175,75.0,48.0,10.0
8176,73.0,53.0,12.0
8177,74.0,54.0,16.0
8178,56.0,64.0,17.0
8179,49.0,73.0,15.0
8180,46.0,77.0,12.0
8181,45.0,63.0,10.0
8182,41.0,56.0,8.0
8183,53.0,59.0,6.0
8184,97.0,57.0,9.0
8185,133.0,70.0,8.0
8186,155.0,138.0,9.0
8187,79.0,127.0,8.0
8188,106.0,92.0,3.0
8189,133.0,104.0,
8190,166.0,107.0,
8191,171.0,59.0,2.0
8192,153.0,67.0,6.0
8193,173.0,53.0,11.0
8194,161.0,170.0,17.0
8195,162.0,151.0,25.0
8196,155.0,145.0,32.0
8197,132.0,79.0,46.0
8198,100.0,66.0,64.0
8199,103.0,72.0,65.0
8200,100.0,80.0,60.0
8201,89.0,90.0,61.0
8202,107.0,86.0,72.0
8203,117.0,82.0,81.0
8204,112.0,52.0,81.0
8205,124.0,223.0,83.0
8206,106.0,274.0,61.0
8207,180.0,225.0,37.0
8208,225.0,341.0,39.0
8209,219.0,237.0,43.0
8210,209.0,168.0,49.0
8211,172.0,191.0,56.0
8212,153.0,107.0,50.0
8213,147.0,79.0,54.0
8214,132.0,87.0,74.0
8215,113.0,77.0,59.0
8216,108.0,97.0,63.0
8217,115.0,122.0,59.0
8218,262.0,168.0,59.0
8219,270.0,266.0,57.0
8220,212.0,102.0,81.0
8221,110.0,88.0,84.0
8222,101.0,57.0,86.0
8223,121.0,47.0,93.0
8224,106.0,63.0,104.0
8225,116.0,77.0,124.0
8226,114.0,79.0,135.0
8227,138.0,66.0,138.0
8228,108.0,74.0,163.0
8229,75.0,59.0,184.0
8230,70.0,51.0,191.0
8231,104.0,51.0,168.0
8232,198.0,39.0,137.0
8233,256.0,53.0,137.0
8234,185.0,55.0,91.0
8235,210.0,49.0,86.0
8236,120.0,54.0,50.0
8237,89.0,42.0,103.0
8238,119.0,31.0,97.0
8239,113.0,27.0,68.0
8240,93.0,36.0,77.0
8241,91.0,35.0,94.0
8242,124.0,29.0,134.0
8243,235.0,24.0,136.0
8244,161.0,29.0,97.0
8245,177.0,29.0,55.0
8246,191.0,36.0,67.0
8247,140.0,36.0,81.0
8248,130.0,46.0,48.0
8249,127.0,42.0,34.0
8250,129.0,45.0,30.0
8251,107.0,46.0,31.0
8252,89.0,41.0,38.0
8253,80.0,35.0,98.0
8254,79.0,37.0,166.0
8255,100.0,35.0,134.0
8256,128.0,62.0,186.0
8257,127.0,64.0,221.0
8258,126.0,73.0,162.0
8259,108.0,92.0,122.0
8260,91.0,67.0,152.0
8261,123.0,74.0,143.0
8262,107.0,81.0,69.0
8263,100.0,80.0,78.0
8264,99.0,85.0,116.0
8265,92.0,115.0,135.0
8266,112.0,160.0,267.0
8267,162.0,350.0,235.0
8268,108.0,191.0,132.0
8269,84.0,95.0,56.0
8270,72.0,93.0,70.0
8271,83.0,108.0,83.0
8272,67.0,125.0,86.0
8273,60.0,127.0,100.0
8274,40.0,122.0,115.0
8275,41.0,102.0,120.0
8276,47.0,86.0,
8277,43.0,77.0,75.0
8278,47.0,63.0,
8279,47.0,60.0,
8280,40.0,52.0,48.0
8281,43.0,132.0,55.0
8282,35.0,168.0,45.0
8283,74.0,122.0,28.0
8284,96.0,103.0,27.0
8285,65.0,95.0,14.0
8286,57.0,104.0,11.0
8287,64.0,125.0,22.0
8288,63.0,115.0,23.0
8289,146.0,140.0,29.0
8290,212.0,304.0,41.0
8291,164.0,252.0,39.0
8292,151.0,116.0,34.0
8293,138.0,76.0,39.0
8294,121.0,76.0,43.0
8295,95.0,106.0,55.0
8296,123.0,82.0,48.0
8297,126.0,65.0,41.0
8298,134.0,61.0,41.0
8299,130.0,59.0,35.0
8300,120.0,50.0,27.0
8301,119.0,36.0,28.0
8302,109.0,39.0,26.0
8303,142.0,52.0,18.0
8304,206.0,57.0,14.0
8305,151.0,43.0,16.0
8306,129.0,23.0,11.0
8307,91.0,32.0,12.0
8308,124.0,40.0,70.0
8309,112.0,37.0,103.0
8310,106.0,33.0,67.0
8311,122.0,41.0,99.0
8312,63.0,38.0,97.0
8313,161.0,31.0,133.0
8314,259.0,31.0,127.0
8315,404.0,30.0,61.0
8316,238.0,37.0,76.0
8317,124.0,44.0,79.0
8318,88.0,43.0,63.0
8319,118.0,58.0,66.0
8320,84.0,74.0,82.0
8321,83.0,67.0,66.0
8322,84.0,70.0,42.0
8323,63.0,56.0,34.0
8324,77.0,36.0,43.0
8325,97.0,34.0,51.0
8326,322.0,35.0,59.0
8327,366.0,48.0,145.0
8328,593.0,54.0,134.0
8329,308.0,48.0,180.0
8330,314.0,44.0,178.0
8331,218.0,20.0,124.0
8332,200.0,17.0,98.0
8333,99.0,22.0,114.0
8334,67.0,13.0,103.0
8335,74.0,20.0,115.0
8336,67.0,26.0,94.0
8337,55.0,14.0,161.0
8338,70.0,16.0,244.0
8339,61.0,27.0,314.0
8340,56.0,26.0,239.0
8341,96.0,19.0,119.0
8342,88.0,21.0,86.0
8343,77.0,20.0,89.0
8344,57.0,46.0,124.0
8345,58.0,33.0,126.0
8346,60.0,29.0,115.0
8347,58.0,23.0,88.0
8348,60.0,25.0,88.0
8349,82.0,22.0,120.0
8350,74.0,18.0,245.0
8351,163.0,11.0,290.0
8352,170.0,15.0,292.0
8353,193.0,22.0,215.0
8354,142.0,23.0,155.0
8355,142.0,26.0,161.0
8356,138.0,24.0,162.0
8357,145.0,27.0,111.0
8358,134.0,24.0,143.0
8359,93.0,23.0,95.0
8360,84.0,22.0,128.0
8361,150.0,22.0,136.0
8362,256.0,34.0,188.0
8363,205.0,39.0,243.0
8364,100.0,57.0,180.0
8365,67.0,64.0,122.0
8366,69.0,51.0,131.0
8367,,57.0,118.0
8368,157.0,62.0,85.0
8369,166.0,59.0,107.0
8370,125.0,,102.0
8371,51.0,130.0,92.0
8372,46.0,,63.0
8373,54.0,202.0,49.0
8374,50.0,158.0,56.0
8375,138.0,262.0,47.0
8376,200.0,203.0,41.0
8377,210.0,147.0,62.0
8378,161.0,86.0,108.0
8379,128.0,51.0,71.0
8380,149.0,44.0,36.0
8381,115.0,34.0,49.0
8382,99.0,30.0,46.0
8383,106.0,35.0,53.0
8384,95.0,26.0,53.0
8385,157.0,34.0,53.0
8386,286.0,39.0,56.0
8387,238.0,52.0,63.0
8388,168.0,148.0,77.0
8389,100.0,65.0,65.0
8390,84.0,58.0,53.0
8391,82.0,64.0,52.0
8392,72.0,74.0,79.0
8393,68.0,65.0,81.0
8394,75.0,40.0,59.0
8395,81.0,44.0,48.0
8396,69.0,46.0,43.0
8397,66.0,36.0,43.0
8398,71.0,32.0,116.0
8399,77.0,34.0,144.0
8400,57.0,42.0,150.0
8401,47.0,59.0,110.0
8402,67.0,119.0,93.0
8403,41.0,85.0,86.0
8404,48.0,88.0,87.0
8405,48.0,76.0,74.0
8406,36.0,65.0,92.0
8407,27.0,53.0,89.0
8408,34.0,67.0,63.0
8409,35.0,65.0,88.0
8410,31.0,81.0,126.0
8411,38.0,83.0,131.0
8412,44.0,60.0,130.0
8413,50.0,29.0,155.0
8414,47.0,23.0,126.0
8415,41.0,23.0,105.0
8416,44.0,31.0,100.0
8417,44.0,25.0,90.0
8418,36.0,27.0,288.0
8419,45.0,45.0,114.0
8420,56.0,44.0,70.0
8421,52.0,53.0,63.0
8422,40.0,91.0,67.0
8423,39.0,164.0,98.0
8424,32.0,118.0,166.0
8425,27.0,112.0,119.0
8426,22.0,110.0,84.0
8427,24.0,109.0,73.0
8428,27.0,114.0,68.0
8429,33.0,76.0,59.0
8430,17.0,62.0,53.0
8431,16.0,56.0,44.0
8432,21.0,62.0,49.0
8433,26.0,80.0,59.0
8434,23.0,98.0,59.0
8435,28.0,158.0,62.0
8436,28.0,125.0,50.0
8437,19.0,60.0,53.0
8438,26.0,36.0,54.0
8439,28.0,72.0,57.0
8440,33.0,104.0,56.0
8441,28.0,88.0,47.0
8442,31.0,61.0,44.0
8443,37.0,42.0,44.0
8444,32.0,32.0,45.0
8445,34.0,33.0,45.0
8446,17.0,26.0,47.0
8447,19.0,28.0,45.0
8448,23.0,24.0,42.0
8449,32.0,20.0,40.0
8450,25.0,17.0,72.0
8451,42.0,18.0,94.0
8452,47.0,16.0,56.0
8453,78.0,97.0,54.0
8454,99.0,168.0,45.0
8455,75.0,145.0,152.0
8456,62.0,145.0,82.0
8457,67.0,158.0,104.0
8458,87.0,74.0,141.0
8459,64.0,167.0,94.0
8460,64.0,78.0,74.0
8461,69.0,61.0,61.0
8462,68.0,77.0,71.0
8463,88.0,49.0,72.0
8464,87.0,31.0,69.0
8465,110.0,33.0,72.0
8466,104.0,40.0,67.0
8467,101.0,36.0,59.0
8468,86.0,36.0,52.0
8469,72.0,33.0,26.0
8470,86.0,36.0,16.0
8471,80.0,36.0,26.0
8472,92.0,46.0,18.0
8473,98.0,42.0,23.0
8474,153.0,54.0,25.0
8475,128.0,77.0,29.0
8476,120.0,93.0,24.0
8477,110.0,117.0,17.0
8478,101.0,76.0,10.0
8479,119.0,105.0,14.0
8480,99.0,147.0,17.0
8481,144.0,147.0,32.0
8482,228.0,127.0,39.0
8483,334.0,200.0,46.0
8484,173.0,149.0,47.0
8485,87.0,141.0,45.0
8486,31.0,107.0,45.0
8487,60.0,129.0,52.0
8488,49.0,112.0,56.0
8489,43.0,81.0,55.0
8490,37.0,115.0,60.0
8491,49.0,109.0,63.0
8492,36.0,66.0,47.0
8493,34.0,61.0,32.0
8494,28.0,69.0,32.0
8495,22.0,69.0,28.0
8496,26.0,62.0,38.0
8497,21.0,85.0,34.0
8498,23.0,108.0,44.0
8499,17.0,84.0,31.0
8500,26.0,113.0,47.0
8501,30.0,90.0,56.0
8502,28.0,203.0,117.0
8503,31.0,160.0,74.0
8504,28.0,110.0,99.0
8505,24.0,121.0,97.0
8506,23.0,96.0,83.0
8507,30.0,92.0,91.0
8508,30.0,157.0,132.0
8509,22.0,164.0,116.0
8510,30.0,157.0,94.0
8511,35.0,106.0,120.0
8512,38.0,102.0,95.0
8513,46.0,82.0,67.0
8514,49.0,80.0,70.0
8515,54.0,108.0,80.0
8516,58.0,105.0,57.0
8517,53.0,108.0,40.0
8518,59.0,172.0,28.0
8519,55.0,154.0,28.0
8520,58.0,189.0,27.0
8521,55.0,195.0,23.0
8522,57.0,174.0,24.0
8523,59.0,165.0,22.0
8524,71.0,172.0,29.0
8525,135.0,146.0,41.0
8526,152.0,141.0,43.0
8527,143.0,182.0,61.0
8528,157.0,131.0,69.0
8529,171.0,274.0,46.0
8530,185.0,246.0,28.0
8531,179.0,231.0,27.0
8532,307.0,201.0,23.0
8533,151.0,226.0,18.0
8534,97.0,196.0,31.0
8535,81.0,166.0,24.0
8536,83.0,90.0,43.0
8537,95.0,84.0,45.0
8538,95.0,94.0,29.0
8539,84.0,88.0,31.0
8540,80.0,94.0,24.0
8541,110.0,74.0,29.0
8542,100.0,59.0,28.0
8543,79.0,63.0,22.0
8544,86.0,45.0,15.0
8545,74.0,39.0,17.0
8546,168.0,29.0,16.0
8547,149.0,30.0,14.0
8548,79.0,27.0,13.0
8549,71.0,24.0,10.0
8550,56.0,28.0,16.0
8551,40.0,37.0,27.0
8552,31.0,48.0,39.0
8553,34.0,50.0,43.0
8554,42.0,59.0,54.0
8555,46.0,62.0,55.0
8556,59.0,66.0,49.0
8557,59.0,54.0,46.0
8558,60.0,61.0,45.0
8559,71.0,59.0,53.0
8560,69.0,51.0,44.0
8561,69.0,48.0,34.0
8562,57.0,60.0,31.0
8563,53.0,73.0,25.0
8564,48.0,69.0,23.0
8565,50.0,66.0,34.0
8566,49.0,73.0,24.0
8567,53.0,63.0,21.0
8568,51.0,62.0,19.0
8569,54.0,61.0,20.0
8570,49.0,68.0,49.0
8571,48.0,67.0,57.0
8572,43.0,62.0,46.0
8573,41.0,71.0,37.0
8574,37.0,70.0,374.0
8575,32.0,82.0,177.0
8576,31.0,88.0,138.0
8577,40.0,83.0,122.0
8578,58.0,34.0,83.0
8579,33.0,39.0,154.0
8580,36.0,59.0,113.0
8581,46.0,240.0,45.0
8582,44.0,251.0,47.0
8583,49.0,156.0,48.0
8584,47.0,118.0,93.0
8585,111.0,149.0,71.0
8586,57.0,59.0,50.0
8587,55.0,35.0,48.0
8588,52.0,48.0,55.0
8589,69.0,56.0,43.0
8590,62.0,57.0,42.0
8591,56.0,52.0,117.0
8592,49.0,55.0,176.0
8593,51.0,225.0,133.0
8594,51.0,127.0,99.0
8595,44.0,107.0,81.0
8596,57.0,100.0,85.0
8597,66.0,96.0,58.0
8598,71.0,71.0,56.0
8599,80.0,76.0,48.0
8600,74.0,77.0,61.0
8601,62.0,56.0,141.0
8602,78.0,39.0,214.0
8603,89.0,33.0,340.0
8604,72.0,28.0,196.0
8605,68.0,27.0,85.0
8606,58.0,25.0,103.0
8607,71.0,28.0,67.0
8608,64.0,17.0,64.0
8609,58.0,22.0,103.0
8610,49.0,18.0,84.0
8611,54.0,23.0,82.0
8612,64.0,33.0,78.0
8613,89.0,33.0,79.0
8614,67.0,27.0,83.0
8615,86.0,25.0,185.0
8616,121.0,19.0,201.0
8617,137.0,19.0,171.0
8618,123.0,22.0,155.0
8619,104.0,17.0,203.0
8620,90.0,20.0,189.0
8621,94.0,25.0,159.0
8622,89.0,21.0,123.0
8623,75.0,10.0,117.0
8624,77.0,8.0,98.0
8625,116.0,12.0,62.0
8626,144.0,14.0,50.0
8627,201.0,18.0,45.0
8628,148.0,45.0,42.0
8629,94.0,62.0,39.0
8630,63.0,59.0,34.0
8631,59.0,58.0,25.0
8632,74.0,81.0,31.0
8633,90.0,89.0,34.0
8634,78.0,94.0,43.0
8635,81.0,82.0,48.0
8636,79.0,78.0,48.0
8637,95.0,76.0,46.0
8638,74.0,74.0,36.0
8639,57.0,65.0,39.0
8640,41.0,76.0,55.0
8641,40.0,122.0,69.0
8642,35.0,139.0,65.0
8643,39.0,,69.0
8644,72.0,150.0,58.0
8645,44.0,109.0,45.0
8646,99.0,107.0,41.0
8647,60.0,117.0,59.0
8648,84.0,101.0,54.0
8649,82.0,119.0,81.0
8650,129.0,135.0,90.0
8651,167.0,185.0,135.0
8652,112.0,157.0,115.0
8653,59.0,97.0,121.0
8654,60.0,67.0,185.0
8655,43.0,74.0,132.0
8656,46.0,77.0,105.0
8657,58.0,63.0,101.0
8658,59.0,58.0,71.0
8659,51.0,,83.0
8660,48.0,,77.0
8661,48.0,64.0,63.0
8662,36.0,,50.0
8663,120.0,55.0,52.0
8664,144.0,43.0,55.0
8665,118.0,36.0,63.0
8666,99.0,69.0,98.0
8667,112.0,122.0,104.0
8668,84.0,110.0,119.0
8669,120.0,75.0,99.0
8670,125.0,50.0,84.0
8671,107.0,36.0,73.0
8672,163.0,29.0,187.0
8673,196.0,30.0,246.0
8674,130.0,62.0,227.0
8675,221.0,,241.0
8676,144.0,52.0,159.0
8677,151.0,36.0,112.0
8678,55.0,33.0,79.0
8679,50.0,59.0,56.0
8680,66.0,55.0,47.0
8681,72.0,54.0,60.0
8682,65.0,55.0,62.0
8683,59.0,55.0,66.0
8684,62.0,49.0,70.0
8685,66.0,37.0,65.0
8686,182.0,38.0,57.0
8687,201.0,32.0,111.0
8688,143.0,34.0,169.0
8689,178.0,32.0,177.0
8690,202.0,60.0,140.0
8691,189.0,80.0,94.0
8692,173.0,87.0,83.0
8693,193.0,81.0,73.0
8694,136.0,76.0,65.0
8695,54.0,64.0,65.0
8696,58.0,63.0,75.0
8697,62.0,120.0,103.0
8698,66.0,144.0,147.0
8699,109.0,214.0,216.0
8700,145.0,121.0,177.0
8701,210.0,50.0,
8702,164.0,51.0,229.0
8703,119.0,47.0,96.0
8704,88.0,50.0,87.0
8705,54.0,51.0,78.0
8706,64.0,46.0,69.0
8707,70.0,51.0,71.0
8708,86.0,47.0,69.0
8709,77.0,54.0,88.0
8710,66.0,49.0,45.0
8711,48.0,40.0,52.0
8712,52.0,93.0,101.0
8713,57.0,119.0,124.0
8714,67.0,137.0,127.0
8715,91.0,128.0,150.0
8716,73.0,93.0,74.0
8717,74.0,76.0,54.0
8718,43.0,68.0,58.0
8719,79.0,66.0,46.0
8720,77.0,73.0,43.0
8721,79.0,115.0,58.0
8722,147.0,152.0,76.0
8723,296.0,192.0,94.0
8724,158.0,121.0,80.0
8725,73.0,70.0,66.0
8726,69.0,40.0,33.0
8727,83.0,42.0,28.0
8728,65.0,45.0,28.0
8729,59.0,50.0,26.0
8730,64.0,40.0,37.0
8731,63.0,28.0,33.0
8732,59.0,30.0,38.0
8733,64.0,34.0,90.0
8734,78.0,60.0,109.0
8735,288.0,117.0,100.0
8736,296.0,123.0,99.0
8737,222.0,108.0,101.0
8738,178.0,112.0,83.0
8739,146.0,111.0,76.0
8740,104.0,93.0,68.0
8741,124.0,80.0,79.0
8742,114.0,71.0,83.0
8743,67.0,60.0,83.0
8744,61.0,53.0,98.0
8745,130.0,51.0,117.0
8746,102.0,51.0,298.0
8747,141.0,59.0,303.0
8748,78.0,68.0,175.0
8749,39.0,48.0,93.0
8750,39.0,22.0,95.0
8751,32.0,24.0,132.0
8752,42.0,28.0,83.0
8753,49.0,54.0,65.0
8754,41.0,49.0,50.0
8755,44.0,53.0,48.0
8756,57.0,77.0,65.0
8757,82.0,123.0,98.0
8758,108.0,227.0,132.0
8759,197.0,286.0,144.0
8760,266.0,369.0,135.0
