hour_of_year,pm10_2022,pm10_2023,pm10_2024
1,411.0,222.0,945.0
2,359.0,311.0,945.0
3,378.0,723.0,998.0
4,255.0,473.0,913.0
5,228.0,372.0,708.0
6,169.0,285.0,527.0
7,155.0,173.0,385.0
8,156.0,212.0,208.0
9,150.0,125.0,172.0
10,100.0,144.0,123.0
11,66.0,146.0,82.0
12,59.0,114.0,79.0
13,61.0,88.0,66.0
14,40.0,92.0,44.0
15,68.0,71.0,38.0
16,72.0,49.0,33.0
17,61.0,40.0,34.0
18,35.0,65.0,33.0
19,33.0,98.0,51.0
20,34.0,90.0,61.0
21,40.0,106.0,69.0
22,58.0,123.0,59.0
23,87.0,81.0,53.0
24,105.0,79.0,46.0
25,114.0,74.0,47.0
26,118.0,76.0,34.0
27,96.0,82.0,32.0
28,111.0,67.0,42.0
29,127.0,56.0,36.0
30,156.0,52.0,30.0
31,97.0,54.0,37.0
32,172.0,59.0,32.0
33,142.0,66.0,30.0
34,121.0,102.0,31.0
35,79.0,154.0,34.0
36,78.0,127.0,27.0
37,75.0,,27.0
38,58.0,,27.0
39,44.0,236.0,36.0
40,43.0,67.0,39.0
41,43.0,73.0,41.0
42,48.0,81.0,51.0
43,54.0,76.0,57.0
44,52.0,94.0,54.0
45,46.0,118.0,59.0
46,37.0,154.0,138.0
47,28.0,196.0,108.0
48,28.0,146.0,71.0
49,28.0,142.0,52.0
50,31.0,206.0,43.0
51,31.0,228.0,29.0
52,38.0,190.0,28.0
53,33.0,127.0,29.0
54,42.0,72.0,27.0
55,35.0,76.0,22.0
56,32.0,92.0,23.0
57,55.0,96.0,34.0
58,61.0,89.0,44.0
59,48.0,101.0,53.0
60,50.0,102.0,81.0
61,54.0,78.0,76.0
62,37.0,64.0,74.0
63,43.0,62.0,52.0
64,47.0,66.0,65.0
65,47.0,72.0,
66,46.0,76.0,48.0
67,41.0,88.0,47.0
68,43.0,79.0,70.0
69,51.0,76.0,68.0
70,45.0,89.0,64.0
71,47.0,76.0,51.0
72,40.0,66.0,53.0
73,45.0,92.0,46.0
74,34.0,100.0,40.0
75,25.0,170.0,47.0
76,27.0,220.0,50.0
77,45.0,169.0,49.0
78,38.0,136.0,43.0
79,35.0,162.0,35.0
80,35.0,198.0,40.0
81,42.0,231.0,44.0
82,51.0,233.0,57.0
83,57.0,186.0,57.0
84,49.0,104.0,50.0
85,74.0,63.0,38.0
86,94.0,72.0,38.0
87,106.0,72.0,40.0
88,98.0,78.0,41.0
89,89.0,77.0,42.0
90,96.0,74.0,47.0
91,87.0,76.0,45.0
92,76.0,74.0,51.0
93,96.0,89.0,52.0
94,104.0,103.0,53.0
95,127.0,119.0,62.0
96,122.0,105.0,51.0
97,124.0,89.0,44.0
98,130.0,66.0,33.0
99,122.0,68.0,45.0
100,127.0,81.0,34.0
101,132.0,80.0,26.0
102,174.0,69.0,24.0
103,172.0,82.0,25.0
104,231.0,92.0,35.0
105,262.0,87.0,41.0
106,141.0,89.0,44.0
107,125.0,143.0,60.0
108,152.0,171.0,60.0
109,146.0,149.0,59.0
110,86.0,127.0,69.0
111,62.0,92.0,60.0
112,81.0,102.0,57.0
113,65.0,93.0,57.0
114,84.0,111.0,64.0
115,87.0,92.0,65.0
116,63.0,80.0,77.0
117,70.0,111.0,67.0
118,62.0,120.0,77.0
119,69.0,92.0,69.0
120,86.0,74.0,65.0
121,68.0,69.0,75.0
122,84.0,60.0,71.0
123,109.0,70.0,122.0
124,110.0,59.0,161.0
125,104.0,48.0,104.0
126,121.0,53.0,94.0
127,128.0,52.0,91.0
128,172.0,51.0,75.0
129,188.0,53.0,117.0
130,179.0,77.0,138.0
131,185.0,86.0,137.0
132,206.0,103.0,110.0
133,126.0,123.0,88.0
134,83.0,91.0,68.0
135,99.0,85.0,61.0
136,78.0,102.0,70.0
137,85.0,79.0,71.0
138,86.0,76.0,66.0
139,79.0,73.0,74.0
140,82.0,77.0,84.0
141,92.0,98.0,160.0
142,75.0,118.0,184.0
143,78.0,164.0,163.0
144,124.0,179.0,183.0
145,75.0,207.0,180.0
146,67.0,118.0,170.0
147,59.0,106.0,156.0
148,41.0,73.0,119.0
149,40.0,54.0,101.0
150,44.0,59.0,80.0
151,36.0,68.0,62.0
152,40.0,82.0,61.0
153,37.0,82.0,63.0
154,41.0,93.0,61.0
155,49.0,128.0,62.0
156,44.0,124.0,74.0
157,52.0,95.0,51.0
158,57.0,78.0,52.0
159,64.0,69.0,55.0
160,65.0,,53.0
161,74.0,57.0,63.0
162,86.0,81.0,68.0
163,83.0,93.0,81.0
164,93.0,102.0,80.0
165,79.0,87.0,66.0
166,69.0,85.0,72.0
167,62.0,72.0,54.0
168,62.0,63.0,39.0
169,54.0,73.0,42.0
170,52.0,64.0,40.0
171,56.0,61.0,40.0
172,61.0,65.0,42.0
173,54.0,62.0,41.0
174,49.0,53.0,41.0
175,59.0,54.0,43.0
176,71.0,48.0,50.0
177,78.0,54.0,64.0
178,76.0,43.0,100.0
179,82.0,51.0,142.0
180,98.0,49.0,114.0
181,111.0,50.0,169.0
182,121.0,49.0,196.0
183,144.0,51.0,128.0
184,131.0,46.0,115.0
185,105.0,52.0,94.0
186,97.0,63.0,87.0
187,98.0,68.0,82.0
188,126.0,73.0,131.0
189,127.0,78.0,301.0
190,110.0,77.0,244.0
191,85.0,79.0,136.0
192,77.0,73.0,99.0
193,111.0,64.0,71.0
194,121.0,63.0,71.0
195,123.0,62.0,91.0
196,141.0,61.0,121.0
197,155.0,50.0,161.0
198,156.0,40.0,139.0
199,149.0,41.0,114.0
200,181.0,44.0,118.0
201,180.0,60.0,132.0
202,171.0,73.0,192.0
203,161.0,86.0,170.0
204,125.0,107.0,141.0
205,97.0,111.0,136.0
206,74.0,93.0,134.0
207,66.0,74.0,141.0
208,46.0,67.0,127.0
209,48.0,63.0,129.0
210,51.0,67.0,147.0
211,54.0,69.0,
212,50.0,68.0,220.0
213,47.0,73.0,147.0
214,47.0,78.0,144.0
215,46.0,78.0,144.0
216,50.0,68.0,138.0
217,51.0,68.0,133.0
218,60.0,83.0,118.0
219,44.0,96.0,146.0
220,49.0,96.0,159.0
221,104.0,152.0,129.0
222,73.0,166.0,136.0
223,52.0,128.0,118.0
224,30.0,123.0,167.0
225,32.0,138.0,205.0
226,32.0,179.0,179.0
227,36.0,227.0,163.0
228,45.0,213.0,231.0
229,47.0,240.0,
230,39.0,186.0,287.0
231,36.0,148.0,237.0
232,34.0,132.0,235.0
233,35.0,115.0,210.0
234,39.0,90.0,190.0
235,36.0,95.0,174.0
236,35.0,100.0,180.0
237,32.0,127.0,177.0
238,30.0,101.0,185.0
239,24.0,96.0,206.0
240,31.0,95.0,217.0
241,28.0,112.0,176.0
242,28.0,110.0,217.0
243,28.0,157.0,352.0
244,25.0,157.0,323.0
245,25.0,123.0,219.0
246,28.0,102.0,177.0
247,28.0,96.0,188.0
248,25.0,111.0,220.0
249,32.0,148.0,237.0
250,27.0,168.0,235.0
251,32.0,183.0,224.0
252,46.0,176.0,288.0
253,43.0,217.0,
254,53.0,189.0,181.0
255,62.0,187.0,116.0
256,50.0,147.0,81.0
257,47.0,122.0,72.0
258,47.0,98.0,81.0
259,50.0,89.0,104.0
260,48.0,125.0,93.0
261,44.0,150.0,148.0
262,50.0,186.0,242.0
263,50.0,236.0,273.0
264,43.0,241.0,281.0
265,39.0,239.0,337.0
266,36.0,294.0,315.0
267,43.0,244.0,268.0
268,37.0,207.0,213.0
269,42.0,144.0,267.0
270,34.0,106.0,136.0
271,87.0,148.0,149.0
272,100.0,480.0,503.0
273,77.0,623.0,625.0
274,75.0,331.0,621.0
275,73.0,252.0,642.0
276,59.0,199.0,602.0
277,71.0,126.0,546.0
278,68.0,67.0,360.0
279,89.0,55.0,217.0
280,103.0,44.0,184.0
281,94.0,54.0,181.0
282,85.0,62.0,176.0
283,80.0,61.0,227.0
284,87.0,71.0,195.0
285,110.0,81.0,147.0
286,119.0,59.0,122.0
287,54.0,56.0,94.0
288,58.0,54.0,91.0
289,55.0,50.0,99.0
290,67.0,43.0,81.0
291,70.0,39.0,76.0
292,94.0,36.0,79.0
293,96.0,41.0,96.0
294,82.0,35.0,108.0
295,141.0,40.0,114.0
296,131.0,54.0,96.0
297,127.0,64.0,115.0
298,160.0,74.0,156.0
299,168.0,65.0,141.0
300,142.0,56.0,150.0
301,124.0,,152.0
302,101.0,47.0,139.0
303,81.0,45.0,144.0
304,69.0,59.0,127.0
305,66.0,60.0,128.0
306,66.0,76.0,131.0
307,77.0,81.0,136.0
308,96.0,104.0,133.0
309,87.0,91.0,133.0
310,81.0,88.0,132.0
311,58.0,67.0,145.0
312,62.0,59.0,143.0
313,67.0,61.0,171.0
314,81.0,62.0,153.0
315,99.0,58.0,151.0
316,102.0,62.0,141.0
317,128.0,106.0,173.0
318,111.0,80.0,125.0
319,158.0,64.0,110.0
320,118.0,57.0,106.0
321,154.0,80.0,113.0
322,251.0,74.0,168.0
323,220.0,82.0,183.0
324,186.0,95.0,198.0
325,146.0,112.0,160.0
326,100.0,90.0,126.0
327,108.0,67.0,123.0
328,114.0,67.0,120.0
329,124.0,65.0,105.0
330,96.0,71.0,100.0
331,80.0,84.0,97.0
332,71.0,79.0,93.0
333,91.0,85.0,103.0
334,122.0,91.0,105.0
335,163.0,112.0,123.0
336,191.0,129.0,144.0
337,201.0,124.0,144.0
338,215.0,89.0,72.0
339,165.0,84.0,46.0
340,136.0,68.0,65.0
341,140.0,56.0,62.0
342,99.0,51.0,58.0
343,,52.0,54.0
344,,49.0,62.0
345,,55.0,56.0
346,,62.0,61.0
347,,81.0,58.0
348,,91.0,59.0
349,2.0,106.0,63.0
350,,117.0,61.0
351,88.0,118.0,68.0
352,107.0,108.0,68.0
353,103.0,97.0,74.0
354,85.0,98.0,76.0
355,86.0,95.0,66.0
356,91.0,91.0,60.0
357,123.0,100.0,53.0
358,143.0,112.0,58.0
359,143.0,112.0,42.0
360,143.0,128.0,42.0
361,123.0,137.0,45.0
362,114.0,134.0,38.0
363,110.0,127.0,35.0
364,104.0,119.0,24.0
365,82.0,92.0,23.0
366,73.0,70.0,23.0
367,74.0,64.0,18.0
368,76.0,153.0,20.0
369,80.0,211.0,26.0
370,99.0,145.0,31.0
371,100.0,134.0,30.0
372,75.0,116.0,28.0
373,79.0,105.0,37.0
374,95.0,123.0,35.0
375,90.0,99.0,39.0
376,95.0,61.0,33.0
377,96.0,60.0,37.0
378,88.0,49.0,43.0
379,79.0,111.0,43.0
380,81.0,110.0,57.0
381,90.0,96.0,78.0
382,110.0,96.0,54.0
383,118.0,99.0,54.0
384,140.0,88.0,51.0
385,132.0,96.0,52.0
386,95.0,117.0,40.0
387,91.0,166.0,29.0
388,122.0,187.0,31.0
389,116.0,156.0,25.0
390,98.0,190.0,31.0
391,92.0,157.0,24.0
392,84.0,121.0,31.0
393,116.0,138.0,36.0
394,137.0,247.0,48.0
395,156.0,232.0,45.0
396,138.0,142.0,39.0
397,163.0,95.0,39.0
398,169.0,86.0,46.0
399,84.0,97.0,43.0
400,79.0,108.0,49.0
401,75.0,112.0,56.0
402,84.0,115.0,50.0
403,79.0,112.0,46.0
404,85.0,128.0,49.0
405,68.0,112.0,64.0
406,69.0,99.0,67.0
407,79.0,89.0,71.0
408,81.0,85.0,65.0
409,83.0,102.0,65.0
410,63.0,152.0,88.0
411,67.0,170.0,83.0
412,55.0,123.0,109.0
413,61.0,164.0,156.0
414,53.0,153.0,154.0
415,59.0,148.0,143.0
416,73.0,150.0,139.0
417,75.0,136.0,145.0
418,89.0,156.0,177.0
419,,214.0,224.0
420,,245.0,227.0
421,,154.0,308.0
422,,141.0,241.0
423,,100.0,200.0
424,,63.0,227.0
425,,51.0,234.0
426,,55.0,192.0
427,,54.0,163.0
428,,65.0,137.0
429,,118.0,157.0
430,,122.0,113.0
431,,88.0,122.0
432,,80.0,176.0
433,,81.0,216.0
434,,112.0,206.0
435,,170.0,246.0
436,,129.0,158.0
437,,96.0,172.0
438,,56.0,131.0
439,,63.0,133.0
440,,47.0,240.0
441,,43.0,236.0
442,,55.0,237.0
443,,64.0,338.0
444,,80.0,208.0
445,,68.0,129.0
446,,62.0,95.0
447,,76.0,60.0
448,,76.0,68.0
449,,77.0,89.0
450,43.0,75.0,71.0
451,33.0,72.0,66.0
452,57.0,76.0,64.0
453,64.0,66.0,98.0
454,60.0,62.0,69.0
455,77.0,76.0,68.0
456,79.0,82.0,62.0
457,82.0,74.0,54.0
458,64.0,68.0,49.0
459,52.0,69.0,48.0
460,44.0,77.0,53.0
461,28.0,68.0,51.0
462,26.0,67.0,44.0
463,274.0,53.0,42.0
464,115.0,59.0,43.0
465,78.0,62.0,46.0
466,96.0,97.0,52.0
467,102.0,102.0,58.0
468,106.0,119.0,64.0
469,88.0,110.0,63.0
470,89.0,104.0,67.0
471,72.0,114.0,58.0
472,68.0,102.0,68.0
473,74.0,79.0,77.0
474,60.0,84.0,80.0
475,63.0,69.0,76.0
476,60.0,114.0,71.0
477,58.0,103.0,68.0
478,54.0,87.0,62.0
479,53.0,69.0,43.0
480,43.0,72.0,30.0
481,41.0,66.0,29.0
482,38.0,62.0,28.0
483,40.0,71.0,27.0
484,41.0,61.0,28.0
485,23.0,58.0,37.0
486,22.0,55.0,25.0
487,21.0,54.0,23.0
488,22.0,71.0,20.0
489,27.0,69.0,19.0
490,26.0,76.0,25.0
491,25.0,92.0,37.0
492,25.0,102.0,29.0
493,33.0,144.0,25.0
494,34.0,110.0,23.0
495,45.0,121.0,24.0
496,58.0,124.0,26.0
497,63.0,118.0,30.0
498,63.0,112.0,29.0
499,59.0,136.0,35.0
500,73.0,105.0,44.0
501,61.0,78.0,43.0
502,65.0,81.0,29.0
503,63.0,79.0,34.0
504,57.0,70.0,41.0
505,59.0,67.0,39.0
506,54.0,60.0,35.0
507,45.0,55.0,51.0
508,60.0,54.0,68.0
509,56.0,52.0,55.0
510,55.0,50.0,49.0
511,39.0,59.0,50.0
512,33.0,57.0,37.0
513,51.0,54.0,41.0
514,57.0,44.0,49.0
515,62.0,43.0,53.0
516,61.0,45.0,53.0
517,50.0,40.0,51.0
518,44.0,46.0,70.0
519,50.0,50.0,90.0
520,55.0,59.0,125.0
521,45.0,61.0,115.0
522,31.0,68.0,88.0
523,23.0,81.0,101.0
524,25.0,86.0,96.0
525,26.0,80.0,149.0
526,26.0,84.0,206.0
527,29.0,87.0,173.0
528,35.0,70.0,157.0
529,28.0,58.0,172.0
530,26.0,61.0,185.0
531,21.0,63.0,173.0
532,18.0,65.0,119.0
533,16.0,56.0,116.0
534,14.0,45.0,111.0
535,16.0,49.0,111.0
536,18.0,68.0,104.0
537,17.0,71.0,124.0
538,19.0,50.0,134.0
539,21.0,47.0,142.0
540,21.0,46.0,185.0
541,20.0,37.0,120.0
542,20.0,26.0,108.0
543,21.0,,
544,22.0,215.0,175.0
545,23.0,39.0,77.0
546,30.0,38.0,73.0
547,36.0,36.0,75.0
548,35.0,42.0,71.0
549,33.0,45.0,75.0
550,30.0,42.0,56.0
551,27.0,43.0,48.0
552,35.0,42.0,50.0
553,32.0,49.0,47.0
554,35.0,53.0,48.0
555,30.0,54.0,53.0
556,36.0,56.0,61.0
557,27.0,56.0,65.0
558,26.0,58.0,91.0
559,26.0,62.0,81.0
560,27.0,63.0,107.0
561,24.0,65.0,150.0
562,21.0,61.0,92.0
563,21.0,80.0,55.0
564,23.0,82.0,83.0
565,28.0,68.0,54.0
566,30.0,67.0,45.0
567,32.0,69.0,51.0
568,39.0,64.0,47.0
569,50.0,65.0,46.0
570,57.0,60.0,50.0
571,75.0,74.0,50.0
572,92.0,62.0,51.0
573,122.0,52.0,47.0
574,169.0,53.0,46.0
575,177.0,45.0,48.0
576,190.0,47.0,45.0
577,160.0,46.0,40.0
578,121.0,49.0,32.0
579,70.0,57.0,28.0
580,65.0,35.0,25.0
581,74.0,30.0,22.0
582,74.0,34.0,19.0
583,68.0,38.0,23.0
584,46.0,43.0,45.0
585,56.0,62.0,151.0
586,71.0,81.0,212.0
587,104.0,85.0,88.0
588,141.0,100.0,87.0
589,83.0,75.0,75.0
590,55.0,77.0,66.0
591,71.0,79.0,52.0
592,59.0,77.0,47.0
593,54.0,90.0,46.0
594,54.0,93.0,54.0
595,50.0,84.0,48.0
596,54.0,85.0,47.0
597,53.0,122.0,55.0
598,63.0,104.0,55.0
599,,92.0,46.0
600,54.0,82.0,44.0
601,41.0,61.0,42.0
602,32.0,49.0,43.0
603,40.0,45.0,31.0
604,34.0,40.0,29.0
605,27.0,40.0,33.0
606,27.0,40.0,24.0
607,28.0,55.0,34.0
608,28.0,74.0,38.0
609,35.0,92.0,48.0
610,27.0,68.0,61.0
611,31.0,59.0,86.0
612,31.0,61.0,70.0
613,28.0,66.0,87.0
614,27.0,61.0,71.0
615,25.0,65.0,86.0
616,32.0,56.0,97.0
617,27.0,59.0,101.0
618,31.0,58.0,127.0
619,29.0,65.0,125.0
620,29.0,73.0,115.0
621,31.0,90.0,93.0
622,26.0,77.0,80.0
623,30.0,64.0,83.0
624,36.0,61.0,99.0
625,40.0,64.0,57.0
626,40.0,54.0,41.0
627,38.0,46.0,32.0
628,30.0,46.0,35.0
629,34.0,43.0,34.0
630,30.0,48.0,32.0
631,25.0,53.0,36.0
632,30.0,54.0,50.0
633,25.0,56.0,40.0
634,26.0,47.0,46.0
635,25.0,47.0,51.0
636,36.0,70.0,63.0
637,26.0,68.0,66.0
638,27.0,66.0,51.0
639,29.0,68.0,44.0
640,41.0,80.0,43.0
641,43.0,85.0,43.0
642,44.0,81.0,41.0
643,58.0,76.0,
644,54.0,79.0,70.0
645,53.0,99.0,48.0
646,40.0,105.0,44.0
647,33.0,75.0,41.0
648,24.0,79.0,37.0
649,38.0,76.0,37.0
650,39.0,90.0,51.0
651,42.0,190.0,36.0
652,46.0,134.0,38.0
653,18.0,146.0,41.0
654,15.0,148.0,30.0
655,18.0,113.0,27.0
656,20.0,107.0,39.0
657,17.0,120.0,46.0
658,16.0,129.0,55.0
659,18.0,130.0,52.0
660,18.0,122.0,55.0
661,19.0,125.0,41.0
662,18.0,144.0,31.0
663,15.0,167.0,43.0
664,17.0,191.0,43.0
665,20.0,168.0,48.0
666,30.0,174.0,39.0
667,30.0,164.0,54.0
668,30.0,188.0,46.0
669,38.0,218.0,58.0
670,45.0,273.0,67.0
671,47.0,351.0,61.0
672,40.0,365.0,48.0
673,36.0,389.0,53.0
674,44.0,324.0,42.0
675,42.0,242.0,50.0
676,42.0,226.0,35.0
677,34.0,238.0,29.0
678,33.0,212.0,34.0
679,32.0,174.0,41.0
680,31.0,144.0,47.0
681,35.0,136.0,54.0
682,40.0,129.0,128.0
683,47.0,160.0,60.0
684,47.0,158.0,67.0
685,35.0,143.0,68.0
686,35.0,122.0,66.0
687,35.0,92.0,56.0
688,28.0,76.0,39.0
689,38.0,82.0,41.0
690,42.0,93.0,42.0
691,46.0,97.0,48.0
692,54.0,83.0,53.0
693,56.0,88.0,56.0
694,54.0,90.0,59.0
695,67.0,90.0,72.0
696,65.0,79.0,58.0
697,61.0,74.0,54.0
698,54.0,56.0,53.0
699,73.0,42.0,41.0
700,75.0,38.0,48.0
701,74.0,65.0,50.0
702,83.0,71.0,41.0
703,79.0,75.0,37.0
704,58.0,91.0,30.0
705,82.0,114.0,51.0
706,116.0,152.0,58.0
707,93.0,134.0,102.0
708,63.0,96.0,120.0
709,52.0,90.0,194.0
710,62.0,89.0,111.0
711,52.0,77.0,72.0
712,57.0,79.0,65.0
713,71.0,90.0,73.0
714,69.0,99.0,49.0
715,59.0,82.0,55.0
716,55.0,80.0,69.0
717,56.0,78.0,66.0
718,56.0,68.0,86.0
719,72.0,61.0,86.0
720,78.0,53.0,86.0
721,61.0,56.0,160.0
722,37.0,49.0,110.0
723,36.0,32.0,132.0
724,29.0,27.0,84.0
725,34.0,24.0,51.0
726,29.0,20.0,48.0
727,41.0,18.0,52.0
728,42.0,19.0,83.0
729,60.0,21.0,108.0
730,67.0,21.0,184.0
731,74.0,18.0,140.0
732,64.0,21.0,111.0
733,53.0,26.0,82.0
734,62.0,26.0,80.0
735,56.0,25.0,72.0
736,47.0,27.0,68.0
737,44.0,33.0,54.0
738,43.0,36.0,60.0
739,49.0,30.0,61.0
740,67.0,28.0,54.0
741,70.0,26.0,62.0
742,79.0,25.0,55.0
743,72.0,23.0,59.0
744,126.0,23.0,81.0
745,,,
746,113.0,22.0,40.0
747,124.0,21.0,37.0
748,139.0,20.0,29.0
749,114.0,18.0,37.0
750,62.0,18.0,25.0
751,51.0,21.0,24.0
752,50.0,23.0,31.0
753,94.0,22.0,41.0
754,165.0,24.0,51.0
755,145.0,27.0,78.0
756,103.0,31.0,93.0
757,55.0,34.0,91.0
758,54.0,33.0,100.0
759,68.0,38.0,106.0
760,58.0,37.0,74.0
761,50.0,52.0,73.0
762,48.0,,62.0
763,52.0,62.0,61.0
764,55.0,70.0,54.0
765,77.0,47.0,74.0
766,97.0,41.0,84.0
767,74.0,31.0,105.0
768,56.0,29.0,95.0
769,47.0,28.0,103.0
770,49.0,30.0,70.0
771,53.0,32.0,58.0
772,44.0,30.0,57.0
773,42.0,28.0,52.0
774,50.0,25.0,63.0
775,50.0,29.0,55.0
776,47.0,33.0,73.0
777,60.0,40.0,82.0
778,62.0,43.0,149.0
779,58.0,37.0,167.0
780,72.0,36.0,161.0
781,90.0,39.0,143.0
782,83.0,45.0,148.0
783,75.0,52.0,130.0
784,82.0,56.0,95.0
785,69.0,54.0,
786,64.0,62.0,122.0
787,58.0,63.0,80.0
788,78.0,74.0,70.0
789,111.0,83.0,72.0
790,135.0,77.0,129.0
791,139.0,84.0,113.0
792,148.0,,118.0
793,85.0,132.0,110.0
794,71.0,126.0,108.0
795,,114.0,119.0
796,48.0,96.0,140.0
797,43.0,51.0,122.0
798,60.0,35.0,68.0
799,36.0,30.0,
800,34.0,36.0,
801,38.0,72.0,
802,36.0,120.0,
803,43.0,105.0,107.0
804,35.0,86.0,
805,36.0,57.0,92.0
806,39.0,49.0,
807,33.0,43.0,
808,36.0,40.0,
809,,41.0,
810,37.0,42.0,
811,41.0,36.0,
812,39.0,61.0,
813,36.0,81.0,
814,31.0,81.0,
815,24.0,72.0,
816,23.0,63.0,
817,25.0,56.0,
818,27.0,51.0,
819,25.0,48.0,
820,30.0,46.0,
821,23.0,49.0,
822,25.0,45.0,
823,25.0,55.0,
824,26.0,65.0,
825,32.0,65.0,
826,34.0,94.0,
827,36.0,72.0,
828,37.0,85.0,61.0
829,39.0,78.0,72.0
830,46.0,61.0,62.0
831,40.0,56.0,49.0
832,39.0,54.0,49.0
833,42.0,56.0,42.0
834,39.0,51.0,35.0
835,,61.0,34.0
836,37.0,59.0,37.0
837,40.0,72.0,38.0
838,34.0,84.0,26.0
839,32.0,106.0,36.0
840,34.0,172.0,37.0
841,26.0,141.0,41.0
842,,98.0,32.0
843,29.0,103.0,31.0
844,28.0,90.0,61.0
845,26.0,79.0,82.0
846,32.0,91.0,54.0
847,30.0,83.0,56.0
848,41.0,90.0,51.0
849,45.0,96.0,55.0
850,85.0,79.0,56.0
851,58.0,96.0,55.0
852,66.0,90.0,50.0
853,75.0,95.0,43.0
854,78.0,82.0,42.0
855,46.0,73.0,40.0
856,47.0,70.0,
857,44.0,63.0,200.0
858,49.0,56.0,44.0
859,40.0,60.0,41.0
860,37.0,72.0,43.0
861,37.0,74.0,45.0
862,41.0,85.0,38.0
863,49.0,91.0,28.0
864,42.0,78.0,30.0
865,37.0,73.0,30.0
866,37.0,70.0,26.0
867,36.0,58.0,26.0
868,36.0,38.0,30.0
869,28.0,33.0,33.0
870,48.0,35.0,47.0
871,44.0,35.0,48.0
872,44.0,46.0,85.0
873,50.0,48.0,72.0
874,60.0,60.0,117.0
875,56.0,65.0,115.0
876,73.0,82.0,129.0
877,50.0,93.0,72.0
878,57.0,98.0,51.0
879,56.0,101.0,46.0
880,56.0,103.0,54.0
881,54.0,70.0,47.0
882,60.0,61.0,42.0
883,74.0,63.0,42.0
884,67.0,63.0,51.0
885,57.0,73.0,58.0
886,58.0,86.0,57.0
887,67.0,79.0,54.0
888,51.0,88.0,49.0
889,41.0,88.0,45.0
890,44.0,67.0,42.0
891,44.0,42.0,46.0
892,40.0,39.0,56.0
893,41.0,38.0,59.0
894,46.0,44.0,42.0
895,60.0,51.0,36.0
896,57.0,61.0,46.0
897,51.0,82.0,68.0
898,46.0,89.0,101.0
899,51.0,99.0,68.0
900,33.0,86.0,61.0
901,31.0,89.0,63.0
902,32.0,118.0,63.0
903,36.0,134.0,68.0
904,33.0,127.0,71.0
905,37.0,113.0,62.0
906,35.0,103.0,56.0
907,40.0,102.0,61.0
908,34.0,92.0,67.0
909,50.0,74.0,79.0
910,54.0,68.0,106.0
911,65.0,71.0,126.0
912,62.0,78.0,175.0
913,66.0,63.0,196.0
914,57.0,51.0,211.0
915,50.0,49.0,106.0
916,73.0,48.0,96.0
917,79.0,44.0,141.0
918,111.0,49.0,118.0
919,89.0,49.0,91.0
920,88.0,49.0,99.0
921,102.0,54.0,113.0
922,107.0,54.0,216.0
923,109.0,51.0,162.0
924,93.0,60.0,128.0
925,61.0,86.0,127.0
926,41.0,67.0,83.0
927,43.0,94.0,56.0
928,54.0,87.0,48.0
929,55.0,69.0,50.0
930,52.0,60.0,57.0
931,54.0,53.0,79.0
932,54.0,60.0,
933,47.0,103.0,
934,61.0,131.0,
935,59.0,116.0,
936,49.0,104.0,
937,45.0,90.0,
938,54.0,112.0,
939,46.0,72.0,
940,63.0,46.0,
941,49.0,68.0,
942,39.0,71.0,
943,47.0,63.0,
944,45.0,67.0,
945,62.0,84.0,
946,104.0,112.0,
947,78.0,98.0,145.0
948,89.0,79.0,131.0
949,110.0,78.0,99.0
950,76.0,72.0,79.0
951,62.0,71.0,76.0
952,56.0,69.0,77.0
953,57.0,66.0,69.0
954,60.0,67.0,71.0
955,65.0,74.0,74.0
956,59.0,,72.0
957,66.0,,95.0
958,57.0,,95.0
959,57.0,,89.0
960,60.0,,92.0
961,43.0,71.6,91.0
962,34.0,41.86,73.0
963,38.0,63.7,57.0
964,38.0,47.59,55.0
965,31.0,35.55,49.0
966,38.0,177.53,56.0
967,30.0,310.13,64.0
968,40.0,208.6,62.0
969,64.0,218.43,78.0
970,80.0,133.68,129.0
971,91.0,69.5,153.0
972,69.0,,148.0
973,69.0,,126.0
974,72.0,43.45,96.0
975,90.0,55.0,76.0
976,77.0,50.0,75.0
977,69.0,46.0,83.0
978,77.0,45.0,82.0
979,73.0,46.0,83.0
980,64.0,53.0,78.0
981,55.0,53.0,95.0
982,54.0,60.0,103.0
983,49.0,48.0,96.0
984,95.0,44.0,78.0
985,9.0,44.0,64.0
986,15.0,35.0,69.0
987,27.0,31.0,73.0
988,32.0,32.0,92.0
989,28.0,29.0,109.0
990,25.0,27.0,107.0
991,40.0,33.0,110.0
992,38.0,53.0,103.0
993,46.0,59.0,119.0
994,59.0,73.0,119.0
995,55.0,68.0,114.0
996,71.0,56.0,159.0
997,104.0,40.0,103.0
998,115.0,37.0,72.0
999,108.0,46.0,49.0
1000,86.0,53.0,42.0
1001,67.0,55.0,42.0
1002,61.0,50.0,45.0
1003,52.0,70.0,71.0
1004,49.0,,63.0
1005,46.0,88.0,59.0
1006,48.0,87.0,58.0
1007,49.0,93.0,92.0
1008,47.0,84.0,74.0
1009,59.0,70.0,44.0
1010,41.0,67.0,33.0
1011,35.0,60.0,33.0
1012,44.0,50.0,39.0
1013,52.0,42.0,35.0
1014,48.0,36.0,45.0
1015,55.0,43.0,62.0
1016,57.0,45.0,63.0
1017,98.0,47.0,53.0
1018,125.0,42.0,54.0
1019,131.0,43.0,53.0
1020,122.0,52.0,63.0
1021,129.0,54.0,57.0
1022,155.0,59.0,50.0
1023,241.0,52.0,48.0
1024,177.0,51.0,39.0
1025,124.0,64.0,36.0
1026,116.0,63.0,39.0
1027,100.0,60.0,45.0
1028,99.0,68.0,74.0
1029,94.0,66.0,64.0
1030,79.0,85.0,58.0
1031,70.0,84.0,55.0
1032,68.0,85.0,46.0
1033,55.0,71.0,38.0
1034,,46.0,42.0
1035,52.0,40.0,46.0
1036,44.0,43.0,34.0
1037,43.0,33.0,29.0
1038,42.0,38.0,28.0
1039,35.0,43.0,29.0
1040,30.0,53.0,56.0
1041,35.0,67.0,70.0
1042,36.0,113.0,124.0
1043,43.0,100.0,103.0
1044,59.0,75.0,109.0
1045,49.0,85.0,108.0
1046,50.0,88.0,78.0
1047,34.0,89.0,68.0
1048,41.0,103.0,64.0
1049,46.0,91.0,73.0
1050,59.0,80.0,69.0
1051,51.0,77.0,58.0
1052,51.0,105.0,58.0
1053,47.0,120.0,62.0
1054,55.0,129.0,70.0
1055,53.0,106.0,69.0
1056,40.0,87.0,55.0
1057,41.0,80.0,40.0
1058,39.0,70.0,35.0
1059,44.0,59.0,41.0
1060,37.0,49.0,43.0
1061,47.0,45.0,36.0
1062,41.0,46.0,31.0
1063,40.0,47.0,36.0
1064,45.0,70.0,33.0
1065,55.0,92.0,37.0
1066,73.0,122.0,46.0
1067,54.0,132.0,56.0
1068,64.0,177.0,75.0
1069,78.0,241.0,84.0
1070,78.0,135.0,90.0
1071,71.0,74.0,96.0
1072,58.0,68.0,86.0
1073,58.0,119.0,92.0
1074,50.0,114.0,88.0
1075,48.0,99.0,92.0
1076,50.0,91.0,90.0
1077,59.0,99.0,82.0
1078,57.0,113.0,68.0
1079,60.0,99.0,73.0
1080,87.0,82.0,90.0
1081,52.0,84.0,111.0
1082,39.0,71.0,103.0
1083,52.0,75.0,82.0
1084,44.0,95.0,70.0
1085,43.0,98.0,87.0
1086,33.0,82.0,168.0
1087,45.0,82.0,103.0
1088,56.0,88.0,87.0
1089,65.0,150.0,106.0
1090,78.0,255.0,148.0
1091,62.0,238.0,135.0
1092,69.0,204.0,95.0
1093,85.0,151.0,95.0
1094,100.0,112.0,77.0
1095,75.0,74.0,55.0
1096,69.0,65.0,71.0
1097,64.0,76.0,72.0
1098,60.0,96.0,82.0
1099,55.0,87.0,74.0
1100,59.0,96.0,68.0
1101,62.0,169.0,75.0
1102,60.0,145.0,67.0
1103,56.0,190.0,58.0
1104,55.0,185.0,51.0
1105,54.0,195.0,51.0
1106,48.0,246.0,38.0
1107,40.0,216.0,39.0
1108,44.0,215.0,34.0
1109,40.0,187.0,36.0
1110,45.0,151.0,35.0
1111,31.0,239.0,27.0
1112,47.0,397.0,35.0
1113,62.0,344.0,35.0
1114,67.0,183.0,38.0
1115,75.0,179.0,46.0
1116,70.0,184.0,49.0
1117,94.0,147.0,65.0
1118,94.0,102.0,85.0
1119,118.0,66.0,79.0
1120,175.0,52.0,69.0
1121,114.0,52.0,63.0
1122,96.0,57.0,49.0
1123,70.0,55.0,44.0
1124,56.0,69.0,30.0
1125,68.0,65.0,36.0
1126,70.0,57.0,40.0
1127,76.0,64.0,51.0
1128,88.0,69.0,62.0
1129,148.0,65.0,55.0
1130,100.0,50.0,38.0
1131,98.0,44.0,35.0
1132,101.0,34.0,27.0
1133,111.0,36.0,22.0
1134,105.0,28.0,19.0
1135,82.0,25.0,21.0
1136,107.0,26.0,21.0
1137,120.0,28.0,23.0
1138,132.0,33.0,33.0
1139,331.0,38.0,22.0
1140,394.0,35.0,22.0
1141,323.0,35.0,26.0
1142,219.0,36.0,23.0
1143,179.0,33.0,20.0
1144,160.0,31.0,19.0
1145,140.0,30.0,21.0
1146,163.0,35.0,23.0
1147,154.0,45.0,24.0
1148,134.0,64.0,25.0
1149,109.0,68.0,24.0
1150,96.0,76.0,25.0
1151,101.0,67.0,31.0
1152,75.0,52.0,32.0
1153,73.0,42.0,27.0
1154,165.0,38.0,29.0
1155,200.0,42.0,32.0
1156,89.0,44.0,31.0
1157,59.0,46.0,28.0
1158,50.0,48.0,26.0
1159,39.0,50.0,25.0
1160,39.0,55.0,28.0
1161,39.0,54.0,27.0
1162,46.0,70.0,27.0
1163,48.0,62.0,31.0
1164,46.0,62.0,32.0
1165,53.0,53.0,41.0
1166,47.0,47.0,42.0
1167,48.0,47.0,45.0
1168,43.0,45.0,
1169,45.0,47.0,
1170,43.0,46.0,196.0
1171,58.0,46.0,48.0
1172,67.0,51.0,51.0
1173,59.0,57.0,60.0
1174,56.0,72.0,58.0
1175,46.0,88.0,58.0
1176,40.0,87.0,55.0
1177,50.0,65.0,69.0
1178,33.0,61.0,84.0
1179,35.0,76.0,84.0
1180,29.0,85.0,76.0
1181,34.0,102.0,66.0
1182,40.0,111.0,62.0
1183,57.0,102.0,57.0
1184,56.0,97.0,64.0
1185,52.0,95.0,102.0
1186,85.0,108.0,152.0
1187,109.0,88.0,127.0
1188,79.0,87.0,160.0
1189,66.0,63.0,156.0
1190,56.0,48.0,160.0
1191,57.0,53.0,167.0
1192,55.0,50.0,148.0
1193,55.0,55.0,120.0
1194,51.0,69.0,100.0
1195,55.0,77.0,83.0
1196,48.0,65.0,79.0
1197,45.0,71.0,86.0
1198,45.0,116.0,101.0
1199,65.0,131.0,107.0
1200,70.0,151.0,115.0
1201,62.0,123.0,121.0
1202,52.0,78.0,139.0
1203,43.0,49.0,121.0
1204,55.0,40.0,113.0
1205,33.0,42.0,125.0
1206,38.0,35.0,127.0
1207,46.0,31.0,103.0
1208,46.0,40.0,118.0
1209,52.0,58.0,198.0
1210,49.0,78.0,215.0
1211,44.0,68.0,237.0
1212,37.0,78.0,240.0
1213,45.0,77.0,160.0
1214,54.0,80.0,3.0
1215,52.0,82.0,
1216,56.0,79.0,238.0
1217,63.0,66.0,96.0
1218,55.0,71.0,88.0
1219,47.0,72.0,62.0
1220,60.0,89.0,56.0
1221,60.0,89.0,89.0
1222,68.0,103.0,92.0
1223,96.0,117.0,111.0
1224,108.0,159.0,
1225,53.0,157.0,
1226,36.0,168.0,
1227,38.0,167.0,
1228,66.0,102.0,
1229,70.0,71.0,
1230,48.0,56.0,
1231,50.0,61.0,
1232,53.0,68.0,
1233,51.0,87.0,
1234,30.0,114.0,
1235,49.0,97.0,112.0
1236,135.0,93.0,129.0
1237,151.0,97.0,99.0
1238,116.0,108.0,131.0
1239,89.0,106.0,146.0
1240,79.0,99.0,83.0
1241,59.0,95.0,62.0
1242,51.0,110.0,49.0
1243,47.0,117.0,52.0
1244,56.0,98.0,63.0
1245,63.0,114.0,68.0
1246,75.0,150.0,91.0
1247,67.0,123.0,161.0
1248,65.0,84.0,115.0
1249,59.0,78.0,68.0
1250,67.0,73.0,47.0
1251,58.0,73.0,29.0
1252,65.0,67.0,31.0
1253,53.0,81.0,34.0
1254,78.0,77.0,37.0
1255,70.0,69.0,68.0
1256,60.0,79.0,113.0
1257,82.0,117.0,95.0
1258,107.0,215.0,109.0
1259,124.0,63.0,137.0
1260,98.0,,156.0
1261,87.0,139.0,92.0
1262,57.0,107.0,75.0
1263,74.0,84.0,77.0
1264,83.0,69.0,44.0
1265,58.0,70.0,30.0
1266,66.0,72.0,36.0
1267,53.0,110.0,76.0
1268,54.0,154.0,88.0
1269,67.0,144.0,87.0
1270,75.0,190.0,78.0
1271,95.0,145.0,75.0
1272,68.0,162.0,75.0
1273,61.0,134.0,80.0
1274,68.0,98.0,74.0
1275,58.0,81.0,62.0
1276,66.0,85.0,44.0
1277,56.0,93.0,46.0
1278,54.0,119.0,52.0
1279,62.0,125.0,131.0
1280,70.0,103.0,122.0
1281,73.0,96.0,131.0
1282,78.0,272.0,88.0
1283,68.0,337.0,80.0
1284,134.48,212.0,72.0
1285,,120.0,90.0
1286,87.0,104.0,50.0
1287,81.0,74.0,62.0
1288,67.0,82.0,68.0
1289,78.0,88.0,67.0
1290,76.0,91.0,63.0
1291,86.0,89.0,60.0
1292,79.0,115.0,64.0
1293,67.0,137.0,72.0
1294,78.0,148.0,69.0
1295,80.0,198.0,90.0
1296,66.0,131.0,88.0
1297,58.0,93.0,63.0
1298,53.0,77.0,43.0
1299,54.0,72.0,35.0
1300,56.0,71.0,58.0
1301,38.0,59.0,49.0
1302,27.0,59.0,47.0
1303,22.0,61.0,67.0
1304,23.0,67.0,84.0
1305,28.0,76.0,82.0
1306,32.0,90.0,101.0
1307,41.0,102.0,86.0
1308,52.0,81.0,49.0
1309,60.0,84.0,46.0
1310,62.0,85.0,43.0
1311,74.0,87.0,44.0
1312,84.0,110.0,50.0
1313,75.0,105.0,43.0
1314,75.0,94.0,40.0
1315,75.0,105.0,38.0
1316,70.0,112.0,53.0
1317,60.0,99.0,64.0
1318,55.0,124.0,61.0
1319,53.0,171.0,43.0
1320,48.0,113.0,42.0
1321,39.0,76.0,43.0
1322,40.0,63.0,45.0
1323,32.0,52.0,35.0
1324,31.0,49.0,33.0
1325,29.0,44.0,28.0
1326,28.0,44.0,46.0
1327,30.0,42.0,62.0
1328,36.0,45.0,54.0
1329,43.0,44.0,62.0
1330,40.0,44.0,95.0
1331,49.0,51.0,74.0
1332,50.0,63.0,79.0
1333,47.0,82.0,73.0
1334,43.0,82.0,73.0
1335,46.0,78.0,82.0
1336,65.0,71.0,66.0
1337,71.0,72.0,57.0
1338,75.0,75.0,55.0
1339,69.0,88.0,59.0
1340,66.0,81.0,68.0
1341,62.0,81.0,91.0
1342,57.0,98.0,113.0
1343,57.0,92.0,104.0
1344,48.0,81.0,95.0
1345,50.0,73.0,86.0
1346,48.0,64.0,86.0
1347,39.0,55.0,60.0
1348,33.0,50.0,56.0
1349,30.0,46.0,56.0
1350,30.0,45.0,100.0
1351,31.0,51.0,109.0
1352,33.0,50.0,182.0
1353,27.0,47.0,237.0
1354,31.0,44.0,277.0
1355,29.0,49.0,226.0
1356,32.0,59.0,172.0
1357,38.0,58.0,117.0
1358,38.0,57.0,88.0
1359,40.0,67.0,106.0
1360,48.0,64.0,101.0
1361,56.0,60.0,78.0
1362,75.0,64.0,73.0
1363,91.0,70.0,72.0
1364,123.0,69.0,73.0
1365,116.0,74.0,79.0
1366,116.0,90.0,94.0
1367,113.0,88.0,94.0
1368,84.0,72.0,111.0
1369,59.0,86.0,128.0
1370,49.0,83.0,80.0
1371,46.0,66.0,55.0
1372,46.0,59.0,105.0
1373,43.0,51.0,83.0
1374,45.0,60.0,74.0
1375,40.0,59.0,130.0
1376,36.0,59.0,164.0
1377,30.0,78.0,267.0
1378,32.0,112.0,311.0
1379,36.0,116.0,305.0
1380,31.0,113.0,262.0
1381,44.0,126.0,122.0
1382,41.0,124.0,87.0
1383,36.0,98.0,45.0
1384,32.0,79.0,34.0
1385,35.0,90.0,42.0
1386,38.0,133.0,37.0
1387,36.0,126.0,40.0
1388,40.0,106.0,113.0
1389,39.0,112.0,106.0
1390,42.0,102.0,89.0
1391,45.0,96.0,96.0
1392,41.0,117.0,137.0
1393,41.0,116.0,134.0
1394,38.0,98.0,163.0
1395,50.0,93.0,140.0
1396,38.0,84.0,106.0
1397,40.0,87.0,119.0
1398,56.0,111.0,127.0
1399,59.0,106.0,127.0
1400,64.0,132.0,157.0
1401,77.0,162.0,191.0
1402,98.0,177.0,190.0
1403,110.0,131.0,206.0
1404,81.0,111.0,149.0
1405,64.0,103.0,161.0
1406,50.0,114.0,206.0
1407,46.0,122.0,237.0
1408,,124.0,131.0
1409,45.0,118.0,92.0
1410,46.0,142.0,65.0
1411,45.0,111.0,79.0
1412,37.0,98.0,114.0
1413,46.0,109.0,143.0
1414,44.0,106.0,129.0
1415,46.0,106.0,124.0
1416,36.0,113.0,148.0
1417,,,155.0
1418,32.0,70.0,148.0
1419,34.0,67.0,133.0
1420,49.0,59.0,106.0
1421,47.0,61.0,72.0
1422,,62.0,58.0
1423,,59.0,48.0
1424,,68.0,55.0
1425,,94.0,85.0
1426,,164.0,83.0
1427,,143.0,74.0
1428,,157.0,76.0
1429,,165.0,81.0
1430,,185.0,80.0
1431,,180.0,89.0
1432,,159.0,93.0
1433,55.0,132.0,98.0
1434,52.0,111.0,77.0
1435,52.0,125.0,91.0
1436,,108.0,95.0
1437,52.0,129.0,84.0
1438,54.0,157.0,88.0
1439,54.0,109.0,66.0
1440,63.0,114.0,58.0
1441,57.0,126.0,
1442,45.0,118.0,47.0
1443,45.0,101.0,46.0
1444,26.0,88.0,46.0
1445,29.0,80.0,55.0
1446,31.0,83.0,70.0
1447,35.0,76.0,82.0
1448,37.0,68.0,91.0
1449,31.0,78.0,142.0
1450,58.0,100.0,165.0
1451,54.0,131.0,150.0
1452,55.0,166.0,103.0
1453,67.0,149.0,121.0
1454,58.0,127.0,107.0
1455,65.0,130.0,103.0
1456,48.0,135.0,93.0
1457,52.0,114.0,83.0
1458,49.0,100.0,84.0
1459,49.0,103.0,95.0
1460,45.0,99.0,83.0
1461,54.0,,67.0
1462,69.0,8.0,63.0
1463,56.0,,62.0
1464,46.47,328.0,60.0
1465,35.28,,51.0
1466,34.23,758.0,49.0
1467,29.77,363.0,49.0
1468,42.92,247.0,66.0
1469,24.81,294.0,80.0
1470,19.2,246.0,91.0
1471,20.44,216.0,55.0
1472,32.56,136.0,87.0
1473,39.86,117.0,132.0
1474,57.82,156.0,155.0
1475,47.19,128.0,162.0
1476,42.42,108.0,194.0
1477,52.1,111.0,166.0
1478,64.14,77.0,131.0
1479,50.09,75.0,100.0
1480,55.65,115.0,66.0
1481,65.91,109.0,57.0
1482,57.91,115.0,51.0
1483,58.48,115.0,43.0
1484,60.2,129.0,51.0
1485,71.24,124.0,75.0
1486,,131.0,95.0
1487,31.07,122.0,76.0
1488,20.95,113.0,70.0
1489,,100.0,52.0
1490,,95.0,50.0
1491,,138.0,46.0
1492,,101.0,41.0
1493,,82.0,45.0
1494,,67.0,49.0
1495,,62.0,51.0
1496,,75.0,49.0
1497,,88.0,60.0
1498,,92.0,77.0
1499,,97.0,83.0
1500,,112.0,85.0
1501,,129.0,84.0
1502,,110.0,76.0
1503,45.0,123.0,65.0
1504,42.0,130.0,64.0
1505,49.0,128.0,59.0
1506,47.0,129.0,61.0
1507,53.0,117.0,72.0
1508,56.0,116.0,62.0
1509,45.0,115.0,54.0
1510,53.0,149.0,69.0
1511,65.0,168.0,75.0
1512,46.0,118.0,66.0
1513,36.0,81.0,57.0
1514,41.0,61.0,38.0
1515,34.0,56.0,34.0
1516,36.0,51.0,35.0
1517,34.0,44.0,35.0
1518,34.0,37.0,39.0
1519,37.0,32.0,44.0
1520,32.0,38.0,53.0
1521,27.0,43.0,81.0
1522,40.0,50.0,105.0
1523,45.0,53.0,121.0
1524,62.0,56.0,128.0
1525,88.0,67.0,126.0
1526,94.0,74.0,116.0
1527,,69.0,81.0
1528,78.0,73.0,72.0
1529,68.0,82.0,71.0
1530,57.0,78.0,68.0
1531,55.0,83.0,72.0
1532,48.0,84.0,70.0
1533,59.0,82.0,68.0
1534,81.0,99.0,75.0
1535,85.0,121.0,58.0
1536,70.0,86.0,55.0
1537,53.0,61.0,52.0
1538,53.0,52.0,45.0
1539,57.0,46.0,49.0
1540,46.0,43.0,50.0
1541,41.0,44.0,51.0
1542,42.0,55.0,78.0
1543,41.0,55.0,119.0
1544,38.0,55.0,103.0
1545,33.0,71.0,112.0
1546,41.0,84.0,171.0
1547,47.0,76.0,177.0
1548,51.0,74.0,140.0
1549,61.0,79.0,95.0
1550,67.0,85.0,49.0
1551,75.0,91.0,47.0
1552,82.0,96.0,43.0
1553,78.0,99.0,41.0
1554,69.0,97.0,57.0
1555,68.0,94.0,70.0
1556,65.0,98.0,58.0
1557,67.0,103.0,62.0
1558,70.0,108.0,81.0
1559,63.0,111.0,53.0
1560,61.0,112.0,55.0
1561,56.0,86.0,53.0
1562,63.0,68.0,58.0
1563,62.0,60.0,54.0
1564,69.0,52.0,62.0
1565,61.0,51.0,61.0
1566,62.0,55.0,59.0
1567,64.0,59.0,60.0
1568,132.0,61.0,71.0
1569,214.0,67.0,84.0
1570,418.0,75.0,89.0
1571,381.0,88.0,90.0
1572,404.0,94.0,90.0
1573,271.0,100.0,97.0
1574,172.0,106.0,81.0
1575,91.0,113.0,97.0
1576,70.0,112.0,87.0
1577,74.0,119.0,82.0
1578,62.0,109.0,56.0
1579,55.0,95.0,59.0
1580,53.0,91.0,61.0
1581,55.0,114.0,80.0
1582,67.0,119.0,84.0
1583,53.0,118.0,60.0
1584,44.0,80.0,50.0
1585,40.0,68.0,42.0
1586,34.0,60.0,41.0
1587,36.0,52.0,42.0
1588,29.0,42.0,41.0
1589,26.0,40.0,41.0
1590,31.0,37.0,43.0
1591,35.0,35.0,50.0
1592,37.0,49.0,64.0
1593,46.0,59.0,87.0
1594,51.0,70.0,76.0
1595,56.0,67.0,79.0
1596,63.0,69.0,77.0
1597,67.0,71.0,76.0
1598,69.0,81.0,86.0
1599,71.0,78.0,91.0
1600,69.0,89.0,105.0
1601,74.0,89.0,104.0
1602,69.0,85.0,96.0
1603,67.0,80.0,97.0
1604,65.0,85.0,92.0
1605,62.0,100.0,81.0
1606,52.0,152.0,88.0
1607,55.0,144.0,95.0
1608,51.0,92.0,81.0
1609,40.0,62.0,68.0
1610,40.0,53.0,72.0
1611,33.0,46.0,71.0
1612,30.0,46.0,105.0
1613,35.0,41.0,106.0
1614,33.0,38.0,93.0
1615,38.0,43.0,119.0
1616,35.0,41.0,
1617,49.0,57.0,152.0
1618,50.0,75.0,137.0
1619,46.0,73.0,167.0
1620,51.0,69.0,237.0
1621,61.0,72.0,127.0
1622,70.0,76.0,109.0
1623,58.0,87.0,71.0
1624,52.0,83.0,56.0
1625,52.0,84.0,58.0
1626,45.0,93.0,57.0
1627,55.0,95.0,90.0
1628,66.0,97.0,84.0
1629,59.0,112.0,80.0
1630,52.0,137.0,96.0
1631,52.0,163.0,109.0
1632,51.0,102.0,106.0
1633,39.0,64.0,130.0
1634,36.0,54.0,143.0
1635,32.0,43.0,60.0
1636,64.0,41.0,42.0
1637,59.0,41.0,113.0
1638,51.0,44.0,88.0
1639,50.0,48.0,101.0
1640,59.0,46.0,53.0
1641,81.0,58.0,34.0
1642,77.0,78.0,40.0
1643,90.0,86.0,47.0
1644,89.0,89.0,55.0
1645,92.0,81.0,50.0
1646,74.0,85.0,42.0
1647,66.0,78.0,33.0
1648,72.0,76.0,31.0
1649,61.0,74.0,29.0
1650,57.0,75.0,34.0
1651,60.0,80.0,34.0
1652,61.0,74.0,33.0
1653,59.0,70.0,33.0
1654,49.0,79.0,33.0
1655,38.0,95.0,39.0
1656,33.0,99.0,30.0
1657,37.0,87.0,26.0
1658,29.0,69.0,28.0
1659,27.0,56.0,21.0
1660,24.0,64.0,18.0
1661,21.0,60.0,19.0
1662,34.0,53.0,16.0
1663,45.0,53.0,16.0
1664,52.0,62.0,18.0
1665,63.0,62.0,18.0
1666,79.0,78.0,23.0
1667,93.0,93.0,23.0
1668,96.0,108.0,25.0
1669,98.0,109.0,36.0
1670,84.0,114.0,30.0
1671,174.0,108.0,28.0
1672,88.0,114.0,29.0
1673,110.0,124.0,29.0
1674,310.0,118.0,36.0
1675,233.0,106.0,44.0
1676,195.0,105.0,43.0
1677,255.0,105.0,35.0
1678,292.0,110.0,35.0
1679,204.0,117.0,28.0
1680,145.0,117.0,27.0
1681,120.0,134.0,29.0
1682,84.0,120.0,26.0
1683,57.0,106.0,30.0
1684,53.0,118.0,24.0
1685,48.0,125.0,27.0
1686,38.0,136.0,25.0
1687,33.0,125.0,34.0
1688,34.0,126.0,44.0
1689,37.0,143.0,63.0
1690,40.0,197.0,50.0
1691,39.0,151.0,58.0
1692,39.0,162.0,60.0
1693,42.0,329.0,55.0
1694,52.0,165.0,51.0
1695,53.0,89.0,49.0
1696,56.0,63.0,50.0
1697,72.0,52.0,55.0
1698,54.0,45.0,51.0
1699,47.0,43.0,48.0
1700,43.0,49.0,45.0
1701,38.0,66.0,36.0
1702,44.0,80.0,42.0
1703,45.0,95.0,46.0
1704,40.0,96.0,35.0
1705,32.0,95.0,25.0
1706,29.0,84.0,22.0
1707,38.0,116.0,23.0
1708,36.0,80.0,25.0
1709,33.0,55.0,26.0
1710,33.0,47.0,26.0
1711,36.0,51.0,26.0
1712,34.0,46.0,34.0
1713,42.0,51.0,58.0
1714,50.0,55.0,76.0
1715,41.0,54.0,73.0
1716,37.0,55.0,82.0
1717,34.0,51.0,96.0
1718,37.0,56.0,89.0
1719,38.0,60.0,81.0
1720,50.0,62.0,79.0
1721,52.0,54.0,72.0
1722,54.0,54.0,57.0
1723,46.0,65.0,58.0
1724,84.0,76.0,77.0
1725,58.0,85.0,87.0
1726,60.0,65.0,80.0
1727,55.0,57.0,93.0
1728,47.0,82.0,64.0
1729,39.0,81.0,49.0
1730,34.0,56.0,43.0
1731,44.0,39.0,49.0
1732,36.0,27.0,57.0
1733,30.0,23.0,28.0
1734,29.0,23.0,35.0
1735,33.0,26.0,53.0
1736,45.0,23.0,70.0
1737,59.0,16.0,104.0
1738,59.0,17.0,137.0
1739,69.0,22.0,133.0
1740,74.0,20.0,150.0
1741,55.0,18.0,85.0
1742,65.0,20.0,52.0
1743,73.0,21.0,47.0
1744,71.0,24.0,41.0
1745,,42.0,55.0
1746,69.0,43.0,44.0
1747,81.0,25.0,61.0
1748,82.0,24.0,43.0
1749,90.0,23.0,44.0
1750,109.0,18.0,49.0
1751,101.0,19.0,46.0
1752,110.0,22.0,73.0
1753,138.0,21.0,55.0
1754,135.0,18.0,57.0
1755,99.0,19.0,48.0
1756,90.0,29.0,46.0
1757,64.0,18.0,50.0
1758,70.0,17.0,44.0
1759,79.0,18.0,42.0
1760,79.0,20.0,48.0
1761,105.0,21.0,78.0
1762,157.0,20.0,65.0
1763,149.0,24.0,79.0
1764,121.0,23.0,106.0
1765,85.0,21.0,105.0
1766,67.0,25.0,96.0
1767,71.0,25.0,99.0
1768,63.0,37.0,88.0
1769,66.0,54.0,85.0
1770,69.0,43.0,72.0
1771,72.0,31.0,74.0
1772,81.0,27.0,87.0
1773,89.0,25.0,78.0
1774,115.0,30.0,95.0
1775,99.0,30.0,153.0
1776,77.0,22.0,100.0
1777,64.0,21.0,71.0
1778,64.0,22.0,58.0
1779,55.0,23.0,53.0
1780,51.0,22.0,55.0
1781,61.0,29.0,56.0
1782,84.0,33.0,55.0
1783,97.0,31.0,71.0
1784,91.0,32.0,80.0
1785,95.0,31.0,98.0
1786,127.0,29.0,97.0
1787,96.0,44.0,72.0
1788,86.0,53.0,73.0
1789,101.0,72.0,93.0
1790,111.0,100.0,67.0
1791,94.0,102.0,52.0
1792,85.0,87.0,60.0
1793,91.0,83.0,66.0
1794,95.0,75.0,52.0
1795,84.0,71.0,68.0
1796,88.0,72.0,67.0
1797,84.0,82.0,79.0
1798,103.85,108.0,83.0
1799,60.39,110.0,97.0
1800,50.27,137.0,60.0
1801,63.54,89.0,52.0
1802,54.04,73.0,50.0
1803,54.1,66.0,44.0
1804,60.53,68.0,29.0
1805,65.09,79.0,26.0
1806,56.92,142.0,23.0
1807,78.11,137.0,21.0
1808,94.75,104.0,24.0
1809,137.05,83.0,19.0
1810,206.17,73.0,12.0
1811,193.71,67.0,14.0
1812,211.76,61.0,18.0
1813,112.46,54.0,21.0
1814,93.24,54.0,42.0
1815,146.45,55.0,56.0
1816,176.84,53.0,48.0
1817,66.1,54.0,57.0
1818,55.89,52.0,58.0
1819,53.66,51.0,54.0
1820,52.43,56.0,55.0
1821,80.16,57.0,58.0
1822,101.61,53.0,72.0
1823,122.81,44.0,67.0
1824,100.57,45.0,51.0
1825,119.85,47.0,44.0
1826,78.76,49.0,41.0
1827,101.17,40.0,20.0
1828,62.92,27.0,17.0
1829,49.13,25.0,18.0
1830,62.94,25.0,19.0
1831,94.99,24.0,45.0
1832,114.69,26.0,36.0
1833,157.56,42.0,25.0
1834,497.55,44.0,24.0
1835,530.86,49.0,29.0
1836,401.59,51.0,27.0
1837,364.39,55.0,25.0
1838,190.01,56.0,26.0
1839,127.6,48.0,31.0
1840,138.64,49.0,37.0
1841,179.26,56.0,40.0
1842,167.62,59.0,42.0
1843,121.1,53.0,36.0
1844,110.59,63.0,26.0
1845,105.42,64.0,19.0
1846,112.91,44.0,13.0
1847,105.41,32.0,9.0
1848,87.82,32.0,8.0
1849,87.01,33.0,6.0
1850,84.51,27.0,6.0
1851,85.04,26.0,5.0
1852,80.45,24.0,3.0
1853,92.95,22.0,2.0
1854,102.23,23.0,3.0
1855,86.47,22.0,5.0
1856,96.14,20.0,6.0
1857,81.41,21.0,3.0
1858,57.37,24.0,5.0
1859,59.83,23.0,2.0
1860,58.1,22.0,4.0
1861,56.61,24.0,10.0
1862,53.85,29.0,11.0
1863,59.19,32.0,10.0
1864,58.63,30.0,8.0
1865,54.1,40.0,7.0
1866,55.41,41.0,9.0
1867,61.5,54.0,9.0
1868,69.53,42.0,8.0
1869,67.8,36.0,6.0
1870,75.7,34.0,6.0
1871,78.51,34.0,12.0
1872,,34.0,13.0
1873,63.67,25.0,11.0
1874,39.23,23.0,16.0
1875,29.79,23.0,16.0
1876,32.13,21.0,17.0
1877,33.38,18.0,17.0
1878,33.61,18.0,21.0
1879,26.96,17.0,24.0
1880,29.09,18.0,26.0
1881,33.48,16.0,27.0
1882,49.93,16.0,35.0
1883,39.0,19.0,39.0
1884,49.53,20.0,37.0
1885,52.84,27.0,37.0
1886,57.34,27.0,27.0
1887,53.05,29.0,31.0
1888,55.22,29.0,30.0
1889,51.33,44.0,34.0
1890,61.24,41.0,20.0
1891,79.35,46.0,23.0
1892,79.67,52.0,28.0
1893,66.94,55.0,23.0
1894,49.32,55.0,23.0
1895,44.19,68.0,28.0
1896,35.51,73.0,24.0
1897,25.17,67.0,21.0
1898,26.28,62.0,17.0
1899,25.65,50.0,17.0
1900,25.55,47.0,13.0
1901,24.72,41.0,10.0
1902,24.35,40.0,13.0
1903,26.55,47.0,12.0
1904,28.76,62.0,15.0
1905,37.05,73.0,17.0
1906,43.95,89.0,17.0
1907,49.1,55.0,42.0
1908,62.14,56.0,44.0
1909,72.49,79.0,63.0
1910,96.37,84.0,83.0
1911,65.05,93.0,83.0
1912,68.36,118.0,54.0
1913,79.29,104.0,47.0
1914,78.55,89.0,39.0
1915,79.49,83.0,34.0
1916,82.9,77.0,50.0
1917,96.48,96.0,47.0
1918,117.43,116.0,42.0
1919,126.39,124.0,38.0
1920,87.29,154.0,23.0
1921,384.07,101.0,21.0
1922,305.44,78.0,29.0
1923,97.05,58.0,20.0
1924,99.5,45.0,19.0
1925,83.66,46.0,24.0
1926,79.31,53.0,56.0
1927,80.5,53.0,56.0
1928,85.03,53.0,84.0
1929,121.35,63.0,171.0
1930,141.89,81.0,111.0
1931,183.89,92.0,76.0
1932,137.93,102.0,95.0
1933,151.33,95.0,63.0
1934,72.8,81.0,59.0
1935,104.03,80.0,57.0
1936,79.58,73.0,51.0
1937,67.36,87.0,60.0
1938,158.68,68.0,52.0
1939,113.41,74.0,47.0
1940,117.9,107.0,36.0
1941,134.9,104.0,34.0
1942,212.47,101.0,39.0
1943,238.56,116.0,50.0
1944,227.27,86.0,50.0
1945,128.86,61.0,45.0
1946,99.34,59.0,92.0
1947,88.46,48.0,117.0
1948,84.41,44.0,100.0
1949,110.04,34.0,128.0
1950,125.47,40.0,183.0
1951,140.56,46.0,140.0
1952,161.52,50.0,114.0
1953,184.2,63.0,125.0
1954,207.04,77.0,108.0
1955,250.48,80.0,136.0
1956,201.18,89.0,
1957,218.91,90.0,
1958,161.57,99.0,
1959,150.7,107.0,
1960,152.27,91.0,
1961,141.62,86.0,
1962,167.19,85.0,
1963,140.07,82.0,
1964,153.7,137.0,
1965,122.73,116.0,31.0
1966,117.21,90.0,104.0
1967,119.3,89.0,80.0
1968,68.7,83.0,45.0
1969,63.0,94.0,94.0
1970,50.0,69.0,142.0
1971,47.0,63.0,142.0
1972,50.0,61.0,31.0
1973,65.0,51.0,22.0
1974,59.0,55.0,22.0
1975,57.0,51.0,26.0
1976,85.0,65.0,42.0
1977,87.0,101.0,42.0
1978,108.0,123.0,45.0
1979,103.0,107.0,42.0
1980,106.0,140.0,47.0
1981,128.0,191.0,40.0
1982,94.0,177.0,37.0
1983,71.0,113.0,38.0
1984,61.0,108.0,38.0
1985,45.0,91.0,39.0
1986,52.0,75.0,33.0
1987,48.0,77.0,35.0
1988,45.0,81.0,41.0
1989,53.0,76.0,59.0
1990,72.0,93.0,85.0
1991,86.0,91.0,44.0
1992,64.0,94.0,36.0
1993,73.0,121.0,34.0
1994,82.0,99.0,28.0
1995,107.0,93.0,29.0
1996,93.0,90.0,21.0
1997,110.0,111.0,20.0
1998,105.0,106.0,22.0
1999,103.0,70.0,20.0
2000,143.0,53.0,22.0
2001,161.0,63.0,29.0
2002,176.0,85.0,31.0
2003,164.0,89.0,38.0
2004,127.0,77.0,32.0
2005,100.0,61.0,39.0
2006,94.0,50.0,44.0
2007,74.0,47.0,49.0
2008,62.0,49.0,48.0
2009,44.0,59.0,46.0
2010,50.0,78.0,40.0
2011,54.0,80.0,39.0
2012,52.0,73.0,44.0
2013,57.0,73.0,60.0
2014,95.0,87.0,106.0
2015,,99.0,66.0
2016,108.0,92.0,50.0
2017,76.0,91.0,37.0
2018,83.0,81.0,27.0
2019,76.0,68.0,30.0
2020,64.0,63.0,39.0
2021,61.0,56.0,35.0
2022,97.0,57.0,43.0
2023,58.0,59.0,50.0
2024,67.0,66.0,72.0
2025,87.0,67.0,79.0
2026,87.0,75.0,104.0
2027,77.0,77.0,76.0
2028,78.0,79.0,51.0
2029,,80.0,41.0
2030,100.0,82.0,32.0
2031,98.0,80.0,61.0
2032,81.0,80.0,53.0
2033,74.0,74.0,58.0
2034,71.0,91.0,65.0
2035,57.0,109.0,82.0
2036,61.0,97.0,92.0
2037,59.0,91.0,92.0
2038,78.0,92.0,103.0
2039,85.0,102.0,136.0
2040,76.0,113.0,125.0
2041,65.0,104.0,64.0
2042,63.0,69.0,53.0
2043,51.0,57.0,59.0
2044,,69.0,63.0
2045,43.0,54.0,51.0
2046,46.0,48.0,49.0
2047,42.0,51.0,108.0
2048,46.0,58.0,125.0
2049,42.0,76.0,98.0
2050,45.0,93.0,92.0
2051,52.0,102.0,39.0
2052,56.0,83.0,33.0
2053,59.0,72.0,38.0
2054,73.0,66.0,48.0
2055,59.0,75.0,42.0
2056,70.0,77.0,36.0
2057,75.0,77.0,40.0
2058,80.0,69.0,37.0
2059,72.0,72.0,36.0
2060,66.0,74.0,40.0
2061,65.0,103.0,43.0
2062,85.0,105.0,55.0
2063,96.0,86.0,93.0
2064,65.0,66.0,93.0
2065,53.0,70.0,72.0
2066,50.0,67.0,74.0
2067,36.0,67.0,73.0
2068,39.0,58.0,66.0
2069,37.0,57.0,61.0
2070,28.0,56.0,58.0
2071,37.0,53.0,60.0
2072,38.0,60.0,66.0
2073,48.0,77.0,68.0
2074,76.0,77.0,72.0
2075,67.0,69.0,86.0
2076,64.0,61.0,80.0
2077,67.0,57.0,68.0
2078,82.0,74.0,66.0
2079,73.0,53.0,60.0
2080,87.0,39.0,54.0
2081,137.0,40.0,59.0
2082,92.0,35.0,60.0
2083,80.0,26.0,57.0
2084,76.0,31.0,53.0
2085,78.0,35.0,54.0
2086,81.0,28.0,55.0
2087,97.0,30.0,64.0
2088,72.0,27.0,58.0
2089,56.0,28.0,47.0
2090,54.0,28.0,46.0
2091,50.0,30.0,33.0
2092,,29.0,31.0
2093,,38.0,27.0
2094,45.0,34.0,29.0
2095,48.0,32.0,35.0
2096,48.0,40.0,51.0
2097,63.0,46.0,60.0
2098,83.0,56.0,50.0
2099,89.0,55.0,54.0
2100,92.0,60.0,63.0
2101,90.0,49.0,55.0
2102,108.0,39.0,53.0
2103,108.0,44.0,46.0
2104,,48.0,46.0
2105,98.0,43.0,49.0
2106,97.0,34.0,47.0
2107,,35.0,42.0
2108,,43.0,46.0
2109,88.0,43.0,49.0
2110,82.0,45.0,81.0
2111,84.0,46.0,55.0
2112,,40.0,38.0
2113,93.0,37.0,32.0
2114,81.0,38.0,31.0
2115,67.0,33.0,28.0
2116,73.0,30.0,25.0
2117,71.0,28.0,23.0
2118,66.0,28.0,22.0
2119,56.0,38.0,24.0
2120,64.0,42.0,33.0
2121,390.0,50.0,41.0
2122,417.0,56.0,34.0
2123,508.0,74.0,34.0
2124,277.0,81.0,34.0
2125,198.0,84.0,36.0
2126,167.0,86.0,40.0
2127,477.0,85.0,43.0
2128,495.0,84.0,38.0
2129,544.0,81.0,39.0
2130,321.0,68.0,38.0
2131,187.0,67.0,37.0
2132,134.0,71.0,48.0
2133,,71.0,51.0
2134,,88.0,59.0
2135,114.0,132.0,44.0
2136,110.0,170.0,39.0
2137,102.0,187.0,28.0
2138,74.0,203.0,28.0
2139,61.0,179.0,25.0
2140,50.0,131.0,26.0
2141,57.0,106.0,27.0
2142,73.0,91.0,39.0
2143,66.0,74.0,32.0
2144,79.0,83.0,44.0
2145,89.0,105.0,44.0
2146,109.0,121.0,45.0
2147,100.0,112.0,63.0
2148,81.0,90.0,61.0
2149,87.0,119.0,48.0
2150,85.0,123.0,38.0
2151,85.0,124.0,44.0
2152,79.0,114.0,46.0
2153,81.0,102.0,46.0
2154,82.0,99.0,45.0
2155,76.0,92.0,45.0
2156,80.0,88.0,43.0
2157,89.0,93.0,50.0
2158,89.0,126.0,64.0
2159,151.0,169.0,57.0
2160,113.0,221.0,49.0
2161,,,38.0
2162,68.0,145.0,37.0
2163,59.0,106.0,38.0
2164,82.0,82.0,48.0
2165,83.0,76.0,51.0
2166,51.0,55.0,47.0
2167,53.0,45.0,48.0
2168,54.0,57.0,57.0
2169,56.0,80.0,56.0
2170,69.0,106.0,56.0
2171,60.0,116.0,62.0
2172,55.0,81.0,64.0
2173,63.0,66.0,61.0
2174,68.0,50.0,65.0
2175,95.0,59.0,54.0
2176,69.0,72.0,64.0
2177,172.0,74.0,59.0
2178,85.0,70.0,43.0
2179,66.0,63.0,37.0
2180,68.0,70.0,42.0
2181,71.0,69.0,56.0
2182,69.0,69.0,61.0
2183,68.0,82.0,64.0
2184,58.0,82.0,58.0
2185,56.0,67.0,
2186,52.0,55.0,60.0
2187,56.0,47.0,59.0
2188,55.0,48.0,58.0
2189,56.0,50.0,62.0
2190,53.0,47.0,58.0
2191,53.0,44.0,56.0
2192,56.0,42.0,68.0
2193,69.0,42.0,101.0
2194,,42.0,106.0
2195,83.0,48.0,116.0
2196,129.0,57.0,139.0
2197,,53.0,146.0
2198,72.0,54.0,116.0
2199,63.0,56.0,120.0
2200,65.0,60.0,90.0
2201,58.0,62.0,87.0
2202,61.0,62.0,78.0
2203,,62.0,74.0
2204,66.0,59.0,91.0
2205,64.0,57.0,121.0
2206,66.0,67.0,103.0
2207,70.0,84.0,110.0
2208,,87.0,136.0
2209,57.0,71.0,137.0
2210,60.0,65.0,124.0
2211,65.0,63.0,239.0
2212,55.0,56.0,565.0
2213,44.0,59.0,337.0
2214,43.0,54.0,191.0
2215,40.0,67.0,144.0
2216,45.0,68.0,93.0
2217,47.0,86.0,96.0
2218,48.0,86.0,84.0
2219,58.0,82.0,72.0
2220,74.0,108.0,56.0
2221,69.0,127.0,50.0
2222,73.0,97.0,54.0
2223,59.0,83.0,52.0
2224,54.0,77.0,53.0
2225,56.0,67.0,54.0
2226,56.0,85.0,52.0
2227,72.0,83.0,52.0
2228,58.0,76.0,54.0
2229,56.0,79.0,55.0
2230,60.0,90.0,71.0
2231,60.0,98.0,72.0
2232,77.0,85.0,68.0
2233,49.0,73.0,28.0
2234,46.0,65.0,22.0
2235,44.0,59.0,20.0
2236,40.0,59.0,29.0
2237,46.0,62.0,30.0
2238,56.0,68.0,32.0
2239,53.0,69.0,45.0
2240,55.0,74.0,61.0
2241,57.0,87.0,95.0
2242,70.0,117.0,69.0
2243,68.0,125.0,132.0
2244,67.0,127.0,148.0
2245,74.0,137.0,127.0
2246,,160.0,65.0
2247,70.0,138.0,65.0
2248,79.0,119.0,47.0
2249,173.0,106.0,41.0
2250,85.0,98.0,39.0
2251,66.0,104.0,40.0
2252,69.0,108.0,58.0
2253,68.0,140.0,51.0
2254,78.0,176.0,47.0
2255,,196.0,44.0
2256,77.0,153.0,31.0
2257,68.0,186.0,38.0
2258,63.0,154.0,97.0
2259,53.0,128.0,56.0
2260,58.0,93.0,75.0
2261,56.0,104.0,47.0
2262,64.0,90.0,56.0
2263,75.0,82.0,71.0
2264,81.0,78.0,64.0
2265,108.0,80.0,63.0
2266,89.0,85.0,98.0
2267,88.0,113.0,61.0
2268,119.0,138.0,66.0
2269,120.0,202.0,49.0
2270,166.0,153.0,45.0
2271,96.0,139.0,51.0
2272,,159.0,48.0
2273,78.0,197.0,44.0
2274,64.0,200.0,39.0
2275,70.0,160.0,41.0
2276,59.0,124.0,46.0
2277,65.0,111.0,51.0
2278,95.0,109.0,74.0
2279,96.0,91.0,59.0
2280,89.0,84.0,40.0
2281,88.0,83.0,38.0
2282,65.0,70.0,41.0
2283,73.0,80.0,34.0
2284,95.0,77.0,41.0
2285,103.0,69.0,35.0
2286,79.0,39.0,40.0
2287,77.0,35.0,46.0
2288,94.0,36.0,67.0
2289,128.0,37.0,72.0
2290,163.0,33.0,61.0
2291,123.0,36.0,52.0
2292,153.0,45.0,66.0
2293,111.0,41.0,56.0
2294,58.0,42.0,77.0
2295,40.0,36.0,51.0
2296,390.0,34.0,55.0
2297,551.0,35.0,58.0
2298,432.0,37.0,59.0
2299,393.0,33.0,59.0
2300,237.0,26.0,71.0
2301,166.0,30.0,71.0
2302,143.0,26.0,51.0
2303,116.0,26.0,41.0
2304,91.0,34.0,41.0
2305,75.0,33.0,43.0
2306,69.0,31.0,42.0
2307,68.0,37.0,33.0
2308,56.0,36.0,23.0
2309,65.0,31.0,33.0
2310,61.0,28.0,29.0
2311,63.0,27.0,48.0
2312,62.0,25.0,54.0
2313,74.0,29.0,58.0
2314,83.0,28.0,70.0
2315,72.0,26.0,110.0
2316,56.0,25.0,103.0
2317,55.0,27.0,82.0
2318,61.0,29.0,104.0
2319,58.0,34.0,94.0
2320,71.0,29.0,78.0
2321,84.0,26.0,63.0
2322,,23.0,54.0
2323,94.0,22.0,49.0
2324,92.0,21.0,52.0
2325,86.0,21.0,59.0
2326,91.0,24.0,73.0
2327,97.0,27.0,58.0
2328,96.0,27.0,54.0
2329,89.0,35.0,52.0
2330,124.0,35.0,42.0
2331,93.0,29.0,43.0
2332,91.0,28.0,43.0
2333,90.0,26.0,44.0
2334,82.0,23.0,43.0
2335,80.0,20.0,46.0
2336,87.0,20.0,58.0
2337,104.0,20.0,95.0
2338,101.0,18.0,92.0
2339,84.0,20.0,146.0
2340,87.0,25.0,133.0
2341,90.0,25.0,112.0
2342,120.0,23.0,62.0
2343,109.0,33.0,53.0
2344,,39.0,69.0
2345,94.0,48.0,62.0
2346,94.0,52.0,56.0
2347,92.0,54.0,60.0
2348,87.0,48.0,68.0
2349,109.0,49.0,68.0
2350,135.0,50.0,65.0
2351,148.0,44.0,56.0
2352,96.0,50.0,44.0
2353,70.0,36.0,37.0
2354,59.0,25.0,31.0
2355,52.0,21.0,28.0
2356,45.0,18.0,40.0
2357,54.0,16.0,30.0
2358,51.0,18.0,33.0
2359,55.0,17.0,40.0
2360,78.0,18.0,66.0
2361,86.0,17.0,72.0
2362,114.0,15.0,73.0
2363,93.0,17.0,61.0
2364,90.0,18.0,66.0
2365,99.0,19.0,61.0
2366,103.0,20.0,73.0
2367,,22.0,72.0
2368,95.0,33.0,70.0
2369,81.0,34.0,65.0
2370,89.0,48.0,60.0
2371,95.0,41.0,70.0
2372,117.0,38.0,73.0
2373,,41.0,64.0
2374,84.0,35.0,66.0
2375,92.0,35.0,64.0
2376,86.0,34.0,70.0
2377,95.0,23.0,75.0
2378,75.0,17.0,73.0
2379,65.0,13.0,60.0
2380,58.0,15.0,56.0
2381,49.0,14.0,56.0
2382,51.0,11.0,62.0
2383,49.0,11.0,70.0
2384,48.0,13.0,89.0
2385,51.0,16.0,106.0
2386,69.0,18.0,101.0
2387,84.0,17.0,123.0
2388,104.0,16.0,106.0
2389,87.0,16.0,86.0
2390,73.0,18.0,87.0
2391,68.0,19.0,102.0
2392,60.0,20.0,69.0
2393,64.0,19.0,60.0
2394,56.0,18.0,63.0
2395,53.0,28.0,68.0
2396,63.0,25.0,54.0
2397,68.0,33.0,74.0
2398,99.0,26.0,78.0
2399,69.0,22.0,78.0
2400,64.0,19.0,72.0
2401,61.0,18.0,69.0
2402,52.0,18.0,453.0
2403,39.0,18.0,339.0
2404,42.0,17.0,156.0
2405,58.0,19.0,53.0
2406,55.0,23.0,41.0
2407,51.0,26.0,55.0
2408,57.0,27.0,60.0
2409,61.0,27.0,73.0
2410,77.0,29.0,101.0
2411,103.0,34.0,74.0
2412,90.0,44.0,79.0
2413,104.0,44.0,70.0
2414,75.0,46.0,47.0
2415,57.0,50.0,34.0
2416,45.0,42.0,33.0
2417,38.0,58.0,31.0
2418,29.0,57.0,28.0
2419,27.0,50.0,26.0
2420,36.0,52.0,28.0
2421,67.0,58.0,29.0
2422,65.0,65.0,37.0
2423,58.0,60.0,74.0
2424,61.0,53.0,38.0
2425,72.0,60.0,30.0
2426,64.0,50.0,36.0
2427,65.0,38.0,32.0
2428,61.0,35.0,33.0
2429,57.0,33.0,27.0
2430,54.0,36.0,23.0
2431,54.0,38.0,28.0
2432,56.0,47.0,52.0
2433,64.0,75.0,66.0
2434,90.0,81.0,60.0
2435,91.0,80.0,60.0
2436,106.0,57.0,59.0
2437,112.0,50.0,49.0
2438,107.0,,44.0
2439,75.0,62.0,43.0
2440,56.0,59.0,40.0
2441,75.0,52.0,35.0
2442,75.0,53.0,36.0
2443,64.0,52.0,43.0
2444,65.0,43.0,63.0
2445,59.0,59.0,45.0
2446,64.0,71.0,47.0
2447,53.0,87.0,53.0
2448,53.0,79.0,38.0
2449,65.0,62.0,38.0
2450,60.0,38.0,38.0
2451,48.0,43.0,41.0
2452,52.0,43.0,43.0
2453,56.0,40.0,46.0
2454,60.0,33.0,43.0
2455,60.0,34.0,32.0
2456,66.0,50.0,45.0
2457,83.0,60.0,70.0
2458,84.0,81.0,80.0
2459,133.0,76.0,78.0
2460,97.0,65.0,63.0
2461,79.0,59.0,56.0
2462,48.0,48.0,63.0
2463,34.0,52.0,60.0
2464,38.0,61.0,50.0
2465,36.0,69.0,53.0
2466,20.0,62.0,56.0
2467,18.0,62.0,92.0
2468,44.0,61.0,66.0
2469,61.0,74.0,56.0
2470,95.0,86.0,51.0
2471,65.0,94.0,41.0
2472,62.0,82.0,32.0
2473,68.0,61.0,32.0
2474,81.0,47.0,33.0
2475,80.0,51.0,30.0
2476,60.0,48.0,24.0
2477,60.0,45.0,21.0
2478,61.0,42.0,24.0
2479,57.0,46.0,27.0
2480,57.0,62.0,43.0
2481,57.0,96.0,40.0
2482,67.0,109.0,42.0
2483,65.0,141.0,49.0
2484,66.0,148.0,57.0
2485,71.0,121.0,52.0
2486,57.0,131.0,55.0
2487,59.0,131.0,53.0
2488,64.0,142.0,51.0
2489,56.0,135.0,48.0
2490,62.0,113.0,55.0
2491,61.0,109.0,58.0
2492,63.0,103.0,59.0
2493,66.0,92.0,56.0
2494,86.0,136.0,51.0
2495,,126.0,54.0
2496,53.0,110.0,43.0
2497,47.0,117.0,38.0
2498,42.0,113.0,42.0
2499,42.0,109.0,35.0
2500,39.0,107.0,28.0
2501,45.0,97.0,28.0
2502,42.0,101.0,30.0
2503,55.0,101.0,30.0
2504,52.0,102.0,36.0
2505,55.0,104.0,37.0
2506,45.0,76.0,36.0
2507,59.0,105.0,51.0
2508,58.0,94.0,48.0
2509,69.0,66.0,49.0
2510,71.0,50.0,44.0
2511,67.0,43.0,49.0
2512,73.0,49.0,53.0
2513,76.0,33.0,54.0
2514,60.0,27.0,59.0
2515,57.0,29.0,59.0
2516,60.0,32.0,57.0
2517,68.0,42.0,65.0
2518,66.0,56.0,63.0
2519,70.0,61.0,59.0
2520,64.0,84.0,47.0
2521,53.0,95.0,37.0
2522,50.0,90.0,43.0
2523,51.0,116.0,33.0
2524,48.0,101.0,39.0
2525,58.0,77.0,34.0
2526,57.0,70.0,34.0
2527,59.0,57.0,40.0
2528,62.0,68.0,50.0
2529,69.0,62.0,59.0
2530,65.0,63.0,64.0
2531,76.0,44.0,62.0
2532,84.0,45.0,75.0
2533,83.0,49.0,87.0
2534,76.0,47.0,90.0
2535,64.0,50.0,65.0
2536,63.0,53.0,60.0
2537,69.0,61.0,59.0
2538,73.0,62.0,60.0
2539,75.0,56.0,51.0
2540,72.0,64.0,64.0
2541,62.0,66.0,81.0
2542,84.0,67.0,64.0
2543,77.0,61.0,54.0
2544,71.0,62.0,45.0
2545,49.0,66.0,43.0
2546,47.0,57.0,39.0
2547,48.0,57.0,40.0
2548,41.0,46.0,41.0
2549,43.0,41.0,42.0
2550,41.0,41.0,49.0
2551,37.0,36.0,52.0
2552,47.0,40.0,55.0
2553,46.0,55.0,54.0
2554,44.0,91.0,70.0
2555,54.0,82.0,77.0
2556,47.0,70.0,92.0
2557,65.0,83.0,81.0
2558,62.0,80.0,68.0
2559,62.0,74.0,55.0
2560,62.0,77.0,39.0
2561,,78.0,42.0
2562,67.0,76.0,51.0
2563,66.0,79.0,60.0
2564,66.0,95.0,70.0
2565,64.0,87.0,51.0
2566,84.0,83.0,42.0
2567,57.0,68.0,39.0
2568,47.0,55.0,42.0
2569,45.0,41.0,35.0
2570,51.0,36.0,35.0
2571,46.0,33.0,35.0
2572,44.0,35.0,31.0
2573,43.0,39.0,26.0
2574,42.0,38.0,41.0
2575,46.0,39.0,33.0
2576,55.0,44.0,43.0
2577,59.0,46.0,41.0
2578,74.0,46.0,37.0
2579,84.0,48.0,49.0
2580,61.0,56.0,52.0
2581,55.0,60.0,57.0
2582,64.0,60.0,65.0
2583,58.0,65.0,65.0
2584,57.0,59.0,68.0
2585,64.0,73.0,75.0
2586,61.0,66.0,66.0
2587,55.0,69.0,51.0
2588,53.0,72.0,49.0
2589,57.0,74.0,54.0
2590,56.0,75.0,57.0
2591,59.0,81.0,92.0
2592,65.0,63.0,54.0
2593,54.0,50.0,42.0
2594,50.0,45.0,44.0
2595,40.0,42.0,38.0
2596,46.0,44.0,41.0
2597,34.0,46.0,28.0
2598,32.0,42.0,30.0
2599,35.0,37.0,28.0
2600,35.0,41.0,38.0
2601,38.0,59.0,46.0
2602,36.0,86.0,70.0
2603,34.0,64.0,81.0
2604,34.0,55.0,83.0
2605,38.0,65.0,78.0
2606,39.0,61.0,78.0
2607,37.0,70.0,74.0
2608,40.0,69.0,73.0
2609,40.0,66.0,72.0
2610,36.0,65.0,90.0
2611,46.0,67.0,90.0
2612,47.0,62.0,67.0
2613,51.0,63.0,71.0
2614,50.0,73.0,38.0
2615,43.0,73.0,26.0
2616,44.0,66.0,51.0
2617,34.0,58.0,47.0
2618,32.0,53.0,46.0
2619,35.0,52.0,56.0
2620,36.0,50.0,44.0
2621,36.0,47.0,48.0
2622,39.0,47.0,53.0
2623,38.0,43.0,71.0
2624,41.0,50.0,51.0
2625,48.0,53.0,44.0
2626,45.0,75.0,52.0
2627,53.0,72.0,46.0
2628,62.0,68.0,52.0
2629,67.0,66.0,54.0
2630,56.0,74.0,41.0
2631,76.0,68.0,41.0
2632,82.0,73.0,42.0
2633,86.0,74.0,43.0
2634,72.0,73.0,54.0
2635,64.0,72.0,50.0
2636,58.0,76.0,56.0
2637,60.0,82.0,62.0
2638,64.0,80.0,84.0
2639,68.0,87.0,30.0
2640,49.0,85.0,20.0
2641,43.0,68.0,28.0
2642,38.0,51.0,33.0
2643,36.0,55.0,33.0
2644,50.0,61.0,23.0
2645,49.0,66.0,28.0
2646,43.0,64.0,17.0
2647,46.0,65.0,24.0
2648,44.0,76.0,19.0
2649,50.0,103.0,28.0
2650,67.0,97.0,36.0
2651,84.0,106.0,25.0
2652,63.0,110.0,9.0
2653,66.0,92.0,20.0
2654,60.0,75.0,24.0
2655,67.0,51.0,33.0
2656,77.0,58.0,34.0
2657,69.0,133.0,31.0
2658,76.0,109.0,39.0
2659,70.0,74.0,39.0
2660,72.0,62.0,45.0
2661,84.0,70.0,47.0
2662,71.0,89.0,59.0
2663,63.0,99.0,73.0
2664,49.0,68.0,113.0
2665,51.0,56.0,
2666,55.0,55.0,61.0
2667,51.0,48.0,22.0
2668,58.0,50.0,8.0
2669,61.0,51.0,7.0
2670,64.0,50.0,7.0
2671,61.0,39.0,6.0
2672,68.0,34.0,4.0
2673,69.0,45.0,2.0
2674,74.0,51.0,2.0
2675,66.0,56.0,3.0
2676,81.0,63.0,6.0
2677,67.0,55.0,9.0
2678,64.0,65.0,6.0
2679,65.0,67.0,5.0
2680,59.0,70.0,6.0
2681,61.0,64.0,9.0
2682,66.0,64.0,9.0
2683,74.0,58.0,8.0
2684,73.0,69.0,7.0
2685,65.0,60.0,4.0
2686,96.0,62.0,4.0
2687,60.0,73.0,6.0
2688,47.0,47.0,10.0
2689,47.0,43.0,4.0
2690,43.0,,
2691,39.0,35.0,
2692,41.0,34.0,2.0
2693,38.0,36.0,8.0
2694,41.0,35.0,10.0
2695,40.0,44.0,5.0
2696,43.0,32.0,
2697,43.0,37.0,4.0
2698,50.0,45.0,7.0
2699,47.0,50.0,5.0
2700,60.0,50.0,8.0
2701,73.0,44.0,13.0
2702,62.0,44.0,19.0
2703,64.0,119.0,29.0
2704,56.0,117.0,21.0
2705,61.0,127.0,8.0
2706,52.0,73.0,9.0
2707,,34.0,7.0
2708,65.0,34.0,6.0
2709,66.0,30.0,3.0
2710,64.0,32.0,3.0
2711,,31.0,6.0
2712,54.0,32.0,4.0
2713,53.0,31.0,
2714,44.0,26.0,
2715,43.0,26.0,
2716,41.0,30.0,2.0
2717,40.0,36.0,
2718,43.0,26.0,
2719,41.0,23.0,
2720,38.0,24.0,2.0
2721,39.0,25.0,
2722,46.0,24.0,3.0
2723,50.0,22.0,9.0
2724,48.0,21.0,12.0
2725,53.0,28.0,21.0
2726,57.0,32.0,37.0
2727,56.0,44.0,33.0
2728,48.0,55.0,22.0
2729,58.0,53.0,32.0
2730,55.0,49.0,32.0
2731,49.0,45.0,24.0
2732,60.0,48.0,31.0
2733,72.0,44.0,31.0
2734,73.0,43.0,29.0
2735,66.0,43.0,38.0
2736,48.0,41.0,52.0
2737,43.0,36.0,34.0
2738,41.0,23.0,29.0
2739,44.0,22.0,35.0
2740,42.0,33.0,31.0
2741,43.0,35.0,24.0
2742,48.0,40.0,35.0
2743,46.0,38.0,31.0
2744,43.0,52.0,39.0
2745,51.0,45.0,48.0
2746,55.0,49.0,43.0
2747,55.0,69.0,48.0
2748,54.0,78.0,46.0
2749,69.0,94.0,33.0
2750,71.0,76.0,21.0
2751,91.0,,21.0
2752,65.0,,30.0
2753,60.0,66.0,24.0
2754,74.0,56.0,26.0
2755,57.0,,33.0
2756,77.0,60.0,30.0
2757,63.0,75.0,32.0
2758,70.0,76.0,35.0
2759,,68.0,36.0
2760,,69.0,42.0
2761,6.0,59.0,29.0
2762,,52.0,22.0
2763,11.0,49.0,31.0
2764,13.0,39.0,23.0
2765,17.0,39.0,27.0
2766,21.0,46.0,22.0
2767,29.0,46.0,21.0
2768,33.0,42.0,32.0
2769,48.0,55.0,43.0
2770,47.0,70.0,50.0
2771,44.0,80.0,36.0
2772,44.0,92.0,35.0
2773,54.0,81.0,37.0
2774,38.0,68.0,33.0
2775,38.0,77.0,23.0
2776,34.0,85.0,28.0
2777,30.0,83.0,36.0
2778,38.0,81.0,38.0
2779,43.0,83.0,35.0
2780,47.0,81.0,34.0
2781,37.0,73.0,54.0
2782,,78.0,68.0
2783,37.0,94.0,75.0
2784,40.0,91.0,47.0
2785,37.0,81.0,53.0
2786,33.0,60.0,38.0
2787,23.0,43.0,44.0
2788,23.0,46.0,42.0
2789,24.0,42.0,34.0
2790,24.0,47.0,26.0
2791,23.0,50.0,21.0
2792,23.0,61.0,32.0
2793,31.0,71.0,45.0
2794,37.0,97.0,61.0
2795,39.0,97.0,63.0
2796,43.0,85.0,57.0
2797,42.0,74.0,66.0
2798,36.0,66.0,70.0
2799,39.0,61.0,55.0
2800,36.0,55.0,68.0
2801,39.0,56.0,70.0
2802,34.0,65.0,58.0
2803,37.0,71.0,47.0
2804,47.0,70.0,54.0
2805,50.0,70.0,56.0
2806,49.0,63.0,64.0
2807,38.0,59.0,77.0
2808,35.0,74.0,78.0
2809,36.0,57.0,47.0
2810,30.0,45.0,
2811,28.0,38.0,80.0
2812,30.0,37.0,45.0
2813,31.0,37.0,49.0
2814,32.0,33.0,46.0
2815,29.0,45.0,44.0
2816,48.0,64.0,43.0
2817,69.0,65.0,53.0
2818,49.0,88.0,60.0
2819,60.0,84.0,58.0
2820,60.0,78.0,65.0
2821,53.0,87.0,54.0
2822,39.0,67.0,66.0
2823,47.0,68.0,81.0
2824,50.0,88.0,85.0
2825,47.0,94.0,73.0
2826,53.0,80.0,68.0
2827,61.0,67.0,51.0
2828,49.0,72.0,43.0
2829,64.0,84.0,53.0
2830,57.0,92.0,59.0
2831,46.0,99.0,85.0
2832,38.0,87.0,62.0
2833,36.0,504.0,55.0
2834,33.0,261.0,53.0
2835,28.0,96.0,58.0
2836,,61.0,50.0
2837,65.0,71.0,55.0
2838,65.0,59.0,49.0
2839,55.0,58.0,55.0
2840,51.0,51.0,60.0
2841,66.0,44.0,59.0
2842,72.0,44.0,63.0
2843,63.0,57.0,52.0
2844,65.0,92.0,67.0
2845,76.0,101.0,
2846,79.0,88.0,
2847,70.0,89.0,
2848,69.0,65.0,
2849,82.0,51.0,90.0
2850,61.0,49.0,45.0
2851,76.0,44.0,40.0
2852,69.0,41.0,45.0
2853,66.0,43.0,48.0
2854,68.0,57.0,49.0
2855,63.0,60.0,50.0
2856,45.0,,51.0
2857,43.0,,45.0
2858,47.0,,43.0
2859,48.0,,39.0
2860,52.0,,42.0
2861,47.0,,34.0
2862,45.0,,43.0
2863,49.0,1000.0,48.0
2864,55.0,1000.0,47.0
2865,58.0,,39.0
2866,59.0,,46.0
2867,71.0,,40.0
2868,58.0,,46.0
2869,52.0,,57.0
2870,69.0,,54.0
2871,77.0,,59.0
2872,70.0,,63.0
2873,63.0,,59.0
2874,59.0,,77.0
2875,92.0,,53.0
2876,124.0,,56.0
2877,77.0,,44.0
2878,60.0,,41.0
2879,62.0,,57.0
2880,89.0,,55.0
2881,,,70.0
2882,26.0,44.0,52.0
2883,39.0,36.0,47.0
2884,36.0,32.0,22.0
2885,41.0,30.0,24.0
2886,32.0,45.0,20.0
2887,42.0,37.0,36.0
2888,41.0,44.0,38.0
2889,52.0,45.0,46.0
2890,52.0,49.0,57.0
2891,49.0,55.0,54.0
2892,57.0,61.0,50.0
2893,60.0,65.0,48.0
2894,57.0,,43.0
2895,59.0,,56.0
2896,61.0,,44.0
2897,55.0,,57.0
2898,63.0,,54.0
2899,65.0,,58.0
2900,70.0,,47.0
2901,62.0,,48.0
2902,54.0,,50.0
2903,47.0,,67.0
2904,36.0,,54.0
2905,38.0,,
2906,37.0,,48.0
2907,34.0,,
2908,38.0,,71.0
2909,30.0,,26.0
2910,42.0,,34.0
2911,44.0,,22.0
2912,47.0,,23.0
2913,64.0,,21.0
2914,64.0,,26.0
2915,67.0,,26.0
2916,78.0,50.0,27.0
2917,67.0,54.0,40.0
2918,68.0,57.0,34.0
2919,81.0,67.0,42.0
2920,83.0,73.0,36.0
2921,,72.0,39.0
2922,,82.0,43.0
2923,57.0,85.0,40.0
2924,64.0,85.0,43.0
2925,60.0,75.0,50.0
2926,68.0,74.0,59.0
2927,67.0,71.0,46.0
2928,60.0,77.0,44.0
2929,56.0,71.0,46.0
2930,51.0,57.0,40.0
2931,44.0,44.0,49.0
2932,40.0,43.0,39.0
2933,39.0,43.0,41.0
2934,43.0,43.0,39.0
2935,42.0,42.0,37.0
2936,70.0,34.0,48.0
2937,81.0,44.0,57.0
2938,79.0,46.0,85.0
2939,87.0,31.0,75.0
2940,85.0,37.0,68.0
2941,79.0,50.0,68.0
2942,74.0,53.0,75.0
2943,83.0,58.0,63.0
2944,82.0,65.0,27.0
2945,85.0,61.0,28.0
2946,87.0,56.0,21.0
2947,85.0,60.0,42.0
2948,84.0,60.0,70.0
2949,88.0,61.0,74.0
2950,73.0,61.0,71.0
2951,,67.0,70.0
2952,58.0,63.0,69.0
2953,57.0,68.0,70.0
2954,50.0,57.0,36.0
2955,48.0,51.0,33.0
2956,47.0,47.0,35.0
2957,54.0,53.0,43.0
2958,54.0,53.0,38.0
2959,60.0,47.0,36.0
2960,66.0,50.0,35.0
2961,79.0,64.0,54.0
2962,91.0,79.0,64.0
2963,92.0,76.0,64.0
2964,86.0,73.0,91.0
2965,81.0,78.0,58.0
2966,79.0,80.0,56.0
2967,76.0,76.0,45.0
2968,76.0,78.0,60.0
2969,77.0,83.0,59.0
2970,74.0,79.0,64.0
2971,75.0,67.0,57.0
2972,78.0,70.0,55.0
2973,82.0,77.0,47.0
2974,68.0,76.0,53.0
2975,67.0,84.0,55.0
2976,55.0,77.0,63.0
2977,60.0,78.0,30.0
2978,58.0,64.0,35.0
2979,53.0,52.0,18.0
2980,54.0,52.0,13.0
2981,51.0,50.0,17.0
2982,58.0,48.0,23.0
2983,55.0,60.0,20.0
2984,67.0,69.0,28.0
2985,73.0,73.0,24.0
2986,77.0,102.0,27.0
2987,79.0,122.0,40.0
2988,46.0,121.0,33.0
2989,97.0,97.0,33.0
2990,102.0,93.0,34.0
2991,107.0,96.0,37.0
2992,104.0,89.0,33.0
2993,83.0,81.0,32.0
2994,76.0,79.0,41.0
2995,78.0,64.0,41.0
2996,80.0,76.0,49.0
2997,86.0,88.0,48.0
2998,91.0,102.0,53.0
2999,71.0,101.0,51.0
3000,70.0,102.0,44.0
3001,71.0,107.0,
3002,79.0,124.0,74.0
3003,65.0,86.0,36.0
3004,62.0,62.0,25.0
3005,53.0,61.0,39.0
3006,52.0,63.0,24.0
3007,52.0,73.0,36.0
3008,63.0,64.0,45.0
3009,83.0,89.0,43.0
3010,79.0,94.0,49.0
3011,73.0,111.0,42.0
3012,99.0,116.0,36.0
3013,75.0,103.0,50.0
3014,68.0,87.0,42.0
3015,73.0,80.0,37.0
3016,73.0,93.0,25.0
3017,100.0,111.0,39.0
3018,99.0,102.0,46.0
3019,82.0,96.0,46.0
3020,69.0,96.0,42.0
3021,64.0,89.0,39.0
3022,61.0,84.0,54.0
3023,66.0,90.0,
3024,86.0,102.0,84.0
3025,94.0,86.0,
3026,75.0,83.0,68.0
3027,54.0,80.0,36.0
3028,50.0,68.0,22.0
3029,46.0,68.0,32.0
3030,58.0,68.0,32.0
3031,62.0,74.0,36.0
3032,55.0,74.0,26.0
3033,69.0,69.0,50.0
3034,62.0,63.0,63.0
3035,102.0,60.0,73.0
3036,113.0,75.0,54.0
3037,105.0,93.0,56.0
3038,100.0,87.0,56.0
3039,82.0,89.0,64.0
3040,73.0,84.0,49.0
3041,59.0,111.0,51.0
3042,64.0,99.0,38.0
3043,62.0,72.0,39.0
3044,66.0,73.0,38.0
3045,79.0,68.0,49.0
3046,116.0,59.0,47.0
3047,88.0,62.0,50.0
3048,83.0,49.0,
3049,78.0,41.0,
3050,80.0,47.0,
3051,77.0,42.0,
3052,68.0,39.0,
3053,65.0,45.0,
3054,60.0,42.0,
3055,69.0,39.0,
3056,74.0,48.0,
3057,79.0,50.0,
3058,89.0,77.0,72.0
3059,84.0,81.0,93.0
3060,98.0,71.0,97.0
3061,94.0,86.0,62.0
3062,83.0,84.0,79.0
3063,94.0,80.0,68.0
3064,101.0,70.0,98.0
3065,79.0,83.0,69.0
3066,73.0,82.0,57.0
3067,77.0,77.0,64.0
3068,68.0,78.0,85.0
3069,71.0,77.0,77.0
3070,94.0,83.0,67.0
3071,81.0,103.0,60.0
3072,83.0,69.0,
3073,73.0,57.0,
3074,63.0,33.0,
3075,61.0,33.0,
3076,61.0,37.0,
3077,66.0,46.0,
3078,63.0,41.0,
3079,72.0,37.0,
3080,82.0,39.0,
3081,99.0,37.0,
3082,97.0,65.0,74.0
3083,115.0,49.0,86.0
3084,102.0,67.0,92.0
3085,117.0,62.0,127.0
3086,107.0,67.0,112.0
3087,101.0,71.0,103.0
3088,120.0,70.0,115.0
3089,97.0,68.0,104.0
3090,90.0,64.0,88.0
3091,91.0,57.0,80.0
3092,79.0,66.0,73.0
3093,86.0,71.0,68.0
3094,88.0,64.0,56.0
3095,77.0,72.0,66.0
3096,66.0,70.0,60.0
3097,62.0,64.0,52.0
3098,53.0,38.0,98.0
3099,51.0,32.0,78.0
3100,50.0,30.0,79.0
3101,54.0,27.0,82.0
3102,39.0,25.0,82.0
3103,46.0,31.0,62.0
3104,50.0,44.0,97.0
3105,57.0,51.0,106.0
3106,49.0,60.0,114.0
3107,70.0,67.0,133.0
3108,82.0,65.0,132.0
3109,89.0,53.0,95.0
3110,77.0,54.0,56.0
3111,83.0,53.0,45.0
3112,78.0,65.0,103.0
3113,110.0,62.0,
3114,84.0,59.0,102.0
3115,76.0,59.0,43.0
3116,117.0,61.0,36.0
3117,100.0,63.0,52.0
3118,79.0,64.0,48.0
3119,76.0,72.0,64.0
3120,63.0,72.0,57.0
3121,48.0,70.0,67.0
3122,44.0,64.0,92.0
3123,43.0,52.0,75.0
3124,39.0,47.0,66.0
3125,47.0,,63.0
3126,43.0,45.0,60.0
3127,33.0,45.0,66.0
3128,25.0,55.0,76.0
3129,40.0,76.0,81.0
3130,48.0,75.0,76.0
3131,60.0,69.0,67.0
3132,60.0,78.0,68.0
3133,49.0,89.0,55.0
3134,55.0,87.0,80.0
3135,60.0,89.0,83.0
3136,62.0,81.0,83.0
3137,70.0,82.0,82.0
3138,63.0,86.0,83.0
3139,58.0,83.0,66.0
3140,71.0,77.0,61.0
3141,74.0,70.0,60.0
3142,61.0,74.0,68.0
3143,58.0,77.0,
3144,50.0,91.0,
3145,52.0,74.0,
3146,47.0,66.0,
3147,39.0,59.0,109.0
3148,39.0,61.0,51.0
3149,44.0,60.0,48.0
3150,37.0,53.0,57.0
3151,42.0,59.0,57.0
3152,46.0,65.0,50.0
3153,48.0,68.0,60.0
3154,46.0,85.0,55.0
3155,56.0,79.0,52.0
3156,62.0,82.0,51.0
3157,69.0,79.0,55.0
3158,80.0,76.0,59.0
3159,66.0,75.0,51.0
3160,61.0,76.0,49.0
3161,75.0,85.0,68.0
3162,59.0,95.0,61.0
3163,54.0,98.0,57.0
3164,51.0,97.0,
3165,81.0,113.0,101.0
3166,89.0,86.0,66.0
3167,65.0,42.0,72.0
3168,53.0,35.0,64.0
3169,44.0,31.0,50.0
3170,41.0,37.0,50.0
3171,,48.0,43.0
3172,35.0,39.0,28.0
3173,38.0,41.0,27.0
3174,38.0,36.0,23.0
3175,42.0,37.0,19.0
3176,42.0,31.0,27.0
3177,51.0,31.0,34.0
3178,56.0,35.0,35.0
3179,60.0,28.0,39.0
3180,73.0,27.0,28.0
3181,73.0,23.0,37.0
3182,70.0,20.0,41.0
3183,80.0,29.0,59.0
3184,58.0,29.0,54.0
3185,64.0,51.0,55.0
3186,62.0,49.0,53.0
3187,74.0,49.0,45.0
3188,79.0,44.0,46.0
3189,72.0,51.0,51.0
3190,79.0,45.0,81.0
3191,65.0,56.0,67.0
3192,54.0,64.0,71.0
3193,45.0,95.0,84.0
3194,47.0,83.0,73.0
3195,44.0,60.0,66.0
3196,56.0,40.0,39.0
3197,44.0,30.0,58.0
3198,46.0,28.0,51.0
3199,40.0,31.0,56.0
3200,43.0,35.0,56.0
3201,47.0,37.0,88.0
3202,68.0,36.0,83.0
3203,77.0,33.0,
3204,93.0,30.0,
3205,89.0,30.0,
3206,90.0,31.0,
3207,92.0,35.0,
3208,88.0,43.0,
3209,77.0,40.0,
3210,64.0,36.0,24.0
3211,49.0,43.0,26.0
3212,51.0,37.0,156.0
3213,54.0,45.0,99.0
3214,58.0,70.0,57.0
3215,85.0,65.0,55.0
3216,63.0,44.0,51.0
3217,52.0,49.0,46.0
3218,46.0,54.0,43.0
3219,37.0,56.0,39.0
3220,32.0,49.0,52.0
3221,38.0,57.0,52.0
3222,40.0,58.0,46.0
3223,36.0,55.0,54.0
3224,32.0,63.0,71.0
3225,39.0,83.0,64.0
3226,47.0,102.0,93.0
3227,59.0,76.0,76.0
3228,65.0,42.0,71.0
3229,60.0,42.0,67.0
3230,60.0,38.0,58.0
3231,63.0,39.0,57.0
3232,52.0,37.0,58.0
3233,47.0,41.0,56.0
3234,43.0,50.0,57.0
3235,39.0,40.0,55.0
3236,43.0,37.0,46.0
3237,52.0,47.0,
3238,72.0,45.0,
3239,90.0,32.0,
3240,62.0,27.0,
3241,55.0,25.0,
3242,42.0,25.0,
3243,43.0,23.0,
3244,40.0,23.0,
3245,45.0,29.0,
3246,45.0,34.0,
3247,63.0,38.0,
3248,69.0,42.0,
3249,96.0,62.0,
3250,94.0,77.0,
3251,103.0,60.0,72.0
3252,122.0,44.0,71.0
3253,130.0,42.0,65.0
3254,98.0,46.0,64.0
3255,84.0,42.0,61.0
3256,76.0,38.0,64.0
3257,96.0,34.0,67.0
3258,91.0,32.0,71.0
3259,59.0,40.0,70.0
3260,60.0,52.0,72.0
3261,68.0,62.0,81.0
3262,79.0,67.0,84.0
3263,94.0,75.0,87.0
3264,63.0,60.0,73.0
3265,48.0,84.0,66.0
3266,48.0,99.0,65.0
3267,45.0,112.0,65.0
3268,42.0,65.0,66.0
3269,39.0,53.0,62.0
3270,45.0,46.0,62.0
3271,44.0,46.0,66.0
3272,57.0,66.0,75.0
3273,89.0,67.0,91.0
3274,75.0,75.0,88.0
3275,75.0,87.0,100.0
3276,85.0,71.0,108.0
3277,81.0,59.0,85.0
3278,87.0,61.0,72.0
3279,72.0,58.0,107.0
3280,61.0,52.0,102.0
3281,66.0,54.0,87.0
3282,65.0,58.0,86.0
3283,62.0,62.0,83.0
3284,63.0,51.0,83.0
3285,61.0,53.0,83.0
3286,138.0,58.0,100.0
3287,100.0,76.0,104.0
3288,64.0,59.0,88.0
3289,57.0,42.0,109.0
3290,73.0,34.0,77.0
3291,50.0,34.0,73.0
3292,44.0,31.0,76.0
3293,43.0,35.0,71.0
3294,47.0,48.0,70.0
3295,44.0,39.0,32.0
3296,54.0,51.0,27.0
3297,77.0,77.0,27.0
3298,70.0,77.0,33.0
3299,72.0,76.0,37.0
3300,93.0,67.0,41.0
3301,158.0,53.0,46.0
3302,120.0,46.0,36.0
3303,123.0,48.0,33.0
3304,131.0,57.0,36.0
3305,122.0,53.0,46.0
3306,103.0,48.0,54.0
3307,93.0,70.0,51.0
3308,92.0,67.0,42.0
3309,74.0,53.0,38.0
3310,132.0,58.0,37.0
3311,105.0,69.0,44.0
3312,114.0,84.0,40.0
3313,62.0,92.0,42.0
3314,48.0,74.0,36.0
3315,44.0,76.0,35.0
3316,51.0,61.0,38.0
3317,50.0,52.0,29.0
3318,55.0,50.0,31.0
3319,44.0,60.0,43.0
3320,53.0,74.0,56.0
3321,76.0,80.0,44.0
3322,90.0,89.0,56.0
3323,93.0,100.0,62.0
3324,109.0,85.0,80.0
3325,110.0,79.0,93.0
3326,139.0,60.0,68.0
3327,135.0,47.0,60.0
3328,126.0,43.0,57.0
3329,118.0,61.0,53.0
3330,95.0,55.0,50.0
3331,78.0,59.0,50.0
3332,85.0,56.0,60.0
3333,83.0,51.0,63.0
3334,96.0,52.0,62.0
3335,71.0,56.0,67.0
3336,71.0,62.0,66.0
3337,67.0,50.0,65.0
3338,73.0,41.0,66.0
3339,72.0,43.0,67.0
3340,72.0,54.0,63.0
3341,71.0,50.0,68.0
3342,83.0,37.0,68.0
3343,82.0,39.0,73.0
3344,86.0,42.0,73.0
3345,57.0,47.0,70.0
3346,129.0,61.0,74.0
3347,162.0,87.0,83.0
3348,206.0,80.0,77.0
3349,255.0,134.0,67.0
3350,207.0,67.0,53.0
3351,148.0,28.0,50.0
3352,117.0,23.0,45.0
3353,88.0,23.0,44.0
3354,94.0,25.0,46.0
3355,89.0,28.0,42.0
3356,94.0,35.0,45.0
3357,100.0,38.0,52.0
3358,106.0,36.0,62.0
3359,188.0,32.0,58.0
3360,108.0,30.0,67.0
3361,78.0,35.0,80.0
3362,62.0,26.0,71.0
3363,69.0,25.0,67.0
3364,72.0,29.0,70.0
3365,72.0,24.0,73.0
3366,67.0,33.0,75.0
3367,66.0,26.0,77.0
3368,69.0,25.0,83.0
3369,69.0,35.0,89.0
3370,77.0,43.0,81.0
3371,79.0,49.0,104.0
3372,86.0,34.0,104.0
3373,98.0,33.0,93.0
3374,101.0,40.0,97.0
3375,103.0,32.0,94.0
3376,99.0,37.0,76.0
3377,94.0,50.0,73.0
3378,97.0,53.0,80.0
3379,86.0,44.0,68.0
3380,81.0,43.0,77.0
3381,99.0,37.0,87.0
3382,99.0,35.0,96.0
3383,93.0,51.0,94.0
3384,75.0,57.0,76.0
3385,67.0,56.0,56.0
3386,65.0,59.0,58.0
3387,60.0,64.0,54.0
3388,59.0,51.0,52.0
3389,54.0,52.0,
3390,51.0,57.0,
3391,56.0,44.0,
3392,48.0,50.0,
3393,56.0,56.0,
3394,65.0,59.0,65.0
3395,62.0,57.0,54.0
3396,69.0,52.0,64.0
3397,60.0,46.0,74.0
3398,69.0,49.0,69.0
3399,65.0,56.0,78.0
3400,66.0,47.0,66.0
3401,64.0,42.0,57.0
3402,156.0,37.0,60.0
3403,68.0,34.0,56.0
3404,47.0,42.0,58.0
3405,45.0,41.0,57.0
3406,54.0,48.0,68.0
3407,58.0,48.0,135.0
3408,44.0,48.0,95.0
3409,46.0,46.0,73.0
3410,30.0,59.0,65.0
3411,32.0,59.0,69.0
3412,32.0,46.0,72.0
3413,36.0,36.0,58.0
3414,42.0,50.0,55.0
3415,40.0,44.0,66.0
3416,40.0,37.0,64.0
3417,37.0,,72.0
3418,35.0,,74.0
3419,24.0,,66.0
3420,20.0,,76.0
3421,21.0,,86.0
3422,39.0,,86.0
3423,48.0,,79.0
3424,42.0,,81.0
3425,52.0,44.0,65.0
3426,57.0,41.0,64.0
3427,56.0,46.0,80.0
3428,,49.0,60.0
3429,62.0,54.0,62.0
3430,,51.0,90.0
3431,36.0,60.0,83.0
3432,48.0,,48.0
3433,44.0,48.0,67.0
3434,32.0,34.0,77.0
3435,24.0,26.0,60.0
3436,24.0,27.0,61.0
3437,25.0,46.0,63.0
3438,16.0,33.0,52.0
3439,,33.0,58.0
3440,26.0,32.0,58.0
3441,21.0,55.0,84.0
3442,18.0,69.0,97.0
3443,25.0,82.0,69.0
3444,29.0,64.0,76.0
3445,27.0,45.0,72.0
3446,38.0,42.0,68.0
3447,43.0,54.0,69.0
3448,56.0,43.0,66.0
3449,45.0,45.0,68.0
3450,55.0,40.0,58.0
3451,59.0,42.0,64.0
3452,70.0,50.0,74.0
3453,81.0,46.0,74.0
3454,83.0,49.0,77.0
3455,90.0,52.0,88.0
3456,99.0,50.0,80.0
3457,96.0,50.0,67.0
3458,76.0,37.0,
3459,81.0,28.0,103.0
3460,76.0,25.0,49.0
3461,72.0,34.0,46.0
3462,73.0,34.0,46.0
3463,72.0,32.0,44.0
3464,69.0,35.0,55.0
3465,73.0,46.0,71.0
3466,69.0,48.0,83.0
3467,43.0,43.0,69.0
3468,38.0,48.0,90.0
3469,36.0,48.0,116.0
3470,52.0,50.0,111.0
3471,53.0,60.0,41.0
3472,46.0,55.0,26.0
3473,49.0,45.0,25.0
3474,52.0,44.0,26.0
3475,53.0,38.0,80.0
3476,44.0,43.0,68.0
3477,43.0,55.0,73.0
3478,43.0,57.0,76.0
3479,53.0,72.0,83.0
3480,67.0,45.0,74.0
3481,50.0,37.0,64.0
3482,36.0,32.0,
3483,37.0,33.0,99.0
3484,38.0,35.0,50.0
3485,33.0,29.0,44.0
3486,31.0,26.0,44.0
3487,35.0,34.0,42.0
3488,59.0,36.0,40.0
3489,81.0,48.0,58.0
3490,78.0,53.0,51.0
3491,68.0,45.0,61.0
3492,51.0,41.0,74.0
3493,50.0,37.0,80.0
3494,64.0,39.0,81.0
3495,58.0,44.0,77.0
3496,59.0,42.0,76.0
3497,55.0,43.0,67.0
3498,54.0,43.0,71.0
3499,50.0,41.0,73.0
3500,45.0,42.0,67.0
3501,44.0,41.0,97.0
3502,63.0,46.0,70.0
3503,66.0,55.0,73.0
3504,67.0,55.0,72.0
3505,63.0,52.0,52.0
3506,62.0,55.0,51.0
3507,60.0,44.0,43.0
3508,64.0,42.0,40.0
3509,67.0,36.0,42.0
3510,60.0,31.0,41.0
3511,72.0,28.0,30.0
3512,78.0,34.0,48.0
3513,92.0,42.0,30.0
3514,97.0,43.0,46.0
3515,84.0,46.0,48.0
3516,83.0,55.0,55.0
3517,85.0,51.0,63.0
3518,82.0,48.0,59.0
3519,86.0,51.0,60.0
3520,79.0,57.0,64.0
3521,79.0,56.0,45.0
3522,81.0,52.0,63.0
3523,96.0,59.0,52.0
3524,89.0,53.0,101.0
3525,84.0,53.0,37.0
3526,110.0,52.0,59.0
3527,75.0,56.0,85.0
3528,67.0,42.0,65.0
3529,61.0,36.0,99.0
3530,60.0,40.0,78.0
3531,52.0,35.0,76.0
3532,56.0,32.0,66.0
3533,60.0,26.0,66.0
3534,52.0,26.0,65.0
3535,56.0,28.0,72.0
3536,67.0,38.0,77.0
3537,78.0,23.0,101.0
3538,78.0,19.0,83.0
3539,102.0,23.0,87.0
3540,106.0,37.0,113.0
3541,120.0,34.0,118.0
3542,134.0,31.0,94.0
3543,119.0,26.0,
3544,83.0,33.0,137.0
3545,85.0,30.0,77.0
3546,70.0,34.0,72.0
3547,79.0,29.0,82.0
3548,73.0,34.0,183.0
3549,60.0,33.0,62.0
3550,88.0,37.0,57.0
3551,96.0,29.0,44.0
3552,70.0,33.0,39.0
3553,58.0,38.0,36.0
3554,52.0,30.0,100.0
3555,53.0,27.0,44.0
3556,54.0,25.0,37.0
3557,43.0,38.0,38.0
3558,42.0,31.0,54.0
3559,38.0,26.0,47.0
3560,49.0,31.0,42.0
3561,49.0,34.0,63.0
3562,46.0,79.0,80.0
3563,50.0,55.0,76.0
3564,58.0,35.0,67.0
3565,72.0,30.0,52.0
3566,84.0,33.0,48.0
3567,77.0,35.0,53.0
3568,63.0,42.0,51.0
3569,70.0,54.0,49.0
3570,53.0,52.0,55.0
3571,55.0,48.0,64.0
3572,60.0,49.0,65.0
3573,65.0,40.0,66.0
3574,56.0,51.0,142.0
3575,88.0,55.0,108.0
3576,93.0,59.0,86.0
3577,67.0,58.0,81.0
3578,54.0,51.0,27.0
3579,49.0,47.0,13.0
3580,44.0,29.0,13.0
3581,37.0,37.0,8.0
3582,37.0,38.0,4.0
3583,38.0,49.0,14.0
3584,56.0,62.0,13.0
3585,57.0,67.0,11.0
3586,50.0,78.0,20.0
3587,47.0,73.0,17.0
3588,51.0,77.0,29.0
3589,56.0,75.0,31.0
3590,64.0,54.0,28.0
3591,68.0,39.0,27.0
3592,71.0,38.0,37.0
3593,77.0,44.0,33.0
3594,70.0,43.0,
3595,68.0,49.0,77.0
3596,64.0,48.0,37.0
3597,81.0,57.0,54.0
3598,138.0,52.0,36.0
3599,102.0,53.0,41.0
3600,77.0,47.0,50.0
3601,56.0,42.0,58.0
3602,53.0,35.0,43.0
3603,47.0,30.0,41.0
3604,42.0,30.0,34.0
3605,39.0,42.0,45.0
3606,40.0,32.0,35.0
3607,47.0,35.0,32.0
3608,49.0,41.0,42.0
3609,,45.0,34.0
3610,62.0,49.0,43.0
3611,63.0,64.0,41.0
3612,59.0,77.0,52.0
3613,,65.0,61.0
3614,65.0,64.0,56.0
3615,82.0,50.0,42.0
3616,59.0,41.0,40.0
3617,67.0,48.0,
3618,54.0,47.0,90.0
3619,59.0,48.0,46.0
3620,84.0,44.0,42.0
3621,100.0,44.0,76.0
3622,90.0,48.0,67.0
3623,72.0,53.0,102.0
3624,51.0,47.0,85.0
3625,,,57.0
3626,37.0,30.0,54.0
3627,41.0,32.0,43.0
3628,35.0,27.0,32.0
3629,29.0,25.0,37.0
3630,32.0,27.0,43.0
3631,40.0,29.0,33.0
3632,31.0,33.0,40.0
3633,38.0,31.0,48.0
3634,43.0,40.0,46.0
3635,61.0,74.0,48.0
3636,55.0,56.0,47.0
3637,48.0,50.0,56.0
3638,58.0,53.0,47.0
3639,46.0,61.0,46.0
3640,58.0,47.0,44.0
3641,50.0,45.0,36.0
3642,154.0,46.0,50.0
3643,99.0,49.0,41.0
3644,94.0,48.0,53.0
3645,90.0,49.0,44.0
3646,116.0,54.0,64.0
3647,55.0,51.0,58.0
3648,34.0,41.0,44.0
3649,29.0,36.0,
3650,30.0,29.0,43.0
3651,22.0,26.0,32.0
3652,24.0,35.0,35.0
3653,29.0,31.0,18.0
3654,33.0,30.0,28.0
3655,29.0,32.0,84.0
3656,38.0,32.0,35.0
3657,56.0,29.0,42.0
3658,51.0,28.0,53.0
3659,46.0,31.0,42.0
3660,44.0,29.0,53.0
3661,48.0,28.0,54.0
3662,52.0,27.0,52.0
3663,52.0,31.0,63.0
3664,55.0,41.0,54.0
3665,47.0,49.0,53.0
3666,55.0,52.0,50.0
3667,47.0,43.0,52.0
3668,51.0,44.0,51.0
3669,54.0,47.0,50.0
3670,62.0,44.0,61.0
3671,43.0,41.0,79.0
3672,36.0,51.0,52.0
3673,37.0,52.0,44.0
3674,28.0,47.0,42.0
3675,25.0,35.0,34.0
3676,23.0,30.0,32.0
3677,24.0,27.0,27.0
3678,27.0,24.0,
3679,42.0,21.0,19.0
3680,46.0,22.0,33.0
3681,63.0,23.0,44.0
3682,65.0,25.0,54.0
3683,70.0,28.0,38.0
3684,76.0,35.0,47.0
3685,83.0,43.0,53.0
3686,65.0,46.0,60.0
3687,51.0,44.0,37.0
3688,46.0,45.0,48.0
3689,45.0,44.0,51.0
3690,45.0,44.0,59.0
3691,48.0,40.0,53.0
3692,44.0,41.0,55.0
3693,52.0,44.0,58.0
3694,54.0,40.0,67.0
3695,55.0,52.0,85.0
3696,43.0,49.0,87.0
3697,37.0,41.0,52.0
3698,28.0,29.0,34.0
3699,30.0,25.0,39.0
3700,35.0,19.0,37.0
3701,46.0,30.0,28.0
3702,37.0,30.0,38.0
3703,42.0,28.0,32.0
3704,28.0,28.0,41.0
3705,45.0,28.0,69.0
3706,69.0,,58.0
3707,53.0,27.0,46.0
3708,51.0,27.0,50.0
3709,47.0,28.0,56.0
3710,43.0,38.0,67.0
3711,51.0,38.0,63.0
3712,40.0,32.0,85.0
3713,41.0,33.0,70.0
3714,42.0,38.0,66.0
3715,31.0,37.0,100.0
3716,45.0,35.0,99.0
3717,36.0,35.0,81.0
3718,46.0,42.0,78.0
3719,45.0,44.0,69.0
3720,59.0,50.0,92.0
3721,57.0,54.0,78.0
3722,41.0,45.0,57.0
3723,43.0,36.0,60.0
3724,31.0,31.0,38.0
3725,28.0,31.0,46.0
3726,28.0,27.0,42.0
3727,34.0,26.0,45.0
3728,32.0,32.0,65.0
3729,35.0,38.0,65.0
3730,46.0,44.0,100.0
3731,52.0,47.0,74.0
3732,,50.0,78.0
3733,65.0,43.0,85.0
3734,62.0,42.0,74.0
3735,47.0,41.0,59.0
3736,59.0,51.0,68.0
3737,47.0,63.0,61.0
3738,32.0,54.0,92.0
3739,42.0,50.0,93.0
3740,35.0,53.0,
3741,42.0,54.0,
3742,81.0,93.0,95.0
3743,78.0,62.0,73.0
3744,59.0,42.0,60.0
3745,48.0,42.0,43.0
3746,43.0,38.0,53.0
3747,32.0,33.0,77.0
3748,30.0,38.0,53.0
3749,33.0,47.0,68.0
3750,36.0,43.0,145.0
3751,42.0,41.0,67.0
3752,52.0,37.0,88.0
3753,70.0,85.0,81.0
3754,66.0,107.0,81.0
3755,63.0,93.0,77.0
3756,105.0,64.0,93.0
3757,130.0,48.0,72.0
3758,113.0,48.0,63.0
3759,96.0,46.0,57.0
3760,90.0,40.0,47.0
3761,72.0,42.0,58.0
3762,55.0,49.0,58.0
3763,49.0,49.0,67.0
3764,41.0,42.0,85.0
3765,73.0,40.0,64.0
3766,108.0,43.0,
3767,86.0,49.0,164.0
3768,71.0,48.0,74.0
3769,65.0,56.0,85.0
3770,66.0,42.0,69.0
3771,62.0,46.0,43.0
3772,61.0,33.0,44.0
3773,57.0,36.0,50.0
3774,60.0,32.0,51.0
3775,67.0,32.0,51.0
3776,67.0,35.0,62.0
3777,90.0,54.0,67.0
3778,79.0,88.0,86.0
3779,91.0,82.0,89.0
3780,106.0,78.0,81.0
3781,105.0,71.0,67.0
3782,95.0,59.0,63.0
3783,94.0,,64.0
3784,77.0,,58.0
3785,77.0,50.0,77.0
3786,75.0,50.0,59.0
3787,60.0,51.0,56.0
3788,53.0,49.0,73.0
3789,90.0,42.0,65.0
3790,128.0,58.0,
3791,92.0,48.0,
3792,76.0,53.0,
3793,64.0,53.0,
3794,55.0,51.0,
3795,56.0,46.0,
3796,53.0,45.0,
3797,57.0,39.0,
3798,53.0,34.0,
3799,56.0,31.0,
3800,58.0,37.0,
3801,69.0,45.0,
3802,69.0,50.0,
3803,78.0,51.0,
3804,85.0,55.0,
3805,80.0,,
3806,75.0,44.0,
3807,73.0,53.0,
3808,72.0,53.0,
3809,67.0,53.0,
3810,85.0,52.0,
3811,78.0,50.0,49.0
3812,69.0,54.0,
3813,83.0,58.0,57.0
3814,117.0,59.0,45.0
3815,86.0,58.0,41.0
3816,58.0,66.0,54.0
3817,43.0,58.0,47.0
3818,36.0,67.0,37.0
3819,32.0,64.0,26.0
3820,42.0,58.0,26.0
3821,37.0,62.0,27.0
3822,37.0,44.0,27.0
3823,41.0,49.0,21.0
3824,43.0,48.0,24.0
3825,59.0,52.0,33.0
3826,55.0,63.0,36.0
3827,95.0,66.0,40.0
3828,59.0,71.0,48.0
3829,69.0,82.0,48.0
3830,72.0,69.0,52.0
3831,58.0,70.0,59.0
3832,66.0,64.0,50.0
3833,60.0,57.0,39.0
3834,64.0,52.0,41.0
3835,95.0,56.0,48.0
3836,73.0,47.0,40.0
3837,48.0,51.0,36.0
3838,38.0,52.0,42.0
3839,37.0,59.0,50.0
3840,41.0,75.0,43.0
3841,40.0,69.0,37.0
3842,47.0,54.0,31.0
3843,37.0,45.0,26.0
3844,40.0,45.0,24.0
3845,39.0,47.0,30.0
3846,42.0,44.0,20.0
3847,38.0,40.0,12.0
3848,47.0,45.0,15.0
3849,68.0,57.0,27.0
3850,54.0,57.0,21.0
3851,79.0,66.0,24.0
3852,62.0,75.0,33.0
3853,68.0,71.0,33.0
3854,70.0,65.0,39.0
3855,74.0,73.0,33.0
3856,87.0,66.0,41.0
3857,61.0,60.0,50.0
3858,64.0,54.0,50.0
3859,48.0,54.0,36.0
3860,40.0,50.0,
3861,38.0,57.0,30.0
3862,167.0,61.0,33.0
3863,97.0,75.0,33.0
3864,60.0,76.0,40.0
3865,45.0,69.0,48.0
3866,47.0,78.0,62.0
3867,39.0,66.0,32.0
3868,36.0,60.0,22.0
3869,47.0,43.0,27.0
3870,51.0,44.0,25.0
3871,55.0,43.0,27.0
3872,49.0,46.0,33.0
3873,56.0,44.0,54.0
3874,52.0,48.0,50.0
3875,106.0,52.0,60.0
3876,79.0,51.0,50.0
3877,78.0,48.0,43.0
3878,137.0,46.0,
3879,75.0,56.0,
3880,54.0,55.0,
3881,53.0,54.0,10.0
3882,54.0,49.0,48.0
3883,44.0,54.0,40.0
3884,39.0,63.0,68.0
3885,34.0,60.0,50.0
3886,52.0,58.0,59.0
3887,145.0,63.0,48.0
3888,96.0,82.0,43.0
3889,81.0,65.0,40.0
3890,77.0,63.0,50.0
3891,75.0,44.0,56.0
3892,63.0,41.0,35.0
3893,68.0,43.0,17.0
3894,68.0,44.0,22.0
3895,69.0,43.0,19.0
3896,67.0,45.0,29.0
3897,68.0,47.0,39.0
3898,72.0,57.0,49.0
3899,77.0,64.0,39.0
3900,74.0,68.0,52.0
3901,77.0,72.0,70.0
3902,64.0,94.0,64.0
3903,64.0,100.0,51.0
3904,67.0,97.0,47.0
3905,63.0,71.0,41.0
3906,,72.0,30.0
3907,72.0,64.0,34.0
3908,95.0,66.0,32.0
3909,75.0,58.0,33.0
3910,57.0,61.0,36.0
3911,74.0,64.0,56.0
3912,95.0,63.0,49.0
3913,94.0,69.0,39.0
3914,93.0,63.0,29.0
3915,80.0,58.0,30.0
3916,67.0,65.0,27.0
3917,61.0,49.0,18.0
3918,71.0,51.0,16.0
3919,77.0,55.0,32.0
3920,84.0,57.0,27.0
3921,103.0,54.0,45.0
3922,100.0,65.0,50.0
3923,105.0,86.0,58.0
3924,92.0,109.0,53.0
3925,89.0,115.0,43.0
3926,86.0,98.0,48.0
3927,85.0,110.0,39.0
3928,81.0,83.0,29.0
3929,165.0,118.0,35.0
3930,100.0,97.0,36.0
3931,77.0,88.0,43.0
3932,85.0,81.0,39.0
3933,98.0,78.0,28.0
3934,71.0,91.0,34.0
3935,68.0,82.0,33.0
3936,54.0,,50.0
3937,52.0,79.0,
3938,69.0,59.0,30.0
3939,75.0,56.0,21.0
3940,67.0,54.0,12.0
3941,70.0,54.0,11.0
3942,76.0,51.0,18.0
3943,78.0,57.0,15.0
3944,96.0,63.0,34.0
3945,99.0,75.0,50.0
3946,99.0,95.0,35.0
3947,94.0,140.0,43.0
3948,101.0,172.0,43.0
3949,114.0,162.0,41.0
3950,93.0,124.0,43.0
3951,79.0,103.0,40.0
3952,85.0,105.0,35.0
3953,84.0,92.0,38.0
3954,92.0,63.0,28.0
3955,73.0,53.0,25.0
3956,54.0,58.0,28.0
3957,85.0,63.0,29.0
3958,56.0,128.0,35.0
3959,50.0,131.0,33.0
3960,36.0,119.0,68.0
3961,34.0,93.0,37.0
3962,29.0,81.0,20.0
3963,25.0,84.0,26.0
3964,38.0,78.0,10.0
3965,36.0,74.0,12.0
3966,28.0,71.0,13.0
3967,27.0,76.0,21.0
3968,34.0,85.0,26.0
3969,39.0,79.0,29.0
3970,39.0,81.0,36.0
3971,52.0,84.0,34.0
3972,55.0,96.0,49.0
3973,49.0,97.0,43.0
3974,69.0,83.0,38.0
3975,63.0,80.0,36.0
3976,60.0,86.0,25.0
3977,70.0,88.0,35.0
3978,82.0,82.0,28.0
3979,84.0,72.0,17.0
3980,78.0,74.0,22.0
3981,103.0,73.0,19.0
3982,135.0,93.0,31.0
3983,117.0,146.0,45.0
3984,111.0,96.0,48.0
3985,93.0,75.0,41.0
3986,90.0,64.0,32.0
3987,84.0,72.0,22.0
3988,85.0,65.0,18.0
3989,86.0,64.0,21.0
3990,89.0,66.0,18.0
3991,111.0,59.0,18.0
3992,96.0,65.0,19.0
3993,104.0,69.0,31.0
3994,108.0,66.0,21.0
3995,102.0,65.0,24.0
3996,111.0,86.0,27.0
3997,108.0,86.0,
3998,123.0,81.0,33.0
3999,141.0,77.0,25.0
4000,161.0,83.0,32.0
4001,,82.0,22.0
4002,9.0,73.0,17.0
4003,,63.0,18.0
4004,88.0,66.0,21.0
4005,120.0,74.0,22.0
4006,196.0,83.0,38.0
4007,144.0,96.0,44.0
4008,117.0,80.0,64.0
4009,106.0,,38.0
4010,118.0,74.56,31.0
4011,106.0,63.11,17.0
4012,105.0,52.84,19.0
4013,99.0,50.85,15.0
4014,94.0,48.89,18.0
4015,95.0,46.19,14.0
4016,94.0,51.14,15.0
4017,105.0,62.03,23.0
4018,102.0,65.5,17.0
4019,114.0,69.35,17.0
4020,115.0,75.0,21.0
4021,111.0,80.8,19.0
4022,106.0,83.03,29.0
4023,92.0,76.78,16.0
4024,144.0,83.0,22.0
4025,98.0,100.0,21.0
4026,81.0,91.0,14.0
4027,97.0,71.0,21.0
4028,91.0,66.0,13.0
4029,95.0,66.0,36.0
4030,84.0,60.0,42.0
4031,59.0,91.0,50.0
4032,55.0,83.0,64.0
4033,55.0,77.0,43.0
4034,51.0,71.0,24.0
4035,52.0,79.0,21.0
4036,52.0,67.0,
4037,52.0,56.0,6.0
4038,50.0,64.0,3.0
4039,46.0,65.0,6.0
4040,56.0,66.0,11.0
4041,72.0,77.0,18.0
4042,72.0,86.0,20.0
4043,74.0,79.0,17.0
4044,85.0,85.0,12.0
4045,69.0,90.0,18.0
4046,70.0,80.0,26.0
4047,66.0,63.0,31.0
4048,52.0,60.0,22.0
4049,64.0,54.0,23.0
4050,54.0,45.0,24.0
4051,213.0,48.0,16.0
4052,63.0,57.0,29.0
4053,45.0,60.0,35.0
4054,5.0,72.0,32.0
4055,46.0,122.0,65.0
4056,43.0,132.0,40.0
4057,42.0,92.0,28.0
4058,30.0,64.0,15.0
4059,30.0,62.0,14.0
4060,35.0,63.0,10.0
4061,32.0,67.0,9.0
4062,28.0,59.0,10.0
4063,32.0,61.0,5.0
4064,28.0,67.0,6.0
4065,33.0,63.0,12.0
4066,30.0,69.0,13.0
4067,34.0,80.0,28.0
4068,39.0,105.0,36.0
4069,33.0,108.0,
4070,35.0,121.0,
4071,38.0,99.0,29.0
4072,42.0,83.0,22.0
4073,41.0,86.0,28.0
4074,38.0,80.0,22.0
4075,60.0,67.0,27.0
4076,52.0,60.0,18.0
4077,61.0,64.0,19.0
4078,54.0,66.0,
4079,44.0,73.0,
4080,31.0,59.0,
4081,33.0,,
4082,29.0,79.51,21.0
4083,37.0,68.67,16.0
4084,34.0,54.35,11.0
4085,27.0,60.71,9.0
4086,25.0,65.06,10.0
4087,30.0,63.12,12.0
4088,37.0,69.43,15.0
4089,44.0,86.63,20.0
4090,50.0,80.72,18.0
4091,47.0,79.88,14.0
4092,42.0,85.12,22.0
4093,47.0,96.45,17.0
4094,49.0,106.03,
4095,54.0,92.88,26.0
4096,56.0,99.0,
4097,64.0,108.0,9.0
4098,45.0,130.0,6.0
4099,50.0,91.0,3.0
4100,53.0,81.0,3.0
4101,48.0,74.0,3.0
4102,43.0,72.0,5.0
4103,51.0,78.0,6.0
4104,38.0,73.0,9.0
4105,36.0,72.0,7.0
4106,32.0,89.0,2.0
4107,36.0,86.0,3.0
4108,38.0,78.0,3.0
4109,38.0,57.0,4.0
4110,37.0,78.0,9.0
4111,39.0,73.0,8.0
4112,46.0,68.0,6.0
4113,51.0,94.0,11.0
4114,52.0,93.0,9.0
4115,50.0,137.0,4.0
4116,114.0,128.0,4.0
4117,63.0,107.0,2.0
4118,51.0,101.0,
4119,48.0,79.0,
4120,47.0,87.0,2.0
4121,44.0,65.0,6.0
4122,48.0,73.0,4.0
4123,51.0,86.0,6.0
4124,177.0,91.0,16.0
4125,80.0,74.0,5.0
4126,44.0,84.0,2.0
4127,53.0,68.0,
4128,35.0,75.0,8.0
4129,27.0,151.0,18.0
4130,25.0,104.0,13.0
4131,21.0,73.0,18.0
4132,32.0,61.0,21.0
4133,37.0,69.0,18.0
4134,37.0,54.0,10.0
4135,25.0,61.0,20.0
4136,36.0,59.0,23.0
4137,38.0,68.0,23.0
4138,45.0,73.0,32.0
4139,43.0,72.0,16.0
4140,45.0,95.0,21.0
4141,50.0,83.0,13.0
4142,47.0,74.0,10.0
4143,64.0,77.0,6.0
4144,62.0,85.0,12.0
4145,63.0,83.0,13.0
4146,61.0,75.0,12.0
4147,72.0,74.0,10.0
4148,78.0,72.0,10.0
4149,82.0,75.0,8.0
4150,60.0,70.0,17.0
4151,53.0,74.0,9.0
4152,57.0,73.0,26.0
4153,48.0,80.0,6.0
4154,36.0,56.0,6.0
4155,38.0,54.0,9.0
4156,41.0,61.0,17.0
4157,37.0,61.0,13.0
4158,39.0,61.0,11.0
4159,58.0,72.0,7.0
4160,51.0,62.0,10.0
4161,74.0,73.0,15.0
4162,61.0,74.0,19.0
4163,65.0,68.0,8.0
4164,61.0,67.0,21.0
4165,73.0,78.0,17.0
4166,72.0,93.0,23.0
4167,70.0,78.0,13.0
4168,79.0,94.0,14.0
4169,92.0,84.0,17.0
4170,88.0,78.0,10.0
4171,79.0,83.0,17.0
4172,64.0,85.0,24.0
4173,59.0,76.0,13.0
4174,65.0,68.0,10.0
4175,75.0,95.0,18.0
4176,72.0,74.0,25.0
4177,67.0,55.0,18.0
4178,69.0,43.0,18.0
4179,69.0,43.0,25.0
4180,59.0,38.0,29.0
4181,61.0,39.0,26.0
4182,65.0,39.0,14.0
4183,63.0,37.0,18.0
4184,70.0,37.0,23.0
4185,83.0,43.0,13.0
4186,90.0,46.0,23.0
4187,93.0,57.0,20.0
4188,90.0,87.0,9.0
4189,91.0,79.0,30.0
4190,90.0,77.0,17.0
4191,70.0,62.0,20.0
4192,56.0,69.0,4.0
4193,52.0,58.0,6.0
4194,44.0,60.0,7.0
4195,42.0,65.0,10.0
4196,45.0,49.0,13.0
4197,81.0,52.0,11.0
4198,90.0,54.0,11.0
4199,77.0,75.0,17.0
4200,52.0,54.0,16.0
4201,46.0,42.0,12.0
4202,52.0,38.0,8.0
4203,38.0,37.0,8.0
4204,25.0,34.0,21.0
4205,36.0,34.0,6.0
4206,42.0,33.0,9.0
4207,38.0,32.0,13.0
4208,37.0,34.0,5.0
4209,46.0,46.0,7.0
4210,40.0,47.0,20.0
4211,47.0,50.0,21.0
4212,52.0,47.0,30.0
4213,70.0,43.0,20.0
4214,61.0,48.0,22.0
4215,64.0,48.0,23.0
4216,55.0,46.0,17.0
4217,45.0,41.0,12.0
4218,45.0,46.0,13.0
4219,42.0,41.0,15.0
4220,48.0,44.0,24.0
4221,61.0,37.0,21.0
4222,90.0,36.0,25.0
4223,70.0,58.0,29.0
4224,60.0,67.0,27.0
4225,40.0,42.0,25.0
4226,33.0,38.0,17.0
4227,38.0,34.0,12.0
4228,31.0,35.0,9.0
4229,28.0,34.0,9.0
4230,28.0,32.0,17.0
4231,27.0,32.0,25.0
4232,31.0,43.0,31.0
4233,31.0,45.0,43.0
4234,41.0,48.0,49.0
4235,44.0,49.0,28.0
4236,45.0,72.0,32.0
4237,44.0,62.0,22.0
4238,44.0,63.0,25.0
4239,44.0,70.0,26.0
4240,43.0,72.0,13.0
4241,34.0,68.0,13.0
4242,32.0,65.0,21.0
4243,29.0,74.0,17.0
4244,36.0,55.0,20.0
4245,41.0,43.0,20.0
4246,90.0,51.0,35.0
4247,57.0,46.0,25.0
4248,40.0,56.0,31.0
4249,35.0,58.0,24.0
4250,36.0,61.0,13.0
4251,31.0,49.0,14.0
4252,36.0,46.0,28.0
4253,33.0,53.0,23.0
4254,30.0,44.0,18.0
4255,33.0,40.0,20.0
4256,36.0,48.0,25.0
4257,48.0,54.0,36.0
4258,49.0,72.0,46.0
4259,43.0,65.0,43.0
4260,54.0,72.0,40.0
4261,57.0,73.0,47.0
4262,52.0,67.0,37.0
4263,41.0,63.0,47.0
4264,38.0,65.0,36.0
4265,42.0,62.0,30.0
4266,39.0,73.0,22.0
4267,38.0,121.0,25.0
4268,39.0,133.0,21.0
4269,35.0,90.0,29.0
4270,118.0,65.0,22.0
4271,50.0,74.0,25.0
4272,44.0,93.0,29.0
4273,34.0,75.0,26.0
4274,33.0,64.0,13.0
4275,36.0,68.0,25.0
4276,37.0,63.0,15.0
4277,35.0,48.0,18.0
4278,38.0,39.0,11.0
4279,42.0,39.0,22.0
4280,37.0,42.0,24.0
4281,40.0,51.0,28.0
4282,40.0,61.0,50.0
4283,40.0,63.0,32.0
4284,48.0,83.0,45.0
4285,44.0,61.0,44.0
4286,41.0,61.0,40.0
4287,52.0,64.0,39.0
4288,45.0,65.0,34.0
4289,63.0,80.0,40.0
4290,62.0,86.0,47.0
4291,47.0,69.0,37.0
4292,43.0,50.0,38.0
4293,40.0,52.0,25.0
4294,47.0,79.0,24.0
4295,60.0,79.0,27.0
4296,193.0,62.0,28.0
4297,60.0,47.0,39.0
4298,29.0,47.0,22.0
4299,31.0,43.0,22.0
4300,26.0,38.0,22.0
4301,31.0,39.0,
4302,29.0,32.0,30.0
4303,33.0,31.0,26.0
4304,35.0,34.0,28.0
4305,50.0,40.0,30.0
4306,56.0,57.0,40.0
4307,53.0,55.0,39.0
4308,33.0,47.0,50.0
4309,27.0,44.0,49.0
4310,35.0,54.0,43.0
4311,38.0,47.0,57.0
4312,41.0,57.0,45.0
4313,31.0,56.0,36.0
4314,35.0,59.0,42.0
4315,40.0,64.0,39.0
4316,49.0,58.0,22.0
4317,56.0,50.0,25.0
4318,43.0,54.0,26.0
4319,56.0,75.0,37.0
4320,47.0,83.0,51.0
4321,38.0,50.0,47.0
4322,33.0,51.0,33.0
4323,32.0,44.0,30.0
4324,35.0,32.0,26.0
4325,54.0,32.0,29.0
4326,55.0,29.0,22.0
4327,45.0,28.0,22.0
4328,43.0,28.0,26.0
4329,52.0,31.0,34.0
4330,47.0,41.0,26.0
4331,69.0,37.0,27.0
4332,82.0,42.0,42.0
4333,65.0,48.0,39.0
4334,57.0,51.0,37.0
4335,41.0,57.0,46.0
4336,37.0,54.0,41.0
4337,50.0,47.0,43.0
4338,48.0,45.0,46.0
4339,46.0,47.0,51.0
4340,46.0,45.0,51.0
4341,74.0,46.0,54.0
4342,45.0,59.0,46.0
4343,39.0,44.0,46.0
4344,44.0,65.0,33.0
4345,,,26.0
4346,52.0,40.0,17.0
4347,47.0,35.0,25.0
4348,38.0,30.0,26.0
4349,36.0,32.0,25.0
4350,34.0,30.0,16.0
4351,44.0,33.0,16.0
4352,44.0,28.0,25.0
4353,51.0,31.0,22.0
4354,59.0,37.0,22.0
4355,72.0,42.0,18.0
4356,52.0,43.0,10.0
4357,51.0,50.0,10.0
4358,57.0,50.0,12.0
4359,51.0,50.0,10.0
4360,38.0,48.0,17.0
4361,42.0,49.0,12.0
4362,44.0,44.0,5.0
4363,52.0,40.0,
4364,46.0,43.0,7.0
4365,53.0,46.0,17.0
4366,45.0,46.0,16.0
4367,62.0,64.0,14.0
4368,48.0,63.0,18.0
4369,56.0,52.0,
4370,57.0,37.0,11.0
4371,60.0,37.0,17.0
4372,71.0,32.0,15.0
4373,54.0,33.0,22.0
4374,52.0,31.0,8.0
4375,49.0,32.0,12.0
4376,40.0,28.0,17.0
4377,45.0,30.0,16.0
4378,55.0,30.0,25.0
4379,57.0,35.0,24.0
4380,66.0,37.0,27.0
4381,71.0,41.0,34.0
4382,56.0,40.0,45.0
4383,48.0,48.0,45.0
4384,59.0,47.0,
4385,60.0,46.0,31.0
4386,57.0,38.0,31.0
4387,61.0,74.0,38.0
4388,61.0,50.0,
4389,64.0,40.0,37.0
4390,74.0,51.0,49.0
4391,77.0,42.0,35.0
4392,60.0,44.0,24.0
4393,53.0,33.0,15.0
4394,50.0,35.0,24.0
4395,37.0,36.0,39.0
4396,29.0,20.0,32.0
4397,27.0,21.0,30.0
4398,27.0,24.0,33.0
4399,33.0,25.0,35.0
4400,32.0,37.0,35.0
4401,32.0,43.0,51.0
4402,36.0,60.0,48.0
4403,38.0,60.0,60.0
4404,45.0,58.0,52.0
4405,40.0,58.0,48.0
4406,43.0,63.0,39.0
4407,48.0,57.0,31.0
4408,43.0,56.0,35.0
4409,42.0,94.0,27.0
4410,41.0,45.0,31.0
4411,44.0,53.0,40.0
4412,41.0,62.0,40.0
4413,37.0,52.0,51.0
4414,86.0,58.0,
4415,54.0,66.0,48.0
4416,45.0,58.0,48.0
4417,41.0,33.0,57.0
4418,36.0,22.0,50.0
4419,36.0,30.0,38.0
4420,40.0,24.0,39.0
4421,43.0,38.0,37.0
4422,34.0,37.0,32.0
4423,38.0,46.0,34.0
4424,40.0,37.0,42.0
4425,41.0,54.0,44.0
4426,50.0,50.0,52.0
4427,47.0,48.0,50.0
4428,50.0,78.0,59.0
4429,54.0,78.0,51.0
4430,49.0,58.0,48.0
4431,44.0,60.0,72.0
4432,45.0,52.0,43.0
4433,46.0,48.0,31.0
4434,50.0,52.0,23.0
4435,62.0,47.0,22.0
4436,48.0,39.0,22.0
4437,41.0,47.0,20.0
4438,44.0,62.0,23.0
4439,71.0,67.0,45.0
4440,73.0,53.0,32.0
4441,53.0,42.0,33.0
4442,55.0,42.0,25.0
4443,56.0,35.0,46.0
4444,46.0,39.0,31.0
4445,40.0,38.0,27.0
4446,43.0,35.0,26.0
4447,40.0,35.0,32.0
4448,50.0,44.0,31.0
4449,50.0,49.0,42.0
4450,55.0,47.0,49.0
4451,,45.0,52.0
4452,,47.0,51.0
4453,67.0,55.0,60.0
4454,54.0,61.0,65.0
4455,57.0,53.0,67.0
4456,55.0,60.0,
4457,60.0,39.0,78.0
4458,50.0,43.0,53.0
4459,53.0,43.0,34.0
4460,59.0,39.0,31.0
4461,58.0,47.0,35.0
4462,63.0,47.0,34.0
4463,100.0,49.0,42.0
4464,82.0,44.0,47.0
4465,65.0,37.0,51.0
4466,64.0,37.0,48.0
4467,60.0,32.0,45.0
4468,57.0,33.0,54.0
4469,51.0,60.0,47.0
4470,60.0,61.0,44.0
4471,63.0,50.0,45.0
4472,71.0,38.0,57.0
4473,76.0,39.0,62.0
4474,70.0,54.0,64.0
4475,71.0,61.0,67.0
4476,96.0,62.0,65.0
4477,83.0,60.0,68.0
4478,83.0,35.0,56.0
4479,73.0,39.0,53.0
4480,68.0,61.0,55.0
4481,64.0,50.0,40.0
4482,54.0,33.0,51.0
4483,60.0,78.0,43.0
4484,76.0,28.0,56.0
4485,54.0,32.0,59.0
4486,56.0,,44.0
4487,68.0,,63.0
4488,53.0,,75.0
4489,47.0,,62.0
4490,35.0,,54.0
4491,43.0,,49.0
4492,40.0,,46.0
4493,41.0,,48.0
4494,37.0,,51.0
4495,44.0,,52.0
4496,46.0,,49.0
4497,58.0,,54.0
4498,50.0,,58.0
4499,52.0,,68.0
4500,59.0,,76.0
4501,66.0,,84.0
4502,64.0,46.0,65.0
4503,61.0,43.0,71.0
4504,48.0,43.0,64.0
4505,44.0,38.0,61.0
4506,41.0,43.0,59.0
4507,40.0,46.0,66.0
4508,40.0,50.0,62.0
4509,38.0,57.0,60.0
4510,50.0,62.0,52.0
4511,75.0,62.0,66.0
4512,76.0,64.0,69.0
4513,58.0,72.0,76.0
4514,60.0,57.0,68.0
4515,53.0,52.0,79.0
4516,45.0,47.0,82.0
4517,44.0,50.0,70.0
4518,51.0,39.0,39.0
4519,50.0,42.0,43.0
4520,60.0,50.0,55.0
4521,72.0,51.0,64.0
4522,58.0,60.0,70.0
4523,67.0,62.0,86.0
4524,64.0,68.0,66.0
4525,73.0,53.0,67.0
4526,77.0,50.0,74.0
4527,101.0,51.0,45.0
4528,66.0,56.0,84.0
4529,52.0,53.0,26.0
4530,44.0,51.0,22.0
4531,40.0,60.0,31.0
4532,39.0,46.0,29.0
4533,39.0,54.0,24.0
4534,81.0,74.0,34.0
4535,85.0,55.0,46.0
4536,75.0,65.0,53.0
4537,58.0,61.0,50.0
4538,60.0,58.0,55.0
4539,48.0,44.0,70.0
4540,53.0,40.0,59.0
4541,50.0,37.0,58.0
4542,50.0,38.0,45.0
4543,55.0,36.0,47.0
4544,62.0,30.0,45.0
4545,73.0,33.0,71.0
4546,67.0,43.0,58.0
4547,81.0,43.0,80.0
4548,103.0,46.0,105.0
4549,97.0,52.0,70.0
4550,81.0,54.0,102.0
4551,79.0,68.0,42.0
4552,67.0,62.0,64.0
4553,55.0,49.0,28.0
4554,50.0,51.0,32.0
4555,52.0,45.0,28.0
4556,51.0,42.0,45.0
4557,50.0,52.0,56.0
4558,62.0,64.0,45.0
4559,80.0,78.0,33.0
4560,65.0,73.0,
4561,48.0,67.0,36.0
4562,45.0,63.0,33.0
4563,49.0,51.0,28.0
4564,44.0,49.0,36.0
4565,43.0,50.0,30.0
4566,36.0,49.0,18.0
4567,39.0,51.0,21.0
4568,36.0,51.0,33.0
4569,49.0,65.0,32.0
4570,55.0,64.0,28.0
4571,60.0,53.0,65.0
4572,64.0,72.0,87.0
4573,63.0,83.0,65.0
4574,48.0,65.0,38.0
4575,45.0,77.0,24.0
4576,45.0,56.0,32.0
4577,35.0,59.0,29.0
4578,36.0,53.0,34.0
4579,34.0,45.0,43.0
4580,32.0,44.0,22.0
4581,33.0,45.0,33.0
4582,36.0,57.0,25.0
4583,39.0,68.0,28.0
4584,67.0,57.0,37.0
4585,59.0,66.0,33.0
4586,45.0,56.0,22.0
4587,35.0,50.0,17.0
4588,30.0,53.0,17.0
4589,45.0,43.0,20.0
4590,43.0,47.0,23.0
4591,47.0,39.0,36.0
4592,55.0,51.0,25.0
4593,54.0,56.0,16.0
4594,73.0,64.0,22.0
4595,75.0,70.0,26.0
4596,71.0,67.0,29.0
4597,72.0,77.0,
4598,50.0,76.0,20.0
4599,40.0,77.0,27.0
4600,35.0,84.0,32.0
4601,47.0,58.0,40.0
4602,48.0,69.0,40.0
4603,53.0,54.0,14.0
4604,58.0,60.0,13.0
4605,45.0,56.0,18.0
4606,52.0,,12.0
4607,157.0,70.0,11.0
4608,86.0,82.0,18.0
4609,59.0,71.0,28.0
4610,54.0,60.0,24.0
4611,50.0,54.0,34.0
4612,46.0,54.0,25.0
4613,46.0,50.0,17.0
4614,51.0,43.0,13.0
4615,56.0,43.0,14.0
4616,65.0,43.0,17.0
4617,79.0,56.0,33.0
4618,84.0,62.0,42.0
4619,90.0,57.0,37.0
4620,90.0,81.0,25.0
4621,102.0,91.0,35.0
4622,83.0,90.0,29.0
4623,61.0,77.0,
4624,42.0,62.0,39.0
4625,56.0,62.0,33.0
4626,91.0,69.0,
4627,66.0,74.0,25.0
4628,51.0,50.0,26.0
4629,56.0,47.0,28.0
4630,75.0,76.0,10.0
4631,73.0,80.0,12.0
4632,56.0,80.0,11.0
4633,53.0,72.0,8.0
4634,47.0,63.0,6.0
4635,54.0,54.0,
4636,44.0,46.0,4.0
4637,44.0,41.0,9.0
4638,40.0,43.0,9.0
4639,52.0,39.0,14.0
4640,53.0,51.0,24.0
4641,57.0,57.0,31.0
4642,61.0,61.0,32.0
4643,65.0,61.0,41.0
4644,71.0,86.0,45.0
4645,71.0,91.0,39.0
4646,71.0,80.0,40.0
4647,67.0,77.0,41.0
4648,58.0,79.0,44.0
4649,53.0,72.0,42.0
4650,51.0,72.0,33.0
4651,72.0,63.0,35.0
4652,48.0,49.0,38.0
4653,98.0,64.0,57.0
4654,98.0,90.0,41.0
4655,57.0,85.0,24.0
4656,40.0,108.0,24.0
4657,37.0,90.0,23.0
4658,43.0,82.0,30.0
4659,36.0,68.0,27.0
4660,47.0,63.0,22.0
4661,46.0,59.0,25.0
4662,40.0,51.0,21.0
4663,34.0,54.0,26.0
4664,43.0,61.0,21.0
4665,64.0,71.0,27.0
4666,56.0,67.0,31.0
4667,59.0,78.0,37.0
4668,63.0,95.0,47.0
4669,84.0,106.0,51.0
4670,65.0,81.0,56.0
4671,65.0,84.0,77.0
4672,53.0,83.0,77.0
4673,55.0,76.0,66.0
4674,56.0,61.0,64.0
4675,66.0,61.0,72.0
4676,58.0,63.0,76.0
4677,53.0,67.0,85.0
4678,54.0,79.0,80.0
4679,54.0,70.0,99.0
4680,54.0,89.0,93.0
4681,41.0,85.0,90.0
4682,45.0,86.0,77.0
4683,38.0,82.0,72.0
4684,39.0,68.0,74.0
4685,37.0,51.0,66.0
4686,39.0,52.0,59.0
4687,39.0,65.0,61.0
4688,46.0,68.0,66.0
4689,65.0,67.0,70.0
4690,57.0,62.0,65.0
4691,53.0,64.0,69.0
4692,53.0,71.0,63.0
4693,57.0,74.0,72.0
4694,61.0,86.0,71.0
4695,43.0,75.0,67.0
4696,57.0,59.0,67.0
4697,43.0,62.0,61.0
4698,42.0,53.0,51.0
4699,43.0,62.0,36.0
4700,37.0,69.0,34.0
4701,36.0,87.0,33.0
4702,48.0,77.0,36.0
4703,77.0,99.0,40.0
4704,53.0,111.0,42.0
4705,40.0,88.0,41.0
4706,47.0,82.0,27.0
4707,50.0,77.0,24.0
4708,58.0,77.0,24.0
4709,54.0,79.0,26.0
4710,47.0,69.0,27.0
4711,47.0,67.0,24.0
4712,63.0,72.0,30.0
4713,74.0,77.0,38.0
4714,75.0,74.0,43.0
4715,81.0,70.0,39.0
4716,89.0,72.0,47.0
4717,91.0,73.0,54.0
4718,92.0,75.0,56.0
4719,83.0,74.0,53.0
4720,75.0,68.0,58.0
4721,56.0,68.0,46.0
4722,58.0,77.0,42.0
4723,87.0,75.0,58.0
4724,119.0,61.0,41.0
4725,133.0,50.0,46.0
4726,121.0,59.0,39.0
4727,108.0,100.0,49.0
4728,105.0,100.0,57.0
4729,105.0,75.0,50.0
4730,88.0,68.0,44.0
4731,76.0,73.0,40.0
4732,72.0,59.0,48.0
4733,77.0,60.0,50.0
4734,84.0,62.0,42.0
4735,78.0,61.0,40.0
4736,82.0,56.0,51.0
4737,79.0,60.0,59.0
4738,87.0,80.0,65.0
4739,87.0,75.0,68.0
4740,89.0,75.0,75.0
4741,88.0,64.0,79.0
4742,92.0,71.0,73.0
4743,109.0,65.0,71.0
4744,79.0,58.0,73.0
4745,78.0,62.0,48.0
4746,88.0,50.0,45.0
4747,84.0,54.0,53.0
4748,70.0,45.0,72.0
4749,65.0,45.0,68.0
4750,78.0,66.0,71.0
4751,117.0,83.0,67.0
4752,107.0,89.0,53.0
4753,97.0,94.0,35.0
4754,100.0,84.0,23.0
4755,96.0,72.0,27.0
4756,93.0,65.0,27.0
4757,88.0,62.0,25.0
4758,91.0,66.0,25.0
4759,94.0,59.0,27.0
4760,95.0,69.0,27.0
4761,91.0,72.0,36.0
4762,97.0,76.0,38.0
4763,112.0,76.0,41.0
4764,112.0,86.0,46.0
4765,106.0,93.0,48.0
4766,99.0,71.0,42.0
4767,98.0,,36.0
4768,77.0,85.0,41.0
4769,70.0,71.0,42.0
4770,58.0,68.0,50.0
4771,56.0,72.0,56.0
4772,57.0,72.0,56.0
4773,54.0,62.0,57.0
4774,65.0,65.0,49.0
4775,95.0,122.0,56.0
4776,75.0,113.0,65.0
4777,54.0,90.0,76.0
4778,50.0,86.0,39.0
4779,57.0,,25.0
4780,47.0,,16.0
4781,59.0,,15.0
4782,58.0,,13.0
4783,62.0,,10.0
4784,57.0,,22.0
4785,64.0,,33.0
4786,72.0,,24.0
4787,84.0,,26.0
4788,110.0,,27.0
4789,97.0,,38.0
4790,87.0,96.0,36.0
4791,89.0,75.0,46.0
4792,73.0,70.0,43.0
4793,89.0,77.0,43.0
4794,77.0,58.0,29.0
4795,72.0,66.0,44.0
4796,83.0,55.0,43.0
4797,63.0,57.0,67.0
4798,68.0,116.0,35.0
4799,61.0,102.0,34.0
4800,56.0,81.0,40.0
4801,52.0,77.0,46.0
4802,55.0,72.0,55.0
4803,49.0,65.0,62.0
4804,48.0,64.0,45.0
4805,47.0,57.0,33.0
4806,54.0,44.0,39.0
4807,56.0,43.0,32.0
4808,62.0,49.0,23.0
4809,65.0,61.0,23.0
4810,67.0,51.0,27.0
4811,71.0,67.0,49.0
4812,102.0,65.0,58.0
4813,92.0,68.0,47.0
4814,88.0,72.0,51.0
4815,77.0,62.0,63.0
4816,59.0,68.0,61.0
4817,61.0,61.0,64.0
4818,79.0,61.0,68.0
4819,76.0,64.0,58.0
4820,80.0,66.0,57.0
4821,92.0,66.0,62.0
4822,75.0,79.0,66.0
4823,68.0,105.0,72.0
4824,124.0,80.0,85.0
4825,100.0,61.0,78.0
4826,83.0,61.0,84.0
4827,72.0,56.0,66.0
4828,60.0,48.0,62.0
4829,56.0,53.0,53.0
4830,61.0,49.0,47.0
4831,60.0,56.0,52.0
4832,62.0,56.0,51.0
4833,88.0,60.0,58.0
4834,79.0,61.0,54.0
4835,111.0,67.0,62.0
4836,142.0,61.0,84.0
4837,175.0,82.0,92.0
4838,104.0,76.0,84.0
4839,99.0,82.0,71.0
4840,97.0,68.0,86.0
4841,83.0,66.0,60.0
4842,94.0,57.0,48.0
4843,64.0,49.0,47.0
4844,61.0,45.0,55.0
4845,77.0,45.0,42.0
4846,233.0,67.0,42.0
4847,117.0,108.0,63.0
4848,80.0,84.0,39.0
4849,72.0,61.0,34.0
4850,63.0,51.0,19.0
4851,58.0,44.0,34.0
4852,50.0,264.0,39.0
4853,53.0,49.0,26.0
4854,54.0,42.0,24.0
4855,56.0,33.0,21.0
4856,52.0,41.0,27.0
4857,58.0,50.0,27.0
4858,60.0,57.0,29.0
4859,69.0,57.0,29.0
4860,73.0,57.0,32.0
4861,72.0,71.0,33.0
4862,68.0,76.0,36.0
4863,69.0,67.0,40.0
4864,72.0,72.0,45.0
4865,63.0,119.0,17.0
4866,58.0,62.0,23.0
4867,57.0,54.0,22.0
4868,47.0,54.0,31.0
4869,61.0,53.0,34.0
4870,222.0,100.0,33.0
4871,71.0,69.0,54.0
4872,57.0,100.0,33.0
4873,61.0,58.0,23.0
4874,52.0,49.0,22.0
4875,45.0,38.0,18.0
4876,46.0,40.0,20.0
4877,44.0,43.0,20.0
4878,43.0,36.0,17.0
4879,36.0,42.0,15.0
4880,45.0,48.0,21.0
4881,62.0,44.0,28.0
4882,59.0,58.0,33.0
4883,58.0,46.0,39.0
4884,59.0,44.0,35.0
4885,63.0,44.0,47.0
4886,66.0,54.0,37.0
4887,59.0,40.0,27.0
4888,58.0,38.0,30.0
4889,58.0,46.0,
4890,52.0,234.0,
4891,56.0,53.0,38.0
4892,43.0,41.0,43.0
4893,90.0,42.0,41.0
4894,69.0,48.0,32.0
4895,59.0,111.0,27.0
4896,64.0,74.0,27.0
4897,52.0,53.0,19.0
4898,49.0,46.0,30.0
4899,44.0,47.0,25.0
4900,34.0,35.0,34.0
4901,38.0,38.0,26.0
4902,37.0,37.0,23.0
4903,38.0,39.0,28.0
4904,36.0,39.0,28.0
4905,36.0,54.0,30.0
4906,43.0,51.0,45.0
4907,54.0,45.0,37.0
4908,47.0,54.0,31.0
4909,46.0,47.0,32.0
4910,44.0,54.0,29.0
4911,40.0,71.0,27.0
4912,43.0,54.0,33.0
4913,45.0,50.0,27.0
4914,41.0,47.0,36.0
4915,47.0,36.0,41.0
4916,50.0,265.0,32.0
4917,49.0,45.0,24.0
4918,48.0,42.0,28.0
4919,92.0,48.0,40.0
4920,56.0,40.0,20.0
4921,46.0,30.0,23.0
4922,40.0,43.0,15.0
4923,27.0,45.0,14.0
4924,31.0,36.0,28.0
4925,29.0,43.0,17.0
4926,26.0,36.0,20.0
4927,22.0,30.0,20.0
4928,24.0,39.0,25.0
4929,31.0,49.0,17.0
4930,43.0,46.0,25.0
4931,50.0,56.0,28.0
4932,52.0,61.0,22.0
4933,56.0,49.0,29.0
4934,62.0,50.0,20.0
4935,50.0,53.0,34.0
4936,45.0,53.0,31.0
4937,40.0,62.0,17.0
4938,35.0,55.0,16.0
4939,43.0,51.0,17.0
4940,69.0,47.0,29.0
4941,50.0,51.0,23.0
4942,48.0,46.0,40.0
4943,66.0,53.0,45.0
4944,52.0,91.0,17.0
4945,40.0,69.0,12.0
4946,36.0,58.0,10.0
4947,34.0,43.0,20.0
4948,29.0,40.0,17.0
4949,27.0,51.0,24.0
4950,32.0,43.0,20.0
4951,32.0,43.0,24.0
4952,33.0,52.0,27.0
4953,45.0,51.0,27.0
4954,49.0,45.0,21.0
4955,54.0,59.0,32.0
4956,54.0,65.0,54.0
4957,54.0,68.0,57.0
4958,62.0,65.0,45.0
4959,59.0,67.0,57.0
4960,51.0,55.0,56.0
4961,45.0,53.0,49.0
4962,40.0,73.0,42.0
4963,45.0,80.0,43.0
4964,46.0,82.0,33.0
4965,150.0,83.0,31.0
4966,116.0,93.0,25.0
4967,63.0,93.0,28.0
4968,49.0,105.0,39.0
4969,40.0,100.0,50.0
4970,34.0,87.0,35.0
4971,31.0,82.0,37.0
4972,37.0,88.0,36.0
4973,34.0,90.0,35.0
4974,38.0,88.0,25.0
4975,44.0,79.0,30.0
4976,41.0,86.0,36.0
4977,39.0,96.0,62.0
4978,44.0,97.0,72.0
4979,47.0,93.0,75.0
4980,46.0,87.0,78.0
4981,56.0,91.0,71.0
4982,61.0,92.0,55.0
4983,56.0,81.0,69.0
4984,41.0,76.0,69.0
4985,42.0,75.0,66.0
4986,45.0,60.0,50.0
4987,59.0,59.0,42.0
4988,47.0,67.0,42.0
4989,41.0,63.0,32.0
4990,52.0,87.0,28.0
4991,51.0,166.0,32.0
4992,47.0,81.0,42.0
4993,41.0,66.0,43.0
4994,41.0,42.0,34.0
4995,50.0,44.0,37.0
4996,54.0,33.0,46.0
4997,39.0,38.0,36.0
4998,33.0,42.0,34.0
4999,35.0,43.0,38.0
5000,33.0,38.0,42.0
5001,45.0,47.0,34.0
5002,51.0,48.0,49.0
5003,54.0,56.0,43.0
5004,57.0,63.0,82.0
5005,62.0,60.0,75.0
5006,56.0,58.0,54.0
5007,60.0,52.0,45.0
5008,42.0,51.0,42.0
5009,47.0,56.0,49.0
5010,79.0,60.0,39.0
5011,69.0,59.0,16.0
5012,72.0,241.0,
5013,42.0,123.0,27.0
5014,90.0,62.0,39.0
5015,53.0,54.0,48.0
5016,46.0,40.0,30.0
5017,48.0,42.0,31.0
5018,49.0,40.0,24.0
5019,35.0,37.0,14.0
5020,38.0,34.0,17.0
5021,38.0,37.0,10.0
5022,43.0,36.0,17.0
5023,38.0,44.0,20.0
5024,47.0,38.0,25.0
5025,51.0,42.0,23.0
5026,51.0,42.0,27.0
5027,55.0,51.0,28.0
5028,55.0,63.0,26.0
5029,56.0,54.0,25.0
5030,44.0,53.0,29.0
5031,53.0,54.0,26.0
5032,50.0,47.0,15.0
5033,55.0,48.0,14.0
5034,55.0,46.0,21.0
5035,67.0,49.0,24.0
5036,78.0,41.0,25.0
5037,73.0,64.0,25.0
5038,112.0,65.0,25.0
5039,64.0,61.0,29.0
5040,56.0,67.0,23.0
5041,38.0,72.0,30.0
5042,35.0,61.0,25.0
5043,36.0,51.0,23.0
5044,39.0,57.0,22.0
5045,38.0,54.0,23.0
5046,45.0,51.0,21.0
5047,45.0,54.0,23.0
5048,43.0,53.0,37.0
5049,47.0,59.0,38.0
5050,47.0,65.0,44.0
5051,49.0,56.0,37.0
5052,50.0,52.0,41.0
5053,63.0,61.0,36.0
5054,56.0,56.0,37.0
5055,56.0,48.0,30.0
5056,77.0,47.0,29.0
5057,73.0,41.0,23.0
5058,62.0,41.0,25.0
5059,74.0,38.0,29.0
5060,69.0,47.0,
5061,64.0,40.0,35.0
5062,84.0,44.0,43.0
5063,73.0,46.0,
5064,66.0,42.0,37.0
5065,53.0,46.0,43.0
5066,47.0,34.0,35.0
5067,46.0,34.0,26.0
5068,45.0,37.0,24.0
5069,41.0,27.0,16.0
5070,39.0,33.0,18.0
5071,41.0,36.0,25.0
5072,46.0,34.0,32.0
5073,42.0,41.0,38.0
5074,48.0,40.0,40.0
5075,45.0,49.0,49.0
5076,49.0,44.0,48.0
5077,54.0,69.0,50.0
5078,50.0,57.0,44.0
5079,47.0,61.0,53.0
5080,48.0,64.0,40.0
5081,40.0,43.0,
5082,36.0,39.0,31.0
5083,39.0,36.0,
5084,36.0,55.0,36.0
5085,90.0,51.0,46.0
5086,48.0,52.0,43.0
5087,39.0,74.0,41.0
5088,34.0,68.0,41.0
5089,,,46.0
5090,36.0,44.0,53.0
5091,29.0,56.0,
5092,33.0,33.0,53.0
5093,30.0,38.0,57.0
5094,35.0,29.0,66.0
5095,35.0,36.0,73.0
5096,35.0,48.0,79.0
5097,47.0,48.0,90.0
5098,41.0,54.0,94.0
5099,45.0,55.0,96.0
5100,49.0,64.0,91.0
5101,51.0,68.0,84.0
5102,59.0,67.0,91.0
5103,45.0,67.0,83.0
5104,41.0,46.0,
5105,43.0,57.0,
5106,78.0,50.0,
5107,47.0,52.0,79.0
5108,44.0,57.0,83.0
5109,57.0,68.0,
5110,44.0,72.0,76.0
5111,45.0,81.0,84.0
5112,42.0,68.0,93.0
5113,44.0,45.0,
5114,55.0,37.0,88.0
5115,46.0,40.0,93.0
5116,36.0,33.0,82.0
5117,27.0,32.0,79.0
5118,25.0,38.0,75.0
5119,31.0,30.0,77.0
5120,34.0,35.0,82.0
5121,39.0,43.0,87.0
5122,39.0,49.0,89.0
5123,43.0,45.0,95.0
5124,62.0,50.0,94.0
5125,49.0,50.0,96.0
5126,72.0,65.0,91.0
5127,53.0,52.0,86.0
5128,39.0,46.0,80.0
5129,42.0,53.0,72.0
5130,46.0,51.0,80.0
5131,43.0,64.0,
5132,56.0,55.0,85.0
5133,63.0,51.0,89.0
5134,67.0,111.0,76.0
5135,64.0,52.0,79.0
5136,55.0,45.0,98.0
5137,47.0,47.0,83.0
5138,43.0,37.0,60.0
5139,39.0,33.0,54.0
5140,33.0,31.0,57.0
5141,44.0,32.0,52.0
5142,38.0,29.0,55.0
5143,41.0,28.0,54.0
5144,48.0,37.0,54.0
5145,63.0,45.0,59.0
5146,59.0,64.0,62.0
5147,71.0,72.0,64.0
5148,77.0,63.0,74.0
5149,82.0,68.0,80.0
5150,71.0,70.0,81.0
5151,68.0,60.0,93.0
5152,77.0,50.0,76.0
5153,54.0,39.0,57.0
5154,44.0,39.0,54.0
5155,44.0,45.0,46.0
5156,67.0,43.0,56.0
5157,77.0,39.0,51.0
5158,82.0,122.0,43.0
5159,77.0,75.0,44.0
5160,67.0,64.0,49.0
5161,64.0,60.0,51.0
5162,60.0,57.0,51.0
5163,50.0,48.0,72.0
5164,52.0,46.0,57.0
5165,49.0,45.0,53.0
5166,53.0,43.0,50.0
5167,61.0,49.0,45.0
5168,76.0,49.0,40.0
5169,66.0,70.0,53.0
5170,74.0,66.0,58.0
5171,75.0,77.0,58.0
5172,79.0,87.0,70.0
5173,90.0,100.0,66.0
5174,83.0,108.0,49.0
5175,77.0,69.0,63.0
5176,80.0,108.0,61.0
5177,78.0,58.0,51.0
5178,73.0,47.0,
5179,64.0,55.0,40.0
5180,67.0,49.0,
5181,63.0,65.0,35.0
5182,66.0,91.0,40.0
5183,139.0,62.0,59.0
5184,120.0,57.0,75.0
5185,104.0,67.0,62.0
5186,111.0,65.0,57.0
5187,79.0,52.0,52.0
5188,87.0,65.0,53.0
5189,75.0,66.0,54.0
5190,61.0,53.0,50.0
5191,59.0,48.0,49.0
5192,60.0,47.0,54.0
5193,70.0,64.0,49.0
5194,80.0,65.0,71.0
5195,74.0,79.0,71.0
5196,78.0,82.0,180.0
5197,89.0,84.0,78.0
5198,80.0,76.0,
5199,84.0,72.0,31.0
5200,64.0,65.0,34.0
5201,68.0,55.0,33.0
5202,65.0,56.0,
5203,69.0,50.0,34.0
5204,54.0,43.0,38.0
5205,74.0,41.0,41.0
5206,187.0,149.0,43.0
5207,125.0,103.0,46.0
5208,95.0,68.0,46.0
5209,75.0,66.0,47.0
5210,78.0,55.0,37.0
5211,73.0,57.0,42.0
5212,63.0,47.0,36.0
5213,56.0,47.0,38.0
5214,64.0,42.0,34.0
5215,61.0,38.0,35.0
5216,63.0,33.0,38.0
5217,63.0,39.0,43.0
5218,64.0,46.0,57.0
5219,86.0,45.0,40.0
5220,85.0,49.0,40.0
5221,81.0,54.0,56.0
5222,76.0,50.0,45.0
5223,74.0,48.0,50.0
5224,66.0,49.0,
5225,65.0,47.0,46.0
5226,52.0,46.0,47.0
5227,64.0,34.0,
5228,61.0,38.0,32.0
5229,97.0,43.0,37.0
5230,123.0,94.0,34.0
5231,86.0,94.0,43.0
5232,59.0,79.0,47.0
5233,53.0,65.0,38.0
5234,50.0,62.0,35.0
5235,44.0,54.0,30.0
5236,47.0,57.0,25.0
5237,42.0,47.0,27.0
5238,45.0,53.0,30.0
5239,46.0,55.0,26.0
5240,44.0,50.0,29.0
5241,47.0,57.0,32.0
5242,52.0,60.0,34.0
5243,51.0,64.0,30.0
5244,50.0,72.0,48.0
5245,47.0,76.0,54.0
5246,47.0,81.0,47.0
5247,46.0,87.0,42.0
5248,52.0,81.0,46.0
5249,65.0,70.0,47.0
5250,43.0,64.0,51.0
5251,38.0,46.0,35.0
5252,45.0,50.0,
5253,164.0,47.0,22.0
5254,80.0,110.0,30.0
5255,68.0,102.0,36.0
5256,63.0,97.0,28.0
5257,47.0,72.0,32.0
5258,39.0,70.0,40.0
5259,39.0,44.0,25.0
5260,43.0,40.0,29.0
5261,37.0,46.0,37.0
5262,38.0,43.0,32.0
5263,44.0,41.0,20.0
5264,43.0,64.0,29.0
5265,49.0,50.0,39.0
5266,51.0,53.0,52.0
5267,56.0,60.0,91.0
5268,54.0,59.0,101.0
5269,61.0,63.0,65.0
5270,64.0,76.0,39.0
5271,60.0,65.0,35.0
5272,51.0,70.0,34.0
5273,91.0,61.0,30.0
5274,71.0,65.0,36.0
5275,39.0,48.0,34.0
5276,48.0,50.0,39.0
5277,74.0,50.0,44.0
5278,44.0,98.0,43.0
5279,40.0,91.0,44.0
5280,,71.0,40.0
5281,41.0,70.0,56.0
5282,59.0,50.0,59.0
5283,43.0,45.0,70.0
5284,54.0,40.0,51.0
5285,37.0,45.0,57.0
5286,32.0,40.0,54.0
5287,34.0,37.0,52.0
5288,38.0,46.0,77.0
5289,36.0,62.0,76.0
5290,58.0,55.0,95.0
5291,57.0,61.0,130.0
5292,58.0,72.0,114.0
5293,52.0,61.0,107.0
5294,51.0,67.0,47.0
5295,40.0,72.0,49.0
5296,53.0,75.0,42.0
5297,42.0,65.0,41.0
5298,39.0,59.0,
5299,43.0,74.0,
5300,38.0,65.0,36.0
5301,55.0,68.0,54.0
5302,40.0,67.0,55.0
5303,47.0,165.0,74.0
5304,58.0,97.0,63.0
5305,42.0,74.0,43.0
5306,43.0,59.0,30.0
5307,46.0,60.0,30.0
5308,40.0,388.0,21.0
5309,34.0,64.0,20.0
5310,37.0,44.0,32.0
5311,32.0,46.0,28.0
5312,37.0,55.0,30.0
5313,43.0,54.0,30.0
5314,58.0,65.0,48.0
5315,64.0,68.0,48.0
5316,68.0,105.0,48.0
5317,61.0,92.0,51.0
5318,67.0,87.0,53.0
5319,52.0,76.0,51.0
5320,49.0,74.0,52.0
5321,38.0,65.0,
5322,53.0,60.0,18.0
5323,36.0,64.0,34.0
5324,39.0,58.0,40.0
5325,48.0,60.0,36.0
5326,50.0,61.0,36.0
5327,60.0,147.0,47.0
5328,59.0,85.0,41.0
5329,54.0,67.0,36.0
5330,39.0,58.0,40.0
5331,37.0,61.0,31.0
5332,32.0,49.0,33.0
5333,37.0,60.0,31.0
5334,39.0,66.0,26.0
5335,37.0,64.0,40.0
5336,39.0,67.0,42.0
5337,43.0,68.0,38.0
5338,47.0,68.0,42.0
5339,71.0,68.0,39.0
5340,88.0,76.0,43.0
5341,74.0,93.0,45.0
5342,50.0,87.0,52.0
5343,39.0,89.0,
5344,44.0,88.0,
5345,,83.0,30.0
5346,,79.0,
5347,,72.0,29.0
5348,11.0,62.0,
5349,37.0,67.0,18.0
5350,37.0,118.0,36.0
5351,49.0,103.0,36.0
5352,72.0,74.0,37.0
5353,59.0,71.0,27.0
5354,35.0,59.0,28.0
5355,30.0,53.0,24.0
5356,29.0,53.0,21.0
5357,30.0,54.0,22.0
5358,35.0,57.0,21.0
5359,33.0,54.0,17.0
5360,42.0,56.0,18.0
5361,53.0,62.0,14.0
5362,56.0,63.0,18.0
5363,51.0,68.0,23.0
5364,64.0,79.0,29.0
5365,69.0,86.0,35.0
5366,53.0,90.0,27.0
5367,50.0,85.0,30.0
5368,50.0,78.0,41.0
5369,76.0,71.0,38.0
5370,41.0,61.0,29.0
5371,277.0,56.0,26.0
5372,67.0,56.0,
5373,33.0,62.0,16.0
5374,27.0,92.0,
5375,26.0,82.0,32.0
5376,26.0,70.0,39.0
5377,31.0,66.0,46.0
5378,32.0,69.0,34.0
5379,35.0,54.0,18.0
5380,39.0,48.0,15.0
5381,47.0,41.0,19.0
5382,46.0,46.0,20.0
5383,47.0,50.0,16.0
5384,73.0,41.0,20.0
5385,80.0,36.0,29.0
5386,82.0,49.0,35.0
5387,59.0,44.0,27.0
5388,52.0,54.0,31.0
5389,41.0,55.0,41.0
5390,34.0,55.0,35.0
5391,31.0,55.0,26.0
5392,63.0,43.0,30.0
5393,43.0,51.0,30.0
5394,37.0,52.0,
5395,38.0,65.0,26.0
5396,55.0,50.0,
5397,46.0,37.0,
5398,41.0,57.0,18.0
5399,36.0,80.0,
5400,44.0,70.0,
5401,40.0,51.0,
5402,38.0,41.0,
5403,36.0,43.0,
5404,52.0,40.0,13.0
5405,38.0,32.0,21.0
5406,43.0,36.0,22.0
5407,56.0,37.0,18.0
5408,68.0,46.0,24.0
5409,56.0,51.0,39.0
5410,61.0,49.0,44.0
5411,55.0,50.0,40.0
5412,58.0,55.0,32.0
5413,44.0,54.0,46.0
5414,31.0,52.0,38.0
5415,32.0,53.0,27.0
5416,29.0,56.0,26.0
5417,35.0,61.0,28.0
5418,53.0,60.0,
5419,39.0,59.0,
5420,35.0,80.0,
5421,37.0,57.0,32.0
5422,43.0,63.0,28.0
5423,,96.0,42.0
5424,28.0,65.0,28.0
5425,25.0,50.0,
5426,30.0,51.0,24.0
5427,53.0,44.0,28.0
5428,83.0,41.0,21.0
5429,42.0,38.0,31.0
5430,32.0,33.0,24.0
5431,28.0,34.0,25.0
5432,44.0,36.0,27.0
5433,47.0,50.0,29.0
5434,48.0,50.0,42.0
5435,51.0,58.0,39.0
5436,47.0,64.0,45.0
5437,58.0,52.0,43.0
5438,50.0,61.0,42.0
5439,48.0,64.0,50.0
5440,53.0,58.0,
5441,65.0,52.0,
5442,51.0,46.0,
5443,95.0,57.0,
5444,44.0,58.0,
5445,55.0,58.0,
5446,51.0,61.0,
5447,42.0,105.0,
5448,40.0,76.0,
5449,52.0,83.0,
5450,39.0,65.0,
5451,43.0,71.0,29.0
5452,48.0,64.0,36.0
5453,43.0,72.0,30.0
5454,48.0,57.0,26.0
5455,52.0,58.0,28.0
5456,59.0,60.0,28.0
5457,70.0,82.0,31.0
5458,66.0,75.0,43.0
5459,57.0,64.0,41.0
5460,58.0,70.0,53.0
5461,58.0,87.0,67.0
5462,52.0,82.0,59.0
5463,55.0,69.0,55.0
5464,51.0,59.0,44.0
5465,46.0,60.0,50.0
5466,42.0,51.0,43.0
5467,37.0,58.0,38.0
5468,45.0,59.0,36.0
5469,38.0,59.0,38.0
5470,50.0,59.0,41.0
5471,36.0,99.0,46.0
5472,29.0,87.0,48.0
5473,33.0,88.0,24.0
5474,46.0,83.0,23.0
5475,55.0,90.0,19.0
5476,54.0,78.0,15.0
5477,38.0,68.0,17.0
5478,39.0,65.0,17.0
5479,34.0,68.0,14.0
5480,42.0,65.0,17.0
5481,52.0,79.0,18.0
5482,52.0,89.0,29.0
5483,54.0,82.0,39.0
5484,63.0,83.0,50.0
5485,61.0,103.0,28.0
5486,50.0,86.0,
5487,52.0,71.0,
5488,44.0,69.0,
5489,57.0,67.0,
5490,47.0,58.0,
5491,52.0,61.0,36.0
5492,43.0,60.0,42.0
5493,48.0,64.0,39.0
5494,60.0,86.0,37.0
5495,57.0,81.0,43.0
5496,44.0,118.0,37.0
5497,41.0,76.0,32.0
5498,38.0,67.0,28.0
5499,36.0,60.0,25.0
5500,28.0,57.0,31.0
5501,30.0,53.0,36.0
5502,26.0,56.0,24.0
5503,31.0,54.0,23.0
5504,47.0,41.0,18.0
5505,48.0,51.0,34.0
5506,53.0,58.0,30.0
5507,48.0,56.0,32.0
5508,59.0,63.0,44.0
5509,71.0,83.0,47.0
5510,72.0,65.0,53.0
5511,66.0,61.0,57.0
5512,59.0,60.0,49.0
5513,42.0,44.0,54.0
5514,42.0,48.0,43.0
5515,43.0,44.0,36.0
5516,43.0,46.0,29.0
5517,38.0,80.0,36.0
5518,65.0,66.0,36.0
5519,82.0,54.0,48.0
5520,68.0,83.0,45.0
5521,48.0,73.0,40.0
5522,53.0,55.0,31.0
5523,52.0,60.0,27.0
5524,43.0,53.0,23.0
5525,42.0,58.0,27.0
5526,46.0,61.0,22.0
5527,49.0,54.0,14.0
5528,48.0,60.0,20.0
5529,61.0,63.0,17.0
5530,63.0,70.0,20.0
5531,63.0,62.0,31.0
5532,61.0,80.0,40.0
5533,71.0,97.0,28.0
5534,64.0,84.0,36.0
5535,61.0,93.0,36.0
5536,55.0,87.0,37.0
5537,46.0,72.0,44.0
5538,45.0,75.0,29.0
5539,46.0,71.0,34.0
5540,47.0,75.0,31.0
5541,50.0,82.0,35.0
5542,55.0,77.0,26.0
5543,82.0,85.0,46.0
5544,71.0,95.0,54.0
5545,59.0,101.0,32.0
5546,47.0,106.0,25.0
5547,43.0,107.0,21.0
5548,42.0,93.0,22.0
5549,39.0,88.0,20.0
5550,36.0,88.0,25.0
5551,34.0,85.0,17.0
5552,34.0,83.0,22.0
5553,42.0,90.0,17.0
5554,43.0,87.0,26.0
5555,52.0,82.0,38.0
5556,60.0,96.0,36.0
5557,55.0,98.0,51.0
5558,62.0,86.0,42.0
5559,51.0,88.0,48.0
5560,49.0,87.0,29.0
5561,43.0,95.0,24.0
5562,40.0,83.0,51.0
5563,32.0,88.0,30.0
5564,32.0,84.0,38.0
5565,32.0,79.0,30.0
5566,47.0,153.0,30.0
5567,71.0,72.0,28.0
5568,43.0,72.0,32.0
5569,37.0,59.0,51.0
5570,33.0,66.0,37.0
5571,28.0,51.0,23.0
5572,35.0,45.0,23.0
5573,27.0,46.0,27.0
5574,25.0,46.0,27.0
5575,26.0,51.0,24.0
5576,26.0,48.0,21.0
5577,32.0,73.0,36.0
5578,27.0,74.0,39.0
5579,35.0,70.0,47.0
5580,41.0,90.0,38.0
5581,49.0,79.0,60.0
5582,41.0,57.0,36.0
5583,42.0,49.0,36.0
5584,41.0,56.0,41.0
5585,48.0,51.0,35.0
5586,45.0,54.0,36.0
5587,45.0,51.0,36.0
5588,45.0,53.0,27.0
5589,42.0,80.0,32.0
5590,47.0,67.0,39.0
5591,52.0,82.0,28.0
5592,51.0,62.0,44.0
5593,45.0,53.0,43.0
5594,35.0,41.0,56.0
5595,35.0,49.0,30.0
5596,36.0,53.0,37.0
5597,39.0,54.0,34.0
5598,35.0,47.0,26.0
5599,39.0,45.0,24.0
5600,43.0,45.0,24.0
5601,48.0,54.0,38.0
5602,64.0,87.0,48.0
5603,62.0,75.0,34.0
5604,58.0,74.0,58.0
5605,64.0,58.0,61.0
5606,66.0,54.0,58.0
5607,51.0,55.0,58.0
5608,53.0,44.0,53.0
5609,63.0,49.0,42.0
5610,71.0,47.0,44.0
5611,43.0,55.0,46.0
5612,45.0,62.0,38.0
5613,51.0,76.0,34.0
5614,79.0,47.0,49.0
5615,74.0,36.0,54.0
5616,64.0,38.0,49.0
5617,58.0,45.0,47.0
5618,69.0,49.0,34.0
5619,42.0,46.0,24.0
5620,29.0,31.0,39.0
5621,32.0,28.0,41.0
5622,34.0,26.0,34.0
5623,35.0,26.0,29.0
5624,37.0,22.0,23.0
5625,42.0,33.0,32.0
5626,44.0,32.0,25.0
5627,42.0,28.0,59.0
5628,55.0,30.0,52.0
5629,50.0,38.0,71.0
5630,47.0,50.0,48.0
5631,49.0,49.0,42.0
5632,50.0,48.0,42.0
5633,45.0,46.0,41.0
5634,47.0,37.0,40.0
5635,47.0,37.0,40.0
5636,44.0,62.0,41.0
5637,49.0,49.0,41.0
5638,58.0,40.0,38.0
5639,57.0,43.0,52.0
5640,54.0,40.0,44.0
5641,42.0,22.0,39.0
5642,39.0,41.0,34.0
5643,39.0,39.0,28.0
5644,33.0,31.0,39.0
5645,38.0,22.0,49.0
5646,30.0,36.0,28.0
5647,33.0,44.0,25.0
5648,36.0,40.0,34.0
5649,42.0,46.0,37.0
5650,36.0,53.0,63.0
5651,50.0,51.0,55.0
5652,54.0,44.0,56.0
5653,49.0,49.0,55.0
5654,51.0,46.0,49.0
5655,46.0,54.0,61.0
5656,46.0,61.0,53.0
5657,50.0,78.0,41.0
5658,46.0,75.0,43.0
5659,63.0,66.0,34.0
5660,61.0,66.0,37.0
5661,36.0,77.0,32.0
5662,35.0,78.0,42.0
5663,40.0,81.0,57.0
5664,36.0,77.0,61.0
5665,34.0,73.0,42.0
5666,37.0,62.0,37.0
5667,43.0,58.0,40.0
5668,38.0,61.0,34.0
5669,29.0,72.0,24.0
5670,32.0,62.0,29.0
5671,31.0,72.0,25.0
5672,39.0,62.0,34.0
5673,41.0,66.0,38.0
5674,49.0,88.0,41.0
5675,48.0,82.0,59.0
5676,61.0,91.0,64.0
5677,91.0,93.0,71.0
5678,53.0,72.0,55.0
5679,54.0,65.0,49.0
5680,69.0,65.0,57.0
5681,51.0,52.0,48.0
5682,56.0,55.0,43.0
5683,51.0,56.0,43.0
5684,52.0,56.0,42.0
5685,37.0,71.0,37.0
5686,34.0,75.0,44.0
5687,38.0,63.0,92.0
5688,37.0,57.0,118.0
5689,42.0,43.0,54.0
5690,53.0,63.0,38.0
5691,35.0,71.0,35.0
5692,28.0,58.0,27.0
5693,26.0,61.0,36.0
5694,31.0,49.0,36.0
5695,23.0,46.0,32.0
5696,24.0,39.0,37.0
5697,27.0,39.0,33.0
5698,33.0,43.0,43.0
5699,34.0,62.0,43.0
5700,37.0,119.0,57.0
5701,41.0,76.0,55.0
5702,38.0,65.0,59.0
5703,53.0,53.0,51.0
5704,46.0,48.0,58.0
5705,47.0,49.0,57.0
5706,45.0,47.0,47.0
5707,40.0,42.0,47.0
5708,32.0,36.0,45.0
5709,37.0,36.0,52.0
5710,36.0,44.0,87.0
5711,35.0,71.0,47.0
5712,31.0,54.0,44.0
5713,29.0,40.0,39.0
5714,41.0,51.0,32.0
5715,47.0,51.0,34.0
5716,52.0,41.0,36.0
5717,57.0,35.0,30.0
5718,32.0,41.0,36.0
5719,25.0,37.0,28.0
5720,30.0,32.0,41.0
5721,46.0,41.0,45.0
5722,48.0,33.0,54.0
5723,50.0,40.0,50.0
5724,49.0,40.0,58.0
5725,50.0,34.0,55.0
5726,54.0,39.0,64.0
5727,42.0,28.0,55.0
5728,51.0,31.0,56.0
5729,49.0,36.0,57.0
5730,35.0,39.0,43.0
5731,38.0,33.0,33.0
5732,46.0,37.0,29.0
5733,52.0,41.0,31.0
5734,57.0,51.0,49.0
5735,52.0,54.0,104.0
5736,41.0,50.0,81.0
5737,36.0,40.0,32.0
5738,38.0,49.0,25.0
5739,29.0,58.0,33.0
5740,26.0,56.0,28.0
5741,25.0,50.0,25.0
5742,21.0,39.0,22.0
5743,22.0,37.0,23.0
5744,27.0,33.0,31.0
5745,33.0,47.0,39.0
5746,37.0,40.0,43.0
5747,42.0,41.0,38.0
5748,,40.0,55.0
5749,41.0,60.0,66.0
5750,34.0,67.0,54.0
5751,31.0,54.0,68.0
5752,38.0,44.0,55.0
5753,41.0,36.0,53.0
5754,33.0,36.0,80.0
5755,32.0,81.0,48.0
5756,35.0,40.0,29.0
5757,38.0,38.0,30.0
5758,45.0,56.0,29.0
5759,55.0,58.0,66.0
5760,37.0,79.0,41.0
5761,35.48,84.0,39.0
5762,27.77,75.0,53.0
5763,25.71,80.0,53.0
5764,27.12,49.0,45.0
5765,28.73,37.0,34.0
5766,36.07,66.0,29.0
5767,31.74,54.0,34.0
5768,45.21,53.0,21.0
5769,47.1,59.0,29.0
5770,50.93,67.0,48.0
5771,54.22,91.0,37.0
5772,50.76,60.0,47.0
5773,53.45,68.0,44.0
5774,50.52,60.0,40.0
5775,40.06,62.0,53.0
5776,45.17,44.0,28.0
5777,43.1,94.0,33.0
5778,41.89,68.0,35.0
5779,41.27,38.0,30.0
5780,58.02,80.0,72.0
5781,49.62,90.0,61.0
5782,48.44,76.0,31.0
5783,57.63,41.0,25.0
5784,58.5,38.0,28.0
5785,56.0,40.0,29.0
5786,42.0,50.0,31.0
5787,40.0,68.0,20.0
5788,35.0,114.0,14.0
5789,40.0,137.0,17.0
5790,42.0,81.0,15.0
5791,39.0,116.0,16.0
5792,41.0,136.0,16.0
5793,54.0,169.0,31.0
5794,52.0,155.0,49.0
5795,59.0,89.0,57.0
5796,62.0,67.0,31.0
5797,61.0,50.0,31.0
5798,54.0,40.0,37.0
5799,46.0,38.0,44.0
5800,49.0,36.0,50.0
5801,46.0,31.0,61.0
5802,52.0,32.0,41.0
5803,45.0,31.0,44.0
5804,60.0,43.0,50.0
5805,44.0,56.0,43.0
5806,129.0,57.0,52.0
5807,62.0,67.0,37.0
5808,37.0,54.0,51.0
5809,45.0,65.0,41.0
5810,37.0,48.0,29.0
5811,42.0,53.0,31.0
5812,43.0,42.0,27.0
5813,22.0,36.0,19.0
5814,20.0,62.0,25.0
5815,29.0,63.0,25.0
5816,36.0,73.0,29.0
5817,29.0,86.0,40.0
5818,30.0,77.0,57.0
5819,35.0,72.0,69.0
5820,42.0,78.0,81.0
5821,49.0,77.0,64.0
5822,60.0,53.0,47.0
5823,43.0,44.0,29.0
5824,36.0,45.0,39.0
5825,43.0,52.0,46.0
5826,50.0,50.0,41.0
5827,48.0,50.0,36.0
5828,42.0,41.0,36.0
5829,48.0,53.0,38.0
5830,43.0,69.0,22.0
5831,51.0,57.0,28.0
5832,49.0,117.0,25.0
5833,,,25.0
5834,22.0,49.0,25.0
5835,30.0,50.0,30.0
5836,32.0,50.0,32.0
5837,24.0,55.0,33.0
5838,33.0,52.0,33.0
5839,29.0,49.0,31.0
5840,32.0,51.0,31.0
5841,41.0,60.0,42.0
5842,36.0,63.0,50.0
5843,39.0,58.0,38.0
5844,57.0,81.0,35.0
5845,44.0,71.0,54.0
5846,46.0,59.0,44.0
5847,37.0,52.0,48.0
5848,36.0,55.0,36.0
5849,32.0,59.0,29.0
5850,33.0,47.0,40.0
5851,39.0,51.0,31.0
5852,37.0,55.0,36.0
5853,38.0,76.0,50.0
5854,35.0,70.0,69.0
5855,35.0,74.0,47.0
5856,31.0,93.0,82.0
5857,35.0,72.0,
5858,36.0,48.0,58.0
5859,32.0,40.0,34.0
5860,35.0,35.0,14.0
5861,27.0,36.0,21.0
5862,25.0,48.0,16.0
5863,38.0,65.0,17.0
5864,33.0,55.0,16.0
5865,50.0,54.0,20.0
5866,48.0,58.0,23.0
5867,38.0,85.0,21.0
5868,37.0,76.0,15.0
5869,36.0,86.0,12.0
5870,51.0,49.0,19.0
5871,44.0,51.0,25.0
5872,31.0,53.0,31.0
5873,36.0,42.0,12.0
5874,34.0,42.0,21.0
5875,34.0,43.0,29.0
5876,27.0,54.0,26.0
5877,37.0,55.0,30.0
5878,45.0,61.0,33.0
5879,41.0,61.0,38.0
5880,30.0,74.0,41.0
5881,29.0,143.0,45.0
5882,27.0,50.0,24.0
5883,26.0,42.0,33.0
5884,41.0,43.0,37.0
5885,29.0,40.0,14.0
5886,26.0,38.0,11.0
5887,32.0,43.0,8.0
5888,28.0,40.0,14.0
5889,34.0,42.0,24.0
5890,38.0,60.0,24.0
5891,38.0,65.0,17.0
5892,40.0,66.0,18.0
5893,40.0,61.0,17.0
5894,36.0,52.0,17.0
5895,43.0,42.0,21.0
5896,50.0,48.0,20.0
5897,51.0,49.0,13.0
5898,27.0,50.0,25.0
5899,31.0,48.0,25.0
5900,31.0,58.0,25.0
5901,36.0,59.0,26.0
5902,38.0,52.0,25.0
5903,35.0,65.0,16.0
5904,36.0,64.0,20.0
5905,34.0,49.0,31.0
5906,33.0,58.0,26.0
5907,26.0,47.0,22.0
5908,24.0,47.0,20.0
5909,24.0,41.0,14.0
5910,30.0,41.0,9.0
5911,30.0,39.0,9.0
5912,33.0,40.0,21.0
5913,34.0,39.0,20.0
5914,40.0,59.0,36.0
5915,46.0,61.0,43.0
5916,41.0,75.0,55.0
5917,42.0,82.0,52.0
5918,42.0,82.0,32.0
5919,37.0,94.0,26.0
5920,40.0,74.0,27.0
5921,43.0,52.0,27.0
5922,47.0,52.0,42.0
5923,39.0,47.0,18.0
5924,32.0,47.0,28.0
5925,26.0,47.0,46.0
5926,25.0,54.0,33.0
5927,,65.0,39.0
5928,,92.0,38.0
5929,,90.0,22.0
5930,,74.0,11.0
5931,,78.0,8.0
5932,,67.0,11.0
5933,,58.0,8.0
5934,,46.0,11.0
5935,,44.0,18.0
5936,,53.0,16.0
5937,,61.0,21.0
5938,,72.0,24.0
5939,32.0,73.0,31.0
5940,26.0,82.0,30.0
5941,33.0,86.0,26.0
5942,40.0,76.0,20.0
5943,44.0,82.0,30.0
5944,46.0,82.0,31.0
5945,29.0,67.0,24.0
5946,27.0,59.0,24.0
5947,28.0,64.0,23.0
5948,26.0,46.0,21.0
5949,26.0,60.0,20.0
5950,28.0,114.0,21.0
5951,28.0,96.0,23.0
5952,23.0,57.0,31.0
5953,18.0,50.0,32.0
5954,17.0,45.0,8.0
5955,19.0,44.0,9.0
5956,22.0,40.0,11.0
5957,26.0,36.0,13.0
5958,26.0,45.0,22.0
5959,26.0,38.0,10.0
5960,23.0,37.0,10.0
5961,23.0,38.0,10.0
5962,27.0,58.0,12.0
5963,36.0,58.0,7.0
5964,32.0,62.0,5.0
5965,49.0,69.0,12.0
5966,56.0,72.0,13.0
5967,53.0,84.0,9.0
5968,47.0,71.0,13.0
5969,53.0,61.0,25.0
5970,57.0,58.0,28.0
5971,48.0,54.0,35.0
5972,35.0,69.0,29.0
5973,44.0,58.0,27.0
5974,49.0,60.0,42.0
5975,33.0,53.0,46.0
5976,23.0,88.0,51.0
5977,18.0,44.0,27.0
5978,18.0,41.0,25.0
5979,20.0,36.0,45.0
5980,30.0,34.0,29.0
5981,29.0,38.0,27.0
5982,33.0,29.0,43.0
5983,40.0,29.0,33.0
5984,43.0,33.0,31.0
5985,59.0,53.0,30.0
5986,59.0,67.0,46.0
5987,65.0,51.0,40.0
5988,52.0,44.0,18.0
5989,42.0,62.0,24.0
5990,40.0,56.0,60.0
5991,26.0,68.0,28.0
5992,33.0,51.0,25.0
5993,37.0,59.0,31.0
5994,38.0,37.0,25.0
5995,32.0,39.0,39.0
5996,55.0,37.0,42.0
5997,53.0,34.0,50.0
5998,33.0,82.0,44.0
5999,34.0,39.0,80.0
6000,32.0,44.0,62.0
6001,38.0,43.0,51.0
6002,45.0,39.0,54.0
6003,64.0,32.0,35.0
6004,64.0,29.0,58.0
6005,55.0,29.0,32.0
6006,49.0,28.0,34.0
6007,76.0,27.0,52.0
6008,86.0,26.0,40.0
6009,105.0,42.0,42.0
6010,93.0,45.0,35.0
6011,77.0,72.0,26.0
6012,68.0,98.0,18.0
6013,54.0,69.0,21.0
6014,56.0,53.0,26.0
6015,44.0,50.0,23.0
6016,41.0,52.0,25.0
6017,53.0,46.0,18.0
6018,56.0,51.0,28.0
6019,50.0,35.0,32.0
6020,49.0,38.0,38.0
6021,56.0,49.0,39.0
6022,60.0,43.0,33.0
6023,64.0,65.0,44.0
6024,61.0,62.0,26.0
6025,53.0,46.0,34.0
6026,46.0,42.0,36.0
6027,56.0,47.0,58.0
6028,72.0,50.0,53.0
6029,56.0,35.0,38.0
6030,48.0,31.0,34.0
6031,54.0,31.0,29.0
6032,58.0,35.0,37.0
6033,66.0,51.0,37.0
6034,68.0,45.0,41.0
6035,96.0,58.0,37.0
6036,126.0,57.0,32.0
6037,133.0,63.0,29.0
6038,65.0,53.0,36.0
6039,55.0,53.0,35.0
6040,49.0,57.0,35.0
6041,45.0,66.0,35.0
6042,55.0,61.0,37.0
6043,53.0,48.0,32.0
6044,47.0,44.0,37.0
6045,53.0,49.0,38.0
6046,59.0,47.0,48.0
6047,64.0,54.0,39.0
6048,66.0,50.0,40.0
6049,54.0,45.0,37.0
6050,49.0,43.0,49.0
6051,42.0,39.0,39.0
6052,41.0,37.0,40.0
6053,33.0,31.0,73.0
6054,36.0,30.0,58.0
6055,33.0,29.0,45.0
6056,53.0,29.0,63.0
6057,72.0,39.0,126.0
6058,80.0,44.0,127.0
6059,71.0,38.0,90.0
6060,78.0,36.0,107.0
6061,65.0,49.0,66.0
6062,65.0,46.0,41.0
6063,54.0,46.0,33.0
6064,56.0,35.0,
6065,49.0,32.0,34.0
6066,54.0,34.0,40.0
6067,46.0,42.0,30.0
6068,50.0,35.0,47.0
6069,66.0,51.0,44.0
6070,86.0,57.0,39.0
6071,76.0,54.0,51.0
6072,66.0,54.0,44.0
6073,42.0,55.0,51.0
6074,36.0,37.0,31.0
6075,34.0,33.0,32.0
6076,33.0,26.0,29.0
6077,32.0,28.0,59.0
6078,38.0,28.0,56.0
6079,39.0,31.0,75.0
6080,32.0,29.0,43.0
6081,44.0,38.0,43.0
6082,32.0,56.0,56.0
6083,35.0,,71.0
6084,41.0,68.0,101.0
6085,43.0,68.0,44.0
6086,41.0,60.0,37.0
6087,33.0,47.0,42.0
6088,33.0,44.0,37.0
6089,33.0,,31.0
6090,35.0,,24.0
6091,37.0,,29.0
6092,39.0,,29.0
6093,39.0,,32.0
6094,38.0,,48.0
6095,47.0,,43.0
6096,49.0,,53.0
6097,54.0,,51.0
6098,42.0,,29.0
6099,33.0,,53.0
6100,32.0,,38.0
6101,28.0,,79.0
6102,37.0,,88.0
6103,39.0,,113.0
6104,43.0,,91.0
6105,70.0,,89.0
6106,68.0,115.0,148.0
6107,62.0,58.0,63.0
6108,66.0,51.0,50.0
6109,55.0,44.0,52.0
6110,48.0,61.0,45.0
6111,41.0,63.0,48.0
6112,40.0,52.0,70.0
6113,42.0,49.0,62.0
6114,38.0,47.0,51.0
6115,43.0,54.0,46.0
6116,37.0,59.0,46.0
6117,37.0,49.0,59.0
6118,52.0,65.0,46.0
6119,,80.0,51.0
6120,,66.0,49.0
6121,189.0,52.0,65.0
6122,40.0,58.0,95.0
6123,38.0,56.0,136.0
6124,34.0,40.0,126.0
6125,35.0,46.0,81.0
6126,32.0,45.0,100.0
6127,45.0,49.0,78.0
6128,57.0,47.0,81.0
6129,55.0,57.0,101.0
6130,50.0,59.0,94.0
6131,56.0,58.0,103.0
6132,72.0,59.0,76.0
6133,57.0,60.0,66.0
6134,49.0,59.0,57.0
6135,51.0,76.0,46.0
6136,63.0,62.0,36.0
6137,51.0,60.0,41.0
6138,50.0,51.0,31.0
6139,46.0,50.0,36.0
6140,46.0,58.0,36.0
6141,45.0,63.0,49.0
6142,58.0,76.0,45.0
6143,31.0,90.0,48.0
6144,,74.0,61.0
6145,,49.0,63.0
6146,36.0,38.0,44.0
6147,,39.0,46.0
6148,34.0,38.0,51.0
6149,31.0,38.0,40.0
6150,,34.0,42.0
6151,,42.0,39.0
6152,,50.0,35.0
6153,,67.0,46.0
6154,48.0,71.0,50.0
6155,55.0,75.0,70.0
6156,54.0,81.0,64.0
6157,50.0,78.0,59.0
6158,48.0,102.0,71.0
6159,42.0,72.0,47.0
6160,50.0,66.0,37.0
6161,43.0,64.0,36.0
6162,62.0,64.0,32.0
6163,44.0,61.0,36.0
6164,54.0,58.0,29.0
6165,65.0,54.0,44.0
6166,49.0,59.0,42.0
6167,46.0,76.0,50.0
6168,38.0,96.0,89.0
6169,36.0,60.0,68.0
6170,28.0,52.0,45.0
6171,25.0,39.0,34.0
6172,25.0,43.0,42.0
6173,31.0,38.0,44.0
6174,29.0,34.0,43.0
6175,27.0,30.0,37.0
6176,34.0,36.0,44.0
6177,44.0,48.0,42.0
6178,43.0,78.0,50.0
6179,57.0,73.0,46.0
6180,56.0,82.0,46.0
6181,51.0,109.0,49.0
6182,54.0,102.0,42.0
6183,48.0,79.0,50.0
6184,55.0,64.0,41.0
6185,48.0,58.0,44.0
6186,44.0,56.0,46.0
6187,44.0,57.0,41.0
6188,53.0,60.0,42.0
6189,39.0,55.0,44.0
6190,33.0,64.0,51.0
6191,40.0,89.0,60.0
6192,42.0,102.0,46.0
6193,45.0,55.0,36.41
6194,34.0,40.0,19.38
6195,24.0,64.0,22.16
6196,38.0,43.0,17.06
6197,29.0,21.0,6.33
6198,27.0,18.0,7.19
6199,31.0,18.0,5.02
6200,34.0,21.0,6.67
6201,32.0,23.0,9.32
6202,43.0,24.0,10.94
6203,41.0,32.0,17.49
6204,44.0,34.0,19.06
6205,49.0,40.0,18.42
6206,44.0,39.0,17.73
6207,32.0,40.0,20.29
6208,30.0,40.0,24.48
6209,41.0,32.0,33.43
6210,31.0,40.0,25.8
6211,29.0,31.0,23.14
6212,35.0,39.0,27.66
6213,37.0,39.0,23.35
6214,46.0,38.0,22.18
6215,40.0,45.0,7.48
6216,39.0,37.0,8.85
6217,52.0,43.0,7.81
6218,35.0,36.0,9.82
6219,35.0,31.0,7.76
6220,28.0,28.0,9.5
6221,27.0,26.0,10.76
6222,22.0,25.0,6.17
6223,29.0,26.0,4.75
6224,28.0,34.0,11.1
6225,31.0,41.0,18.31
6226,36.0,54.0,15.24
6227,40.0,42.0,8.45
6228,68.0,41.0,7.5
6229,53.0,25.0,14.67
6230,45.0,26.0,16.84
6231,41.0,27.0,20.33
6232,40.0,28.0,24.4
6233,45.0,28.0,29.03
6234,34.0,43.0,24.01
6235,,28.0,20.97
6236,33.0,41.0,27.09
6237,33.0,24.0,37.33
6238,42.0,25.0,33.58
6239,48.0,28.0,16.74
6240,43.0,33.0,17.01
6241,35.0,39.0,17.55
6242,31.0,40.0,18.16
6243,26.0,39.0,18.35
6244,23.0,46.0,19.61
6245,22.0,43.0,19.2
6246,25.0,39.0,18.14
6247,26.0,42.0,19.96
6248,26.0,48.0,38.25
6249,32.0,56.0,36.53
6250,32.0,65.0,21.45
6251,29.0,66.0,21.14
6252,31.0,76.0,17.34
6253,34.0,55.0,16.2
6254,28.0,44.0,25.01
6255,25.0,43.0,24.12
6256,30.0,56.0,26.74
6257,35.0,48.0,28.22
6258,34.0,40.0,29.14
6259,31.0,37.0,33.13
6260,45.0,42.0,28.76
6261,37.0,44.0,28.99
6262,32.0,66.0,30.43
6263,33.0,58.0,43.42
6264,29.0,59.0,40.38
6265,27.0,48.0,20.9
6266,34.0,34.0,16.9
6267,26.0,45.0,12.54
6268,,37.0,13.82
6269,,32.0,12.74
6270,33.0,35.0,22.17
6271,33.0,39.0,24.3
6272,30.0,53.0,39.74
6273,48.0,69.0,49.96
6274,52.0,98.0,48.11
6275,41.0,99.0,48.21
6276,38.0,78.0,46.26
6277,38.0,50.0,47.22
6278,37.0,46.0,44.26
6279,40.0,,30.9
6280,52.0,67.0,35.88
6281,45.0,39.0,35.92
6282,39.0,41.0,32.97
6283,41.0,50.0,32.11
6284,32.0,49.0,38.84
6285,33.0,47.0,42.38
6286,35.0,43.0,44.01
6287,40.0,56.0,42.77
6288,41.0,51.0,44.11
6289,37.0,47.0,34.83
6290,26.0,38.0,28.96
6291,33.0,38.0,30.95
6292,37.0,36.0,33.66
6293,30.0,37.0,30.26
6294,34.0,33.0,20.47
6295,38.0,39.0,23.49
6296,35.0,50.0,45.75
6297,43.0,53.0,71.98
6298,54.0,70.0,62.0
6299,59.0,79.0,55.28
6300,59.0,105.0,48.62
6301,57.0,126.0,47.3
6302,65.0,87.0,46.15
6303,46.0,55.0,42.94
6304,41.0,49.0,41.98
6305,38.0,59.0,49.35
6306,41.0,53.0,41.5
6307,52.0,46.0,38.69
6308,37.0,44.0,37.94
6309,35.0,46.0,37.65
6310,37.0,55.0,48.28
6311,34.0,61.0,44.8
6312,33.0,58.0,45.02
6313,36.0,61.0,56.08
6314,36.0,35.0,23.55
6315,36.0,36.0,22.69
6316,33.0,40.0,30.39
6317,29.0,48.0,28.36
6318,34.0,39.0,29.1
6319,34.0,37.0,33.67
6320,35.0,42.0,44.52
6321,36.0,44.0,54.03
6322,36.0,55.0,45.35
6323,82.0,68.0,43.13
6324,46.0,71.0,44.53
6325,53.0,61.0,45.18
6326,52.0,61.0,37.42
6327,41.0,56.0,37.76
6328,65.0,47.0,34.01
6329,48.0,44.0,31.96
6330,38.0,53.0,29.98
6331,42.0,45.0,31.89
6332,38.0,55.0,33.95
6333,39.0,68.0,44.23
6334,54.0,65.0,33.33
6335,56.0,52.0,35.08
6336,51.0,62.0,33.17
6337,64.0,50.0,18.02
6338,43.0,41.0,17.35
6339,33.0,48.0,18.54
6340,32.0,46.0,19.11
6341,35.0,35.0,20.35
6342,39.0,34.0,20.79
6343,43.0,37.0,22.02
6344,40.0,47.0,22.61
6345,50.0,44.0,22.02
6346,46.0,60.0,26.74
6347,67.0,65.0,30.21
6348,63.0,65.0,30.09
6349,53.0,67.0,30.52
6350,46.0,59.0,31.63
6351,63.0,61.0,30.55
6352,63.0,55.0,30.04
6353,43.0,61.0,29.64
6354,35.0,61.0,30.23
6355,37.0,49.0,27.31
6356,37.0,49.0,36.92
6357,42.0,67.0,40.44
6358,49.0,85.0,41.18
6359,47.0,70.0,45.2
6360,44.0,80.0,21.88
6361,57.0,54.0,17.88
6362,51.0,45.0,15.14
6363,52.0,40.0,14.14
6364,40.0,45.0,15.37
6365,30.0,47.0,15.76
6366,37.0,39.0,14.28
6367,35.0,45.0,17.34
6368,42.0,49.0,16.82
6369,50.0,67.0,18.06
6370,64.0,74.0,22.45
6371,65.0,63.0,22.19
6372,81.0,77.0,24.25
6373,72.0,103.0,23.54
6374,60.0,73.0,26.02
6375,53.0,61.0,23.23
6376,58.0,48.0,24.31
6377,49.0,46.0,19.8
6378,47.0,52.0,18.19
6379,46.0,48.0,21.94
6380,51.0,44.0,25.65
6381,55.0,56.0,45.8
6382,54.0,54.0,41.47
6383,51.0,74.0,25.58
6384,77.0,73.0,18.44
6385,55.0,60.0,12.19
6386,38.0,48.0,10.15
6387,35.0,39.0,12.42
6388,40.0,34.0,10.28
6389,38.0,32.0,10.46
6390,41.0,38.0,13.73
6391,46.0,34.0,16.09
6392,50.0,37.0,19.5
6393,51.0,36.0,27.51
6394,75.0,45.0,24.98
6395,71.0,45.0,34.12
6396,77.0,61.0,24.84
6397,79.0,61.0,21.26
6398,73.0,56.0,25.67
6399,58.0,56.0,24.53
6400,51.0,51.0,27.81
6401,,53.0,24.22
6402,44.0,55.0,18.09
6403,49.0,36.0,17.26
6404,47.0,42.0,24.32
6405,50.0,54.0,34.94
6406,88.0,49.0,46.5
6407,67.0,60.0,32.51
6408,67.0,61.0,37.82
6409,56.0,42.0,33.86
6410,41.0,39.0,22.51
6411,36.0,47.0,16.58
6412,36.0,30.0,39.63
6413,33.0,28.0,23.18
6414,29.0,26.0,24.0
6415,30.0,26.0,25.59
6416,28.0,36.0,33.8
6417,35.0,45.0,34.64
6418,49.0,54.0,33.44
6419,42.0,60.0,38.52
6420,44.0,55.0,39.11
6421,50.0,61.0,26.8
6422,45.0,73.0,24.38
6423,39.0,61.0,27.45
6424,75.0,71.0,25.25
6425,49.0,60.0,23.56
6426,45.0,61.0,26.65
6427,35.0,49.0,30.09
6428,36.0,49.0,29.68
6429,62.0,43.0,32.81
6430,41.0,61.0,35.11
6431,40.0,75.0,38.38
6432,43.0,50.0,38.99
6433,,46.0,40.42
6434,29.0,44.0,62.8
6435,31.0,33.0,42.06
6436,50.0,43.0,33.6
6437,34.0,37.0,29.76
6438,29.0,33.0,32.29
6439,40.0,34.0,26.48
6440,52.0,38.0,65.64
6441,79.0,50.0,55.94
6442,68.0,55.0,71.15
6443,58.0,67.0,30.09
6444,69.0,60.0,47.13
6445,49.0,54.0,35.7
6446,51.0,89.0,25.64
6447,35.0,69.0,21.56
6448,31.0,60.0,20.95
6449,40.0,48.0,19.56
6450,37.0,43.0,24.93
6451,24.0,46.0,35.9
6452,25.0,53.0,45.46
6453,31.0,50.0,42.83
6454,25.0,57.0,41.44
6455,24.0,60.0,45.88
6456,29.0,56.0,23.06
6457,,53.0,61.18
6458,24.0,67.0,65.27
6459,24.0,41.0,71.41
6460,38.0,41.0,63.25
6461,48.0,39.0,43.17
6462,43.0,31.0,21.31
6463,62.0,33.0,22.36
6464,75.0,44.0,38.15
6465,76.0,51.0,41.49
6466,51.0,63.0,42.95
6467,44.0,74.0,42.52
6468,35.0,124.0,44.82
6469,50.0,75.0,40.43
6470,55.0,56.0,43.8
6471,42.0,46.0,47.25
6472,39.0,46.0,45.06
6473,48.0,56.0,39.91
6474,48.0,,40.09
6475,42.0,,34.35
6476,51.0,,35.77
6477,66.0,,37.61
6478,67.0,,44.58
6479,84.0,,29.45
6480,80.0,,28.88
6481,40.0,94.0,28.98
6482,30.0,69.0,27.76
6483,37.0,57.0,33.34
6484,55.0,64.0,56.55
6485,55.0,70.0,150.94
6486,50.0,54.0,143.17
6487,51.0,50.0,128.44
6488,48.0,58.0,118.36
6489,54.0,54.0,150.38
6490,60.0,106.0,186.26
6491,58.0,147.0,160.57
6492,60.0,134.0,127.45
6493,50.0,125.0,61.11
6494,46.0,92.0,41.73
6495,46.0,56.0,41.1
6496,40.0,43.0,52.59
6497,36.0,46.0,48.92
6498,37.0,45.0,46.22
6499,45.0,40.0,56.47
6500,45.0,46.0,59.32
6501,50.0,57.0,85.31
6502,49.0,65.0,77.29
6503,56.0,90.0,107.39
6504,64.0,77.0,72.46
6505,,44.0,109.38
6506,48.0,56.0,246.63
6507,38.0,58.0,144.86
6508,36.0,62.0,126.0
6509,35.0,50.0,81.44
6510,41.0,49.0,120.22
6511,60.0,46.0,245.14
6512,72.0,47.0,272.94
6513,74.0,66.0,240.05
6514,83.0,77.0,236.82
6515,95.0,58.0,141.62
6516,60.0,49.0,114.42
6517,50.0,64.0,89.42
6518,48.0,65.0,40.11
6519,54.0,43.0,43.74
6520,51.0,43.0,34.09
6521,49.0,52.0,31.92
6522,47.0,49.0,32.01
6523,44.0,50.0,37.44
6524,46.0,44.0,48.87
6525,43.0,50.0,49.96
6526,53.0,54.0,69.14
6527,58.0,62.0,53.14
6528,59.0,65.0,50.37
6529,62.0,53.0,112.77
6530,91.0,45.0,184.2
6531,103.0,46.0,149.58
6532,71.0,36.0,134.24
6533,57.0,31.0,136.02
6534,67.0,41.0,124.72
6535,71.0,45.0,124.22
6536,74.0,39.0,99.54
6537,83.0,44.0,122.5
6538,,53.0,120.82
6539,83.0,55.0,95.5
6540,101.0,74.0,91.82
6541,214.0,67.0,43.94
6542,220.0,46.0,34.41
6543,,48.0,35.94
6544,,49.0,38.47
6545,124.0,44.0,38.45
6546,57.0,46.0,44.48
6547,47.0,39.0,54.64
6548,45.0,45.0,57.99
6549,54.0,60.0,47.41
6550,65.0,58.0,63.0
6551,62.0,68.0,68.0
6552,60.0,72.0,55.0
6553,,,39.0
6554,56.0,39.0,98.0
6555,71.0,29.0,108.0
6556,66.0,33.0,96.0
6557,72.0,33.0,92.0
6558,70.0,29.0,67.0
6559,62.0,28.0,53.0
6560,70.0,34.0,124.0
6561,72.0,41.0,
6562,71.0,34.0,161.95
6563,66.0,42.0,186.38
6564,99.0,28.0,126.0
6565,107.0,29.0,103.34
6566,70.0,41.0,76.87
6567,59.0,43.0,56.23
6568,45.0,39.0,54.37
6569,53.0,39.0,48.78
6570,52.0,40.0,45.18
6571,46.0,36.0,42.58
6572,48.0,40.0,53.79
6573,56.0,45.0,59.48
6574,67.0,58.0,80.43
6575,69.0,80.0,67.65
6576,61.0,40.0,74.65
6577,52.0,42.0,
6578,38.0,306.0,90.25
6579,33.0,26.0,
6580,35.0,34.0,
6581,30.0,28.0,
6582,35.0,28.0,
6583,30.0,29.0,
6584,34.0,28.0,
6585,35.0,29.0,
6586,35.0,51.0,
6587,38.0,40.0,
6588,38.0,50.0,
6589,42.0,42.0,
6590,41.0,39.0,41.17
6591,50.0,37.0,36.03
6592,46.0,31.0,31.93
6593,49.0,35.0,31.32
6594,44.0,40.0,33.9
6595,50.0,41.0,31.44
6596,38.0,41.0,29.56
6597,43.0,47.0,36.16
6598,49.0,58.0,
6599,53.0,47.0,49.46
6600,67.0,39.0,48.47
6601,59.0,31.0,37.96
6602,38.0,37.0,35.71
6603,35.0,34.0,30.84
6604,36.0,38.0,36.43
6605,31.0,21.0,41.68
6606,24.0,25.0,38.54
6607,33.0,48.0,52.99
6608,38.0,36.0,58.65
6609,39.0,50.0,70.66
6610,37.0,50.0,64.42
6611,44.0,49.0,74.61
6612,53.0,56.0,97.33
6613,48.0,47.0,48.9
6614,45.0,45.0,41.84
6615,44.0,35.0,37.45
6616,42.0,41.0,38.13
6617,51.0,39.0,38.28
6618,47.0,43.0,41.98
6619,40.0,32.0,50.47
6620,44.0,38.0,58.62
6621,45.0,58.0,61.3
6622,55.0,67.0,71.99
6623,56.0,61.0,93.59
6624,75.0,54.0,118.1
6625,57.0,39.0,133.22
6626,42.0,40.0,99.1
6627,42.0,39.0,61.59
6628,34.0,33.0,51.71
6629,36.0,25.0,56.95
6630,30.0,27.0,47.75
6631,41.0,35.0,66.02
6632,43.0,27.0,80.07
6633,50.0,43.0,103.79
6634,52.0,52.0,124.22
6635,60.0,56.0,115.92
6636,52.0,57.0,77.81
6637,50.0,57.0,52.72
6638,46.0,53.0,39.47
6639,44.0,51.0,38.92
6640,43.0,50.0,37.56
6641,52.0,40.0,42.19
6642,44.0,41.0,43.84
6643,48.0,40.0,52.19
6644,43.0,43.0,56.21
6645,49.0,55.0,50.32
6646,44.0,78.0,57.62
6647,41.0,128.0,48.01
6648,33.0,53.0,32.38
6649,31.0,34.0,43.93
6650,30.0,40.0,42.14
6651,35.0,36.0,35.99
6652,50.0,28.0,32.38
6653,48.0,27.0,45.64
6654,43.0,37.0,36.05
6655,41.0,32.0,33.97
6656,37.0,34.0,48.14
6657,50.0,53.0,75.29
6658,89.0,71.0,65.57
6659,66.0,54.0,83.13
6660,46.0,51.0,83.68
6661,50.0,62.0,47.28
6662,51.0,51.0,52.39
6663,46.0,47.0,47.54
6664,37.0,56.0,47.26
6665,39.0,220.0,48.4
6666,40.0,51.0,41.41
6667,37.0,26.0,46.99
6668,39.0,25.0,60.29
6669,38.0,23.0,77.0
6670,46.0,23.0,70.68
6671,63.0,26.0,64.38
6672,81.0,25.0,71.73
6673,68.0,18.0,50.59
6674,64.0,20.0,25.7
6675,56.0,26.0,28.29
6676,46.0,27.0,22.87
6677,45.0,23.0,21.62
6678,39.0,19.0,25.47
6679,33.0,20.0,28.2
6680,41.0,23.0,24.4
6681,60.0,24.0,22.22
6682,51.0,28.0,23.17
6683,51.0,30.0,24.49
6684,53.0,36.0,20.94
6685,63.0,33.0,17.92
6686,69.0,39.0,19.24
6687,53.0,36.0,13.19
6688,55.0,41.0,18.0
6689,37.0,38.0,24.51
6690,44.0,54.0,20.77
6691,60.0,47.0,27.59
6692,55.0,48.0,21.52
6693,50.0,35.0,29.74
6694,38.0,27.0,46.6
6695,44.0,32.0,51.03
6696,39.0,30.0,51.91
6697,36.0,33.0,44.66
6698,39.0,40.0,45.4
6699,42.0,46.0,42.55
6700,25.0,36.0,41.05
6701,22.0,53.0,43.59
6702,,50.0,40.84
6703,,38.0,41.86
6704,37.0,42.0,41.79
6705,34.0,28.0,38.25
6706,35.0,29.0,36.12
6707,,33.0,23.77
6708,43.0,30.0,19.66
6709,43.0,43.0,14.78
6710,43.0,49.0,16.39
6711,40.0,53.0,16.94
6712,45.0,40.0,19.21
6713,46.0,30.0,28.85
6714,43.0,40.0,28.59
6715,40.0,34.0,31.73
6716,53.0,42.0,36.68
6717,56.0,42.0,55.81
6718,42.0,43.0,49.2
6719,39.0,40.0,42.22
6720,41.0,31.0,61.09
6721,26.0,29.0,75.51
6722,32.0,38.0,38.72
6723,32.0,36.0,35.05
6724,37.0,30.0,44.89
6725,36.0,30.0,51.46
6726,33.0,29.0,30.28
6727,32.0,28.0,38.57
6728,31.0,25.0,59.68
6729,47.0,24.0,104.65
6730,69.0,26.0,82.68
6731,54.0,32.0,46.26
6732,50.0,33.0,72.06
6733,66.0,33.0,51.46
6734,43.0,36.0,
6735,36.0,37.0,40.04
6736,36.0,43.0,30.83
6737,36.0,39.0,27.67
6738,44.0,36.0,25.8
6739,38.0,36.0,41.14
6740,51.0,39.0,54.84
6741,69.0,48.0,77.51
6742,74.0,53.0,66.08
6743,65.0,55.0,42.69
6744,40.0,50.0,45.52
6745,38.0,51.0,51.65
6746,42.0,44.0,38.13
6747,40.0,44.0,40.88
6748,39.0,41.0,104.76
6749,36.0,50.0,131.32
6750,44.0,44.0,108.88
6751,50.0,53.0,107.4
6752,51.0,43.0,137.55
6753,49.0,50.0,164.41
6754,61.0,58.0,123.67
6755,64.0,64.0,85.01
6756,56.0,67.0,92.96
6757,48.0,53.0,46.7
6758,50.0,55.0,43.86
6759,43.0,60.0,32.65
6760,37.0,55.0,33.94
6761,43.0,57.0,35.57
6762,42.0,66.0,43.71
6763,47.0,62.0,38.45
6764,51.0,60.0,51.98
6765,49.0,63.0,74.38
6766,54.0,69.0,59.79
6767,48.0,80.0,68.49
6768,56.0,83.0,65.21
6769,37.0,85.0,54.46
6770,35.0,,97.03
6771,42.0,,170.45
6772,43.0,,126.08
6773,36.0,,106.87
6774,35.0,,127.85
6775,38.0,,134.0
6776,58.0,,138.14
6777,73.0,90.0,180.84
6778,78.0,86.0,179.09
6779,58.0,78.0,141.16
6780,57.0,75.0,115.91
6781,55.0,59.0,65.84
6782,59.0,58.0,51.46
6783,57.0,62.0,46.85
6784,64.0,67.0,45.17
6785,52.0,55.0,46.7
6786,59.0,54.0,46.35
6787,65.0,41.0,48.4
6788,59.0,41.0,56.75
6789,49.0,42.0,74.09
6790,51.0,38.0,77.95
6791,54.0,33.0,120.69
6792,50.0,28.0,111.98
6793,87.0,23.0,77.54
6794,68.0,25.0,94.29
6795,46.0,32.0,69.77
6796,31.0,25.0,57.59
6797,38.0,21.0,50.44
6798,43.0,21.0,56.62
6799,46.0,26.0,114.3
6800,49.0,33.0,181.32
6801,59.0,30.0,207.8
6802,65.0,34.0,207.8
6803,66.0,35.0,129.45
6804,59.0,42.0,154.61
6805,66.0,53.0,132.63
6806,55.0,68.0,75.68
6807,50.0,86.0,65.41
6808,52.0,75.0,67.28
6809,53.0,53.0,64.43
6810,44.0,41.0,55.12
6811,44.0,43.0,52.06
6812,47.0,38.0,54.03
6813,42.0,43.0,55.19
6814,48.0,45.0,73.66
6815,63.0,47.0,69.18
6816,67.0,29.0,80.51
6817,70.0,34.0,176.43
6818,81.0,33.0,95.37
6819,93.0,37.0,68.47
6820,105.0,32.0,107.23
6821,104.0,26.0,101.71
6822,102.0,28.0,81.89
6823,158.0,31.0,99.69
6824,137.0,49.0,82.22
6825,20.0,81.0,96.29
6826,166.0,95.0,73.03
6827,118.0,84.0,135.41
6828,97.0,111.0,109.68
6829,80.0,110.0,60.3
6830,61.0,114.0,45.35
6831,59.0,144.0,45.16
6832,59.0,102.0,50.31
6833,61.0,64.0,50.02
6834,56.0,89.0,41.74
6835,45.0,57.0,42.06
6836,57.0,58.0,48.53
6837,81.0,71.0,65.04
6838,89.0,72.0,49.28
6839,109.0,68.0,46.69
6840,96.0,57.0,54.12
6841,78.0,77.0,61.21
6842,68.0,78.0,97.7
6843,83.0,64.0,67.57
6844,76.0,50.0,58.31
6845,78.0,42.0,71.04
6846,98.0,52.0,73.78
6847,144.0,66.0,54.55
6848,141.0,76.0,70.69
6849,174.0,76.0,79.65
6850,205.0,116.0,51.5
6851,198.0,168.0,76.06
6852,138.0,103.0,78.99
6853,79.0,90.0,120.77
6854,53.0,69.0,111.18
6855,36.0,73.0,89.11
6856,32.0,74.0,56.52
6857,32.0,57.0,66.18
6858,33.0,53.0,57.36
6859,40.0,49.0,49.3
6860,54.0,52.0,50.78
6861,68.0,58.0,72.28
6862,78.0,68.0,84.8
6863,99.0,51.0,100.92
6864,98.0,50.0,135.95
6865,106.0,52.0,129.19
6866,78.0,44.0,68.53
6867,58.0,29.0,51.76
6868,49.0,29.0,54.07
6869,46.0,29.0,66.39
6870,40.0,39.0,67.09
6871,50.0,38.0,56.43
6872,47.0,35.0,43.4
6873,79.0,46.0,57.37
6874,69.0,45.0,105.7
6875,74.0,46.0,76.64
6876,71.0,39.0,74.38
6877,81.0,36.0,56.3
6878,75.0,35.0,52.95
6879,58.0,33.0,52.45
6880,61.0,38.0,44.66
6881,60.0,34.0,45.09
6882,49.0,28.0,36.87
6883,45.0,34.0,42.15
6884,40.0,45.0,45.67
6885,46.0,39.0,70.49
6886,52.0,53.0,73.42
6887,74.0,61.0,129.01
6888,72.0,64.0,93.83
6889,47.0,63.0,77.44
6890,36.0,50.0,67.22
6891,28.0,47.0,60.0
6892,28.0,36.0,42.51
6893,25.0,39.0,64.19
6894,23.0,55.0,47.47
6895,26.0,49.0,43.84
6896,37.0,49.0,45.77
6897,39.0,55.0,57.17
6898,53.0,57.0,41.62
6899,45.0,54.0,61.13
6900,56.0,78.0,78.94
6901,53.0,75.0,63.94
6902,49.0,56.0,53.3
6903,52.0,56.0,44.42
6904,65.0,47.0,48.86
6905,70.0,52.0,46.48
6906,57.0,56.0,39.11
6907,54.0,71.0,36.19
6908,46.0,73.0,58.76
6909,50.0,83.0,65.3
6910,73.0,77.0,48.14
6911,80.0,78.0,38.95
6912,113.0,,48.49
6913,60.0,,57.03
6914,37.0,,89.36
6915,29.0,,54.22
6916,25.0,,53.68
6917,30.0,,55.57
6918,28.0,,55.71
6919,33.0,,38.81
6920,31.0,,47.56
6921,30.0,,44.06
6922,44.0,,34.73
6923,46.0,16.0,50.1
6924,41.0,,95.27
6925,41.0,76.0,59.05
6926,44.0,24.0,70.4
6927,59.0,26.0,57.53
6928,53.0,48.0,49.79
6929,53.0,53.0,61.09
6930,54.0,52.0,53.31
6931,46.0,57.0,59.61
6932,52.0,64.0,61.49
6933,56.0,71.0,80.5
6934,65.0,60.0,83.07
6935,67.0,57.0,136.12
6936,49.0,45.0,121.7
6937,38.0,56.0,83.77
6938,33.0,60.0,65.63
6939,28.0,62.0,70.87
6940,27.0,85.0,28.96
6941,33.0,128.0,23.33
6942,28.0,133.0,26.45
6943,32.0,156.0,27.42
6944,35.0,85.0,29.53
6945,43.0,110.0,41.86
6946,61.0,149.0,37.47
6947,56.0,155.0,37.33
6948,48.0,173.0,55.36
6949,50.0,93.0,45.5
6950,64.0,62.0,52.95
6951,69.0,56.0,51.19
6952,52.0,50.0,42.06
6953,47.0,46.0,44.32
6954,61.0,50.0,34.79
6955,78.0,50.0,43.22
6956,54.0,50.0,47.92
6957,49.0,63.0,51.44
6958,44.0,74.0,42.0
6959,30.0,63.0,35.58
6960,23.0,51.0,24.42
6961,19.0,55.0,16.48
6962,21.0,65.0,16.96
6963,24.0,77.0,15.9
6964,22.0,107.0,20.21
6965,23.0,73.0,18.14
6966,25.0,78.0,15.67
6967,27.0,56.0,20.64
6968,30.0,51.0,18.2
6969,32.0,73.0,25.22
6970,31.0,110.0,29.64
6971,28.0,89.0,31.84
6972,28.0,115.0,26.02
6973,31.0,124.0,29.53
6974,35.0,115.0,29.54
6975,36.0,122.0,28.31
6976,41.0,90.0,34.08
6977,37.0,82.0,23.58
6978,32.0,90.0,22.12
6979,37.0,90.0,22.95
6980,31.0,83.0,16.17
6981,29.0,96.0,15.69
6982,34.0,118.0,14.32
6983,32.0,111.0,10.43
6984,39.0,91.0,8.37
6985,51.0,123.0,10.11
6986,43.0,136.0,11.14
6987,38.0,137.0,13.74
6988,33.0,85.0,15.59
6989,34.0,92.0,18.27
6990,35.0,144.0,17.93
6991,38.0,145.0,23.45
6992,74.0,131.0,25.2
6993,70.0,199.0,24.8
6994,56.0,226.0,23.5
6995,51.0,220.0,30.62
6996,51.0,171.0,39.84
6997,52.0,166.0,35.68
6998,38.0,127.0,25.99
6999,43.0,95.0,20.9
7000,38.0,65.0,19.89
7001,41.0,52.0,28.17
7002,39.0,59.0,27.79
7003,38.0,63.0,21.67
7004,42.0,63.0,23.66
7005,46.0,73.0,20.88
7006,56.0,61.0,20.39
7007,53.0,62.0,17.55
7008,59.0,58.0,14.89
7009,52.0,124.0,11.77
7010,38.0,247.0,16.13
7011,46.0,221.0,17.08
7012,81.0,143.0,15.37
7013,73.0,171.0,15.76
7014,69.0,134.0,15.84
7015,83.0,135.0,18.71
7016,104.0,112.0,16.97
7017,138.0,121.0,15.82
7018,149.0,236.0,17.79
7019,141.0,259.0,22.14
7020,112.0,308.0,21.12
7021,96.0,202.0,25.78
7022,86.0,82.0,31.57
7023,102.0,106.0,25.66
7024,81.0,101.0,26.88
7025,76.0,87.0,25.5
7026,62.0,81.0,32.43
7027,62.0,83.0,30.09
7028,64.0,104.0,41.66
7029,66.0,101.0,69.57
7030,65.0,85.0,63.57
7031,62.0,94.0,92.64
7032,58.0,102.0,70.77
7033,60.0,188.0,35.52
7034,92.0,251.0,30.16
7035,76.0,209.0,29.32
7036,75.0,229.0,31.05
7037,75.0,204.0,27.39
7038,80.0,209.0,27.16
7039,69.0,215.0,26.59
7040,89.0,209.0,28.22
7041,122.0,198.0,25.19
7042,144.0,185.0,30.28
7043,158.0,214.0,38.29
7044,102.0,203.0,33.92
7045,63.0,169.0,33.64
7046,77.0,117.0,29.09
7047,61.0,89.0,26.66
7048,57.0,78.0,16.71
7049,63.0,68.0,21.03
7050,78.0,56.0,19.72
7051,69.0,54.0,23.69
7052,58.0,55.0,26.0
7053,60.0,64.0,26.01
7054,80.0,101.0,21.04
7055,75.0,101.0,21.9
7056,66.0,118.0,17.11
7057,104.0,66.0,12.4
7058,73.0,54.0,11.72
7059,62.0,51.0,9.43
7060,59.0,48.0,9.17
7061,62.0,47.0,9.27
7062,75.0,39.0,13.12
7063,79.0,46.0,10.26
7064,68.0,48.0,10.11
7065,67.0,50.0,12.47
7066,103.0,43.0,14.29
7067,136.0,51.0,22.16
7068,135.0,46.0,13.42
7069,176.0,54.0,15.86
7070,152.0,54.0,19.75
7071,87.0,58.0,24.0
7072,75.0,44.0,31.26
7073,77.0,54.0,42.67
7074,60.0,48.0,59.7
7075,46.0,39.0,76.26
7076,49.0,48.0,44.33
7077,58.0,55.0,47.03
7078,64.0,65.0,67.94
7079,58.0,92.0,64.61
7080,64.0,57.0,123.57
7081,51.0,40.0,135.42
7082,67.0,46.0,70.62
7083,48.0,42.0,58.13
7084,49.0,39.0,28.61
7085,36.0,43.0,23.42
7086,37.0,35.0,24.16
7087,34.0,32.0,24.77
7088,35.0,40.0,36.84
7089,43.0,49.0,49.95
7090,43.0,45.0,47.34
7091,52.0,47.0,39.1
7092,69.0,55.0,41.72
7093,83.0,55.0,31.85
7094,89.0,54.0,25.63
7095,81.0,56.0,26.48
7096,68.0,65.0,26.61
7097,52.0,68.0,29.33
7098,47.0,78.0,34.85
7099,51.0,72.0,48.3
7100,51.0,84.0,63.26
7101,76.0,83.0,59.66
7102,68.0,96.0,50.55
7103,58.0,100.0,53.86
7104,68.0,73.0,54.48
7105,51.0,79.0,48.59
7106,34.0,53.0,50.04
7107,30.0,41.0,40.03
7108,33.0,36.0,51.9
7109,35.0,37.0,44.03
7110,49.0,40.0,50.18
7111,51.0,33.0,52.35
7112,51.0,42.0,64.15
7113,60.0,48.0,68.03
7114,70.0,73.0,48.83
7115,81.0,64.0,51.39
7116,80.0,64.0,58.0
7117,80.0,65.0,64.0
7118,86.0,75.0,67.0
7119,78.0,69.0,50.0
7120,88.0,58.0,48.0
7121,94.0,61.0,45.0
7122,86.0,56.0,36.0
7123,70.0,56.0,34.0
7124,70.0,62.0,38.0
7125,72.0,68.0,42.0
7126,99.0,72.0,60.0
7127,78.0,74.0,68.0
7128,78.0,61.0,52.0
7129,104.0,50.0,60.0
7130,121.0,40.0,62.0
7131,114.0,45.0,130.0
7132,227.0,36.0,127.0
7133,112.0,42.0,74.0
7134,75.0,40.0,53.0
7135,54.0,46.0,44.0
7136,44.0,52.0,49.0
7137,49.0,55.0,32.0
7138,48.0,57.0,60.0
7139,45.0,60.0,75.0
7140,37.0,57.0,84.0
7141,34.0,53.0,98.0
7142,37.0,54.0,94.0
7143,36.0,52.0,58.0
7144,39.0,56.0,48.0
7145,48.0,52.0,45.0
7146,64.0,54.0,41.0
7147,60.0,54.0,30.0
7148,57.0,54.0,47.0
7149,57.0,62.0,43.0
7150,49.0,64.0,65.0
7151,38.0,45.0,57.0
7152,38.0,38.0,65.0
7153,35.0,32.0,107.0
7154,38.0,30.0,86.0
7155,72.0,27.0,65.0
7156,102.0,31.0,61.0
7157,62.0,25.0,60.0
7158,48.0,26.0,63.0
7159,55.0,28.0,52.0
7160,63.0,29.0,123.0
7161,62.0,36.0,141.0
7162,71.0,48.0,97.0
7163,65.0,49.0,101.0
7164,76.0,40.0,112.0
7165,56.0,48.0,136.0
7166,56.0,61.0,85.0
7167,50.0,65.0,95.0
7168,50.0,65.0,64.0
7169,47.0,63.0,67.0
7170,46.0,82.0,67.0
7171,46.0,67.0,58.0
7172,47.0,57.0,54.0
7173,59.0,46.0,62.0
7174,59.0,52.0,74.0
7175,52.0,54.0,98.0
7176,43.0,54.0,102.0
7177,38.0,38.0,194.0
7178,33.0,34.0,133.0
7179,37.0,29.0,84.0
7180,44.0,29.0,48.0
7181,40.0,28.0,38.0
7182,45.0,28.0,38.0
7183,48.0,29.0,48.0
7184,46.0,32.0,52.0
7185,54.0,34.0,51.0
7186,68.0,32.0,49.0
7187,80.0,34.0,60.0
7188,83.0,46.0,59.0
7189,60.0,46.0,82.0
7190,52.0,48.0,79.0
7191,51.0,46.0,39.0
7192,59.0,45.0,50.0
7193,52.0,40.0,45.0
7194,53.0,47.0,36.0
7195,52.0,49.0,36.0
7196,47.0,103.0,28.0
7197,49.0,111.0,46.0
7198,60.0,76.0,57.0
7199,81.0,69.0,48.0
7200,112.0,51.0,47.0
7201,117.0,37.0,52.0
7202,92.0,36.0,70.0
7203,88.0,39.0,42.0
7204,80.0,40.0,32.0
7205,66.0,29.0,35.0
7206,59.0,37.0,33.0
7207,60.0,34.0,22.0
7208,78.0,32.0,40.0
7209,91.0,35.0,45.0
7210,106.0,48.0,39.0
7211,135.0,42.0,23.0
7212,112.0,40.0,37.0
7213,112.0,54.0,37.0
7214,97.0,42.0,32.0
7215,61.0,47.0,31.0
7216,52.0,39.0,29.0
7217,50.0,41.0,41.0
7218,53.0,41.0,37.0
7219,58.0,38.0,32.0
7220,63.0,47.0,34.0
7221,67.0,49.0,48.0
7222,67.0,59.0,63.0
7223,84.0,63.0,58.0
7224,59.0,50.0,45.0
7225,50.0,41.0,46.0
7226,44.0,40.0,57.0
7227,45.0,31.0,36.0
7228,42.0,32.0,35.0
7229,56.0,37.0,16.0
7230,41.0,32.0,22.0
7231,41.0,24.0,18.0
7232,54.0,33.0,21.0
7233,79.0,38.0,33.0
7234,96.0,38.0,54.0
7235,135.0,36.0,61.0
7236,136.0,39.0,87.0
7237,119.0,39.0,104.0
7238,91.0,30.0,67.0
7239,76.0,38.0,46.0
7240,82.0,43.0,40.0
7241,87.0,31.0,36.0
7242,80.0,38.0,26.0
7243,70.0,38.0,34.0
7244,62.0,57.0,37.0
7245,62.0,56.0,42.0
7246,70.0,66.0,60.0
7247,74.0,59.0,65.0
7248,59.0,57.0,59.0
7249,46.0,44.0,47.0
7250,46.0,193.0,29.0
7251,,68.0,29.0
7252,,37.0,37.0
7253,55.0,22.0,33.0
7254,65.0,19.0,17.0
7255,59.0,16.0,20.0
7256,60.0,17.0,25.0
7257,81.0,19.0,23.0
7258,87.0,20.0,33.0
7259,90.0,20.0,42.0
7260,61.0,23.0,43.0
7261,51.0,32.0,60.0
7262,46.0,39.0,54.0
7263,42.0,35.0,47.0
7264,38.0,32.0,43.0
7265,44.0,38.0,41.0
7266,46.0,38.0,35.0
7267,40.0,37.0,40.0
7268,40.0,32.0,51.0
7269,45.0,33.0,55.0
7270,59.0,34.0,57.0
7271,57.0,28.0,59.0
7272,54.0,28.0,43.0
7273,69.0,29.0,63.0
7274,63.0,26.0,57.0
7275,49.0,26.0,27.0
7276,43.0,29.0,25.0
7277,36.0,26.0,20.0
7278,32.0,23.0,25.0
7279,31.0,23.0,21.0
7280,36.0,24.0,36.0
7281,32.0,27.0,40.0
7282,34.0,35.0,59.0
7283,42.0,27.0,66.0
7284,41.0,28.0,73.0
7285,46.0,27.0,76.0
7286,55.0,32.0,84.0
7287,48.0,34.0,88.0
7288,44.0,35.0,91.0
7289,,44.0,85.0
7290,,,88.0
7291,57.0,47.0,109.0
7292,36.0,50.0,91.0
7293,30.0,50.0,88.0
7294,30.0,41.0,87.0
7295,26.0,50.0,129.0
7296,23.0,40.0,182.0
7297,,,165.0
7298,19.0,45.0,112.0
7299,17.0,45.0,49.0
7300,16.0,36.0,44.0
7301,19.0,38.0,51.0
7302,19.0,47.0,45.0
7303,21.0,52.0,41.0
7304,21.0,49.0,37.0
7305,21.0,59.0,57.0
7306,20.0,56.0,77.0
7307,18.0,42.0,63.0
7308,35.0,32.0,68.0
7309,26.0,37.0,98.0
7310,22.0,50.0,69.0
7311,22.0,46.0,73.0
7312,25.0,47.0,75.0
7313,26.0,46.0,59.0
7314,26.0,40.0,32.0
7315,29.0,46.0,55.0
7316,36.0,37.0,55.0
7317,31.0,47.0,58.0
7318,27.0,51.0,
7319,26.0,46.0,78.0
7320,27.0,58.0,96.0
7321,26.0,61.0,64.0
7322,23.0,50.0,64.0
7323,20.0,85.0,48.0
7324,20.0,88.0,50.0
7325,23.0,97.0,32.0
7326,33.0,107.0,36.0
7327,26.0,67.0,43.0
7328,44.0,79.0,52.0
7329,40.0,83.0,49.0
7330,51.0,91.0,65.0
7331,70.0,83.0,51.0
7332,54.0,74.0,49.0
7333,53.0,63.0,54.0
7334,53.0,52.0,48.0
7335,56.0,49.0,40.0
7336,48.0,48.0,40.0
7337,42.0,47.0,43.0
7338,46.0,51.0,51.0
7339,45.0,51.0,48.0
7340,45.0,55.0,41.0
7341,43.0,52.0,65.0
7342,51.0,52.0,79.0
7343,47.0,63.0,50.0
7344,39.0,59.0,44.0
7345,27.0,50.0,36.0
7346,23.0,51.0,27.0
7347,22.0,59.0,28.0
7348,22.0,87.0,26.0
7349,22.0,90.0,21.0
7350,21.0,68.0,29.0
7351,32.0,85.0,23.0
7352,27.0,81.0,26.0
7353,29.0,127.0,24.0
7354,28.0,140.0,36.0
7355,36.0,103.0,37.0
7356,47.0,77.0,37.0
7357,67.0,128.0,33.0
7358,52.0,78.0,37.0
7359,46.0,42.0,33.0
7360,44.0,42.0,34.0
7361,46.0,43.0,29.0
7362,53.0,45.0,36.0
7363,52.0,49.0,34.0
7364,65.0,46.0,36.0
7365,80.0,49.0,59.0
7366,79.0,63.0,45.0
7367,85.0,69.0,47.0
7368,59.0,75.0,40.0
7369,51.0,84.0,35.0
7370,41.0,57.0,29.0
7371,33.0,51.0,23.0
7372,33.0,58.0,29.0
7373,35.0,63.0,27.0
7374,30.0,45.0,26.0
7375,33.0,45.0,26.0
7376,37.0,46.0,26.0
7377,52.0,67.0,27.0
7378,70.0,63.0,30.0
7379,77.0,53.0,29.0
7380,88.0,64.0,27.0
7381,32.0,67.0,39.0
7382,,81.0,44.0
7383,,62.0,55.0
7384,89.0,58.0,55.0
7385,86.0,59.0,51.0
7386,83.0,61.0,39.0
7387,64.0,47.0,33.0
7388,70.0,51.0,40.0
7389,130.0,68.0,61.0
7390,144.0,111.0,54.0
7391,185.0,151.0,59.0
7392,169.0,180.0,43.0
7393,125.0,144.0,37.0
7394,90.0,94.0,38.0
7395,73.0,81.0,34.0
7396,60.0,62.0,33.0
7397,66.0,52.0,27.0
7398,40.0,51.0,32.0
7399,36.0,48.0,34.0
7400,35.0,57.0,44.0
7401,32.0,53.0,49.0
7402,47.0,55.0,62.0
7403,59.0,44.0,77.0
7404,53.0,47.0,70.0
7405,41.0,56.0,149.0
7406,40.0,54.0,91.0
7407,42.0,46.0,88.0
7408,43.0,44.0,97.0
7409,52.0,43.0,73.0
7410,62.0,46.0,77.0
7411,63.0,46.0,55.0
7412,60.0,45.0,54.0
7413,65.0,62.0,79.0
7414,50.0,72.0,91.0
7415,55.0,65.0,51.0
7416,47.0,59.0,55.0
7417,63.0,52.0,56.0
7418,84.0,41.0,50.0
7419,105.0,48.0,53.0
7420,89.0,46.0,45.0
7421,86.0,39.0,47.0
7422,89.0,37.0,103.0
7423,105.0,53.0,
7424,101.0,50.0,124.0
7425,108.0,70.0,106.0
7426,125.0,86.0,100.0
7427,131.0,63.0,
7428,113.0,68.0,95.0
7429,77.0,96.0,84.0
7430,58.0,84.0,83.0
7431,50.0,81.0,81.0
7432,52.0,70.0,80.0
7433,55.0,74.0,89.0
7434,73.0,64.0,92.0
7435,82.0,63.0,113.0
7436,91.0,56.0,106.0
7437,107.0,67.0,108.0
7438,103.0,96.0,110.0
7439,142.0,118.0,96.0
7440,153.0,129.0,73.0
7441,180.0,84.0,62.0
7442,133.0,82.0,59.0
7443,82.0,69.0,72.0
7444,65.0,55.0,89.0
7445,55.0,47.0,85.0
7446,52.0,38.0,78.0
7447,50.0,84.0,84.0
7448,59.0,70.0,85.0
7449,65.0,71.0,80.0
7450,95.0,81.0,105.0
7451,84.0,120.0,113.0
7452,83.0,157.0,121.0
7453,76.0,159.0,84.0
7454,78.0,181.0,72.0
7455,65.0,126.0,66.0
7456,50.0,130.0,
7457,55.0,120.0,55.0
7458,50.0,105.0,58.0
7459,41.0,91.0,65.0
7460,46.0,89.0,58.0
7461,46.0,124.0,68.0
7462,49.0,121.0,91.0
7463,42.0,171.0,107.0
7464,38.0,194.0,112.0
7465,29.0,135.0,120.0
7466,25.0,132.0,106.0
7467,22.0,71.0,44.0
7468,23.0,41.0,77.0
7469,25.0,50.0,119.0
7470,26.0,65.0,95.0
7471,25.0,47.0,67.0
7472,27.0,54.0,48.0
7473,28.0,53.0,42.0
7474,27.0,81.0,58.0
7475,30.0,69.0,84.0
7476,35.0,76.0,71.0
7477,39.0,120.0,91.0
7478,42.0,118.0,78.0
7479,41.0,105.0,66.0
7480,35.0,130.0,58.0
7481,39.0,125.0,54.0
7482,38.0,108.0,58.0
7483,50.0,94.0,47.0
7484,50.0,80.0,54.0
7485,63.0,79.0,71.0
7486,72.0,86.0,69.0
7487,54.0,95.0,54.0
7488,35.0,114.0,34.0
7489,29.0,88.0,22.0
7490,26.0,45.0,27.0
7491,33.0,45.0,10.0
7492,37.0,36.0,8.0
7493,33.0,31.0,9.0
7494,29.0,38.0,13.0
7495,28.0,40.0,12.0
7496,26.0,37.0,16.0
7497,29.0,50.0,40.0
7498,35.0,64.0,42.0
7499,39.0,74.0,44.0
7500,39.0,76.0,52.0
7501,47.0,73.0,50.0
7502,46.0,66.0,47.0
7503,48.0,57.0,58.0
7504,41.0,65.0,47.0
7505,45.0,55.0,57.0
7506,51.0,70.0,42.0
7507,49.0,64.0,43.0
7508,54.0,56.0,41.0
7509,59.0,49.0,38.0
7510,65.0,63.0,47.0
7511,51.0,55.0,49.0
7512,56.0,48.0,39.0
7513,40.0,80.0,28.0
7514,29.0,40.0,26.0
7515,28.0,32.0,16.0
7516,28.0,30.0,31.0
7517,33.0,25.0,25.0
7518,32.0,21.0,12.0
7519,32.0,19.0,15.0
7520,38.0,20.0,14.0
7521,43.0,22.0,17.0
7522,73.0,21.0,26.0
7523,77.0,19.0,24.0
7524,56.0,19.0,28.0
7525,52.0,22.0,31.0
7526,70.0,24.0,32.0
7527,77.0,24.0,44.0
7528,66.0,22.0,49.0
7529,72.0,20.0,34.0
7530,90.0,23.0,31.0
7531,100.0,27.0,40.0
7532,91.0,26.0,49.0
7533,72.0,26.0,63.0
7534,81.0,32.0,50.0
7535,86.0,25.0,54.0
7536,131.0,23.0,60.0
7537,129.0,20.0,54.0
7538,88.0,20.0,66.0
7539,80.0,21.0,62.0
7540,63.0,21.0,50.0
7541,47.0,20.0,65.0
7542,43.0,20.0,45.0
7543,49.0,21.0,42.0
7544,48.0,21.0,29.0
7545,48.0,19.0,22.0
7546,69.0,20.0,27.0
7547,70.0,22.0,40.0
7548,82.0,20.0,43.0
7549,94.0,20.0,49.0
7550,105.0,21.0,54.0
7551,104.0,22.0,42.0
7552,84.0,23.0,52.0
7553,154.0,25.0,48.0
7554,92.0,29.0,49.0
7555,80.0,28.0,45.0
7556,82.0,28.0,31.0
7557,78.0,26.0,40.0
7558,105.0,24.0,50.0
7559,75.0,25.0,67.0
7560,83.0,24.0,64.0
7561,80.0,25.0,56.0
7562,57.0,21.0,36.0
7563,45.0,16.0,92.0
7564,55.0,15.0,76.0
7565,39.0,19.0,55.0
7566,33.0,23.0,52.0
7567,37.0,21.0,41.0
7568,34.0,18.0,46.0
7569,37.0,17.0,75.0
7570,42.0,18.0,113.0
7571,46.0,19.0,117.0
7572,73.0,,67.0
7573,62.0,,
7574,47.0,,45.0
7575,38.0,,36.0
7576,33.0,,41.0
7577,33.0,,36.0
7578,30.0,,35.0
7579,31.0,,48.0
7580,43.0,,43.0
7581,48.0,,54.0
7582,48.0,,87.0
7583,43.0,36.0,51.0
7584,44.0,38.0,69.0
7585,37.0,34.0,126.0
7586,34.0,18.0,145.0
7587,30.0,16.0,104.0
7588,33.0,15.0,27.0
7589,29.0,15.0,30.0
7590,31.0,14.0,37.0
7591,26.0,14.0,30.0
7592,31.0,16.0,17.0
7593,41.0,17.0,17.0
7594,43.0,21.0,25.0
7595,39.0,21.0,26.0
7596,36.0,21.0,36.0
7597,32.0,,35.0
7598,26.0,22.0,29.0
7599,27.0,24.0,22.0
7600,31.0,24.0,30.0
7601,36.0,24.0,29.0
7602,35.0,25.0,26.0
7603,39.0,26.0,30.0
7604,45.0,27.0,31.0
7605,54.0,27.0,37.0
7606,46.0,33.0,40.0
7607,49.0,26.0,39.0
7608,42.0,31.0,39.0
7609,42.0,23.0,46.0
7610,38.0,22.0,18.0
7611,36.0,20.0,15.0
7612,38.0,16.0,13.0
7613,46.0,15.0,17.0
7614,50.0,16.0,15.0
7615,44.0,18.0,13.0
7616,52.0,22.0,36.0
7617,85.0,20.0,52.0
7618,99.0,20.0,52.0
7619,130.0,21.0,80.0
7620,128.0,24.0,84.0
7621,110.0,27.0,68.0
7622,111.0,32.0,63.0
7623,120.0,34.0,59.0
7624,109.0,32.0,49.0
7625,113.0,35.0,32.0
7626,128.0,43.0,33.0
7627,93.0,44.0,39.0
7628,77.0,68.0,40.0
7629,62.0,66.0,32.0
7630,58.0,58.0,43.0
7631,52.0,51.0,50.0
7632,47.0,47.0,46.0
7633,47.0,35.0,61.0
7634,53.0,31.0,50.0
7635,44.0,39.0,23.0
7636,49.0,40.0,35.0
7637,44.0,64.0,29.0
7638,47.0,42.0,23.0
7639,57.0,32.0,18.0
7640,45.0,28.0,27.0
7641,57.0,38.0,28.0
7642,79.0,39.0,36.0
7643,95.0,53.0,43.0
7644,107.0,51.0,42.0
7645,97.0,46.0,33.0
7646,85.0,41.0,47.0
7647,65.0,50.0,51.0
7648,69.0,63.0,54.0
7649,69.0,68.0,53.0
7650,71.0,89.0,68.0
7651,63.0,92.0,55.0
7652,60.0,72.0,48.0
7653,52.0,68.0,46.0
7654,49.0,74.0,47.0
7655,54.0,75.0,46.0
7656,44.0,83.0,39.0
7657,46.0,71.0,32.0
7658,42.0,60.0,27.0
7659,33.0,59.0,27.0
7660,33.0,64.0,36.0
7661,34.0,83.0,29.0
7662,37.0,65.0,29.0
7663,38.0,59.0,30.0
7664,32.0,73.0,34.0
7665,36.0,78.0,44.0
7666,45.0,103.0,68.0
7667,57.0,101.0,75.0
7668,52.0,135.0,63.0
7669,47.0,125.0,84.0
7670,46.0,124.0,72.0
7671,46.0,117.0,63.0
7672,49.0,103.0,61.0
7673,50.0,86.0,54.0
7674,56.0,76.0,47.0
7675,55.0,65.0,47.0
7676,49.0,63.0,42.0
7677,46.0,81.0,44.0
7678,48.0,93.0,58.0
7679,41.0,84.0,61.0
7680,44.0,95.0,50.0
7681,40.0,72.0,29.0
7682,42.0,108.0,27.0
7683,44.0,137.0,17.0
7684,43.0,181.0,14.0
7685,32.0,176.0,16.0
7686,35.0,163.0,18.0
7687,30.0,116.0,25.0
7688,31.0,107.0,13.0
7689,34.0,127.0,26.0
7690,29.0,169.0,28.0
7691,32.0,179.0,32.0
7692,36.0,202.0,32.0
7693,48.0,195.0,64.0
7694,54.0,171.0,58.0
7695,52.0,137.0,57.0
7696,48.0,76.0,50.0
7697,45.0,53.0,52.0
7698,55.0,55.0,32.0
7699,56.0,126.0,32.0
7700,60.0,129.0,53.0
7701,68.0,115.0,40.0
7702,68.0,111.0,56.0
7703,62.0,134.0,74.0
7704,43.0,147.0,75.0
7705,39.0,140.0,66.0
7706,89.0,150.0,40.0
7707,62.0,226.0,40.0
7708,32.0,210.0,31.0
7709,26.0,191.0,32.0
7710,25.0,189.0,33.0
7711,23.0,102.0,40.0
7712,22.0,96.0,39.0
7713,21.0,91.0,40.0
7714,22.0,104.0,49.0
7715,24.0,107.0,48.0
7716,29.0,55.0,55.0
7717,29.0,50.0,48.0
7718,28.0,54.0,47.0
7719,31.0,55.0,48.0
7720,34.0,63.0,58.0
7721,29.0,73.0,40.0
7722,26.0,59.0,30.0
7723,23.0,61.0,40.0
7724,25.0,67.0,57.0
7725,27.0,66.0,53.0
7726,24.0,63.0,79.0
7727,22.0,54.0,77.0
7728,22.0,47.0,88.0
7729,21.0,43.0,48.0
7730,18.0,48.0,35.0
7731,15.0,40.0,26.0
7732,14.0,40.0,28.0
7733,16.0,48.0,15.0
7734,18.0,45.0,21.0
7735,19.0,50.0,28.0
7736,18.0,51.0,33.0
7737,20.0,58.0,36.0
7738,18.0,57.0,43.0
7739,16.0,65.0,45.0
7740,18.0,66.0,
7741,20.0,55.0,
7742,18.0,59.0,46.0
7743,20.0,67.0,53.0
7744,24.0,85.0,40.0
7745,24.0,82.0,36.0
7746,32.0,63.0,40.0
7747,22.0,52.0,43.0
7748,23.0,55.0,48.0
7749,26.0,63.0,57.0
7750,32.0,61.0,54.0
7751,30.0,95.0,62.0
7752,27.0,87.0,56.0
7753,25.0,79.0,36.0
7754,26.0,113.0,46.0
7755,23.0,90.0,39.0
7756,20.0,72.0,115.0
7757,22.0,75.0,80.0
7758,20.0,68.0,82.0
7759,19.0,84.0,41.0
7760,17.0,91.0,53.0
7761,17.0,96.0,83.0
7762,17.0,89.0,116.0
7763,18.0,96.0,170.0
7764,18.0,111.0,127.0
7765,18.0,98.0,82.0
7766,17.0,77.0,61.0
7767,17.0,,56.0
7768,20.0,,59.0
7769,22.0,113.0,53.0
7770,24.0,47.0,54.0
7771,26.0,39.0,53.0
7772,25.0,55.0,59.0
7773,25.0,54.0,79.0
7774,24.0,48.0,58.0
7775,22.0,56.0,53.0
7776,21.0,54.0,70.0
7777,18.0,49.0,134.0
7778,16.0,45.0,147.0
7779,18.0,33.0,175.0
7780,18.0,31.0,134.0
7781,16.0,38.0,73.0
7782,13.0,38.0,72.0
7783,14.0,32.0,100.0
7784,16.0,33.0,161.0
7785,18.0,40.0,69.0
7786,19.0,52.0,73.0
7787,18.0,44.0,66.0
7788,19.0,65.0,54.0
7789,21.0,100.0,59.0
7790,24.0,83.0,41.0
7791,26.0,57.0,32.0
7792,30.0,59.0,23.0
7793,29.0,67.0,27.0
7794,29.0,61.0,35.0
7795,36.0,64.0,41.0
7796,26.0,49.0,51.0
7797,26.0,49.0,51.0
7798,26.0,46.0,46.0
7799,,43.0,39.0
7800,27.0,,33.0
7801,24.0,,27.0
7802,21.0,,32.0
7803,19.0,,28.0
7804,19.0,,26.0
7805,19.0,,28.0
7806,18.0,,44.0
7807,17.0,,71.0
7808,17.0,,40.0
7809,18.0,,66.0
7810,19.0,,91.0
7811,22.0,,67.0
7812,30.0,,52.0
7813,30.0,90.0,36.0
7814,33.0,28.0,32.0
7815,32.0,27.0,43.0
7816,33.0,33.0,47.0
7817,40.0,40.0,46.0
7818,56.0,56.0,43.0
7819,66.0,42.0,45.0
7820,85.0,38.0,48.0
7821,68.0,36.0,52.0
7822,53.0,29.0,68.0
7823,44.0,44.0,63.0
7824,36.0,38.0,54.0
7825,25.0,32.0,40.0
7826,23.0,33.0,48.0
7827,20.0,28.0,83.0
7828,19.0,26.0,97.0
7829,19.0,25.0,77.0
7830,17.0,22.0,111.0
7831,16.0,21.0,177.0
7832,17.0,23.0,123.0
7833,20.0,32.0,101.0
7834,22.0,45.0,139.0
7835,30.0,47.0,99.0
7836,29.0,49.0,103.0
7837,36.0,63.0,88.0
7838,35.0,65.0,55.0
7839,35.0,79.0,54.0
7840,47.0,81.0,54.0
7841,74.0,71.0,55.0
7842,75.0,65.0,68.0
7843,81.0,53.0,65.0
7844,85.0,59.0,61.0
7845,87.0,64.0,54.0
7846,85.0,64.0,60.0
7847,79.0,76.0,72.0
7848,74.0,73.0,85.0
7849,70.0,88.0,90.0
7850,76.0,92.0,132.0
7851,56.0,74.0,109.0
7852,64.0,67.0,45.0
7853,56.0,67.0,54.0
7854,59.0,56.0,54.0
7855,66.0,83.0,40.0
7856,62.0,69.0,34.0
7857,67.0,82.0,65.0
7858,66.0,106.0,43.0
7859,59.0,88.0,49.0
7860,64.0,90.0,53.0
7861,81.0,78.0,
7862,106.0,67.0,72.0
7863,131.0,51.0,77.0
7864,162.0,57.0,92.0
7865,146.0,62.0,78.0
7866,127.0,59.0,54.0
7867,141.0,50.0,45.0
7868,108.0,46.0,56.0
7869,79.0,43.0,48.0
7870,68.0,47.0,63.0
7871,44.0,46.0,75.0
7872,31.0,44.0,110.0
7873,31.0,36.0,135.0
7874,30.0,29.0,66.0
7875,29.0,28.0,57.0
7876,37.0,37.0,43.0
7877,36.0,38.0,24.0
7878,33.0,43.0,26.0
7879,41.0,36.0,52.0
7880,50.0,43.0,38.0
7881,57.0,41.0,24.0
7882,70.0,33.0,34.0
7883,85.0,32.0,49.0
7884,80.0,34.0,
7885,76.0,37.0,
7886,67.0,38.0,
7887,61.0,42.0,90.0
7888,48.0,52.0,87.0
7889,43.0,57.0,77.0
7890,41.0,56.0,67.0
7891,39.0,57.0,48.0
7892,39.0,67.0,51.0
7893,33.0,88.0,80.0
7894,21.0,106.0,106.0
7895,28.0,143.0,101.0
7896,22.0,180.0,104.0
7897,22.0,168.0,121.0
7898,24.0,153.0,127.0
7899,23.0,160.0,113.0
7900,21.0,146.0,91.0
7901,22.0,144.0,77.0
7902,24.0,123.0,80.0
7903,32.0,84.0,69.0
7904,62.0,70.0,71.0
7905,72.0,60.0,71.0
7906,86.0,41.0,116.0
7907,96.0,34.0,171.0
7908,81.0,33.0,
7909,69.0,33.0,187.0
7910,65.0,25.0,174.0
7911,71.0,26.0,113.0
7912,78.0,28.0,98.0
7913,70.0,36.0,122.0
7914,82.0,34.0,102.0
7915,76.0,32.0,69.0
7916,86.0,27.0,62.0
7917,91.0,28.0,105.0
7918,137.0,27.0,177.0
7919,150.0,26.0,128.0
7920,217.0,25.0,107.0
7921,223.0,21.0,135.0
7922,204.0,16.0,188.0
7923,174.0,18.0,135.0
7924,143.0,20.0,85.0
7925,150.0,22.0,104.0
7926,112.0,23.0,108.0
7927,127.0,25.0,46.0
7928,113.0,29.0,41.0
7929,122.0,27.0,47.0
7930,135.0,39.0,43.0
7931,118.0,28.0,42.0
7932,130.0,27.0,48.0
7933,106.0,28.0,58.0
7934,109.0,33.0,54.0
7935,66.0,29.0,92.0
7936,38.0,35.0,68.0
7937,37.0,40.0,75.0
7938,55.0,48.0,73.0
7939,71.0,48.0,79.0
7940,115.0,53.0,65.0
7941,146.0,74.0,72.0
7942,164.0,86.0,61.0
7943,178.0,100.0,56.0
7944,175.0,99.0,60.0
7945,167.0,81.0,65.0
7946,160.0,52.0,69.0
7947,186.0,29.0,142.0
7948,197.0,33.0,116.0
7949,247.0,51.0,105.0
7950,203.0,60.0,114.0
7951,161.0,58.0,104.0
7952,168.0,34.0,97.0
7953,193.0,40.0,130.0
7954,231.0,39.0,149.0
7955,268.0,30.0,128.0
7956,199.0,32.0,160.0
7957,108.0,47.0,146.0
7958,91.0,27.0,141.0
7959,86.0,25.0,157.0
7960,75.0,24.0,203.0
7961,66.0,28.0,193.0
7962,62.0,36.0,154.0
7963,64.0,36.0,146.0
7964,71.0,36.0,127.0
7965,104.0,38.0,144.0
7966,67.0,32.0,127.0
7967,51.0,38.0,138.0
7968,44.0,35.0,160.0
7969,43.0,32.0,155.0
7970,40.0,31.0,147.0
7971,43.0,31.0,144.0
7972,50.0,32.0,166.0
7973,46.0,37.0,192.0
7974,58.0,29.0,158.0
7975,75.0,26.0,179.0
7976,107.0,24.0,177.0
7977,125.0,23.0,239.0
7978,164.0,25.0,86.0
7979,189.0,24.0,77.0
7980,203.0,25.0,189.0
7981,141.0,24.0,158.0
7982,113.0,22.0,150.0
7983,117.0,25.0,98.0
7984,137.0,38.0,141.0
7985,110.0,39.0,74.0
7986,81.0,61.0,62.0
7987,80.0,54.0,57.0
7988,122.0,43.0,63.0
7989,190.0,35.0,51.0
7990,147.0,44.0,43.0
7991,134.0,44.0,42.0
7992,193.0,45.0,34.0
7993,251.0,54.0,28.0
7994,228.0,65.0,23.0
7995,219.0,92.0,20.0
7996,183.0,89.0,30.0
7997,217.0,63.0,20.0
7998,183.0,59.0,7.0
7999,154.0,51.0,9.0
8000,157.0,52.0,19.0
8001,158.0,57.0,15.0
8002,328.0,66.0,20.0
8003,271.0,66.0,29.0
8004,183.0,80.0,29.0
8005,167.0,126.0,34.0
8006,127.0,162.0,44.0
8007,83.0,139.0,43.0
8008,69.0,168.0,41.0
8009,61.0,202.0,34.0
8010,67.0,162.0,30.0
8011,67.0,119.0,30.0
8012,72.0,143.0,36.0
8013,73.0,146.0,49.0
8014,66.0,128.0,47.0
8015,60.0,153.0,40.0
8016,50.0,173.0,48.0
8017,,,23.0
8018,37.0,220.0,18.0
8019,37.0,219.0,25.0
8020,35.0,159.0,14.0
8021,34.0,118.0,16.0
8022,39.0,96.0,12.0
8023,38.0,96.0,11.0
8024,39.0,104.0,17.0
8025,36.0,126.0,25.0
8026,35.0,93.0,42.0
8027,46.0,134.0,56.0
8028,64.0,70.0,46.0
8029,67.0,58.0,71.0
8030,80.0,50.0,82.0
8031,97.0,47.0,88.0
8032,98.0,49.0,71.0
8033,82.0,46.0,53.0
8034,76.0,47.0,
8035,,55.0,
8036,63.0,94.0,
8037,43.0,107.0,54.0
8038,38.0,126.0,47.0
8039,46.0,114.0,49.0
8040,42.0,146.0,37.0
8041,43.0,114.0,41.0
8042,41.0,110.0,48.0
8043,37.0,122.0,62.0
8044,30.0,108.0,58.0
8045,35.0,49.0,75.0
8046,51.0,47.0,105.0
8047,62.0,57.0,90.0
8048,73.0,53.0,103.0
8049,93.0,48.0,109.0
8050,79.0,57.0,117.0
8051,69.0,67.0,165.0
8052,55.0,92.0,160.0
8053,63.0,136.0,90.0
8054,100.0,131.0,40.0
8055,132.0,93.0,36.0
8056,168.0,107.0,41.0
8057,174.0,93.0,43.0
8058,179.0,75.0,50.0
8059,149.0,97.0,47.0
8060,118.0,108.0,45.0
8061,123.0,96.0,44.0
8062,134.0,97.0,44.0
8063,91.0,106.0,58.0
8064,58.0,108.0,41.0
8065,58.0,103.0,36.0
8066,42.0,123.0,35.0
8067,42.0,144.0,44.0
8068,51.0,127.0,44.0
8069,49.0,107.0,43.0
8070,46.0,90.0,36.0
8071,42.0,81.0,31.0
8072,83.0,69.0,13.0
8073,95.0,68.0,15.0
8074,150.0,79.0,
8075,150.0,86.0,16.0
8076,130.0,64.0,12.0
8077,97.0,81.0,10.0
8078,91.0,75.0,7.0
8079,73.0,61.0,8.0
8080,73.0,60.0,6.0
8081,97.0,62.0,
8082,91.0,65.0,
8083,65.0,65.0,3.0
8084,60.0,65.0,3.0
8085,47.0,62.0,3.0
8086,63.0,66.0,4.0
8087,49.0,76.0,3.0
8088,38.0,111.0,2.0
8089,32.0,141.0,7.37
8090,28.0,106.0,7.2
8091,23.0,122.0,6.44
8092,19.0,121.0,4.89
8093,19.0,140.0,4.41
8094,20.0,120.0,4.43
8095,21.0,90.0,4.15
8096,18.0,109.0,5.31
8097,16.0,136.0,6.15
8098,15.0,162.0,6.45
8099,20.0,293.0,7.04
8100,32.0,229.0,9.31
8101,27.0,103.0,9.67
8102,29.0,69.0,7.83
8103,34.0,62.0,9.35
8104,51.0,54.0,9.37
8105,49.0,78.0,10.95
8106,44.0,90.0,10.34
8107,57.0,89.0,11.98
8108,53.0,80.0,11.29
8109,56.0,69.0,9.95
8110,57.0,71.0,9.86
8111,70.0,73.0,10.23
8112,70.0,79.0,12.26
8113,60.0,110.0,12.62
8114,39.0,129.0,14.32
8115,26.0,127.0,17.83
8116,21.0,159.0,17.14
8117,24.0,199.0,12.87
8118,28.0,173.0,11.1
8119,30.0,176.0,11.49
8120,27.0,175.0,13.03
8121,28.0,150.0,15.81
8122,35.0,190.0,19.53
8123,39.0,160.0,27.66
8124,48.0,134.0,42.96
8125,74.0,158.0,37.41
8126,92.0,145.0,50.62
8127,108.0,99.0,73.39
8128,98.0,107.0,94.64
8129,114.0,86.0,105.55
8130,95.0,80.0,96.67
8131,105.0,115.0,72.54
8132,109.0,123.0,74.94
8133,115.0,99.0,82.97
8134,113.0,91.0,71.4
8135,117.0,94.0,65.33
8136,215.0,69.0,83.52
8137,173.0,60.0,89.78
8138,253.0,62.0,95.21
8139,227.0,65.0,121.4
8140,143.0,97.0,111.3
8141,138.0,94.0,66.73
8142,138.0,86.0,58.71
8143,122.0,72.0,62.12
8144,114.0,47.0,55.12
8145,143.0,45.0,76.81
8146,140.0,58.0,71.09
8147,141.0,52.0,66.52
8148,121.0,60.0,49.68
8149,93.0,39.0,82.84
8150,107.0,29.0,45.06
8151,102.0,24.0,36.75
8152,97.0,23.0,39.62
8153,121.0,26.0,45.2
8154,132.0,28.0,41.05
8155,110.0,30.0,36.27
8156,95.0,29.0,35.96
8157,156.0,25.0,34.04
8158,212.0,24.0,37.06
8159,218.0,23.0,46.96
8160,201.0,23.0,44.12
8161,171.0,21.0,21.39
8162,142.0,19.0,12.89
8163,105.0,21.0,16.39
8164,69.0,22.0,14.11
8165,53.0,20.0,17.04
8166,53.0,23.0,16.99
8167,49.0,32.0,11.29
8168,42.0,27.0,9.48
8169,37.0,25.0,7.81
8170,43.0,25.0,8.09
8171,47.0,28.0,10.0
8172,61.0,29.0,8.08
8173,56.0,32.0,12.89
8174,63.0,30.0,11.82
8175,88.0,28.0,12.42
8176,98.0,36.0,10.97
8177,72.0,36.0,10.16
8178,57.0,47.0,12.06
8179,57.0,51.0,15.41
8180,66.0,47.0,13.49
8181,107.0,43.0,14.18
8182,126.0,54.0,11.14
8183,134.0,63.0,14.54
8184,151.0,63.0,16.46
8185,151.0,87.0,11.8
8186,81.0,71.0,10.52
8187,89.0,92.0,14.31
8188,68.0,80.0,9.1
8189,49.0,71.0,9.14
8190,45.0,72.0,7.54
8191,45.0,60.0,9.21
8192,58.0,82.0,11.66
8193,66.0,94.0,6.88
8194,85.0,132.0,11.78
8195,86.0,142.0,10.35
8196,77.0,157.0,14.34
8197,72.0,163.0,18.96
8198,,139.0,19.17
8199,75.0,135.0,36.08
8200,68.0,101.0,48.34
8201,65.0,107.0,46.74
8202,74.0,105.0,59.04
8203,93.0,83.0,52.79
8204,120.0,112.0,49.77
8205,130.0,135.0,45.19
8206,206.0,194.0,25.82
8207,258.0,259.0,27.55
8208,273.0,239.0,21.93
8209,304.0,218.0,15.89
8210,332.0,268.0,15.77
8211,196.0,191.0,20.9
8212,126.0,171.0,20.28
8213,78.0,153.0,22.28
8214,55.0,141.0,23.18
8215,60.0,151.0,23.64
8216,73.0,139.0,26.71
8217,83.0,153.0,33.93
8218,71.0,191.0,38.98
8219,74.0,217.0,45.77
8220,67.0,213.0,47.83
8221,60.0,174.0,54.7
8222,57.0,148.0,53.03
8223,67.0,116.0,68.79
8224,74.0,61.0,84.32
8225,93.0,42.0,114.0
8226,100.0,52.0,113.2
8227,92.0,,129.29
8228,97.0,121.0,180.19
8229,116.0,68.0,205.97
8230,136.0,57.0,197.18
8231,199.0,60.0,187.52
8232,234.0,68.0,170.65
8233,216.0,74.0,199.88
8234,109.0,87.0,189.43
8235,59.0,65.0,159.72
8236,45.0,45.0,139.54
8237,46.0,,132.97
8238,47.0,,129.39
8239,43.0,,153.02
8240,46.0,,134.53
8241,53.0,94.0,124.07
8242,58.0,35.0,145.84
8243,71.0,45.0,94.14
8244,81.0,42.0,76.65
8245,83.0,36.0,44.85
8246,67.0,37.0,37.41
8247,79.0,34.0,28.22
8248,,39.0,28.93
8249,99.0,35.0,51.8
8250,105.0,39.0,65.16
8251,95.0,44.0,94.12
8252,87.0,57.0,108.3
8253,103.0,71.0,137.48
8254,142.0,50.0,186.1
8255,178.0,45.0,218.7
8256,178.0,57.0,209.79
8257,163.0,62.0,211.09
8258,169.0,52.0,161.59
8259,175.0,79.0,150.33
8260,132.0,52.0,131.14
8261,114.0,45.0,107.26
8262,63.0,56.0,102.78
8263,46.0,54.0,162.85
8264,78.0,57.0,183.51
8265,86.0,88.0,222.55
8266,86.0,148.0,237.57
8267,76.0,182.0,187.51
8268,70.0,149.0,178.23
8269,58.0,121.0,66.69
8270,49.0,119.0,61.98
8271,41.0,120.0,70.33
8272,41.0,154.0,75.3
8273,44.0,133.0,99.48
8274,45.0,123.0,101.16
8275,53.0,100.0,82.28
8276,65.0,83.0,78.38
8277,74.0,81.0,67.5
8278,85.0,73.0,72.25
8279,90.0,66.0,55.24
8280,96.0,87.0,48.91
8281,88.0,146.0,46.74
8282,64.0,152.0,34.84
8283,68.0,119.0,25.67
8284,56.0,87.0,23.77
8285,43.0,73.0,24.39
8286,34.0,65.0,25.29
8287,36.0,74.0,37.12
8288,39.0,104.0,54.27
8289,67.0,121.0,85.33
8290,91.0,135.0,89.25
8291,92.0,123.0,44.13
8292,79.0,137.0,65.58
8293,72.0,174.0,63.73
8294,74.0,158.0,56.0
8295,77.0,112.0,47.11
8296,72.0,91.0,45.8
8297,74.0,72.0,31.63
8298,85.0,77.0,33.55
8299,95.0,79.0,39.72
8300,94.0,78.0,52.78
8301,103.0,77.0,61.81
8302,138.0,46.0,70.81
8303,153.0,38.0,56.69
8304,184.0,37.0,65.67
8305,232.0,32.0,55.38
8306,192.0,36.0,94.77
8307,152.0,31.0,57.33
8308,158.0,30.0,78.86
8309,164.0,45.0,60.37
8310,143.0,33.0,50.69
8311,80.0,32.0,85.22
8312,77.0,30.0,93.28
8313,92.0,29.0,140.58
8314,114.0,39.0,92.3
8315,146.0,47.0,62.33
8316,157.0,59.0,59.79
8317,120.0,58.0,64.72
8318,100.0,57.0,46.87
8319,82.0,61.0,43.0
8320,68.0,58.0,38.49
8321,67.0,40.0,47.79
8322,68.0,54.0,55.14
8323,72.0,30.0,70.9
8324,88.0,36.0,160.73
8325,113.0,43.0,187.83
8326,149.0,51.0,207.83
8327,197.0,43.0,251.84
8328,251.0,38.0,329.38
8329,243.0,39.0,253.64
8330,119.0,32.0,218.66
8331,59.0,26.0,163.52
8332,72.0,23.0,176.29
8333,93.0,18.0,138.26
8334,93.0,20.0,80.45
8335,62.0,22.0,79.75
8336,43.0,18.0,97.78
8337,37.0,19.0,120.81
8338,54.0,24.0,125.33
8339,62.0,25.0,102.78
8340,66.0,25.0,93.64
8341,44.0,32.0,134.53
8342,36.0,26.0,151.71
8343,32.0,25.0,138.73
8344,39.0,24.0,98.52
8345,39.0,25.0,64.23
8346,40.0,25.0,57.41
8347,40.0,26.0,69.25
8348,42.0,29.0,129.98
8349,76.0,29.0,147.65
8350,91.0,28.0,177.12
8351,80.0,28.0,189.02
8352,74.0,29.0,216.14
8353,70.0,28.0,274.01
8354,93.0,27.0,189.99
8355,87.0,27.0,116.87
8356,102.0,21.0,90.27
8357,86.0,19.0,73.51
8358,74.0,18.0,94.29
8359,76.0,19.0,94.74
8360,63.0,22.0,94.01
8361,79.0,33.0,115.91
8362,114.0,34.0,87.89
8363,99.0,27.0,70.43
8364,65.0,42.0,76.21
8365,67.0,41.0,75.31
8366,59.0,77.0,72.85
8367,44.0,87.0,73.59
8368,44.0,71.0,95.58
8369,42.0,62.0,86.54
8370,51.0,69.0,60.3
8371,58.0,93.0,56.85
8372,54.0,112.0,78.87
8373,84.0,168.0,107.06
8374,88.0,217.0,120.2
8375,75.0,148.0,110.02
8376,69.0,128.0,112.17
8377,63.0,80.0,50.59
8378,66.0,51.0,50.47
8379,50.0,41.0,49.73
8380,50.0,34.0,38.38
8381,54.0,,38.75
8382,64.0,91.0,53.38
8383,50.0,34.0,43.77
8384,60.0,37.0,38.12
8385,60.0,39.0,50.04
8386,80.0,44.0,46.81
8387,91.0,52.0,44.41
8388,94.0,65.0,55.15
8389,77.0,60.0,59.35
8390,65.0,52.0,58.62
8391,54.0,56.0,56.11
8392,44.0,,49.52
8393,46.0,106.0,37.42
8394,54.0,48.0,42.49
8395,61.0,49.0,56.23
8396,70.0,55.0,98.99
8397,88.0,64.0,138.16
8398,100.0,66.0,156.55
8399,64.0,66.0,88.6
8400,51.0,106.0,67.98
8401,73.0,113.0,38.74
8402,57.0,147.0,26.9
8403,48.0,102.0,37.65
8404,50.0,265.0,45.6
8405,58.0,190.0,53.12
8406,52.0,161.0,35.91
8407,38.0,133.0,30.88
8408,33.0,155.0,30.06
8409,34.0,176.0,34.43
8410,36.0,164.0,39.04
8411,33.0,94.0,51.41
8412,35.0,69.0,55.27
8413,37.0,54.0,50.81
8414,33.0,46.0,55.55
8415,30.0,44.0,67.32
8416,32.0,49.0,70.24
8417,30.0,48.0,61.25
8418,50.0,56.0,76.47
8419,,,119.91
8420,62.0,134.0,139.56
8421,54.0,128.0,154.83
8422,44.0,195.0,174.77
8423,43.0,260.0,148.93
8424,42.0,304.0,87.63
8425,35.0,223.0,88.31
8426,29.0,259.0,59.23
8427,32.0,295.0,50.59
8428,33.0,285.0,50.97
8429,36.0,206.0,29.77
8430,32.0,152.0,31.08
8431,28.0,118.0,39.16
8432,32.0,108.0,47.79
8433,31.0,168.0,56.17
8434,32.0,211.0,71.63
8435,34.0,256.0,69.02
8436,32.0,137.0,55.13
8437,38.0,113.0,51.79
8438,34.0,115.0,54.41
8439,30.0,115.0,51.57
8440,29.0,71.0,52.25
8441,32.0,46.0,49.13
8442,31.0,58.0,42.37
8443,31.0,63.0,58.27
8444,34.0,72.0,78.89
8445,33.0,88.0,109.44
8446,34.0,91.0,88.51
8447,37.0,63.0,33.22
8448,39.0,84.0,27.63
8449,36.0,100.0,19.84
8450,29.0,181.0,38.36
8451,27.0,163.0,41.05
8452,22.0,133.0,39.36
8453,21.0,155.0,47.17
8454,25.0,116.0,28.02
8455,26.0,90.0,22.57
8456,34.0,95.0,30.53
8457,28.0,143.0,62.8
8458,25.0,181.0,74.43
8459,23.0,189.0,69.53
8460,36.0,160.0,70.57
8461,38.0,125.0,62.05
8462,50.0,87.0,51.4
8463,50.0,72.0,51.99
8464,55.0,68.0,38.15
8465,57.0,62.0,43.62
8466,70.0,71.0,54.97
8467,69.0,69.0,60.45
8468,87.0,91.0,49.77
8469,79.0,114.0,36.18
8470,88.0,100.0,27.52
8471,79.0,71.0,39.44
8472,80.0,58.0,42.36
8473,83.0,61.0,35.51
8474,86.0,59.0,35.44
8475,76.0,84.0,26.44
8476,66.0,78.0,21.84
8477,59.0,67.0,19.11
8478,85.0,62.0,18.7
8479,83.0,57.0,22.16
8480,89.0,61.0,24.66
8481,104.0,85.0,31.92
8482,126.0,124.0,45.95
8483,150.0,90.0,49.81
8484,157.0,90.0,52.92
8485,133.0,74.0,60.81
8486,96.0,88.0,77.47
8487,53.0,96.0,80.05
8488,31.0,115.0,81.06
8489,28.0,124.0,56.4
8490,59.0,98.0,44.89
8491,58.0,81.0,41.53
8492,54.0,84.0,48.67
8493,61.0,148.0,45.69
8494,58.0,204.0,50.85
8495,57.0,219.0,90.13
8496,49.0,153.0,54.48
8497,44.0,79.0,35.33
8498,42.0,78.0,30.37
8499,34.0,87.0,34.15
8500,32.0,63.0,43.91
8501,30.0,71.0,78.26
8502,27.0,78.0,45.11
8503,24.0,51.0,47.59
8504,23.0,54.0,68.02
8505,25.0,80.0,97.72
8506,31.0,137.0,113.5
8507,31.0,117.0,138.65
8508,33.0,83.0,85.93
8509,32.0,78.0,57.59
8510,31.0,85.0,66.71
8511,30.0,112.0,73.28
8512,32.0,122.0,68.36
8513,29.0,120.0,51.14
8514,31.0,117.0,66.24
8515,38.0,92.0,39.82
8516,50.0,100.0,38.13
8517,54.0,158.0,33.95
8518,58.0,257.0,24.54
8519,67.0,345.0,29.33
8520,54.0,256.0,38.79
8521,45.0,158.0,25.23
8522,42.0,205.0,30.01
8523,40.0,200.0,25.98
8524,42.0,149.0,20.67
8525,48.0,125.0,19.8
8526,64.0,82.0,15.56
8527,78.0,60.0,14.63
8528,84.0,82.0,13.65
8529,93.0,101.0,14.27
8530,117.0,80.0,16.55
8531,165.0,61.0,14.47
8532,182.0,69.0,14.73
8533,204.0,70.0,30.23
8534,157.0,89.0,32.52
8535,120.0,79.0,37.87
8536,121.0,69.0,41.5
8537,131.0,78.0,36.46
8538,99.0,101.0,46.16
8539,99.0,92.0,29.27
8540,145.0,73.0,30.22
8541,137.0,,30.25
8542,121.0,,45.97
8543,81.0,,39.43
8544,70.0,,37.33
8545,156.0,,28.07
8546,164.0,138.9,26.44
8547,97.0,137.13,21.87
8548,72.0,95.84,21.41
8549,58.0,96.31,28.26
8550,45.0,80.32,28.06
8551,50.0,79.5,27.12
8552,45.0,66.18,34.08
8553,51.0,66.65,29.1
8554,52.0,79.88,34.74
8555,47.0,80.26,45.86
8556,47.0,124.75,36.85
8557,55.0,125.18,31.36
8558,56.0,142.93,31.68
8559,58.0,142.89,34.01
8560,46.0,156.79,27.99
8561,56.0,156.95,23.61
8562,50.0,135.26,27.12
8563,44.0,135.34,27.11
8564,63.0,153.08,32.01
8565,70.0,153.36,35.51
8566,65.0,204.62,34.0
8567,61.0,204.6,32.12
8568,65.0,171.47,20.62
8569,49.0,61.0,
8570,46.0,65.0,14.82
8571,41.0,68.0,14.81
8572,40.0,71.0,16.81
8573,37.0,70.0,14.62
8574,30.0,65.0,17.41
8575,31.0,62.0,16.24
8576,30.0,61.0,87.15
8577,31.0,64.0,132.16
8578,30.0,60.0,166.16
8579,26.0,57.0,101.57
8580,32.0,61.0,87.14
8581,37.0,57.0,72.32
8582,44.0,,77.94
8583,56.0,129.0,79.08
8584,65.0,76.0,49.59
8585,59.0,62.0,35.13
8586,62.0,61.0,30.29
8587,69.0,50.0,39.79
8588,69.0,57.0,64.97
8589,64.0,84.0,75.64
8590,74.0,72.0,69.84
8591,84.0,79.0,85.9
8592,84.0,105.0,73.05
8593,81.0,,77.53
8594,70.0,23.97,145.09
8595,75.0,23.89,119.41
8596,110.0,24.26,68.22
8597,119.0,24.15,33.33
8598,101.0,23.57,38.95
8599,90.0,23.62,55.25
8600,99.0,21.84,58.92
8601,81.0,21.87,58.92
8602,83.0,23.54,73.29
8603,94.0,23.45,83.72
8604,87.0,22.83,93.83
8605,73.0,22.83,102.49
8606,51.0,22.44,101.95
8607,40.0,22.4,101.6
8608,41.0,33.2,100.08
8609,39.0,33.01,84.22
8610,57.0,38.26,73.42
8611,70.0,38.38,74.75
8612,81.0,51.45,126.5
8613,85.0,51.42,219.55
8614,78.0,49.83,374.47
8615,84.0,50.11,340.94
8616,65.0,54.0,309.25
8617,65.0,36.0,150.42
8618,65.0,36.0,107.57
8619,79.0,28.0,69.08
8620,89.0,34.0,44.33
8621,85.0,27.0,38.6
8622,91.0,25.0,41.04
8623,111.0,23.0,32.72
8624,111.0,25.0,26.84
8625,134.0,32.0,27.18
8626,187.0,34.0,26.69
8627,201.0,39.0,30.19
8628,167.0,47.0,30.04
8629,184.0,44.0,33.71
8630,157.0,42.0,33.2
8631,104.0,36.0,29.46
8632,91.0,59.0,39.58
8633,73.0,68.0,50.85
8634,77.0,76.0,57.46
8635,78.0,85.0,53.0
8636,116.0,78.0,59.67
8637,158.0,93.0,61.55
8638,117.0,85.0,48.67
8639,106.0,91.0,48.01
8640,102.0,74.0,45.57
8641,,72.0,53.39
8642,56.0,93.0,57.12
8643,60.0,169.0,53.86
8644,50.0,175.0,53.95
8645,47.0,96.0,74.73
8646,67.0,89.0,68.04
8647,69.0,103.0,78.92
8648,85.0,131.0,102.78
8649,114.0,142.0,101.41
8650,149.0,150.0,144.31
8651,148.0,191.0,169.86
8652,86.0,176.0,118.13
8653,72.0,100.0,116.35
8654,46.0,68.0,106.5
8655,100.0,60.0,96.33
8656,79.0,54.0,94.45
8657,65.0,57.0,77.79
8658,62.0,57.0,75.94
8659,54.0,67.0,51.57
8660,62.0,90.0,51.66
8661,68.0,96.0,53.0
8662,83.0,98.0,61.83
8663,80.0,71.0,67.86
8664,60.0,70.0,76.96
8665,63.0,92.0,119.36
8666,58.0,103.0,142.46
8667,66.0,135.0,151.63
8668,87.0,70.0,130.83
8669,87.0,42.0,164.1
8670,98.0,37.0,192.38
8671,93.0,39.0,171.09
8672,86.0,33.0,198.41
8673,131.0,43.0,206.57
8674,152.0,64.0,241.34
8675,170.0,85.0,195.11
8676,144.0,97.0,104.65
8677,174.0,88.0,85.54
8678,218.0,65.0,72.8
8679,159.0,52.0,69.9
8680,133.0,57.0,85.55
8681,112.0,75.0,78.33
8682,90.0,75.0,66.26
8683,83.0,63.0,76.26
8684,85.0,66.0,123.91
8685,115.0,78.0,142.08
8686,138.0,86.0,116.24
8687,191.0,65.0,87.21
8688,127.0,79.0,103.74
8689,126.0,120.0,108.67
8690,123.0,163.0,79.93
8691,155.0,120.0,111.23
8692,127.0,111.0,118.92
8693,89.0,81.0,174.79
8694,70.0,100.0,154.7
8695,69.0,105.0,156.21
8696,147.0,99.0,130.81
8697,163.0,97.0,179.28
8698,109.0,127.0,177.49
8699,57.0,141.0,191.58
8700,112.0,194.0,212.12
8701,64.0,97.0,113.68
8702,79.0,63.0,48.13
8703,73.0,48.0,70.26
8704,57.0,31.0,48.66
8705,66.0,35.0,46.2
8706,91.0,45.0,41.25
8707,226.0,55.0,67.02
8708,202.0,64.0,70.99
8709,181.0,62.0,55.14
8710,113.0,78.0,70.97
8711,68.0,78.0,122.97
8712,62.0,129.0,202.61
8713,50.0,140.0,210.85
8714,50.0,134.0,212.38
8715,56.0,80.0,116.26
8716,72.0,117.0,74.93
8717,75.0,171.0,133.55
8718,75.0,181.0,129.86
8719,79.0,185.0,160.98
8720,86.0,163.0,125.0
8721,97.0,156.0,133.83
8722,130.0,152.0,153.74
8723,162.0,148.0,178.14
8724,99.0,132.0,173.44
8725,80.0,173.0,93.49
8726,77.0,112.0,49.61
8727,75.0,94.0,39.65
8728,73.0,70.0,34.34
8729,75.0,57.0,43.63
8730,82.0,63.0,45.59
8731,80.0,61.0,61.78
8732,105.0,60.0,83.59
8733,108.0,87.0,131.53
8734,123.0,110.0,210.42
8735,88.0,103.0,257.8
8736,74.0,70.0,257.34
8737,61.0,92.0,213.54
8738,71.0,93.0,187.86
8739,115.0,180.0,177.12
8740,149.0,165.0,136.73
8741,134.0,127.0,137.16
8742,107.0,114.0,128.16
8743,100.0,96.0,135.55
8744,119.0,123.0,145.74
8745,163.0,100.0,182.98
8746,142.0,87.0,182.56
8747,160.0,106.0,125.12
8748,126.0,88.0,131.43
8749,106.0,85.0,104.02
8750,62.0,80.0,106.98
8751,57.0,71.0,113.39
8752,60.0,78.0,103.78
8753,58.0,89.0,69.15
8754,57.0,69.0,65.45
8755,65.0,71.0,94.79
8756,84.0,78.0,187.56
8757,142.0,172.0,267.73
8758,275.0,378.0,201.87
8759,280.0,893.0,220.01
8760,191.0,662.0,351.24
