hour_of_year,pm2.5_2022,pm2.5_2023,pm2.5_2024
1,406.52,,999.0
2,344.78,,464.0
3,292.08,400.0,690.0
4,230.44,349.0,729.0
5,199.62,260.0,557.0
6,146.98,157.0,330.0
7,135.62,195.0,140.0
8,122.77,90.0,158.0
9,99.78,110.0,78.0
10,20.99,100.0,43.0
11,7.04,69.0,36.0
12,7.17,35.0,29.0
13,8.44,47.0,11.0
14,5.96,30.0,9.0
15,8.09,14.0,8.0
16,8.13,11.0,8.0
17,5.35,21.0,
18,5.12,31.0,12.0
19,8.06,39.0,16.0
20,14.09,45.0,24.0
21,21.64,61.0,20.0
22,49.29,29.0,15.0
23,60.89,33.0,13.0
24,57.67,32.0,13.0
25,67.83,31.0,12.0
26,50.67,36.0,11.0
27,43.23,31.0,20.0
28,42.62,27.0,19.0
29,21.5,28.0,14.0
30,12.47,33.0,16.0
31,17.66,32.0,17.0
32,17.7,30.0,16.0
33,14.08,37.0,15.0
34,9.98,46.0,16.0
35,9.84,40.0,12.0
36,9.65,38.0,14.0
37,8.18,23.0,15.0
38,7.96,16.0,19.0
39,7.12,10.0,22.0
40,,10.0,24.0
41,,15.0,28.0
42,,13.0,26.0
43,,18.0,24.0
44,,29.0,26.0
45,,41.0,
46,,74.0,48.0
47,,47.0,23.0
48,,38.0,20.0
49,,62.0,15.0
50,4.79,76.0,14.0
51,7.09,57.0,12.0
52,7.88,40.0,10.0
53,9.74,14.0,9.0
54,8.18,18.0,8.0
55,5.31,11.0,9.0
56,17.72,11.0,10.0
57,16.61,10.0,14.0
58,9.27,10.0,21.0
59,8.95,11.0,30.0
60,12.4,10.0,28.0
61,7.96,7.0,27.0
62,7.44,7.0,13.0
63,8.53,8.0,13.0
64,8.81,12.0,12.0
65,9.0,11.0,11.0
66,7.24,12.0,12.0
67,7.2,11.0,14.0
68,8.19,14.0,16.0
69,8.75,18.0,16.0
70,11.19,16.0,14.0
71,10.78,15.0,13.0
72,8.85,20.0,13.0
73,9.04,24.0,12.0
74,6.14,40.0,12.0
75,6.79,54.0,14.0
76,11.65,44.0,15.0
77,13.56,35.0,22.0
78,12.79,37.0,19.0
79,11.32,44.0,21.0
80,13.46,54.0,21.0
81,15.93,51.0,
82,17.24,39.0,24.0
83,11.67,19.0,24.0
84,22.31,13.0,18.0
85,31.07,14.0,12.0
86,34.27,15.0,13.0
87,38.81,14.0,16.0
88,36.62,14.0,15.0
89,41.04,16.0,18.0
90,34.15,13.0,18.0
91,17.94,13.0,19.0
92,27.28,18.0,20.0
93,35.84,26.0,20.0
94,44.57,31.0,28.0
95,44.95,22.0,27.0
96,55.04,17.0,22.0
97,68.43,14.0,18.0
98,58.2,24.0,26.0
99,63.1,23.0,18.0
100,59.26,32.0,8.0
101,75.81,26.0,8.0
102,74.68,20.0,11.0
103,76.0,27.0,11.0
104,96.21,26.0,12.0
105,58.62,25.0,15.0
106,49.14,33.0,16.0
107,53.51,42.0,15.0
108,38.89,43.0,14.0
109,30.64,19.0,15.0
110,21.61,17.0,12.0
111,18.03,22.0,10.0
112,18.44,19.0,10.0
113,18.76,27.0,11.0
114,22.32,18.0,13.0
115,12.21,16.0,16.0
116,15.51,21.0,12.0
117,16.04,28.0,16.0
118,25.01,22.0,13.0
119,26.34,18.0,17.0
120,23.09,16.0,21.0
121,31.61,14.0,21.0
122,42.37,17.0,32.0
123,39.94,20.0,45.0
124,41.09,20.0,36.0
125,46.5,23.0,29.0
126,42.47,22.0,32.0
127,48.11,19.0,29.0
128,53.24,23.0,36.0
129,59.13,23.0,41.0
130,56.82,,38.0
131,60.52,33.0,27.0
132,48.45,49.0,20.0
133,33.52,36.0,14.0
134,36.89,27.0,14.0
135,25.75,36.0,16.0
136,24.39,26.0,17.0
137,23.31,19.0,16.0
138,18.02,19.0,16.0
139,18.49,22.0,19.0
140,22.75,26.0,31.0
141,27.47,33.0,58.0
142,26.28,45.0,83.0
143,49.73,58.0,98.0
144,28.22,71.0,79.0
145,23.17,38.0,75.0
146,20.95,43.0,76.0
147,12.02,23.0,53.0
148,10.62,18.0,32.0
149,11.32,29.0,29.0
150,9.58,29.0,22.0
151,10.4,34.0,20.0
152,10.1,33.0,19.0
153,10.26,33.0,16.0
154,12.14,40.0,20.0
155,13.31,40.0,16.0
156,18.6,30.0,12.0
157,22.53,24.0,11.0
158,22.91,20.0,15.0
159,24.1,18.0,17.0
160,28.02,,16.0
161,33.04,20.0,19.0
162,37.57,25.0,24.0
163,37.56,27.0,19.0
164,31.44,26.0,11.0
165,28.03,31.0,11.0
166,26.48,28.0,10.0
167,21.48,26.0,9.0
168,22.91,27.0,8.0
169,20.78,24.0,9.0
170,21.47,20.0,10.0
171,28.82,22.0,11.0
172,21.74,22.0,11.0
173,21.54,19.0,
174,23.84,22.0,16.0
175,28.58,18.0,20.0
176,31.01,16.0,22.0
177,35.34,14.0,29.0
178,41.72,13.0,38.0
179,46.45,10.0,33.0
180,54.46,10.0,41.0
181,58.94,11.0,44.0
182,74.46,13.0,26.0
183,69.35,11.0,20.0
184,52.01,12.0,14.0
185,42.33,16.0,14.0
186,37.48,21.0,10.0
187,48.74,23.0,20.0
188,66.09,21.0,24.0
189,50.84,26.0,20.0
190,51.73,30.0,11.0
191,43.28,26.0,10.0
192,69.19,18.0,10.0
193,89.61,16.0,7.0
194,76.53,20.0,8.0
195,93.25,17.0,13.0
196,109.08,11.0,17.0
197,108.53,11.0,16.0
198,103.24,12.0,14.0
199,108.23,13.0,14.0
200,99.85,16.0,15.0
201,96.56,13.0,25.0
202,102.41,15.0,24.0
203,70.95,22.0,19.0
204,43.93,28.0,18.0
205,35.48,24.0,18.0
206,29.31,19.0,
207,24.14,16.0,17.0
208,22.45,16.0,18.0
209,18.44,,19.0
210,19.71,,20.0
211,19.42,15.0,21.0
212,17.58,16.0,23.0
213,20.47,19.0,25.0
214,22.68,21.0,23.0
215,17.4,20.0,26.0
216,15.02,20.0,24.0
217,10.02,25.0,23.0
218,7.94,30.0,25.0
219,7.62,29.0,36.0
220,10.48,46.0,31.0
221,8.44,52.0,32.0
222,7.67,51.0,28.0
223,5.83,41.0,36.0
224,5.48,45.0,44.0
225,5.74,48.0,34.0
226,7.18,62.0,32.0
227,7.82,67.0,40.0
228,9.8,82.0,54.0
229,7.29,68.0,50.0
230,7.02,57.0,63.0
231,6.69,49.0,84.0
232,6.84,33.0,73.0
233,7.14,26.0,60.0
234,7.58,24.0,43.0
235,7.93,22.0,41.0
236,6.15,27.0,41.0
237,6.08,26.0,45.0
238,6.1,23.0,58.0
239,6.35,28.0,68.0
240,5.79,40.0,49.0
241,6.87,30.0,61.0
242,7.11,39.0,100.0
243,6.22,45.0,101.0
244,6.18,38.0,70.0
245,6.5,33.0,57.0
246,5.88,31.0,63.0
247,5.88,36.0,80.0
248,6.59,44.0,77.0
249,6.43,45.0,67.0
250,9.22,48.0,57.0
251,10.74,47.0,62.0
252,12.81,52.0,42.0
253,15.57,54.0,23.0
254,19.57,62.0,15.0
255,16.03,46.0,8.0
256,12.6,33.0,7.0
257,13.34,21.0,9.0
258,11.49,18.0,14.0
259,9.64,21.0,15.0
260,9.71,27.0,26.0
261,12.3,36.0,70.0
262,14.62,56.0,92.0
263,12.77,74.0,80.0
264,12.13,68.0,102.0
265,11.28,77.0,91.0
266,15.1,83.0,74.0
267,15.39,67.0,60.0
268,16.41,46.0,49.0
269,14.67,38.0,10.0
270,33.25,42.0,9.0
271,39.59,43.0,69.0
272,30.97,53.0,100.0
273,29.25,28.0,107.0
274,30.62,23.0,107.0
275,26.79,16.0,94.0
276,36.16,9.0,81.0
277,32.47,5.0,57.0
278,33.29,5.0,30.0
279,35.2,5.0,25.0
280,33.44,5.0,28.0
281,29.05,5.0,29.0
282,30.02,6.0,33.0
283,31.25,7.0,26.0
284,42.0,8.0,20.0
285,51.95,7.0,18.0
286,16.67,7.0,15.0
287,23.91,,16.0
288,26.16,,20.0
289,26.49,6.0,16.0
290,29.28,6.0,15.0
291,37.2,5.0,12.0
292,41.57,6.0,14.0
293,39.6,5.0,23.0
294,49.02,6.0,30.0
295,55.01,10.0,28.0
296,53.12,11.0,40.0
297,62.32,11.0,95.0
298,71.28,9.0,57.0
299,87.07,8.0,32.0
300,61.06,6.0,30.0
301,48.61,,25.0
302,26.97,6.0,23.0
303,23.83,9.0,22.0
304,19.68,9.0,23.0
305,17.9,11.0,22.0
306,21.45,12.0,24.0
307,30.68,18.0,25.0
308,26.35,14.0,23.0
309,23.52,16.0,38.0
310,21.55,16.0,50.0
311,25.94,,55.0
312,36.67,,68.0
313,35.96,15.0,70.0
314,61.03,12.0,53.0
315,41.85,11.0,52.0
316,62.05,42.0,59.0
317,55.91,28.0,44.0
318,52.22,17.0,40.0
319,47.22,20.0,36.0
320,49.26,20.0,39.0
321,72.47,19.0,58.0
322,70.71,17.0,59.0
323,72.11,21.0,62.0
324,64.61,25.0,48.0
325,52.12,20.0,34.0
326,46.89,10.0,33.0
327,62.84,11.0,32.0
328,68.97,12.0,29.0
329,43.88,12.0,25.0
330,26.03,14.0,21.0
331,23.63,15.0,22.0
332,32.49,17.0,27.0
333,52.49,26.0,30.0
334,78.87,35.0,35.0
335,97.25,60.0,46.0
336,101.66,72.0,44.0
337,120.27,29.0,17.0
338,100.81,25.0,11.0
339,74.83,31.0,16.0
340,68.38,15.0,21.0
341,50.81,13.0,18.0
342,,18.0,16.0
343,,15.0,14.0
344,,16.0,15.0
345,,16.0,18.0
346,,24.0,17.0
347,,28.0,16.0
348,,31.0,17.0
349,,35.0,15.0
350,12.91,42.0,17.0
351,14.8,37.0,20.0
352,17.75,27.0,20.0
353,13.37,20.0,28.0
354,13.42,24.0,31.0
355,13.67,22.0,31.0
356,20.5,33.0,27.0
357,26.05,33.0,25.0
358,28.11,38.0,24.0
359,28.06,50.0,21.0
360,26.22,47.0,19.0
361,26.3,43.0,18.0
362,24.24,45.0,14.0
363,22.95,37.0,10.0
364,18.02,36.0,7.0
365,14.99,25.0,6.0
366,15.75,21.0,4.0
367,19.44,36.0,6.0
368,17.56,62.0,7.0
369,22.09,32.0,8.0
370,26.94,26.0,10.0
371,19.48,15.0,11.0
372,20.24,13.0,14.0
373,19.24,15.0,14.0
374,18.79,11.0,11.0
375,20.39,7.0,14.0
376,20.37,7.0,16.0
377,18.77,6.0,19.0
378,17.14,13.0,26.0
379,20.65,14.0,32.0
380,31.27,14.0,43.0
381,45.16,20.0,29.0
382,48.5,20.0,30.0
383,78.59,,29.0
384,81.44,25.0,23.0
385,39.94,27.0,15.0
386,32.63,44.0,11.0
387,49.24,63.0,10.0
388,49.52,71.0,8.0
389,43.51,74.0,8.0
390,36.92,58.0,7.0
391,33.33,39.0,8.0
392,42.23,35.0,10.0
393,54.04,48.0,11.0
394,50.53,52.0,11.0
395,46.95,31.0,10.0
396,57.87,21.0,14.0
397,64.63,22.0,16.0
398,30.41,27.0,17.0
399,25.24,28.0,20.0
400,20.14,27.0,24.0
401,20.95,25.0,20.0
402,18.47,26.0,18.0
403,16.67,29.0,21.0
404,13.85,25.0,25.0
405,21.23,22.0,24.0
406,35.71,23.0,24.0
407,31.38,26.0,26.0
408,21.81,31.0,26.0
409,16.6,48.0,36.0
410,18.14,53.0,36.0
411,19.15,42.0,
412,17.52,44.0,58.0
413,16.26,45.0,63.0
414,17.1,41.0,69.0
415,22.55,43.0,67.0
416,24.36,40.0,64.0
417,27.15,40.0,75.0
418,25.49,54.0,88.0
419,,29.0,99.0
420,,27.0,121.0
421,,23.0,89.0
422,,16.0,94.0
423,,13.0,80.0
424,,12.0,67.0
425,,11.0,55.0
426,,11.0,37.0
427,,,38.0
428,,17.0,43.0
429,,23.0,39.0
430,,21.0,47.0
431,,20.0,56.0
432,,22.0,85.0
433,,27.0,94.0
434,,44.0,108.0
435,,43.0,78.0
436,,25.0,75.0
437,,8.0,58.0
438,,6.0,51.0
439,,5.0,75.0
440,,6.0,81.0
441,,6.0,64.0
442,,8.0,69.0
443,,8.0,56.0
444,,7.0,16.0
445,,7.0,13.0
446,,13.0,12.0
447,,9.0,13.0
448,,13.0,13.0
449,,11.0,
450,8.0,9.0,
451,10.7,10.0,12.0
452,17.43,9.0,14.0
453,17.78,8.0,14.0
454,24.49,11.0,13.0
455,28.04,12.0,13.0
456,25.12,11.0,12.0
457,18.81,13.0,11.0
458,13.66,15.0,14.0
459,10.19,26.0,20.0
460,6.83,18.0,13.0
461,6.43,19.0,12.0
462,22.07,10.0,12.0
463,16.4,11.0,
464,12.04,10.0,15.0
465,14.82,14.0,16.0
466,16.18,19.0,15.0
467,15.65,19.0,18.0
468,14.24,20.0,21.0
469,13.3,20.0,20.0
470,11.39,24.0,23.0
471,11.09,22.0,22.0
472,10.61,21.0,19.0
473,10.0,19.0,20.0
474,9.81,21.0,21.0
475,10.19,20.0,20.0
476,10.92,23.0,22.0
477,10.88,22.0,29.0
478,9.44,18.0,37.0
479,8.48,17.0,34.0
480,7.75,15.0,25.0
481,7.11,17.0,19.0
482,6.6,12.0,23.0
483,8.79,10.0,23.0
484,6.12,11.0,
485,5.75,11.0,21.0
486,5.68,,12.0
487,6.25,14.0,15.0
488,6.59,17.0,14.0
489,6.16,21.0,19.0
490,7.01,26.0,22.0
491,7.82,31.0,22.0
492,10.89,44.0,15.0
493,11.38,37.0,14.0
494,18.64,39.0,13.0
495,27.48,44.0,14.0
496,25.76,37.0,19.0
497,23.12,33.0,17.0
498,22.84,31.0,22.0
499,27.67,22.0,31.0
500,33.71,16.0,27.0
501,39.56,20.0,23.0
502,41.07,22.0,24.0
503,38.09,29.0,30.0
504,39.61,20.0,30.0
505,38.69,15.0,
506,28.78,16.0,35.0
507,33.87,20.0,48.0
508,34.26,16.0,46.0
509,34.09,12.0,42.0
510,19.89,11.0,40.0
511,13.81,8.0,25.0
512,21.91,6.0,26.0
513,27.1,5.0,31.0
514,32.87,6.0,32.0
515,38.08,5.0,37.0
516,38.05,5.0,33.0
517,29.81,7.0,34.0
518,33.4,8.0,38.0
519,33.76,9.0,42.0
520,34.24,13.0,43.0
521,22.85,15.0,30.0
522,12.02,14.0,31.0
523,15.22,14.0,30.0
524,12.89,,35.0
525,11.77,24.0,61.0
526,17.32,35.0,45.0
527,20.73,22.0,44.0
528,14.7,14.0,53.0
529,12.67,9.0,61.0
530,11.2,10.0,66.0
531,8.45,11.0,58.0
532,6.53,13.0,53.0
533,6.76,12.0,59.0
534,6.56,11.0,60.0
535,9.47,16.0,56.0
536,7.54,15.0,55.0
537,8.67,12.0,54.0
538,13.08,9.0,50.0
539,8.07,13.0,57.0
540,5.75,10.0,46.0
541,9.52,9.0,39.0
542,12.59,12.0,37.0
543,15.2,16.0,37.0
544,16.77,15.0,31.0
545,19.46,14.0,16.0
546,21.48,14.0,25.0
547,22.89,15.0,23.0
548,23.79,18.0,22.0
549,22.26,15.0,16.0
550,20.77,12.0,15.0
551,17.4,11.0,15.0
552,16.82,14.0,14.0
553,17.2,17.0,15.0
554,15.68,19.0,15.0
555,18.81,22.0,19.0
556,15.35,22.0,20.0
557,12.35,21.0,24.0
558,14.21,23.0,23.0
559,13.85,22.0,22.0
560,8.91,25.0,25.0
561,5.47,24.0,27.0
562,5.35,28.0,18.0
563,6.37,29.0,15.0
564,9.2,20.0,15.0
565,16.48,19.0,14.0
566,14.2,18.0,13.0
567,19.73,14.0,13.0
568,28.1,11.0,12.0
569,33.49,10.0,13.0
570,40.92,10.0,14.0
571,53.06,9.0,12.0
572,63.6,8.0,10.0
573,89.72,7.0,13.0
574,103.79,7.0,14.0
575,104.7,,14.0
576,90.0,6.0,13.0
577,56.0,6.0,10.0
578,35.67,,8.0
579,28.36,4.0,4.0
580,39.92,4.0,4.0
581,40.29,4.0,4.0
582,42.46,4.0,6.0
583,21.51,6.0,12.0
584,30.06,9.0,22.0
585,31.89,12.0,34.0
586,44.15,14.0,14.0
587,54.45,19.0,15.0
588,38.63,13.0,16.0
589,24.49,12.0,13.0
590,28.22,12.0,8.0
591,22.43,13.0,7.0
592,18.36,17.0,7.0
593,19.32,18.0,
594,13.5,12.0,
595,11.57,12.0,6.0
596,12.36,,8.0
597,16.96,11.0,8.0
598,16.57,12.0,9.0
599,,12.0,11.0
600,13.18,11.0,8.0
601,14.78,9.0,8.0
602,17.19,8.0,7.0
603,18.79,9.0,7.0
604,12.4,8.0,
605,12.87,8.0,8.0
606,15.33,15.0,7.0
607,13.8,19.0,8.0
608,18.68,24.0,9.0
609,15.06,13.0,11.0
610,15.86,11.0,13.0
611,18.35,12.0,14.0
612,13.83,15.0,18.0
613,10.73,14.0,18.0
614,10.09,17.0,25.0
615,14.83,13.0,30.0
616,10.77,11.0,31.0
617,10.63,13.0,32.0
618,11.79,16.0,30.0
619,15.12,13.0,24.0
620,15.34,14.0,17.0
621,10.57,12.0,16.0
622,9.13,12.0,18.0
623,12.54,,22.0
624,15.22,10.0,16.0
625,24.93,10.0,9.0
626,23.22,15.0,8.0
627,22.45,18.0,8.0
628,19.55,17.0,9.0
629,16.78,17.0,7.0
630,13.7,18.0,6.0
631,13.83,17.0,6.0
632,14.48,20.0,
633,12.58,20.0,
634,11.06,21.0,
635,14.96,25.0,
636,15.62,26.0,8.0
637,13.01,24.0,8.0
638,15.54,25.0,6.0
639,20.38,33.0,7.0
640,23.82,32.0,7.0
641,23.08,28.0,6.0
642,29.43,25.0,7.0
643,24.56,20.0,7.0
644,24.52,25.0,9.0
645,20.11,30.0,10.0
646,16.91,26.0,12.0
647,12.75,32.0,12.0
648,17.65,32.0,
649,23.48,39.0,16.0
650,21.09,,11.0
651,21.35,75.0,9.0
652,7.32,77.0,9.0
653,5.26,87.0,7.0
654,5.33,51.0,6.0
655,4.09,48.0,9.0
656,2.73,51.0,12.0
657,,55.0,13.0
658,,51.0,11.0
659,2.81,51.0,11.0
660,5.24,50.0,7.0
661,3.67,55.0,9.0
662,4.25,73.0,9.0
663,4.05,84.0,8.0
664,4.53,74.0,9.0
665,8.49,68.0,10.0
666,14.8,62.0,24.0
667,14.1,69.0,18.0
668,14.48,79.0,19.0
669,21.26,138.0,21.0
670,26.67,201.0,22.0
671,24.08,234.0,14.0
672,17.91,265.0,13.0
673,18.89,249.0,8.0
674,24.86,131.0,9.0
675,21.44,118.0,7.0
676,16.36,128.0,5.0
677,15.95,126.0,8.0
678,17.23,99.0,9.0
679,15.84,80.0,8.0
680,16.51,71.0,8.0
681,17.41,56.0,16.0
682,19.37,66.0,10.0
683,21.39,69.0,9.0
684,15.11,61.0,12.0
685,10.93,48.0,14.0
686,8.72,33.0,9.0
687,9.36,24.0,7.0
688,9.9,21.0,7.0
689,11.17,26.0,8.0
690,13.1,28.0,10.0
691,13.91,20.0,10.0
692,16.83,24.0,9.0
693,23.96,29.0,12.0
694,34.56,30.0,16.0
695,34.49,23.0,12.0
696,31.16,22.0,10.0
697,29.06,13.0,10.0
698,37.94,10.0,14.0
699,40.3,9.0,16.0
700,37.59,18.0,12.0
701,43.1,25.0,7.0
702,41.92,26.0,8.0
703,33.38,29.0,7.0
704,35.51,30.0,9.0
705,50.2,38.0,11.0
706,44.78,31.0,17.0
707,23.99,21.0,23.0
708,19.7,25.0,39.0
709,23.73,22.0,22.0
710,23.92,18.0,13.0
711,22.03,17.0,13.0
712,35.39,19.0,11.0
713,35.58,23.0,9.0
714,29.96,20.0,9.0
715,21.61,19.0,11.0
716,22.48,20.0,12.0
717,20.99,12.0,15.0
718,27.72,9.0,22.0
719,34.51,10.0,18.0
720,26.58,10.0,34.0
721,11.73,17.0,26.0
722,10.25,11.0,36.0
723,8.59,6.0,22.0
724,14.69,6.0,16.0
725,14.25,4.0,14.0
726,18.24,3.0,16.0
727,23.88,3.0,21.0
728,28.92,3.0,30.0
729,30.04,3.0,37.0
730,26.38,4.0,34.0
731,23.76,5.0,27.0
732,17.25,10.0,18.0
733,17.32,8.0,19.0
734,13.12,8.0,18.0
735,8.79,7.0,16.0
736,7.53,10.0,14.0
737,7.3,7.0,15.0
738,9.29,7.0,16.0
739,12.39,8.0,15.0
740,15.8,8.0,14.0
741,19.04,7.0,13.0
742,20.21,7.0,17.0
743,36.83,6.0,20.0
744,33.64,6.0,15.0
745,,,
746,39.4,6.0,8.0
747,46.68,5.0,8.0
748,50.48,4.0,10.0
749,38.52,4.0,7.0
750,18.16,5.0,7.0
751,15.5,5.0,8.0
752,17.47,6.0,8.0
753,24.81,6.0,12.0
754,44.52,8.0,21.0
755,38.9,10.0,31.0
756,31.6,10.0,39.0
757,17.76,9.0,37.0
758,17.39,10.0,37.0
759,18.56,14.0,26.0
760,15.67,17.0,22.0
761,14.62,22.0,18.0
762,12.5,,16.0
763,12.12,43.0,17.0
764,12.49,31.0,19.0
765,15.79,22.0,24.0
766,24.05,13.0,29.0
767,22.46,10.0,32.0
768,16.41,13.0,35.0
769,16.79,13.0,23.0
770,22.12,15.0,16.0
771,19.28,13.0,17.0
772,19.79,9.0,17.0
773,26.33,9.0,24.0
774,26.6,8.0,19.0
775,24.02,10.0,21.0
776,31.94,10.0,25.0
777,31.22,13.0,38.0
778,26.48,10.0,38.0
779,29.58,11.0,47.0
780,32.5,11.0,47.0
781,31.85,,45.0
782,26.61,17.0,45.0
783,31.59,20.0,27.0
784,24.02,15.0,24.0
785,20.43,14.0,21.0
786,20.26,13.0,17.0
787,22.82,19.0,15.0
788,38.06,27.0,16.0
789,45.39,31.0,24.0
790,52.26,36.0,23.0
791,47.96,47.0,27.0
792,33.54,,28.0
793,21.17,36.0,26.0
794,18.83,42.0,33.0
795,,36.0,36.0
796,11.97,18.0,33.0
797,10.89,9.0,6.0
798,9.38,9.0,8.0
799,9.48,11.0,5.0
800,7.97,25.0,4.0
801,6.02,32.0,7.0
802,6.14,31.0,7.0
803,6.8,22.0,
804,8.09,14.0,
805,7.13,12.0,9.0
806,7.54,11.0,
807,8.41,9.0,
808,8.17,7.0,
809,,7.0,
810,7.47,8.0,
811,8.16,10.0,
812,8.26,14.0,
813,10.86,16.0,
814,7.91,17.0,
815,7.89,18.0,
816,7.29,13.0,
817,6.78,12.0,
818,7.04,13.0,
819,6.72,15.0,
820,6.51,22.0,
821,7.01,17.0,
822,7.96,27.0,
823,8.09,29.0,
824,8.79,34.0,
825,10.34,30.0,
826,9.63,25.0,
827,9.81,26.0,
828,10.97,25.0,7.0
829,12.16,22.0,5.0
830,10.03,17.0,5.0
831,11.76,16.0,4.0
832,11.17,17.0,5.0
833,8.82,15.0,6.0
834,7.38,16.0,5.0
835,,16.0,6.0
836,9.43,17.0,6.0
837,6.85,22.0,
838,8.7,39.0,9.0
839,7.85,92.0,12.0
840,6.68,76.0,12.0
841,6.69,42.0,7.0
842,,46.0,5.0
843,6.22,36.0,5.0
844,4.59,33.0,7.0
845,5.5,41.0,10.0
846,6.43,41.0,8.0
847,11.26,41.0,9.0
848,12.89,45.0,8.0
849,24.42,32.0,8.0
850,15.2,42.0,7.0
851,18.18,44.0,7.0
852,23.79,42.0,8.0
853,23.1,36.0,7.0
854,13.36,27.0,6.0
855,13.03,26.0,6.0
856,13.09,22.0,5.0
857,12.33,15.0,5.0
858,10.02,13.0,5.0
859,8.55,19.0,7.0
860,9.85,18.0,8.0
861,11.14,28.0,8.0
862,19.85,47.0,7.0
863,21.66,31.0,6.0
864,14.92,26.0,6.0
865,13.35,22.0,4.0
866,12.23,19.0,4.0
867,10.86,13.0,5.0
868,9.84,11.0,5.0
869,18.24,10.0,9.0
870,16.89,11.0,11.0
871,18.25,13.0,18.0
872,24.87,20.0,13.0
873,29.7,30.0,15.0
874,23.39,35.0,24.0
875,31.22,45.0,33.0
876,22.87,53.0,19.0
877,24.88,46.0,7.0
878,26.86,45.0,8.0
879,25.61,44.0,10.0
880,22.89,24.0,6.0
881,28.66,13.0,6.0
882,43.06,13.0,5.0
883,26.95,,9.0
884,22.32,16.0,10.0
885,24.16,22.0,9.0
886,42.67,22.0,16.0
887,35.15,,13.0
888,27.96,21.0,11.0
889,29.28,14.0,11.0
890,27.8,10.0,13.0
891,22.74,8.0,25.0
892,24.65,13.0,28.0
893,26.25,15.0,15.0
894,38.86,18.0,13.0
895,39.14,19.0,15.0
896,35.59,22.0,26.0
897,28.32,26.0,32.0
898,29.21,26.0,19.0
899,15.21,27.0,20.0
900,12.93,30.0,24.0
901,10.59,33.0,19.0
902,8.61,41.0,23.0
903,8.26,34.0,21.0
904,7.81,31.0,15.0
905,8.98,29.0,13.0
906,12.12,35.0,16.0
907,10.22,18.0,15.0
908,13.36,15.0,19.0
909,22.31,14.0,24.0
910,31.87,15.0,33.0
911,22.18,17.0,47.0
912,22.27,15.0,52.0
913,22.42,14.0,89.0
914,22.22,12.0,29.0
915,25.57,14.0,30.0
916,32.07,13.0,46.0
917,52.53,12.0,39.0
918,42.36,11.0,32.0
919,43.05,9.0,29.0
920,33.04,8.0,29.0
921,34.67,8.0,96.0
922,31.52,7.0,47.0
923,24.32,8.0,33.0
924,18.16,9.0,44.0
925,9.67,9.0,21.0
926,14.55,10.0,12.0
927,20.46,11.0,11.0
928,22.07,10.0,10.0
929,20.63,10.0,11.0
930,15.1,9.0,14.0
931,12.88,10.0,15.0
932,9.65,15.0,
933,12.35,17.0,
934,18.72,17.0,
935,14.81,,
936,11.35,21.0,
937,16.54,39.0,
938,13.09,19.0,
939,22.83,17.0,
940,15.74,20.0,
941,16.16,26.0,
942,18.95,21.0,
943,18.73,28.0,
944,22.76,18.0,
945,29.31,21.0,
946,26.82,20.0,
947,31.69,20.0,41.0
948,37.3,14.0,33.0
949,28.8,12.0,25.0
950,20.99,10.0,21.0
951,15.02,12.0,22.0
952,20.4,12.0,19.0
953,17.91,11.0,21.0
954,20.04,11.0,20.0
955,15.23,12.0,19.0
956,16.99,11.0,24.0
957,15.05,13.0,25.0
958,16.5,20.0,27.0
959,13.44,20.0,37.0
960,9.07,15.0,34.0
961,9.21,18.76,25.0
962,10.61,11.98,24.0
963,12.79,17.89,24.0
964,10.18,15.3,23.0
965,11.18,10.4,25.0
966,13.43,20.57,26.0
967,16.26,24.63,29.0
968,20.24,17.35,37.0
969,25.94,18.54,37.0
970,29.49,13.0,46.0
971,29.14,8.85,46.0
972,26.52,,44.0
973,30.61,,34.0
974,34.92,6.04,27.0
975,30.6,,27.0
976,27.24,,28.0
977,30.92,,29.0
978,27.24,,26.0
979,25.65,6.11,29.0
980,20.49,6.93,37.0
981,15.38,8.37,44.0
982,15.57,7.14,43.0
983,12.43,6.92,34.0
984,9.32,7.35,32.0
985,8.32,5.69,33.0
986,8.3,5.55,31.0
987,9.8,5.57,34.0
988,9.69,4.67,45.0
989,10.69,5.52,46.0
990,19.04,5.65,49.0
991,15.01,11.14,50.0
992,14.85,11.43,49.0
993,24.74,15.72,43.0
994,32.28,12.42,33.0
995,37.73,9.93,14.0
996,52.04,7.12,13.0
997,65.93,6.88,10.0
998,50.11,8.12,8.0
999,45.2,11.42,6.0
1000,26.54,12.39,7.0
1001,20.31,11.4,8.0
1002,16.76,16.18,10.0
1003,14.91,20.3,11.0
1004,9.84,,16.0
1005,10.37,19.55,18.0
1006,14.06,21.0,15.0
1007,15.81,24.41,8.0
1008,21.47,16.27,5.0
1009,20.48,16.63,5.0
1010,18.56,19.55,5.0
1011,25.82,19.38,4.0
1012,28.6,7.16,4.0
1013,27.84,6.0,5.0
1014,30.51,7.25,8.0
1015,31.17,15.52,9.0
1016,48.11,10.4,8.0
1017,65.73,8.63,7.0
1018,57.04,8.26,9.0
1019,35.15,10.92,8.0
1020,23.1,12.22,7.0
1021,21.03,15.65,7.0
1022,23.07,10.34,5.0
1023,18.07,9.44,4.0
1024,12.92,11.14,5.0
1025,12.76,9.89,5.0
1026,12.61,10.7,6.0
1027,13.11,11.41,9.0
1028,11.51,17.46,8.0
1029,11.34,45.95,9.0
1030,13.36,34.84,12.0
1031,13.13,20.61,8.0
1032,11.22,15.7,7.0
1033,10.74,8.76,9.0
1034,,9.88,13.0
1035,8.11,11.77,9.0
1036,10.39,7.96,6.0
1037,8.86,10.33,7.0
1038,6.86,13.36,7.0
1039,7.04,14.28,15.0
1040,,18.72,13.0
1041,,26.65,18.0
1042,,26.81,17.0
1043,,18.83,19.0
1044,,20.16,17.0
1045,,18.66,12.0
1046,,24.61,12.0
1047,,28.18,11.0
1048,,18.99,11.0
1049,,14.94,12.0
1050,,12.57,10.0
1051,,14.42,9.0
1052,,15.79,10.0
1053,,22.73,14.0
1054,,21.54,22.0
1055,,15.9,12.0
1056,,13.45,8.0
1057,,11.53,7.0
1058,11.91,13.57,8.0
1059,11.89,16.18,9.0
1060,18.05,15.55,9.0
1061,12.89,13.2,8.0
1062,11.57,15.28,10.0
1063,16.46,17.58,9.0
1064,18.33,28.45,10.0
1065,20.89,34.35,11.0
1066,15.21,37.85,14.0
1067,15.89,47.83,20.0
1068,25.13,31.8,24.0
1069,23.01,10.72,31.0
1070,17.42,7.73,41.0
1071,13.47,6.46,33.0
1072,13.64,17.31,31.0
1073,11.93,15.06,30.0
1074,10.7,13.63,26.0
1075,9.29,13.04,24.0
1076,10.2,14.69,23.0
1077,13.33,21.21,20.0
1078,18.79,22.31,24.0
1079,25.15,23.7,28.0
1080,13.88,22.27,36.0
1081,10.44,16.49,38.0
1082,15.42,14.63,29.0
1083,13.99,28.83,25.0
1084,17.53,28.46,26.0
1085,10.02,26.98,48.0
1086,12.8,25.57,33.0
1087,15.81,27.39,28.0
1088,20.61,36.63,34.0
1089,25.74,53.86,38.0
1090,21.73,62.89,40.0
1091,24.06,55.2,30.0
1092,26.94,41.77,32.0
1093,36.23,17.8,30.0
1094,28.64,14.89,22.0
1095,20.99,11.14,32.0
1096,16.47,11.69,30.0
1097,13.89,21.31,38.0
1098,11.98,17.72,35.0
1099,12.7,16.94,37.0
1100,14.41,20.6,40.0
1101,19.06,30.52,36.0
1102,20.94,47.92,37.0
1103,25.9,56.53,29.0
1104,17.9,58.56,27.0
1105,10.54,73.7,19.0
1106,10.13,68.69,19.0
1107,10.9,70.09,17.0
1108,12.48,75.17,17.0
1109,16.76,55.28,18.0
1110,9.49,43.79,12.0
1111,17.15,36.67,14.0
1112,23.16,49.11,17.0
1113,22.57,20.92,15.0
1114,24.93,15.32,22.0
1115,26.67,18.33,21.0
1116,36.49,14.03,26.0
1117,41.66,11.29,40.0
1118,46.22,7.86,33.0
1119,111.61,6.92,21.0
1120,56.97,6.67,14.0
1121,28.87,8.16,10.0
1122,19.39,6.4,10.0
1123,15.94,7.15,8.0
1124,17.81,7.88,10.0
1125,24.22,9.56,12.0
1126,30.28,15.97,15.0
1127,35.07,11.51,18.0
1128,49.52,9.57,19.0
1129,43.36,12.07,16.0
1130,40.4,11.61,14.0
1131,45.44,9.17,8.0
1132,45.95,5.49,6.0
1133,44.66,4.27,4.0
1134,39.07,3.7,4.0
1135,45.16,4.2,4.0
1136,40.68,4.26,5.0
1137,32.74,4.65,7.0
1138,36.73,4.21,5.0
1139,52.03,4.27,7.0
1140,37.52,4.15,8.0
1141,31.38,4.8,8.0
1142,28.47,5.12,7.0
1143,25.66,4.58,8.0
1144,23.7,4.51,10.0
1145,24.76,5.12,10.0
1146,23.91,6.68,11.0
1147,21.51,10.45,11.0
1148,17.87,9.94,
1149,17.56,9.02,12.0
1150,24.68,11.59,15.0
1151,15.86,11.41,12.0
1152,13.25,8.0,10.0
1153,14.73,6.98,10.0
1154,22.53,7.44,
1155,12.54,9.22,9.0
1156,9.91,10.67,8.0
1157,8.4,14.88,8.0
1158,7.41,11.35,7.0
1159,7.99,13.24,6.0
1160,9.01,12.85,6.0
1161,8.75,13.73,7.0
1162,9.5,13.12,8.0
1163,9.01,9.36,8.0
1164,8.75,8.55,13.0
1165,9.31,8.65,16.0
1166,9.0,7.46,20.0
1167,9.06,7.63,21.0
1168,8.43,8.69,22.0
1169,8.29,9.18,24.0
1170,11.72,11.27,26.0
1171,12.43,10.43,29.0
1172,10.42,13.67,28.0
1173,15.15,19.07,32.0
1174,12.14,31.97,34.0
1175,11.86,45.64,29.0
1176,9.67,27.58,31.0
1177,8.83,25.07,40.0
1178,5.76,28.33,35.0
1179,5.32,41.26,34.0
1180,8.12,39.53,31.0
1181,14.18,47.0,30.0
1182,21.66,46.24,26.0
1183,29.6,44.78,31.0
1184,26.86,39.03,38.0
1185,33.64,37.74,50.0
1186,36.1,31.33,56.0
1187,25.0,29.18,66.0
1188,17.87,16.9,74.0
1189,15.5,11.17,70.0
1190,12.25,11.77,82.0
1191,12.32,13.05,74.0
1192,14.77,15.96,63.0
1193,13.36,17.32,49.0
1194,13.44,19.46,31.0
1195,14.8,15.54,26.0
1196,15.51,18.69,18.0
1197,19.65,49.95,20.0
1198,37.57,57.83,24.0
1199,44.61,79.83,27.0
1200,35.84,54.65,34.0
1201,23.51,18.71,40.0
1202,15.04,10.17,37.0
1203,18.8,8.13,32.0
1204,12.62,11.24,38.0
1205,14.87,10.16,42.0
1206,17.99,9.85,36.0
1207,20.75,14.73,38.0
1208,22.73,18.22,51.0
1209,22.04,18.09,57.0
1210,18.71,16.76,57.0
1211,13.18,19.09,66.0
1212,15.71,19.77,66.0
1213,20.88,16.78,40.0
1214,19.08,14.87,3.0
1215,19.29,13.72,37.0
1216,24.37,13.25,25.0
1217,20.41,13.14,19.0
1218,16.65,12.57,14.0
1219,16.98,13.86,10.0
1220,17.64,14.65,13.0
1221,23.65,16.23,16.0
1222,51.27,20.07,26.0
1223,58.56,32.36,22.0
1224,23.04,32.7,13.0
1225,11.26,45.6,
1226,14.24,55.89,
1227,21.37,35.63,
1228,19.45,19.93,17.0
1229,21.27,20.08,
1230,20.18,20.04,
1231,22.01,22.25,
1232,28.63,25.41,
1233,22.6,29.27,
1234,26.38,28.88,49.0
1235,,29.03,33.0
1236,62.64,27.9,32.0
1237,41.9,31.0,25.0
1238,29.26,27.43,40.0
1239,22.48,21.81,49.0
1240,19.8,22.85,29.0
1241,13.08,29.09,16.0
1242,12.45,25.19,13.0
1243,14.87,21.08,14.0
1244,16.05,25.8,16.0
1245,26.62,27.04,18.0
1246,19.73,25.6,25.0
1247,20.9,18.59,35.0
1248,22.55,18.04,28.0
1249,25.58,20.0,20.0
1250,28.3,21.0,17.0
1251,29.5,25.0,14.0
1252,25.31,31.0,15.0
1253,28.32,31.0,17.0
1254,29.46,46.0,18.0
1255,27.75,34.0,23.0
1256,29.55,36.0,30.0
1257,36.44,50.0,27.0
1258,30.75,37.0,26.0
1259,19.39,16.0,22.0
1260,13.69,13.0,20.0
1261,10.32,10.0,12.0
1262,15.6,8.0,9.0
1263,21.12,7.0,8.0
1264,15.83,6.0,6.0
1265,15.88,9.0,4.0
1266,13.0,12.0,7.0
1267,12.95,20.0,17.0
1268,17.49,20.0,16.0
1269,20.73,27.0,18.0
1270,21.95,24.0,18.0
1271,20.94,19.0,19.0
1272,21.76,25.0,19.0
1273,23.84,29.0,20.0
1274,25.04,29.0,19.0
1275,27.59,28.0,18.0
1276,25.53,30.0,17.0
1277,28.35,35.0,19.0
1278,34.42,37.0,20.0
1279,37.61,21.0,34.0
1280,41.04,15.0,32.0
1281,37.55,26.0,27.0
1282,33.83,49.0,13.0
1283,28.95,36.0,11.0
1284,38.15,18.0,11.0
1285,,11.0,14.0
1286,32.81,9.0,12.0
1287,22.78,10.0,16.0
1288,22.11,12.0,18.0
1289,18.85,13.0,18.0
1290,20.08,12.0,19.0
1291,22.61,13.0,16.0
1292,20.28,18.0,15.0
1293,22.02,18.0,16.0
1294,24.19,26.0,19.0
1295,18.61,29.0,29.0
1296,15.67,23.0,28.0
1297,15.58,21.0,19.0
1298,16.83,24.0,15.0
1299,16.99,22.0,14.0
1300,14.44,27.0,19.0
1301,9.91,25.0,19.0
1302,8.75,22.0,18.0
1303,11.38,23.0,23.0
1304,14.29,20.0,27.0
1305,14.74,25.0,24.0
1306,17.47,30.0,27.0
1307,24.16,28.0,21.0
1308,29.85,27.0,12.0
1309,31.19,26.0,8.0
1310,35.41,26.0,9.0
1311,39.82,29.0,10.0
1312,34.89,28.0,12.0
1313,34.16,24.0,11.0
1314,28.32,22.0,11.0
1315,20.65,21.0,10.0
1316,23.28,20.0,14.0
1317,21.26,23.0,24.0
1318,18.82,34.0,21.0
1319,17.76,24.0,14.0
1320,14.88,19.0,14.0
1321,15.06,15.0,15.0
1322,12.31,15.0,14.0
1323,11.99,,12.0
1324,13.02,16.0,13.0
1325,11.82,17.0,14.0
1326,11.56,17.0,28.0
1327,12.07,19.0,26.0
1328,13.7,19.0,23.0
1329,15.25,,21.0
1330,17.7,20.0,29.0
1331,15.51,24.0,24.0
1332,12.18,30.0,26.0
1333,11.15,32.0,25.0
1334,14.75,25.0,24.0
1335,,21.0,31.0
1336,32.59,21.0,25.0
1337,36.0,20.0,22.0
1338,32.31,16.0,23.0
1339,32.4,17.0,23.0
1340,29.85,21.0,26.0
1341,27.22,28.0,41.0
1342,28.57,23.0,49.0
1343,26.18,20.0,37.0
1344,26.97,20.0,33.0
1345,26.03,17.0,31.0
1346,26.7,16.0,29.0
1347,22.07,17.0,23.0
1348,18.99,16.0,24.0
1349,15.32,19.0,24.0
1350,13.42,24.0,32.0
1351,14.27,22.0,35.0
1352,16.63,23.0,51.0
1353,17.47,22.0,55.0
1354,20.32,22.0,60.0
1355,21.12,23.0,62.0
1356,23.06,25.0,40.0
1357,24.16,27.0,25.0
1358,25.12,28.0,19.0
1359,27.39,28.0,25.0
1360,34.91,24.0,25.0
1361,43.01,24.0,27.0
1362,59.79,22.0,29.0
1363,74.47,24.0,23.0
1364,76.1,29.0,20.0
1365,78.82,34.0,21.0
1366,,34.0,25.0
1367,79.86,28.0,27.0
1368,43.53,33.0,30.0
1369,28.78,27.0,33.0
1370,23.11,23.0,26.0
1371,25.83,24.0,21.0
1372,28.38,23.0,33.0
1373,27.3,23.0,29.0
1374,19.94,25.0,30.0
1375,15.73,24.0,38.0
1376,14.89,30.0,44.0
1377,14.34,35.0,51.0
1378,12.45,35.0,60.0
1379,11.58,22.0,55.0
1380,16.24,25.0,30.0
1381,21.2,24.0,16.0
1382,16.14,20.0,13.0
1383,12.82,16.0,10.0
1384,10.73,15.0,10.0
1385,11.43,24.0,
1386,12.02,22.0,
1387,11.75,19.0,11.0
1388,13.01,19.0,24.0
1389,13.87,21.0,28.0
1390,19.76,21.0,28.0
1391,17.87,23.0,31.0
1392,16.09,31.0,35.0
1393,13.26,27.0,42.0
1394,18.05,30.0,49.0
1395,17.27,22.0,42.0
1396,17.58,22.0,39.0
1397,23.86,42.0,38.0
1398,21.79,34.0,40.0
1399,26.73,40.0,34.0
1400,34.79,51.0,40.0
1401,34.02,50.0,41.0
1402,34.44,35.0,35.0
1403,27.7,33.0,30.0
1404,19.21,28.0,19.0
1405,16.32,26.0,18.0
1406,11.24,27.0,27.0
1407,9.3,29.0,39.0
1408,8.31,26.0,34.0
1409,8.83,28.0,25.0
1410,10.06,24.0,22.0
1411,8.18,21.0,23.0
1412,8.48,23.0,30.0
1413,9.73,24.0,37.0
1414,13.93,29.0,38.0
1415,11.61,31.0,41.0
1416,9.87,26.0,58.0
1417,,,72.0
1418,10.44,26.0,74.0
1419,16.1,28.0,67.0
1420,17.38,31.0,49.0
1421,15.3,26.0,31.0
1422,14.76,30.0,22.0
1423,23.31,28.0,17.0
1424,29.4,34.0,17.0
1425,27.87,40.0,23.0
1426,36.48,43.0,23.0
1427,36.68,53.0,21.0
1428,33.23,59.0,22.0
1429,20.88,52.0,24.0
1430,14.67,51.0,24.0
1431,14.34,39.0,30.0
1432,15.13,27.0,32.0
1433,13.27,24.0,30.0
1434,13.96,20.0,26.0
1435,14.98,19.0,26.0
1436,,25.0,29.0
1437,13.35,30.0,27.0
1438,16.53,22.0,26.0
1439,24.91,24.0,21.0
1440,16.65,31.0,18.0
1441,13.06,31.0,
1442,15.17,,16.0
1443,10.56,30.0,16.0
1444,9.66,30.0,17.0
1445,9.08,31.0,19.0
1446,12.15,28.0,33.0
1447,15.5,16.0,30.0
1448,11.97,16.0,31.0
1449,21.13,19.0,38.0
1450,22.12,19.0,43.0
1451,18.66,24.0,40.0
1452,27.72,40.0,33.0
1453,25.45,31.0,36.0
1454,22.26,24.0,31.0
1455,21.34,17.0,27.0
1456,21.36,15.0,26.0
1457,23.52,14.0,24.0
1458,23.97,16.0,24.0
1459,23.07,20.0,25.0
1460,21.56,21.0,23.0
1461,25.68,,19.0
1462,33.05,,20.0
1463,27.73,41.0,21.0
1464,25.44,65.0,19.0
1465,19.86,162.0,18.0
1466,17.56,43.0,18.0
1467,16.5,29.0,
1468,21.28,32.0,24.0
1469,12.83,26.0,24.0
1470,10.31,25.0,28.0
1471,9.24,19.0,22.0
1472,12.55,15.0,32.0
1473,12.03,20.0,42.0
1474,18.88,18.0,44.0
1475,15.7,13.0,53.0
1476,15.79,15.0,70.0
1477,18.76,11.0,53.0
1478,22.28,13.0,38.0
1479,21.92,12.0,27.0
1480,26.31,12.0,19.0
1481,33.35,14.0,18.0
1482,34.18,17.0,17.0
1483,31.98,18.0,15.0
1484,26.08,16.0,17.0
1485,24.71,20.0,25.0
1486,,23.0,41.0
1487,8.88,24.0,29.0
1488,7.68,19.0,28.0
1489,6.57,16.0,23.0
1490,7.49,35.0,23.0
1491,7.12,43.0,21.0
1492,7.72,26.0,22.0
1493,10.8,18.0,28.0
1494,10.68,13.0,30.0
1495,9.64,18.0,30.0
1496,12.63,21.0,29.0
1497,14.43,20.0,30.0
1498,15.95,16.0,32.0
1499,23.68,21.0,36.0
1500,28.32,23.0,38.0
1501,26.28,19.0,37.0
1502,23.99,18.0,31.0
1503,18.02,21.0,28.0
1504,17.33,20.0,28.0
1505,16.28,20.0,26.0
1506,19.32,21.0,25.0
1507,16.28,18.0,28.0
1508,14.85,20.0,28.0
1509,18.11,24.0,26.0
1510,23.23,22.0,30.0
1511,14.69,16.0,32.0
1512,15.68,15.0,26.0
1513,19.31,11.0,23.0
1514,14.64,12.0,21.0
1515,15.12,11.0,20.0
1516,14.88,9.0,23.0
1517,15.86,8.0,23.0
1518,14.99,9.0,25.0
1519,13.47,11.0,27.0
1520,15.86,11.0,27.0
1521,19.92,15.0,32.0
1522,21.95,19.0,35.0
1523,27.75,23.0,39.0
1524,33.43,25.0,41.0
1525,44.95,25.0,41.0
1526,33.05,19.0,39.0
1527,,16.0,32.0
1528,24.07,20.0,29.0
1529,21.61,17.0,28.0
1530,21.42,15.0,27.0
1531,19.73,18.0,28.0
1532,22.23,19.0,27.0
1533,36.33,26.0,28.0
1534,46.01,33.0,31.0
1535,34.73,18.0,27.0
1536,22.8,14.0,27.0
1537,22.76,14.0,
1538,24.15,13.0,25.0
1539,22.44,14.0,27.0
1540,21.17,16.0,28.0
1541,20.25,19.0,30.0
1542,20.76,20.0,40.0
1543,20.46,20.0,44.0
1544,19.06,21.0,40.0
1545,21.28,22.0,38.0
1546,23.28,21.0,46.0
1547,24.01,26.0,46.0
1548,,33.0,28.0
1549,32.37,30.0,18.0
1550,33.34,30.0,11.0
1551,36.67,28.0,11.0
1552,36.07,28.0,10.0
1553,28.84,,9.0
1554,27.01,25.0,16.0
1555,28.12,23.0,19.0
1556,30.39,22.0,18.0
1557,37.0,26.0,18.0
1558,31.4,27.0,25.0
1559,25.18,30.0,21.0
1560,24.74,23.0,21.0
1561,29.86,22.0,
1562,30.52,22.0,23.0
1563,31.37,23.0,29.0
1564,30.44,23.0,36.0
1565,30.41,25.0,36.0
1566,31.4,27.0,35.0
1567,28.75,29.0,34.0
1568,30.71,29.0,37.0
1569,42.86,31.0,41.0
1570,35.69,32.0,40.0
1571,37.99,34.0,40.0
1572,24.44,39.0,41.0
1573,19.12,42.0,41.0
1574,10.66,43.0,35.0
1575,10.36,43.0,33.0
1576,8.69,46.0,31.0
1577,8.17,34.0,29.0
1578,8.06,29.0,24.0
1579,7.54,30.0,22.0
1580,8.36,34.0,22.0
1581,9.95,35.0,24.0
1582,10.07,32.0,30.0
1583,9.53,22.0,23.0
1584,7.48,22.0,24.0
1585,7.11,,24.0
1586,6.62,20.0,
1587,6.74,16.0,25.0
1588,6.61,16.0,25.0
1589,6.89,,26.0
1590,8.0,17.0,27.0
1591,9.19,21.0,30.0
1592,9.63,23.0,32.0
1593,11.52,23.0,32.0
1594,12.11,27.0,30.0
1595,15.53,31.0,32.0
1596,18.17,33.0,33.0
1597,17.97,36.0,38.0
1598,16.84,39.0,40.0
1599,17.83,41.0,37.0
1600,18.65,40.0,40.0
1601,17.4,29.0,38.0
1602,13.72,28.0,37.0
1603,13.39,30.0,39.0
1604,11.22,34.0,39.0
1605,10.29,42.0,30.0
1606,13.19,28.0,33.0
1607,13.3,23.0,37.0
1608,12.2,19.0,34.0
1609,10.99,18.0,32.0
1610,10.1,17.0,35.0
1611,10.68,18.0,35.0
1612,14.54,18.0,47.0
1613,13.15,20.0,53.0
1614,18.63,19.0,44.0
1615,17.35,20.0,49.0
1616,18.22,22.0,
1617,18.95,23.0,53.0
1618,13.56,29.0,42.0
1619,12.0,26.0,27.0
1620,22.36,30.0,25.0
1621,32.59,33.0,16.0
1622,17.63,35.0,14.0
1623,9.29,35.0,11.0
1624,10.17,34.0,10.0
1625,8.32,43.0,10.0
1626,11.42,33.0,
1627,15.59,29.0,14.0
1628,11.43,31.0,13.0
1629,15.09,39.0,14.0
1630,12.99,39.0,29.0
1631,13.72,29.0,38.0
1632,9.94,22.0,27.0
1633,9.83,17.0,29.0
1634,8.26,15.0,31.0
1635,21.39,14.0,12.0
1636,20.6,15.0,6.0
1637,16.95,17.0,9.0
1638,18.38,18.0,9.0
1639,18.69,21.0,10.0
1640,26.16,20.0,9.0
1641,26.54,22.0,8.0
1642,26.77,23.0,9.0
1643,30.67,26.0,10.0
1644,36.58,24.0,9.0
1645,21.75,27.0,9.0
1646,19.97,24.0,7.0
1647,19.26,23.0,6.0
1648,16.1,23.0,7.0
1649,13.66,,7.0
1650,13.76,,8.0
1651,13.43,20.0,7.0
1652,11.59,21.0,7.0
1653,9.78,23.0,8.0
1654,9.13,27.0,9.0
1655,8.94,29.0,14.0
1656,14.12,29.0,9.0
1657,16.74,,8.0
1658,7.41,27.0,9.0
1659,7.11,30.0,6.0
1660,8.07,28.0,5.0
1661,14.01,26.0,4.0
1662,20.76,30.0,4.0
1663,29.24,29.0,4.0
1664,23.81,32.0,5.0
1665,27.74,32.0,5.0
1666,34.29,33.0,6.0
1667,36.25,40.0,6.0
1668,31.26,40.0,7.0
1669,23.31,37.0,8.0
1670,22.61,35.0,9.0
1671,14.63,40.0,8.0
1672,14.76,38.0,10.0
1673,31.13,37.0,9.0
1674,28.99,34.0,13.0
1675,24.28,33.0,21.0
1676,28.29,31.0,19.0
1677,30.54,39.0,13.0
1678,23.09,47.0,12.0
1679,19.91,49.0,9.0
1680,17.18,56.0,8.0
1681,13.07,57.0,8.0
1682,10.4,46.0,9.0
1683,9.39,56.0,10.0
1684,8.24,51.0,8.0
1685,6.97,56.0,10.0
1686,6.67,52.0,11.0
1687,5.99,53.0,12.0
1688,6.21,53.0,11.0
1689,6.24,59.0,13.0
1690,6.11,42.0,18.0
1691,7.21,26.0,23.0
1692,7.76,37.0,23.0
1693,9.43,22.0,22.0
1694,11.98,13.0,20.0
1695,13.88,10.0,19.0
1696,20.4,10.0,20.0
1697,16.12,,19.0
1698,10.78,11.0,15.0
1699,9.49,12.0,12.0
1700,10.22,14.0,12.0
1701,13.57,21.0,10.0
1702,17.55,32.0,12.0
1703,16.16,29.0,13.0
1704,11.63,22.0,9.0
1705,10.11,15.0,8.0
1706,17.05,21.0,7.0
1707,10.92,20.0,7.0
1708,10.83,16.0,8.0
1709,14.94,15.0,9.0
1710,13.99,14.0,10.0
1711,12.23,14.0,11.0
1712,14.18,,13.0
1713,18.12,,16.0
1714,18.65,,20.0
1715,16.41,12.0,26.0
1716,14.81,11.0,33.0
1717,14.09,10.0,36.0
1718,13.77,14.0,34.0
1719,14.78,14.0,32.0
1720,16.86,18.0,30.0
1721,18.69,18.0,26.0
1722,16.17,22.0,17.0
1723,16.45,25.0,17.0
1724,20.22,26.0,21.0
1725,31.96,20.0,22.0
1726,23.09,16.0,25.0
1727,14.9,17.0,26.0
1728,10.04,16.0,21.0
1729,8.96,13.0,19.0
1730,12.96,12.0,19.0
1731,10.3,10.0,20.0
1732,9.37,8.0,27.0
1733,10.99,11.0,14.0
1734,13.88,9.0,18.0
1735,19.49,4.0,27.0
1736,26.25,4.0,33.0
1737,23.08,6.0,36.0
1738,25.15,9.0,40.0
1739,26.34,4.0,40.0
1740,17.2,4.0,31.0
1741,16.1,5.0,15.0
1742,19.14,6.0,10.0
1743,17.91,6.0,10.0
1744,16.78,8.0,9.0
1745,,10.0,13.0
1746,17.75,7.0,10.0
1747,21.82,6.0,14.0
1748,21.25,4.0,11.0
1749,24.57,5.0,13.0
1750,36.37,6.0,14.0
1751,30.43,5.0,14.0
1752,54.28,6.0,18.0
1753,55.69,5.0,20.0
1754,29.87,6.0,23.0
1755,33.39,13.0,23.0
1756,13.97,9.0,24.0
1757,13.76,6.0,23.0
1758,11.98,5.0,22.0
1759,12.43,10.0,18.0
1760,19.51,9.0,20.0
1761,28.78,8.0,27.0
1762,18.27,11.0,25.0
1763,13.52,10.0,26.0
1764,11.97,7.0,30.0
1765,11.42,8.0,23.0
1766,,10.0,17.0
1767,11.48,13.0,17.0
1768,11.25,24.0,
1769,11.86,26.0,20.0
1770,13.06,15.0,16.0
1771,15.06,10.0,18.0
1772,17.65,9.0,22.0
1773,28.81,10.0,23.0
1774,27.49,8.0,29.0
1775,22.75,12.0,46.0
1776,14.12,8.0,30.0
1777,15.63,10.0,30.0
1778,13.58,13.0,29.0
1779,10.95,12.0,27.0
1780,14.82,15.0,28.0
1781,26.32,20.0,29.0
1782,33.4,15.0,30.0
1783,30.53,13.0,33.0
1784,32.86,12.0,35.0
1785,38.1,12.0,37.0
1786,23.68,17.0,36.0
1787,20.41,20.0,33.0
1788,22.51,24.0,33.0
1789,24.59,30.0,35.0
1790,20.23,34.0,30.0
1791,22.3,26.0,21.0
1792,21.23,20.0,23.0
1793,19.66,17.0,25.0
1794,18.7,16.0,20.0
1795,19.15,15.0,24.0
1796,17.15,19.0,27.0
1797,17.67,21.0,28.0
1798,16.16,25.0,29.0
1799,13.6,30.0,29.0
1800,12.33,24.0,27.0
1801,18.49,21.0,25.0
1802,16.76,19.0,23.0
1803,17.07,26.0,14.0
1804,18.82,27.0,11.0
1805,26.1,32.0,10.0
1806,21.04,19.0,10.0
1807,22.8,15.0,11.0
1808,26.67,14.0,12.0
1809,32.61,14.0,11.0
1810,45.72,12.0,6.0
1811,29.23,11.0,6.0
1812,21.7,10.0,10.0
1813,13.47,10.0,14.0
1814,11.63,9.0,28.0
1815,15.09,9.0,36.0
1816,18.72,,28.0
1817,9.55,10.0,28.0
1818,12.27,9.0,26.0
1819,8.9,8.0,26.0
1820,8.48,7.0,
1821,19.11,7.0,27.0
1822,26.6,,36.0
1823,33.52,,34.0
1824,40.38,8.0,28.0
1825,49.22,6.0,22.0
1826,27.82,5.0,20.0
1827,32.3,4.0,10.0
1828,17.69,4.0,8.0
1829,15.49,4.0,9.0
1830,13.94,5.0,10.0
1831,18.36,5.0,28.0
1832,19.11,7.0,21.0
1833,24.72,6.0,13.0
1834,89.56,8.0,14.0
1835,100.56,8.0,14.0
1836,75.36,9.0,12.0
1837,65.25,10.0,10.0
1838,33.87,10.0,13.0
1839,23.17,9.0,15.0
1840,22.98,11.0,19.0
1841,30.3,10.0,22.0
1842,31.9,11.0,18.0
1843,20.89,12.0,15.0
1844,18.41,14.0,10.0
1845,18.19,11.0,11.0
1846,27.95,16.0,9.0
1847,22.94,12.0,5.0
1848,17.63,12.0,4.0
1849,16.43,8.0,3.0
1850,15.49,6.0,3.0
1851,15.37,5.0,2.0
1852,14.72,5.0,2.0
1853,19.52,6.0,
1854,24.54,6.0,2.0
1855,22.69,5.0,2.0
1856,23.78,6.0,3.0
1857,19.71,9.0,
1858,11.88,9.0,2.0
1859,11.77,8.0,
1860,10.56,8.0,2.0
1861,11.19,11.0,6.0
1862,10.83,15.0,7.0
1863,11.39,15.0,5.0
1864,13.11,19.0,4.0
1865,12.1,27.0,4.0
1866,11.45,,5.0
1867,14.06,33.0,5.0
1868,19.31,15.0,4.0
1869,22.05,14.0,3.0
1870,30.02,15.0,3.0
1871,29.89,17.0,8.0
1872,,16.0,9.0
1873,15.5,17.0,7.0
1874,10.52,15.0,10.0
1875,8.42,12.0,8.0
1876,8.82,11.0,8.0
1877,10.77,9.0,7.0
1878,11.67,9.0,8.0
1879,9.45,11.0,11.0
1880,9.73,8.0,13.0
1881,10.04,9.0,13.0
1882,17.73,8.0,
1883,13.65,10.0,11.0
1884,14.96,19.0,12.0
1885,13.46,18.0,15.0
1886,15.83,20.0,15.0
1887,17.69,20.0,
1888,19.7,22.0,16.0
1889,15.39,27.0,16.0
1890,16.64,22.0,12.0
1891,18.06,24.0,13.0
1892,23.51,25.0,14.0
1893,16.47,20.0,10.0
1894,13.53,26.0,9.0
1895,13.4,32.0,12.0
1896,16.54,28.0,9.0
1897,10.38,25.0,9.0
1898,11.09,21.0,8.0
1899,10.49,19.0,8.0
1900,10.53,18.0,7.0
1901,10.76,20.0,7.0
1902,11.41,21.0,8.0
1903,11.45,28.0,7.0
1904,15.23,31.0,8.0
1905,21.0,37.0,11.0
1906,23.91,24.0,12.0
1907,26.77,25.0,20.0
1908,29.78,38.0,19.0
1909,34.48,37.0,27.0
1910,30.88,35.0,40.0
1911,22.4,42.0,40.0
1912,21.21,31.0,23.0
1913,21.8,23.0,17.0
1914,20.88,19.0,12.0
1915,22.78,15.0,13.0
1916,19.55,16.0,18.0
1917,23.96,18.0,17.0
1918,32.26,17.0,17.0
1919,28.02,29.0,16.0
1920,20.26,23.0,13.0
1921,35.95,17.0,13.0
1922,32.46,17.0,17.0
1923,14.48,,12.0
1924,14.55,,9.0
1925,13.73,18.0,11.0
1926,14.42,18.0,17.0
1927,14.52,17.0,19.0
1928,14.66,28.0,26.0
1929,19.28,24.0,51.0
1930,21.58,33.0,33.0
1931,24.38,42.0,26.0
1932,17.36,37.0,34.0
1933,16.74,29.0,22.0
1934,12.06,21.0,16.0
1935,12.28,20.0,17.0
1936,11.44,18.0,16.0
1937,11.78,17.0,23.0
1938,25.4,17.0,22.0
1939,17.66,18.0,16.0
1940,15.04,20.0,9.0
1941,15.39,21.0,8.0
1942,22.14,23.0,11.0
1943,24.86,17.0,13.0
1944,27.32,16.0,16.0
1945,18.1,17.0,
1946,18.63,16.0,
1947,15.9,14.0,
1948,16.21,14.0,
1949,20.13,15.0,
1950,25.51,16.0,
1951,28.76,18.0,
1952,31.17,20.0,
1953,34.31,26.0,
1954,37.25,30.0,
1955,42.0,34.0,
1956,33.3,36.0,
1957,30.61,33.0,
1958,27.88,37.0,
1959,25.12,28.0,
1960,25.69,22.0,
1961,24.2,20.0,
1962,25.76,19.0,
1963,25.99,20.0,
1964,24.36,20.0,
1965,20.35,21.0,
1966,18.75,23.0,
1967,15.42,22.0,
1968,10.58,25.0,
1969,8.44,23.0,27.0
1970,8.47,21.0,37.0
1971,9.74,20.0,21.0
1972,14.2,17.0,7.0
1973,14.25,22.0,7.0
1974,21.98,22.0,
1975,20.23,23.0,8.0
1976,24.01,30.0,10.0
1977,19.97,34.0,10.0
1978,,26.0,
1979,17.38,25.0,
1980,18.59,15.0,11.0
1981,10.76,26.0,10.0
1982,8.09,13.0,10.0
1983,8.02,11.0,8.0
1984,7.01,10.0,8.0
1985,7.65,10.0,9.0
1986,7.95,11.0,9.0
1987,6.41,12.0,10.0
1988,8.47,12.0,11.0
1989,18.26,16.0,16.0
1990,25.13,20.0,14.0
1991,21.78,27.0,14.0
1992,17.49,27.0,
1993,31.7,22.0,13.0
1994,41.51,24.0,13.0
1995,50.1,25.0,14.0
1996,40.9,31.0,13.0
1997,55.0,33.0,14.0
1998,49.53,21.0,16.0
1999,47.06,8.0,14.0
2000,49.5,7.0,15.0
2001,53.24,8.0,17.0
2002,46.79,9.0,19.0
2003,52.87,8.0,20.0
2004,43.28,7.0,17.0
2005,35.72,7.0,21.0
2006,19.08,,23.0
2007,12.28,9.0,27.0
2008,11.57,13.0,27.0
2009,15.8,13.0,20.0
2010,22.54,,16.0
2011,20.99,11.0,17.0
2012,15.26,13.0,21.0
2013,24.67,22.0,29.0
2014,32.65,29.0,48.0
2015,,36.0,26.0
2016,19.96,27.0,18.0
2017,29.3,21.0,14.0
2018,22.61,22.0,10.0
2019,19.66,25.0,11.0
2020,22.29,24.0,15.0
2021,31.83,26.0,20.0
2022,25.56,27.0,26.0
2023,41.1,29.0,27.0
2024,37.15,29.0,35.0
2025,34.93,34.0,31.0
2026,28.75,30.0,29.0
2027,25.14,29.0,12.0
2028,30.01,28.0,6.0
2029,,26.0,6.0
2030,37.44,23.0,5.0
2031,26.69,20.0,13.0
2032,33.6,20.0,12.0
2033,30.85,21.0,14.0
2034,29.52,27.0,15.0
2035,26.74,29.0,17.0
2036,22.76,31.0,18.0
2037,37.37,31.0,20.0
2038,48.02,37.0,25.0
2039,31.97,39.0,29.0
2040,25.02,31.0,26.0
2041,26.91,23.0,10.0
2042,18.06,21.0,8.0
2043,17.04,23.0,11.0
2044,,24.0,10.0
2045,13.66,22.0,9.0
2046,14.26,22.0,9.0
2047,14.98,23.0,18.0
2048,16.01,27.0,21.0
2049,17.05,31.0,15.0
2050,18.67,34.0,12.0
2051,21.34,33.0,5.0
2052,20.57,26.0,4.0
2053,23.87,26.0,5.0
2054,25.47,25.0,7.0
2055,33.9,27.0,7.0
2056,46.24,28.0,6.0
2057,48.51,23.0,6.0
2058,47.43,22.0,5.0
2059,48.81,24.0,5.0
2060,48.65,25.0,6.0
2061,56.07,27.0,7.0
2062,53.57,26.0,10.0
2063,19.3,26.0,14.0
2064,12.72,24.0,19.0
2065,14.6,26.0,17.0
2066,8.82,29.0,18.0
2067,8.24,25.0,18.0
2068,8.88,25.0,
2069,7.44,,19.0
2070,7.84,,18.0
2071,9.57,26.0,17.0
2072,11.9,28.0,18.0
2073,16.23,25.0,19.0
2074,17.84,20.0,22.0
2075,18.07,18.0,25.0
2076,16.43,17.0,20.0
2077,25.3,19.0,17.0
2078,23.15,11.0,16.0
2079,30.78,7.0,14.0
2080,48.34,9.0,12.0
2081,38.94,7.0,13.0
2082,42.45,9.0,14.0
2083,42.76,9.0,14.0
2084,43.69,11.0,13.0
2085,40.18,11.0,13.0
2086,41.33,,
2087,27.8,,17.0
2088,24.17,14.0,15.0
2089,23.53,14.0,13.0
2090,21.58,13.0,11.0
2091,22.55,12.0,9.0
2092,,15.0,10.0
2093,,13.0,9.0
2094,28.33,14.0,10.0
2095,27.4,15.0,12.0
2096,38.62,19.0,15.0
2097,39.37,23.0,17.0
2098,42.31,23.0,19.0
2099,45.41,24.0,21.0
2100,49.17,22.0,19.0
2101,52.67,18.0,13.0
2102,56.55,17.0,12.0
2103,53.84,23.0,12.0
2104,,23.0,10.0
2105,50.43,17.0,10.0
2106,51.71,12.0,11.0
2107,,18.0,10.0
2108,,17.0,12.0
2109,33.63,16.0,12.0
2110,37.25,17.0,13.0
2111,41.6,17.0,15.0
2112,,18.0,10.0
2113,40.66,17.0,8.0
2114,37.84,16.0,7.0
2115,39.74,18.0,6.0
2116,42.99,19.0,6.0
2117,39.24,19.0,5.0
2118,38.86,27.0,6.0
2119,38.36,28.0,6.0
2120,62.93,35.0,8.0
2121,58.57,32.0,10.0
2122,78.84,35.0,9.0
2123,39.96,37.0,9.0
2124,32.78,41.0,
2125,23.5,43.0,10.0
2126,49.98,46.0,11.0
2127,82.68,45.0,13.0
2128,79.58,39.0,11.0
2129,54.58,24.0,12.0
2130,27.75,25.0,11.0
2131,21.78,24.0,12.0
2132,16.37,21.0,13.0
2133,,26.0,15.0
2134,,40.0,14.0
2135,24.39,55.0,11.0
2136,16.6,65.0,9.0
2137,12.47,69.0,8.0
2138,12.55,69.0,8.0
2139,12.0,51.0,7.0
2140,13.89,44.0,8.0
2141,26.47,38.0,8.0
2142,20.95,34.0,11.0
2143,23.04,31.0,10.0
2144,26.54,32.0,12.0
2145,28.45,40.0,12.0
2146,24.81,35.0,15.0
2147,21.28,30.0,20.0
2148,21.52,42.0,17.0
2149,32.31,45.0,14.0
2150,28.21,45.0,12.0
2151,27.31,44.0,14.0
2152,30.2,38.0,15.0
2153,28.82,34.0,16.0
2154,29.76,33.0,16.0
2155,30.08,27.0,15.0
2156,22.43,28.0,15.0
2157,25.57,32.0,21.0
2158,38.23,46.0,26.0
2159,23.63,59.0,24.0
2160,18.31,53.0,22.0
2161,,,19.0
2162,15.64,36.0,17.0
2163,30.28,29.0,18.0
2164,43.66,29.0,24.0
2165,22.8,24.0,25.0
2166,21.9,21.0,25.0
2167,30.47,23.0,
2168,33.09,27.0,29.0
2169,34.19,31.0,29.0
2170,25.77,39.0,
2171,21.16,24.0,31.0
2172,26.31,18.0,31.0
2173,27.06,15.0,30.0
2174,24.83,19.0,30.0
2175,27.33,23.0,26.0
2176,28.91,25.0,30.0
2177,28.01,22.0,23.0
2178,26.96,22.0,15.0
2179,27.23,,13.0
2180,27.08,25.0,17.0
2181,26.02,25.0,23.0
2182,23.96,32.0,25.0
2183,22.82,33.0,25.0
2184,19.85,28.0,26.0
2185,18.82,22.0,
2186,20.45,21.0,31.0
2187,23.95,20.0,33.0
2188,21.86,22.0,33.0
2189,23.03,22.0,32.0
2190,21.72,,31.0
2191,23.11,23.0,32.0
2192,24.29,22.0,34.0
2193,24.09,24.0,39.0
2194,,26.0,43.0
2195,47.91,27.0,47.0
2196,30.92,28.0,57.0
2197,,29.0,52.0
2198,29.33,29.0,39.0
2199,29.24,27.0,36.0
2200,23.9,32.0,30.0
2201,22.83,30.0,33.0
2202,29.66,28.0,30.0
2203,,25.0,30.0
2204,28.7,24.0,35.0
2205,35.24,28.0,42.0
2206,34.93,37.0,38.0
2207,31.71,42.0,39.0
2208,,31.0,45.0
2209,25.92,29.0,47.0
2210,27.3,27.0,31.0
2211,26.26,26.0,27.0
2212,21.82,25.0,74.0
2213,20.98,24.0,49.0
2214,20.25,27.0,29.0
2215,20.43,27.0,23.0
2216,19.83,31.0,14.0
2217,20.13,35.0,15.0
2218,30.36,31.0,12.0
2219,40.88,35.0,9.0
2220,39.42,41.0,7.0
2221,39.25,32.0,7.0
2222,33.42,27.0,8.0
2223,24.17,27.0,8.0
2224,22.95,24.0,
2225,27.59,31.0,
2226,27.59,30.0,
2227,27.69,25.0,
2228,23.56,25.0,7.0
2229,28.23,29.0,8.0
2230,32.23,30.0,11.0
2231,30.38,28.0,8.0
2232,19.46,27.0,7.0
2233,18.12,27.0,5.0
2234,17.97,,4.0
2235,17.85,25.0,4.0
2236,20.28,28.0,5.0
2237,23.8,31.0,5.0
2238,29.27,34.0,6.0
2239,28.15,30.0,8.0
2240,28.76,33.0,10.0
2241,28.38,43.0,14.0
2242,29.08,42.0,9.0
2243,28.46,41.0,43.0
2244,37.05,44.0,16.0
2245,37.46,50.0,14.0
2246,,48.0,10.0
2247,40.45,39.0,9.0
2248,34.58,36.0,7.0
2249,27.41,33.0,6.0
2250,26.5,32.0,6.0
2251,27.03,36.0,
2252,27.96,39.0,8.0
2253,29.81,50.0,8.0
2254,33.28,56.0,10.0
2255,,77.0,8.0
2256,34.76,60.0,6.0
2257,35.82,57.0,8.0
2258,37.09,52.0,18.0
2259,39.33,41.0,11.0
2260,37.6,44.0,15.0
2261,40.21,40.0,12.0
2262,44.42,43.0,14.0
2263,45.55,34.0,21.0
2264,44.19,35.0,18.0
2265,55.82,34.0,17.0
2266,40.85,39.0,22.0
2267,,49.0,10.0
2268,,36.0,11.0
2269,,25.0,8.0
2270,,24.0,9.0
2271,,23.0,9.0
2272,,31.0,8.0
2273,,30.0,7.0
2274,,26.0,7.0
2275,,22.0,
2276,,21.0,
2277,,19.0,9.0
2278,,18.0,11.0
2279,,20.0,9.0
2280,,19.0,7.0
2281,,16.0,9.0
2282,33.59,18.0,9.0
2283,41.31,18.0,
2284,41.42,19.0,
2285,29.95,16.0,
2286,23.94,12.0,10.0
2287,27.42,11.0,12.0
2288,35.49,12.0,20.0
2289,42.45,13.0,15.0
2290,27.69,10.0,13.0
2291,18.88,14.0,12.0
2292,15.97,11.0,14.0
2293,8.63,10.0,11.0
2294,7.22,10.0,12.0
2295,27.77,8.0,12.0
2296,81.91,8.0,13.0
2297,55.57,10.0,12.0
2298,49.34,10.0,12.0
2299,30.9,11.0,
2300,21.63,11.0,
2301,18.87,9.0,11.0
2302,17.54,10.0,10.0
2303,17.76,12.0,10.0
2304,13.51,14.0,
2305,14.07,10.0,13.0
2306,12.55,8.0,9.0
2307,10.59,9.0,8.0
2308,11.38,9.0,6.0
2309,10.49,8.0,9.0
2310,10.44,7.0,8.0
2311,8.88,7.0,17.0
2312,11.85,,21.0
2313,11.95,6.0,15.0
2314,9.63,4.0,19.0
2315,9.75,5.0,31.0
2316,8.05,6.0,27.0
2317,13.18,6.0,17.0
2318,14.58,7.0,26.0
2319,16.65,6.0,26.0
2320,21.2,7.0,20.0
2321,16.9,13.0,15.0
2322,,7.0,14.0
2323,19.79,7.0,12.0
2324,14.19,8.0,12.0
2325,16.12,7.0,20.0
2326,20.85,8.0,26.0
2327,19.97,10.0,21.0
2328,16.49,10.0,20.0
2329,22.02,12.0,18.0
2330,17.85,11.0,15.0
2331,19.84,10.0,16.0
2332,19.04,9.0,17.0
2333,19.18,9.0,17.0
2334,18.14,,16.0
2335,23.06,8.0,19.0
2336,24.45,5.0,22.0
2337,23.87,5.0,30.0
2338,20.09,5.0,20.0
2339,21.5,8.0,21.0
2340,23.63,8.0,18.0
2341,22.72,9.0,18.0
2342,25.3,11.0,16.0
2343,26.96,12.0,15.0
2344,,16.0,16.0
2345,27.36,18.0,16.0
2346,29.35,17.0,
2347,27.76,21.0,20.0
2348,48.12,24.0,19.0
2349,45.9,24.0,19.0
2350,31.03,35.0,18.0
2351,21.98,28.0,19.0
2352,21.08,21.0,17.0
2353,14.49,12.0,14.0
2354,11.7,8.0,13.0
2355,9.74,4.0,13.0
2356,21.03,5.0,16.0
2357,15.72,7.0,14.0
2358,16.68,6.0,14.0
2359,26.55,7.0,20.0
2360,30.79,6.0,30.0
2361,40.38,7.0,29.0
2362,25.54,8.0,31.0
2363,23.85,6.0,30.0
2364,27.16,6.0,29.0
2365,38.9,8.0,29.0
2366,49.18,8.0,33.0
2367,,11.0,31.0
2368,46.38,11.0,31.0
2369,42.02,19.0,26.0
2370,37.81,17.0,24.0
2371,38.78,13.0,27.0
2372,37.47,13.0,28.0
2373,,,27.0
2374,39.76,10.0,32.0
2375,48.76,11.0,35.0
2376,62.04,6.0,42.0
2377,29.01,5.0,45.0
2378,23.8,4.0,42.0
2379,31.61,4.0,36.0
2380,21.33,3.0,34.0
2381,18.85,,34.0
2382,16.95,,35.0
2383,17.46,,40.0
2384,21.74,2.0,42.0
2385,23.42,3.0,45.0
2386,32.62,5.0,45.0
2387,46.38,4.0,48.0
2388,41.4,3.0,44.0
2389,37.05,4.0,38.0
2390,33.51,5.0,37.0
2391,29.54,5.0,40.0
2392,29.63,7.0,26.0
2393,34.86,8.0,21.0
2394,33.44,8.0,29.0
2395,33.75,,31.0
2396,34.44,10.0,21.0
2397,30.19,10.0,26.0
2398,24.25,6.0,30.0
2399,23.95,6.0,32.0
2400,24.57,,29.0
2401,23.27,,29.0
2402,23.19,5.0,74.0
2403,22.81,4.0,40.0
2404,26.27,6.0,23.0
2405,23.98,7.0,14.0
2406,25.36,9.0,13.0
2407,25.6,11.0,15.0
2408,29.05,12.0,16.0
2409,32.36,14.0,16.0
2410,31.89,20.0,
2411,8.85,21.0,13.0
2412,12.27,18.0,11.0
2413,8.01,20.0,9.0
2414,6.86,21.0,7.0
2415,7.17,16.0,6.0
2416,5.96,19.0,6.0
2417,5.67,22.0,
2418,5.69,19.0,
2419,5.98,9.0,
2420,11.51,11.0,
2421,20.12,13.0,7.0
2422,20.94,13.0,11.0
2423,21.38,12.0,19.0
2424,25.57,12.0,8.0
2425,23.74,14.0,7.0
2426,29.31,12.0,8.0
2427,27.82,13.0,8.0
2428,23.96,11.0,7.0
2429,25.62,12.0,6.0
2430,25.47,12.0,7.0
2431,25.7,13.0,7.0
2432,25.29,23.0,11.0
2433,36.12,21.0,11.0
2434,33.36,20.0,13.0
2435,46.88,18.0,14.0
2436,48.73,15.0,12.0
2437,56.19,16.0,11.0
2438,37.39,19.0,10.0
2439,16.56,21.0,9.0
2440,26.45,17.0,9.0
2441,33.45,14.0,8.0
2442,31.2,12.0,8.0
2443,23.52,11.0,
2444,25.82,11.0,10.0
2445,21.45,12.0,9.0
2446,23.75,18.0,12.0
2447,28.77,18.0,12.0
2448,30.68,12.0,10.0
2449,26.69,9.0,9.0
2450,25.05,10.0,10.0
2451,28.2,11.0,11.0
2452,27.76,9.0,13.0
2453,28.19,10.0,12.0
2454,28.78,9.0,12.0
2455,31.48,16.0,9.0
2456,30.04,13.0,11.0
2457,10.51,18.0,15.0
2458,12.78,15.0,18.0
2459,10.79,14.0,17.0
2460,9.06,13.0,13.0
2461,6.22,11.0,14.0
2462,5.3,12.0,13.0
2463,5.42,12.0,11.0
2464,6.02,15.0,9.0
2465,4.84,13.0,9.0
2466,4.62,13.0,10.0
2467,7.23,14.0,13.0
2468,10.15,16.0,10.0
2469,21.85,18.0,10.0
2470,16.34,25.0,13.0
2471,18.68,22.0,13.0
2472,23.24,16.0,9.0
2473,26.84,11.0,9.0
2474,29.71,11.0,11.0
2475,24.5,,14.0
2476,22.72,14.0,9.0
2477,25.17,13.0,8.0
2478,25.08,17.0,9.0
2479,26.13,23.0,9.0
2480,25.2,20.0,13.0
2481,27.19,27.0,12.0
2482,25.98,35.0,11.0
2483,27.14,46.0,14.0
2484,27.21,33.0,15.0
2485,30.84,29.0,16.0
2486,29.84,27.0,18.0
2487,30.31,27.0,17.0
2488,29.64,28.0,16.0
2489,26.61,24.0,16.0
2490,27.81,22.0,17.0
2491,27.74,21.0,17.0
2492,29.4,19.0,20.0
2493,29.52,25.0,14.0
2494,,30.0,17.0
2495,26.39,29.0,25.0
2496,25.03,28.0,18.0
2497,,28.0,15.0
2498,23.87,,14.0
2499,23.71,30.0,11.0
2500,26.63,29.0,10.0
2501,28.18,25.0,11.0
2502,30.44,28.0,13.0
2503,30.76,32.0,11.0
2504,30.65,29.0,15.0
2505,29.15,10.0,12.0
2506,31.05,11.0,13.0
2507,34.84,9.0,16.0
2508,42.22,7.0,17.0
2509,,6.0,16.0
2510,44.05,6.0,18.0
2511,49.02,7.0,18.0
2512,51.96,6.0,20.0
2513,40.96,5.0,24.0
2514,31.26,5.0,26.0
2515,34.35,6.0,24.0
2516,38.45,8.0,21.0
2517,37.56,10.0,24.0
2518,40.13,16.0,19.0
2519,31.79,34.0,18.0
2520,27.92,41.0,13.0
2521,26.66,39.0,12.0
2522,31.34,37.0,18.0
2523,31.54,39.0,13.0
2524,34.24,26.0,17.0
2525,32.78,22.0,16.0
2526,32.89,15.0,19.0
2527,35.35,17.0,21.0
2528,35.31,19.0,25.0
2529,36.84,16.0,25.0
2530,40.06,19.0,28.0
2531,41.68,14.0,28.0
2532,42.48,14.0,30.0
2533,40.19,15.0,35.0
2534,36.38,14.0,35.0
2535,38.93,16.0,27.0
2536,40.6,17.0,25.0
2537,47.87,16.0,23.0
2538,53.08,14.0,20.0
2539,53.18,17.0,19.0
2540,45.26,17.0,21.0
2541,56.79,23.0,24.0
2542,55.93,18.0,23.0
2543,40.63,15.0,22.0
2544,26.87,15.0,20.0
2545,25.68,16.0,21.0
2546,24.19,19.0,21.0
2547,20.8,13.0,22.0
2548,18.68,14.0,24.0
2549,19.5,13.0,25.0
2550,20.08,12.0,30.0
2551,20.46,11.0,29.0
2552,19.9,13.0,30.0
2553,19.73,19.0,28.0
2554,23.12,22.0,31.0
2555,27.65,22.0,30.0
2556,28.68,,28.0
2557,31.72,,24.0
2558,32.96,21.0,23.0
2559,34.46,21.0,22.0
2560,39.38,22.0,21.0
2561,43.05,20.0,20.0
2562,45.25,17.0,23.0
2563,43.21,20.0,22.0
2564,39.72,20.0,23.0
2565,31.21,18.0,21.0
2566,25.12,13.0,20.0
2567,25.64,12.0,21.0
2568,21.93,11.0,20.0
2569,22.1,11.0,19.0
2570,18.85,,18.0
2571,19.42,,18.0
2572,18.12,12.0,19.0
2573,18.54,13.0,22.0
2574,21.1,14.0,22.0
2575,22.78,15.0,25.0
2576,23.34,16.0,25.0
2577,26.18,16.0,
2578,27.99,18.0,27.0
2579,22.22,24.0,32.0
2580,19.61,22.0,35.0
2581,29.43,21.0,34.0
2582,28.78,22.0,37.0
2583,29.52,22.0,36.0
2584,30.27,24.0,31.0
2585,29.33,25.0,30.0
2586,25.99,25.0,34.0
2587,27.15,26.0,32.0
2588,27.9,24.0,31.0
2589,29.55,21.0,32.0
2590,28.01,24.0,40.0
2591,26.29,20.0,36.0
2592,24.74,14.0,35.0
2593,23.78,14.0,32.0
2594,23.76,15.0,21.0
2595,21.28,16.0,22.0
2596,20.99,17.0,19.0
2597,18.12,13.0,21.0
2598,17.84,14.0,23.0
2599,15.0,16.0,24.0
2600,18.31,17.0,25.0
2601,18.19,22.0,28.0
2602,17.05,21.0,32.0
2603,15.36,22.0,38.0
2604,15.74,23.0,40.0
2605,15.14,25.0,42.0
2606,12.29,25.0,42.0
2607,12.26,,41.0
2608,13.4,21.0,44.0
2609,14.22,17.0,50.0
2610,16.66,17.0,52.0
2611,16.88,20.0,45.0
2612,17.28,21.0,41.0
2613,14.41,24.0,18.0
2614,11.67,19.0,10.0
2615,10.6,19.0,19.0
2616,10.61,20.0,17.0
2617,8.82,18.0,26.0
2618,10.21,19.0,36.0
2619,11.12,18.0,35.0
2620,11.5,19.0,35.0
2621,15.67,21.0,
2622,12.37,19.0,38.0
2623,11.37,18.0,33.0
2624,12.4,16.0,26.0
2625,13.57,22.0,24.0
2626,16.83,23.0,24.0
2627,22.53,24.0,35.0
2628,29.21,26.0,36.0
2629,29.03,26.0,30.0
2630,33.29,27.0,27.0
2631,42.14,29.0,29.0
2632,44.86,27.0,31.0
2633,35.96,26.0,32.0
2634,28.95,25.0,33.0
2635,26.3,27.0,32.0
2636,28.82,26.0,33.0
2637,28.79,26.0,27.0
2638,30.72,29.0,19.0
2639,29.92,30.0,17.0
2640,21.91,29.0,19.0
2641,17.48,28.51,18.0
2642,17.9,23.29,21.0
2643,19.68,21.71,18.0
2644,21.33,25.93,16.0
2645,18.86,30.51,14.0
2646,21.05,32.79,13.0
2647,21.61,32.13,15.0
2648,24.62,32.76,16.0
2649,25.13,33.41,17.0
2650,29.82,34.02,17.0
2651,29.72,33.67,13.0
2652,31.17,34.3,
2653,28.52,30.48,16.0
2654,29.39,24.85,
2655,35.02,15.12,23.0
2656,36.55,16.24,21.0
2657,33.94,17.92,24.0
2658,34.22,17.31,24.0
2659,33.38,18.57,26.0
2660,34.51,18.0,27.0
2661,25.87,22.0,32.0
2662,24.36,20.0,37.0
2663,24.92,17.0,38.0
2664,25.21,15.0,11.0
2665,26.37,16.0,15.0
2666,27.79,15.0,10.0
2667,31.06,15.0,6.0
2668,31.32,17.0,3.0
2669,34.85,18.0,3.0
2670,38.2,15.0,3.0
2671,42.08,13.0,4.0
2672,42.7,13.0,3.0
2673,43.52,14.0,2.0
2674,40.69,18.0,
2675,40.1,19.0,2.0
2676,40.85,22.0,2.0
2677,38.4,26.0,5.0
2678,39.14,24.0,5.0
2679,34.6,22.0,5.0
2680,33.56,24.0,5.0
2681,32.42,24.0,5.0
2682,29.0,23.0,4.0
2683,26.76,23.0,4.0
2684,23.85,,5.0
2685,22.42,27.0,
2686,18.71,25.0,
2687,17.13,17.0,
2688,16.55,16.0,7.0
2689,16.51,18.0,4.0
2690,15.77,,3.0
2691,16.59,14.0,5.0
2692,16.03,16.0,
2693,15.81,19.0,
2694,16.15,23.0,5.0
2695,16.76,19.0,
2696,17.57,20.0,8.0
2697,19.19,22.0,
2698,20.54,27.0,5.0
2699,23.48,25.0,
2700,26.69,22.0,
2701,27.83,21.0,11.0
2702,30.19,19.0,16.0
2703,28.57,13.0,15.0
2704,27.44,15.0,10.0
2705,25.77,12.0,8.0
2706,27.27,8.0,6.0
2707,,10.0,5.0
2708,31.63,10.0,3.0
2709,33.22,9.0,
2710,24.37,9.0,
2711,,,3.0
2712,17.56,7.0,3.0
2713,16.86,7.0,3.0
2714,15.6,10.0,4.0
2715,14.81,12.0,4.0
2716,16.21,14.0,
2717,15.7,15.0,5.0
2718,14.32,10.0,7.0
2719,14.32,12.0,8.0
2720,15.82,14.0,
2721,18.17,12.0,9.0
2722,18.83,8.0,
2723,20.49,6.0,
2724,25.91,9.0,
2725,27.69,16.0,18.0
2726,25.68,18.0,20.0
2727,23.71,26.0,16.0
2728,25.48,18.0,14.0
2729,33.41,18.0,11.0
2730,26.39,17.0,10.0
2731,27.51,21.0,8.0
2732,27.28,18.0,8.0
2733,24.33,11.0,9.0
2734,23.75,10.0,13.0
2735,18.93,10.0,14.0
2736,18.91,11.0,13.0
2737,19.65,6.0,12.0
2738,20.8,7.0,16.0
2739,21.55,11.0,15.0
2740,22.8,16.0,20.0
2741,25.01,17.0,24.0
2742,26.52,18.0,22.0
2743,25.73,21.0,22.0
2744,26.47,19.0,18.0
2745,29.53,16.0,20.0
2746,30.48,27.0,21.0
2747,30.43,31.0,22.0
2748,33.62,31.0,21.0
2749,32.16,28.0,17.0
2750,38.45,23.0,12.0
2751,34.69,16.0,14.0
2752,33.56,16.0,16.0
2753,34.09,13.0,16.0
2754,30.73,12.0,17.0
2755,37.14,,17.0
2756,32.89,12.0,18.0
2757,34.81,15.0,21.0
2758,45.09,14.0,17.0
2759,,18.0,17.0
2760,,17.0,
2761,,14.0,
2762,3.81,17.0,18.0
2763,4.44,15.0,22.0
2764,5.22,12.0,22.0
2765,7.87,15.0,21.0
2766,8.02,17.0,20.0
2767,11.37,17.0,
2768,12.43,20.0,23.0
2769,12.96,18.0,24.0
2770,12.13,24.0,26.0
2771,7.53,25.0,25.0
2772,16.06,22.0,26.0
2773,7.83,17.0,25.0
2774,5.52,17.0,23.0
2775,5.31,16.0,22.0
2776,5.61,17.0,21.0
2777,7.42,17.0,23.0
2778,7.01,20.0,24.0
2779,7.23,22.0,23.0
2780,7.75,19.0,25.0
2781,8.13,20.0,29.0
2782,,23.0,33.0
2783,10.92,24.0,30.0
2784,11.84,22.0,31.0
2785,11.21,18.0,30.0
2786,7.39,14.0,30.0
2787,7.54,14.0,24.0
2788,7.9,18.0,20.0
2789,10.07,20.0,19.0
2790,6.77,23.0,19.0
2791,10.16,25.0,21.0
2792,10.89,23.0,25.0
2793,17.26,26.0,27.0
2794,15.08,29.0,28.0
2795,16.83,17.0,31.0
2796,14.69,15.0,32.0
2797,11.51,15.0,39.0
2798,10.93,13.0,36.0
2799,15.3,12.0,37.0
2800,10.39,12.0,34.0
2801,8.92,14.0,29.0
2802,8.69,13.0,24.0
2803,12.16,13.0,26.0
2804,9.73,14.0,26.0
2805,10.22,16.0,31.0
2806,9.86,14.0,34.0
2807,9.01,14.0,35.0
2808,8.09,12.0,31.0
2809,8.58,10.0,29.0
2810,8.5,9.0,29.0
2811,6.96,11.0,31.0
2812,7.6,14.0,37.0
2813,7.23,12.0,38.0
2814,7.68,13.0,38.0
2815,11.27,19.0,36.0
2816,16.96,22.0,35.0
2817,17.81,22.0,38.0
2818,17.59,24.0,40.0
2819,18.29,23.0,40.0
2820,18.27,17.0,38.0
2821,13.03,15.0,43.0
2822,12.74,14.0,42.0
2823,13.6,19.0,43.0
2824,13.57,23.0,35.0
2825,15.19,20.0,31.0
2826,20.52,16.0,28.0
2827,15.77,16.0,32.0
2828,21.26,17.0,33.0
2829,13.57,22.0,38.0
2830,11.24,27.0,42.0
2831,11.44,27.0,45.0
2832,10.38,50.0,48.0
2833,10.07,16.0,49.0
2834,9.58,10.0,47.0
2835,9.49,9.0,49.0
2836,,8.0,48.0
2837,38.94,7.0,52.0
2838,23.3,7.0,
2839,15.65,5.0,51.0
2840,22.62,6.0,48.0
2841,20.02,6.0,47.0
2842,21.67,7.0,47.0
2843,26.24,12.0,44.0
2844,32.37,13.0,35.0
2845,35.59,12.0,34.0
2846,31.89,10.0,26.0
2847,32.38,9.0,22.0
2848,29.6,8.0,17.0
2849,24.0,8.0,15.0
2850,22.01,,16.0
2851,19.7,,15.0
2852,15.5,,16.0
2853,15.9,12.0,18.0
2854,19.11,15.0,24.0
2855,17.34,15.0,22.0
2856,22.67,17.0,22.0
2857,26.49,18.0,19.0
2858,27.19,14.0,15.0
2859,28.2,18.0,18.0
2860,26.44,16.0,20.0
2861,29.67,19.0,25.0
2862,29.48,17.0,28.0
2863,29.87,16.0,29.0
2864,28.8,24.0,28.0
2865,30.4,27.0,26.0
2866,32.98,26.0,28.0
2867,30.08,15.0,28.0
2868,27.87,8.0,32.0
2869,27.7,9.0,34.0
2870,29.85,9.0,35.0
2871,32.43,,34.0
2872,26.87,10.0,35.0
2873,26.09,12.0,33.0
2874,26.99,11.0,30.0
2875,27.4,12.0,30.0
2876,28.48,12.0,28.0
2877,29.43,28.0,28.0
2878,28.02,32.0,33.0
2879,28.53,24.0,35.0
2880,15.64,14.0,38.0
2881,,,35.0
2882,22.22,11.0,32.0
2883,23.13,11.0,23.0
2884,22.22,10.0,
2885,19.44,11.0,
2886,21.12,14.0,
2887,24.64,12.0,31.0
2888,24.74,13.0,31.0
2889,27.2,12.0,33.0
2890,30.25,12.0,35.0
2891,31.56,13.0,34.0
2892,33.54,14.0,33.0
2893,33.74,15.0,30.0
2894,36.33,,33.0
2895,35.12,,32.0
2896,36.24,,32.0
2897,39.19,,30.0
2898,38.65,,31.0
2899,35.53,,31.0
2900,21.05,,33.0
2901,15.43,,32.0
2902,16.23,,35.0
2903,16.52,,33.0
2904,16.95,,33.0
2905,16.12,,
2906,16.39,,30.0
2907,13.69,,29.0
2908,16.2,,29.0
2909,18.42,,25.0
2910,21.09,,21.0
2911,24.12,,22.0
2912,29.23,,20.0
2913,29.48,,
2914,33.22,,25.0
2915,35.11,,
2916,35.25,,
2917,37.68,,30.0
2918,41.82,,29.0
2919,43.52,,27.0
2920,41.48,,27.0
2921,36.75,,31.0
2922,30.86,,33.0
2923,31.43,,34.0
2924,32.82,,36.0
2925,34.06,,34.0
2926,24.56,,32.0
2927,17.73,,31.0
2928,17.67,,27.0
2929,18.89,,27.0
2930,18.11,,28.0
2931,18.77,,30.0
2932,19.91,,29.0
2933,20.42,,31.0
2934,20.96,,32.0
2935,25.42,,33.0
2936,26.74,,35.0
2937,29.34,,40.0
2938,29.73,,41.0
2939,31.29,,41.0
2940,30.09,,
2941,31.5,,38.0
2942,38.21,,31.0
2943,40.5,,10.0
2944,40.81,,8.0
2945,39.9,,8.0
2946,39.38,,14.0
2947,36.64,,32.0
2948,36.85,,33.0
2949,32.17,,32.0
2950,28.35,,31.0
2951,,,35.0
2952,27.06,,38.0
2953,25.23,,30.0
2954,25.34,,28.0
2955,24.12,,27.0
2956,26.67,,27.0
2957,27.28,,29.0
2958,29.6,,28.0
2959,33.49,,30.0
2960,38.62,,32.0
2961,44.1,,33.0
2962,46.64,,35.0
2963,46.3,,39.0
2964,46.33,,33.0
2965,45.08,,33.0
2966,43.46,,31.0
2967,41.98,,35.0
2968,42.02,,40.0
2969,44.15,,41.0
2970,44.47,,32.0
2971,44.25,,32.0
2972,36.32,,
2973,31.73,,33.0
2974,30.19,,36.0
2975,27.54,,32.0
2976,27.65,,25.0
2977,29.77,,24.0
2978,28.45,,16.0
2979,29.59,,14.0
2980,30.24,,
2981,31.57,,17.0
2982,34.31,,20.0
2983,35.91,,
2984,40.14,,21.0
2985,39.69,,23.0
2986,41.16,,26.0
2987,46.01,,29.0
2988,,,27.0
2989,,,28.0
2990,,,26.0
2991,,,25.0
2992,,,29.0
2993,,,30.0
2994,,,31.0
2995,,,33.0
2996,,,35.0
2997,,,39.0
2998,,,40.0
2999,,,28.0
3000,,,23.0
3001,,,24.0
3002,,,23.0
3003,,,23.0
3004,,,24.0
3005,,,24.0
3006,,,
3007,,,32.0
3008,,,34.0
3009,,,32.0
3010,,,29.0
3011,,,29.0
3012,,,27.0
3013,,,28.0
3014,,,28.0
3015,,,29.0
3016,,,
3017,,,38.0
3018,,,35.0
3019,,,36.0
3020,,,32.0
3021,,,38.0
3022,,,26.0
3023,,,23.0
3024,41.92,,22.0
3025,38.6,,20.0
3026,30.15,,20.0
3027,29.48,,
3028,26.2,,
3029,28.7,,22.0
3030,30.85,,21.0
3031,30.05,,23.0
3032,31.51,,
3033,31.52,,35.0
3034,37.34,,37.0
3035,41.9,,37.0
3036,39.52,,33.0
3037,41.55,,34.0
3038,36.33,,37.0
3039,32.08,,35.0
3040,28.13,,32.0
3041,28.29,,25.0
3042,27.9,,24.0
3043,32.36,,24.0
3044,37.86,,26.0
3045,46.99,,27.0
3046,49.71,,28.0
3047,51.92,,29.0
3048,44.33,,
3049,43.42,,
3050,42.54,,
3051,44.94,,
3052,42.72,,
3053,41.71,,
3054,44.85,,
3055,49.56,,
3056,48.54,,
3057,50.36,,
3058,52.32,,39.0
3059,55.34,,39.0
3060,53.45,,32.0
3061,49.13,,29.0
3062,54.43,,22.0
3063,60.01,,31.0
3064,45.39,,38.0
3065,43.25,,33.0
3066,45.11,,35.0
3067,44.53,,34.0
3068,46.43,,38.0
3069,41.44,,38.0
3070,38.75,,42.0
3071,46.3,,43.0
3072,43.98,,
3073,39.56,,
3074,39.63,,
3075,41.65,,
3076,45.34,,
3077,46.92,,
3078,47.36,,
3079,49.46,,
3080,53.18,,
3081,53.51,,
3082,58.0,,35.0
3083,57.45,,40.0
3084,57.56,,47.0
3085,58.94,,40.0
3086,57.82,,39.0
3087,57.38,,42.0
3088,54.4,,51.0
3089,49.89,,38.0
3090,46.38,,32.0
3091,42.25,,32.0
3092,40.91,,30.0
3093,44.28,,29.0
3094,34.4,,29.0
3095,33.32,,25.0
3096,30.92,,24.0
3097,28.26,,39.0
3098,25.02,,32.0
3099,25.2,,51.0
3100,25.42,,47.0
3101,24.2,,47.0
3102,21.62,,44.0
3103,21.74,,54.0
3104,23.41,,55.0
3105,24.25,,51.0
3106,27.52,,46.0
3107,36.63,,49.0
3108,36.89,,28.0
3109,37.18,,12.0
3110,39.55,,12.0
3111,41.87,,32.0
3112,49.52,,34.0
3113,47.03,,28.0
3114,43.6,,24.0
3115,48.04,,23.0
3116,44.38,,24.0
3117,42.23,,26.0
3118,38.76,,32.0
3119,22.27,,29.0
3120,19.27,,31.0
3121,16.61,,33.0
3122,18.38,,36.0
3123,16.92,,44.0
3124,17.58,,44.0
3125,15.51,,47.0
3126,16.92,,47.0
3127,16.8,,48.0
3128,18.06,,53.0
3129,20.84,,58.0
3130,23.5,,51.0
3131,22.48,,48.0
3132,22.16,,42.0
3133,23.44,,51.0
3134,24.68,,54.0
3135,26.96,,49.0
3136,29.49,,48.0
3137,28.05,,46.0
3138,25.55,,43.0
3139,22.88,,41.0
3140,17.65,,41.0
3141,15.49,,44.0
3142,15.15,,48.0
3143,14.33,,52.0
3144,13.61,,50.0
3145,13.3,,55.0
3146,14.64,,52.0
3147,14.12,,52.0
3148,17.26,,
3149,14.49,,
3150,15.71,,56.0
3151,14.83,,
3152,15.38,,
3153,15.0,,58.0
3154,17.18,,
3155,22.54,,
3156,29.77,,51.0
3157,32.23,,52.0
3158,20.26,,48.0
3159,18.76,,44.0
3160,18.7,,
3161,18.41,,43.0
3162,16.98,,41.0
3163,15.79,,41.0
3164,20.78,,43.0
3165,17.96,,49.0
3166,15.26,,52.0
3167,14.86,,51.0
3168,15.49,,43.0
3169,13.0,,41.0
3170,11.38,,39.0
3171,,,27.0
3172,13.57,,21.0
3173,14.89,,18.0
3174,14.83,,18.0
3175,15.7,,
3176,16.59,,22.0
3177,18.17,,23.0
3178,21.45,,26.0
3179,28.99,,28.0
3180,33.44,,27.0
3181,30.85,,31.0
3182,30.46,,37.0
3183,25.1,,37.0
3184,22.65,,42.0
3185,23.57,,39.0
3186,24.95,,40.0
3187,22.79,,39.0
3188,22.44,,39.0
3189,20.42,,49.0
3190,17.69,,54.0
3191,16.02,,54.0
3192,13.87,,59.0
3193,14.32,,58.0
3194,14.27,,48.0
3195,15.78,,35.0
3196,15.39,,38.0
3197,16.31,,40.0
3198,14.49,,43.0
3199,13.77,,42.0
3200,17.79,,46.0
3201,22.12,,48.0
3202,24.65,,50.0
3203,27.0,,48.0
3204,32.15,,40.0
3205,35.22,,12.0
3206,35.81,,7.0
3207,35.36,,9.0
3208,28.77,,7.0
3209,25.19,,6.0
3210,20.26,,6.0
3211,19.39,,
3212,20.23,,25.0
3213,22.23,,28.0
3214,20.25,,23.0
3215,15.2,,22.0
3216,14.57,,21.0
3217,12.32,,22.0
3218,10.93,,21.0
3219,10.96,,21.0
3220,9.95,,25.0
3221,10.09,,27.0
3222,10.29,,24.0
3223,11.02,,23.0
3224,11.8,,25.0
3225,13.52,,24.0
3226,15.78,,28.0
3227,17.53,,26.0
3228,18.83,,26.0
3229,20.44,,27.0
3230,21.94,,26.0
3231,22.76,,25.0
3232,19.01,,29.0
3233,15.1,,25.0
3234,14.94,,22.0
3235,14.16,,22.0
3236,17.32,,17.0
3237,21.22,,
3238,22.41,,
3239,19.65,,
3240,18.73,,
3241,16.83,,
3242,16.1,,
3243,16.53,,
3244,17.03,,
3245,17.18,,
3246,23.69,,
3247,28.84,,
3248,31.53,,
3249,33.09,,
3250,34.55,,
3251,42.28,,40.0
3252,41.36,,39.0
3253,30.75,6.0,36.0
3254,30.22,11.0,36.0
3255,23.89,11.0,34.0
3256,26.85,8.0,34.0
3257,27.85,7.0,36.0
3258,25.79,8.0,39.0
3259,25.19,11.0,39.0
3260,24.77,14.0,40.0
3261,23.36,16.0,40.0
3262,22.01,15.0,42.0
3263,16.54,11.0,43.0
3264,16.23,15.0,42.0
3265,17.12,18.0,41.0
3266,17.55,27.0,41.0
3267,16.62,16.0,42.0
3268,16.38,17.0,42.0
3269,17.7,14.0,41.0
3270,17.64,14.0,41.0
3271,19.86,20.0,42.0
3272,24.55,21.0,44.0
3273,25.44,21.0,46.0
3274,24.46,16.0,44.0
3275,28.85,18.0,47.0
3276,30.06,13.0,46.0
3277,36.01,13.0,31.0
3278,33.27,14.0,24.0
3279,34.62,12.0,42.0
3280,34.7,13.0,41.0
3281,32.06,17.0,40.0
3282,30.91,23.0,39.0
3283,31.08,17.0,37.0
3284,29.94,10.0,36.0
3285,35.29,11.0,35.0
3286,29.78,15.0,39.0
3287,23.09,14.0,43.0
3288,27.81,11.0,42.0
3289,40.64,10.0,58.0
3290,25.73,10.0,45.0
3291,19.94,7.0,44.0
3292,16.47,12.0,46.0
3293,17.5,12.0,45.0
3294,17.88,11.0,40.0
3295,20.05,15.0,14.0
3296,24.41,17.0,10.0
3297,28.41,19.0,10.0
3298,27.52,18.0,
3299,36.49,16.0,11.0
3300,46.58,15.0,14.0
3301,47.25,13.0,15.0
3302,46.15,11.0,14.0
3303,54.65,14.0,14.0
3304,47.7,12.0,
3305,36.76,11.0,16.0
3306,38.16,19.0,20.0
3307,38.94,20.0,20.0
3308,38.53,15.0,17.0
3309,44.96,13.0,16.0
3310,43.57,17.0,18.0
3311,31.01,22.0,20.0
3312,22.33,27.0,20.0
3313,22.11,20.0,
3314,20.53,21.0,18.0
3315,21.9,22.0,17.0
3316,23.04,21.0,23.0
3317,23.29,25.0,16.0
3318,23.28,20.0,18.0
3319,24.8,24.0,19.0
3320,29.52,25.0,22.0
3321,33.15,27.0,21.0
3322,36.33,29.0,24.0
3323,41.82,25.0,26.0
3324,43.86,26.0,33.0
3325,49.75,23.0,35.0
3326,50.43,17.0,30.0
3327,45.77,15.0,22.0
3328,58.15,13.0,21.0
3329,45.96,14.0,22.0
3330,39.15,16.0,22.0
3331,39.79,15.0,20.0
3332,37.93,15.0,21.0
3333,39.17,17.0,22.0
3334,40.09,16.0,26.0
3335,44.54,17.0,35.0
3336,48.07,13.0,35.0
3337,49.65,11.0,34.0
3338,47.34,12.0,36.0
3339,48.23,23.0,38.0
3340,50.29,20.0,38.0
3341,56.09,12.0,41.0
3342,58.08,15.0,40.0
3343,58.17,15.0,42.0
3344,57.88,19.0,44.0
3345,,21.0,45.0
3346,71.62,22.0,43.0
3347,60.47,24.0,41.0
3348,36.8,16.0,39.0
3349,44.3,10.0,35.0
3350,35.26,7.0,28.0
3351,29.25,6.0,25.0
3352,31.14,6.0,23.0
3353,40.83,8.0,23.0
3354,38.16,11.0,22.0
3355,41.35,13.0,21.0
3356,44.07,14.0,22.0
3357,52.22,13.0,25.0
3358,60.76,16.0,25.0
3359,38.82,17.0,
3360,30.56,19.0,31.0
3361,30.0,11.0,44.0
3362,35.47,14.0,44.0
3363,43.61,15.0,46.0
3364,45.29,13.0,49.0
3365,46.01,14.0,52.0
3366,46.79,12.0,54.0
3367,45.92,12.0,54.0
3368,43.26,14.0,55.0
3369,44.76,16.0,54.0
3370,44.8,20.0,50.0
3371,48.26,14.0,55.0
3372,56.0,12.0,54.0
3373,58.6,14.0,50.0
3374,60.95,11.0,50.0
3375,56.23,12.0,
3376,54.01,16.0,40.0
3377,56.03,27.0,40.0
3378,48.35,18.0,42.0
3379,52.05,17.0,37.0
3380,46.98,13.0,35.0
3381,54.15,13.0,35.0
3382,53.25,20.0,38.0
3383,40.35,25.0,41.0
3384,37.01,22.0,44.0
3385,32.1,19.0,48.0
3386,28.05,19.0,44.0
3387,26.14,18.0,42.0
3388,26.04,19.0,41.0
3389,25.98,22.0,
3390,29.87,17.0,
3391,26.74,16.0,
3392,31.03,15.0,
3393,35.9,16.0,
3394,36.6,14.0,43.0
3395,36.58,16.0,44.0
3396,36.66,19.0,46.0
3397,42.61,20.0,45.0
3398,42.7,22.0,43.0
3399,41.82,20.0,41.0
3400,41.59,10.0,35.0
3401,38.99,10.0,33.0
3402,28.8,,33.0
3403,25.46,,34.0
3404,23.69,9.0,33.0
3405,26.6,9.0,36.0
3406,22.45,12.0,46.0
3407,20.69,12.0,53.0
3408,21.84,,55.0
3409,18.32,14.0,54.0
3410,13.83,18.0,58.0
3411,17.66,13.0,60.0
3412,13.32,11.0,58.0
3413,17.34,15.0,
3414,23.17,15.0,
3415,17.96,12.0,59.0
3416,18.22,14.0,59.0
3417,16.45,,55.0
3418,9.52,,57.0
3419,7.79,,59.0
3420,6.95,,60.0
3421,15.37,,57.0
3422,22.78,,52.0
3423,19.77,,51.0
3424,17.03,,45.0
3425,23.84,13.0,36.0
3426,22.73,13.0,40.0
3427,19.8,14.0,38.0
3428,,14.0,31.0
3429,,15.0,37.0
3430,23.0,16.0,42.0
3431,21.84,19.0,19.0
3432,21.57,,37.0
3433,15.15,8.0,53.0
3434,5.98,7.0,49.0
3435,8.67,8.0,48.0
3436,9.9,12.0,48.0
3437,5.58,11.0,47.0
3438,,9.0,46.0
3439,4.39,10.0,47.0
3440,3.71,11.0,49.0
3441,4.94,12.0,53.0
3442,8.07,16.0,51.0
3443,7.26,20.0,50.0
3444,7.91,17.0,52.0
3445,9.13,13.0,44.0
3446,19.11,18.0,44.0
3447,26.48,17.0,
3448,,15.0,40.0
3449,,14.0,38.0
3450,,13.0,40.0
3451,,14.0,42.0
3452,,14.0,45.0
3453,,,45.0
3454,,17.0,49.0
3455,,15.0,50.0
3456,,9.0,39.0
3457,,7.0,37.0
3458,,7.0,37.0
3459,,6.0,34.0
3460,,9.0,32.0
3461,,10.0,35.0
3462,,12.0,36.0
3463,,13.0,37.0
3464,,14.0,39.0
3465,,15.0,42.0
3466,,13.0,43.0
3467,,13.0,44.0
3468,,11.0,51.0
3469,,15.0,46.0
3470,,20.0,23.0
3471,,18.0,17.0
3472,11.21,13.0,15.0
3473,10.54,13.0,15.0
3474,10.86,11.0,
3475,9.63,10.0,36.0
3476,9.16,11.0,35.0
3477,10.63,10.0,38.0
3478,14.46,11.0,44.0
3479,16.64,11.0,37.0
3480,13.2,10.0,30.0
3481,10.61,9.0,32.0
3482,9.86,9.0,32.0
3483,10.24,,
3484,10.26,7.0,30.0
3485,7.53,7.0,30.0
3486,8.29,9.0,
3487,10.62,10.0,32.0
3488,13.64,12.0,34.0
3489,15.35,16.0,36.0
3490,15.29,16.0,38.0
3491,13.26,10.0,40.0
3492,12.78,8.0,43.0
3493,15.47,10.0,51.0
3494,14.88,10.0,51.0
3495,14.78,9.0,53.0
3496,14.64,9.0,47.0
3497,13.43,10.0,45.0
3498,13.27,10.0,48.0
3499,11.95,9.0,49.0
3500,12.78,9.0,51.0
3501,16.1,12.0,46.0
3502,17.64,15.0,46.0
3503,19.62,16.0,36.0
3504,21.2,18.0,32.0
3505,23.91,17.0,29.0
3506,27.94,16.0,28.0
3507,29.55,17.0,30.0
3508,30.4,17.0,34.0
3509,32.62,15.0,30.0
3510,36.79,15.0,29.0
3511,40.64,16.0,
3512,43.4,17.0,32.0
3513,43.72,17.0,
3514,41.84,18.0,35.0
3515,41.13,19.0,37.0
3516,41.33,20.0,38.0
3517,41.27,19.0,42.0
3518,38.73,17.0,39.0
3519,37.15,19.0,35.0
3520,38.21,17.0,32.0
3521,38.58,17.0,31.0
3522,43.7,20.0,39.0
3523,39.31,20.0,39.0
3524,32.52,18.0,34.0
3525,38.82,20.0,
3526,31.63,22.0,55.0
3527,26.27,17.0,41.0
3528,25.38,12.0,46.0
3529,23.86,14.0,45.0
3530,21.76,12.0,53.0
3531,22.53,10.0,61.0
3532,21.28,9.0,57.0
3533,22.7,8.0,54.0
3534,26.41,9.0,54.0
3535,29.83,9.0,56.0
3536,34.49,2.0,57.0
3537,34.79,2.0,56.0
3538,42.46,6.0,58.0
3539,44.54,7.0,64.0
3540,49.74,5.0,64.0
3541,46.31,7.0,53.0
3542,43.71,6.0,47.0
3543,34.29,5.0,54.0
3544,29.42,5.0,49.0
3545,29.08,6.0,50.0
3546,30.07,6.0,47.0
3547,25.48,9.0,45.0
3548,22.45,11.0,22.0
3549,29.23,10.0,21.0
3550,25.32,14.0,21.0
3551,24.54,16.0,
3552,20.77,10.0,19.0
3553,19.82,8.0,28.0
3554,20.14,11.0,28.0
3555,18.59,8.0,37.0
3556,16.16,13.0,
3557,16.25,12.0,
3558,16.11,8.0,39.0
3559,17.06,9.0,36.0
3560,18.21,11.0,31.0
3561,19.12,18.0,41.0
3562,22.4,14.0,41.0
3563,30.29,7.0,40.0
3564,32.21,6.0,43.0
3565,38.15,7.0,39.0
3566,33.68,8.0,44.0
3567,25.7,10.0,41.0
3568,23.79,12.0,38.0
3569,26.06,11.0,38.0
3570,30.28,10.0,43.0
3571,24.16,14.0,48.0
3572,27.28,10.0,45.0
3573,27.41,11.0,63.0
3574,35.97,12.0,61.0
3575,28.38,13.0,59.0
3576,24.4,15.0,54.0
3577,20.64,10.0,24.0
3578,20.56,12.0,14.0
3579,18.95,7.0,11.0
3580,18.77,12.0,9.0
3581,16.88,13.0,8.0
3582,17.03,14.0,
3583,19.43,16.0,12.0
3584,19.58,22.0,12.0
3585,19.6,23.0,
3586,23.24,20.0,15.0
3587,26.31,23.0,16.0
3588,29.16,22.0,18.0
3589,28.75,14.0,20.0
3590,29.12,10.0,19.0
3591,29.07,11.0,21.0
3592,27.02,10.0,24.0
3593,23.05,9.0,30.0
3594,22.72,10.0,27.0
3595,20.48,11.0,25.0
3596,20.49,10.0,22.0
3597,29.85,9.0,17.0
3598,26.75,11.0,18.0
3599,24.97,11.0,25.0
3600,25.04,9.0,36.0
3601,24.62,8.0,36.0
3602,25.61,8.0,35.0
3603,28.69,,36.0
3604,27.09,12.0,
3605,26.93,11.0,38.0
3606,27.88,10.0,
3607,29.54,15.0,
3608,32.82,16.0,30.0
3609,30.76,17.0,34.0
3610,30.59,23.0,36.0
3611,30.76,30.0,38.0
3612,32.35,26.0,38.0
3613,,21.0,
3614,30.46,12.0,32.0
3615,28.1,11.0,33.0
3616,27.34,13.0,33.0
3617,25.28,12.0,34.0
3618,33.7,12.0,34.0
3619,31.03,10.0,35.0
3620,23.94,10.0,38.0
3621,19.23,11.0,39.0
3622,17.78,12.0,42.0
3623,16.51,9.0,41.0
3624,14.33,8.0,34.0
3625,,,36.0
3626,13.12,6.0,35.0
3627,,6.0,33.0
3628,,,
3629,,7.0,34.0
3630,,8.0,33.0
3631,,9.0,31.0
3632,,11.0,26.0
3633,,11.0,25.0
3634,,15.0,29.0
3635,,16.0,29.0
3636,,15.0,35.0
3637,,14.0,32.0
3638,,14.0,27.0
3639,,15.0,28.0
3640,,15.0,26.0
3641,,16.0,29.0
3642,,16.0,27.0
3643,,,29.0
3644,,,29.0
3645,,,34.0
3646,,13.0,33.0
3647,,10.0,27.0
3648,,10.0,26.0
3649,,8.0,
3650,19.15,7.0,21.0
3651,20.41,9.0,21.0
3652,10.54,10.0,22.0
3653,10.06,10.0,
3654,11.37,11.0,
3655,11.06,12.0,32.0
3656,11.35,12.0,
3657,12.21,9.0,38.0
3658,18.73,12.0,39.0
3659,17.66,11.0,
3660,19.91,12.0,45.0
3661,18.48,9.0,46.0
3662,19.05,8.0,48.0
3663,15.27,10.0,48.0
3664,12.38,16.0,51.0
3665,11.24,17.0,
3666,9.68,16.0,47.0
3667,7.78,16.0,44.0
3668,9.41,15.0,44.0
3669,11.1,14.0,50.0
3670,8.87,15.0,41.0
3671,10.12,20.0,32.0
3672,9.23,19.0,31.0
3673,8.12,12.0,28.0
3674,6.32,9.0,28.0
3675,7.37,8.0,
3676,7.26,10.0,30.0
3677,7.28,8.0,
3678,11.81,7.0,31.0
3679,14.36,8.0,
3680,13.67,10.0,
3681,13.68,11.0,
3682,14.83,9.0,48.0
3683,17.92,10.0,
3684,19.93,14.0,
3685,16.2,16.0,46.0
3686,12.73,16.0,43.0
3687,11.2,14.0,
3688,10.5,14.0,44.0
3689,13.56,13.0,46.0
3690,13.32,14.0,49.0
3691,15.47,14.0,45.0
3692,15.8,,44.0
3693,16.74,13.0,51.0
3694,17.1,16.0,51.0
3695,12.84,17.0,52.0
3696,10.74,15.0,32.0
3697,8.22,10.0,24.0
3698,8.05,7.0,25.0
3699,9.52,6.0,26.0
3700,10.15,7.0,26.0
3701,10.38,6.0,
3702,13.77,7.0,33.0
3703,15.3,7.0,
3704,11.43,9.0,36.0
3705,13.97,9.0,38.0
3706,14.98,13.0,39.0
3707,9.84,9.0,39.0
3708,13.67,10.0,
3709,11.94,15.0,42.0
3710,15.96,16.0,42.0
3711,12.8,9.0,49.0
3712,11.53,11.0,42.0
3713,10.52,12.0,37.0
3714,9.37,14.0,48.0
3715,9.82,16.0,46.0
3716,9.93,13.0,31.0
3717,13.16,15.0,33.0
3718,19.05,16.0,36.0
3719,22.76,16.0,39.0
3720,14.3,17.0,37.0
3721,9.74,10.0,33.0
3722,9.25,8.0,32.0
3723,7.61,10.0,31.0
3724,6.5,10.0,30.0
3725,6.86,7.0,33.0
3726,7.69,7.0,34.0
3727,8.85,12.0,34.0
3728,8.24,14.0,37.0
3729,11.55,16.0,42.0
3730,13.6,14.0,38.0
3731,30.11,14.0,37.0
3732,,12.0,41.0
3733,19.83,10.0,37.0
3734,16.14,10.0,38.0
3735,24.4,11.0,49.0
3736,19.12,20.0,39.0
3737,12.31,20.0,48.0
3738,11.52,13.0,45.0
3739,13.11,12.0,53.0
3740,15.18,11.0,34.0
3741,20.09,12.0,9.0
3742,21.91,11.0,14.0
3743,23.22,8.0,11.0
3744,17.4,11.0,11.0
3745,13.71,10.0,15.0
3746,10.87,8.0,19.0
3747,9.4,10.0,17.0
3748,9.68,10.0,20.0
3749,10.25,11.0,34.0
3750,10.25,11.0,20.0
3751,11.6,12.0,23.0
3752,15.12,16.0,25.0
3753,16.18,24.0,28.0
3754,15.22,25.0,28.0
3755,29.41,15.0,26.0
3756,34.12,12.0,35.0
3757,28.88,11.0,38.0
3758,26.58,11.0,38.0
3759,23.25,9.0,31.0
3760,20.31,9.0,31.0
3761,18.96,13.0,30.0
3762,16.82,13.0,35.0
3763,15.14,11.0,35.0
3764,15.67,10.0,29.0
3765,27.12,10.0,15.0
3766,22.66,11.0,22.0
3767,21.68,11.0,40.0
3768,24.26,13.0,50.0
3769,29.33,10.0,50.0
3770,31.71,14.0,40.0
3771,33.96,9.0,37.0
3772,37.6,11.0,40.0
3773,37.29,9.0,42.0
3774,35.6,10.0,46.0
3775,33.82,11.0,47.0
3776,38.82,15.0,49.0
3777,37.03,21.0,51.0
3778,42.78,23.0,51.0
3779,46.61,25.0,50.0
3780,46.38,24.0,48.0
3781,42.79,19.0,46.0
3782,41.14,17.0,43.0
3783,29.57,13.0,43.0
3784,26.65,13.0,52.0
3785,30.41,14.0,49.0
3786,23.25,13.0,51.0
3787,19.94,12.0,51.0
3788,23.07,12.0,48.0
3789,33.55,13.0,44.0
3790,36.73,12.0,
3791,35.87,13.0,
3792,35.25,13.0,
3793,38.89,16.0,
3794,40.76,14.0,
3795,38.32,13.0,
3796,36.53,14.0,
3797,34.78,15.0,
3798,35.45,9.0,
3799,36.37,12.0,
3800,39.92,14.0,
3801,37.19,9.0,
3802,42.85,10.0,
3803,45.22,12.0,
3804,45.09,16.0,
3805,44.37,20.0,
3806,41.84,24.0,
3807,44.51,24.0,
3808,41.74,20.0,
3809,40.75,18.0,
3810,32.74,18.0,
3811,29.88,,
3812,32.65,22.0,
3813,26.69,21.0,
3814,19.13,21.0,
3815,16.0,23.0,
3816,12.53,24.0,
3817,11.03,22.0,
3818,14.84,26.0,
3819,23.76,26.0,
3820,21.42,28.0,
3821,20.65,15.0,
3822,20.38,16.0,
3823,20.13,16.0,
3824,22.53,13.0,
3825,22.97,15.0,
3826,30.26,20.0,
3827,27.81,21.0,
3828,32.3,26.0,
3829,33.91,22.0,
3830,29.83,22.0,39.19
3831,31.25,21.0,38.69
3832,23.97,18.0,33.82
3833,19.44,16.0,31.49
3834,19.69,15.0,32.95
3835,15.72,15.0,29.6
3836,13.4,,29.12
3837,12.48,18.0,25.89
3838,12.4,19.0,37.99
3839,14.03,22.0,
3840,14.75,19.0,26.52
3841,16.03,17.0,
3842,14.01,16.0,23.46
3843,14.94,17.0,21.57
3844,11.69,18.0,18.23
3845,15.45,17.0,17.5
3846,14.58,17.0,16.99
3847,14.25,16.0,
3848,19.84,19.0,
3849,18.03,20.0,20.6
3850,23.12,24.0,19.73
3851,26.16,28.0,20.02
3852,30.24,28.0,23.51
3853,31.5,24.0,26.33
3854,32.58,27.0,28.0
3855,32.73,25.0,29.32
3856,21.71,25.0,29.17
3857,21.38,24.0,33.27
3858,17.21,24.0,33.09
3859,14.35,23.0,30.23
3860,13.65,24.0,28.07
3861,23.32,27.0,21.64
3862,18.55,31.0,18.91
3863,15.75,37.0,22.19
3864,15.18,34.0,23.69
3865,16.18,35.0,26.12
3866,13.61,30.0,
3867,14.42,29.0,
3868,17.82,23.0,16.23
3869,29.14,21.0,17.68
3870,27.84,22.0,19.29
3871,17.55,23.0,18.9
3872,16.21,22.0,20.48
3873,16.92,25.0,25.31
3874,25.88,28.0,26.23
3875,34.71,24.0,37.08
3876,29.4,22.0,47.04
3877,31.86,21.0,28.58
3878,23.89,23.0,27.22
3879,20.4,23.0,
3880,19.21,,
3881,17.9,,
3882,15.31,24.0,
3883,11.85,24.0,
3884,12.19,25.0,
3885,15.33,26.0,
3886,33.09,28.0,
3887,34.1,32.0,
3888,34.94,26.0,
3889,32.86,27.0,
3890,34.37,19.0,
3891,28.33,17.0,
3892,29.15,18.0,
3893,28.49,19.0,
3894,29.96,24.0,
3895,31.78,26.0,
3896,33.38,25.0,
3897,34.89,27.0,
3898,39.19,29.0,
3899,39.46,33.0,
3900,38.49,33.0,35.28
3901,36.5,34.0,33.02
3902,33.45,39.0,35.91
3903,28.57,34.0,30.11
3904,18.96,24.0,29.38
3905,17.83,23.0,27.05
3906,,23.0,24.4
3907,18.04,,22.81
3908,18.91,21.0,21.42
3909,16.73,20.0,21.66
3910,22.34,22.0,22.22
3911,35.4,23.0,24.76
3912,39.08,25.0,23.03
3913,37.58,27.0,19.89
3914,33.67,24.0,16.7
3915,28.57,27.0,15.2
3916,24.6,25.0,15.08
3917,25.32,25.0,14.98
3918,28.57,29.0,
3919,29.47,30.0,18.9
3920,32.26,30.0,19.94
3921,32.3,33.0,22.38
3922,33.1,36.0,21.86
3923,33.04,39.0,26.06
3924,31.89,43.0,25.57
3925,32.81,45.0,23.27
3926,29.62,44.0,26.36
3927,24.99,53.0,25.13
3928,29.62,31.0,23.05
3929,28.4,22.0,25.56
3930,25.15,21.0,22.94
3931,24.38,16.0,23.9
3932,26.96,17.0,21.24
3933,23.26,22.0,17.96
3934,23.96,26.0,17.97
3935,17.41,23.0,18.38
3936,17.82,27.0,14.36
3937,22.92,31.0,10.17
3938,25.59,29.0,9.62
3939,25.47,27.0,8.98
3940,24.69,27.0,9.22
3941,26.57,29.0,9.97
3942,29.35,29.0,9.75
3943,33.93,,10.28
3944,37.45,,11.74
3945,35.76,33.0,13.01
3946,32.78,35.0,12.33
3947,37.27,41.0,13.63
3948,43.27,48.0,13.53
3949,30.69,44.0,13.63
3950,28.42,40.0,15.5
3951,23.37,33.0,14.29
3952,22.45,35.0,14.22
3953,15.13,36.0,16.88
3954,12.43,21.0,16.87
3955,7.03,21.0,15.92
3956,9.74,,16.49
3957,6.77,22.0,15.43
3958,6.51,36.0,17.46
3959,6.16,35.0,15.37
3960,7.09,34.0,13.57
3961,7.16,32.0,9.79
3962,7.47,34.0,8.74
3963,17.23,36.0,7.88
3964,8.93,36.0,7.65
3965,9.47,37.0,7.94
3966,9.56,39.0,8.55
3967,10.27,42.0,8.25
3968,12.37,39.0,10.17
3969,11.86,37.0,12.48
3970,14.04,38.0,12.32
3971,15.23,38.0,13.7
3972,16.45,40.0,15.03
3973,19.81,43.0,13.97
3974,17.51,39.0,15.0
3975,16.8,37.0,13.27
3976,12.41,39.0,13.31
3977,13.01,41.0,13.25
3978,15.89,38.0,10.55
3979,17.55,30.0,9.95
3980,24.76,29.0,9.12
3981,34.55,32.0,9.17
3982,34.54,36.0,9.43
3983,35.68,43.0,14.82
3984,34.32,37.0,13.34
3985,34.42,32.0,11.15
3986,33.94,34.0,9.61
3987,33.81,34.0,9.58
3988,35.51,35.0,8.87
3989,34.85,37.0,9.73
3990,33.59,40.0,9.13
3991,35.51,36.0,9.47
3992,37.75,35.0,9.58
3993,36.92,36.0,10.92
3994,36.51,37.0,10.14
3995,39.36,36.0,9.97
3996,37.51,40.0,10.64
3997,39.19,44.0,13.29
3998,42.23,41.0,13.25
3999,37.38,39.0,11.79
4000,39.51,41.0,11.48
4001,,39.0,11.06
4002,,34.0,9.97
4003,31.44,30.0,9.46
4004,41.77,30.0,10.14
4005,40.39,31.0,10.29
4006,35.77,35.0,11.78
4007,35.46,39.0,15.37
4008,46.45,41.0,18.12
4009,,,15.15
4010,37.34,42.28,13.04
4011,42.65,35.71,12.5
4012,34.72,29.91,11.4
4013,34.03,30.95,11.19
4014,33.63,30.55,12.11
4015,33.42,29.98,11.2
4016,36.0,31.79,10.95
4017,34.57,33.2,11.35
4018,38.55,33.59,11.45
4019,37.79,35.84,12.83
4020,38.36,38.85,14.08
4021,33.57,39.64,13.45
4022,32.33,40.99,15.61
4023,32.57,39.66,14.61
4024,29.87,37.5,12.05
4025,23.47,41.43,12.57
4026,20.05,35.94,13.9
4027,21.95,30.22,14.85
4028,21.48,28.13,
4029,19.05,26.69,32.04
4030,17.49,25.46,
4031,18.93,26.61,26.63
4032,16.33,31.88,13.98
4033,16.41,30.94,9.42
4034,16.53,30.99,8.11
4035,15.32,33.43,6.96
4036,15.88,35.44,6.76
4037,17.09,36.29,
4038,17.11,36.89,
4039,17.3,37.28,
4040,21.06,,6.56
4041,20.23,,7.52
4042,22.91,,8.09
4043,24.17,,8.6
4044,24.75,,9.16
4045,23.55,,9.41
4046,19.63,,9.47
4047,16.04,,10.88
4048,15.02,,11.24
4049,13.6,,9.41
4050,23.89,,9.54
4051,11.48,,8.89
4052,12.83,,9.48
4053,23.51,,10.83
4054,,,9.28
4055,13.94,,11.29
4056,18.84,,8.67
4057,17.63,,7.06
4058,10.91,,6.06
4059,9.46,,5.28
4060,8.66,,4.73
4061,8.51,,5.17
4062,7.5,,6.02
4063,8.37,,
4064,9.23,,5.26
4065,10.79,,7.49
4066,11.73,,8.89
4067,10.36,,12.08
4068,10.38,,15.51
4069,9.85,,14.32
4070,12.76,,21.23
4071,11.79,,15.53
4072,12.71,,8.49
4073,13.59,,8.06
4074,18.37,26.62,7.85
4075,28.51,21.7,7.54
4076,32.03,22.41,7.92
4077,20.9,22.15,8.8
4078,15.35,21.65,11.9
4079,11.02,19.86,
4080,8.78,23.28,10.08
4081,8.47,,8.08
4082,9.74,23.63,8.37
4083,10.79,22.5,7.77
4084,9.27,22.16,5.33
4085,9.04,25.22,6.03
4086,9.22,28.47,5.54
4087,11.39,28.65,6.81
4088,12.08,30.04,6.68
4089,14.06,30.7,7.78
4090,13.6,29.11,6.91
4091,12.88,29.29,6.44
4092,12.25,30.75,5.76
4093,10.38,31.56,5.43
4094,11.73,39.31,6.96
4095,12.22,35.35,7.13
4096,11.65,44.09,5.44
4097,10.89,58.21,6.11
4098,12.03,39.57,4.16
4099,12.5,26.97,
4100,11.16,24.32,
4101,11.37,25.47,
4102,13.28,27.33,3.63
4103,10.66,25.96,3.4
4104,11.34,27.13,3.16
4105,10.69,,3.96
4106,11.09,29.63,
4107,14.73,31.23,
4108,11.82,26.04,
4109,12.26,23.1,
4110,13.16,28.44,
4111,13.19,30.37,
4112,14.24,28.3,
4113,15.28,28.82,
4114,14.41,32.33,
4115,19.16,39.29,
4116,14.33,34.69,
4117,13.02,33.29,
4118,13.33,31.19,5.65
4119,11.99,27.25,5.02
4120,12.39,31.65,
4121,11.7,25.34,
4122,11.4,23.36,
4123,19.66,35.22,
4124,17.67,32.24,
4125,10.59,25.9,
4126,12.41,29.95,
4127,9.03,27.64,
4128,6.52,28.94,
4129,5.45,39.95,
4130,5.82,29.22,
4131,10.85,21.31,
4132,9.69,20.3,
4133,10.49,21.17,
4134,11.75,18.67,
4135,8.43,20.59,
4136,9.19,22.76,
4137,14.88,24.7,
4138,13.94,28.28,
4139,12.04,28.83,
4140,14.18,32.24,
4141,14.1,29.1,
4142,17.05,32.64,
4143,17.33,30.13,
4144,18.62,28.85,
4145,18.36,28.91,
4146,19.23,27.38,
4147,22.6,25.44,
4148,21.14,27.94,
4149,17.57,26.74,
4150,16.17,26.94,
4151,15.85,29.24,
4152,13.69,28.74,
4153,11.53,21.32,
4154,11.39,18.48,
4155,12.99,18.24,
4156,10.76,22.11,
4157,11.96,24.48,
4158,21.16,25.78,
4159,12.74,29.65,
4160,16.19,28.14,
4161,16.47,28.06,
4162,17.71,25.73,
4163,17.97,24.97,
4164,19.13,26.69,
4165,21.55,27.42,
4166,22.29,30.3,
4167,25.55,26.69,
4168,27.86,30.73,
4169,26.72,25.29,
4170,22.91,22.18,
4171,22.11,,
4172,19.5,14.0,
4173,20.14,20.0,
4174,22.0,15.0,
4175,19.6,12.0,
4176,20.42,,
4177,21.01,,
4178,31.96,19.68,
4179,22.16,20.4,
4180,21.73,15.35,
4181,22.55,12.42,
4182,23.76,8.62,
4183,27.13,8.82,
4184,27.87,8.43,
4185,27.28,8.38,
4186,26.62,7.85,
4187,28.18,16.57,
4188,29.42,20.05,
4189,26.88,18.68,
4190,21.58,18.45,
4191,19.11,18.2,
4192,14.57,14.86,
4193,12.04,15.41,
4194,12.5,14.51,
4195,14.71,12.78,
4196,18.55,13.4,
4197,20.85,12.89,
4198,16.71,14.89,
4199,12.46,11.6,
4200,11.24,9.49,
4201,14.75,,
4202,19.08,7.82,
4203,10.56,7.32,
4204,11.58,6.75,
4205,12.44,,
4206,12.44,,
4207,11.79,,
4208,12.8,,
4209,12.13,,
4210,16.24,,
4211,19.98,,
4212,23.52,,
4213,24.27,,
4214,25.1,,
4215,24.1,,
4216,19.55,,
4217,16.73,,
4218,16.62,,
4219,15.51,,
4220,15.21,,
4221,17.71,,
4222,16.39,,
4223,15.93,,
4224,13.21,,
4225,10.69,,
4226,10.97,6.73,
4227,10.85,7.04,
4228,11.04,6.65,
4229,10.64,7.01,
4230,11.28,7.44,
4231,14.25,8.04,
4232,11.9,8.33,
4233,12.64,9.44,
4234,16.45,8.92,
4235,21.97,9.31,
4236,22.07,11.94,
4237,24.68,10.75,
4238,20.42,10.67,
4239,24.35,12.12,
4240,18.98,10.25,
4241,12.55,8.85,
4242,11.39,8.06,
4243,10.46,10.25,
4244,11.98,8.88,
4245,15.23,6.18,
4246,14.7,7.13,
4247,10.68,8.49,
4248,10.28,10.18,
4249,11.98,12.4,
4250,20.04,14.14,
4251,10.41,13.92,
4252,9.56,13.92,
4253,8.37,15.37,
4254,9.33,15.07,
4255,9.81,12.59,
4256,13.83,12.98,
4257,18.68,14.17,
4258,14.99,16.9,
4259,17.93,16.34,
4260,20.56,16.64,
4261,17.99,16.98,
4262,17.34,14.45,
4263,18.09,12.41,
4264,17.46,11.85,
4265,13.32,10.79,
4266,11.6,10.24,
4267,13.04,11.9,
4268,11.04,11.68,
4269,17.27,10.54,
4270,14.07,9.19,
4271,14.21,12.78,
4272,12.48,18.92,
4273,12.17,18.05,
4274,12.89,17.95,
4275,14.86,17.65,
4276,12.82,17.55,
4277,13.46,14.35,
4278,15.56,10.71,
4279,14.72,9.72,
4280,14.73,10.49,
4281,15.38,12.74,
4282,15.58,13.03,
4283,15.84,13.82,
4284,15.82,14.67,
4285,16.66,14.4,
4286,18.88,14.66,
4287,17.55,14.6,
4288,19.6,12.28,
4289,14.95,11.66,
4290,14.12,11.46,
4291,14.26,10.77,
4292,15.91,9.72,
4293,16.02,9.57,
4294,15.68,11.35,
4295,26.74,12.03,
4296,11.79,11.0,
4297,9.06,10.31,
4298,8.8,9.89,
4299,8.34,9.8,
4300,9.05,9.77,
4301,11.28,9.8,
4302,12.19,9.79,
4303,14.91,9.56,
4304,23.48,9.1,
4305,21.75,9.73,
4306,17.84,11.31,
4307,13.64,11.99,
4308,11.86,11.27,
4309,13.63,,
4310,15.52,12.18,
4311,14.36,11.58,
4312,13.34,10.06,
4313,14.16,8.59,
4314,13.98,7.58,
4315,12.8,7.31,
4316,14.63,6.97,
4317,15.65,8.75,
4318,17.79,9.1,
4319,17.04,10.78,
4320,16.1,8.78,
4321,15.8,,
4322,13.71,10.86,
4323,13.66,8.43,
4324,22.07,7.64,
4325,32.06,7.04,
4326,19.58,6.37,
4327,16.89,6.2,
4328,16.75,5.98,
4329,16.93,6.01,
4330,21.01,7.49,
4331,26.62,6.94,
4332,22.32,6.52,
4333,21.03,6.48,
4334,16.88,,
4335,16.74,,
4336,19.36,,
4337,19.6,,
4338,19.09,,
4339,20.96,,
4340,17.81,,
4341,12.88,,
4342,15.65,,
4343,19.48,,
4344,18.61,,
4345,,,
4346,21.08,,
4347,,,
4348,,,
4349,,,
4350,,,
4351,,,
4352,,,
4353,,,
4354,,,
4355,,,
4356,,,
4357,,,
4358,,,
4359,15.24,,
4360,13.38,,
4361,12.77,,
4362,18.13,,
4363,18.04,,
4364,20.35,,
4365,18.64,,
4366,26.84,,
4367,18.27,,
4368,20.08,,
4369,21.03,,
4370,22.73,,6.51
4371,33.07,,10.3
4372,27.81,,
4373,26.26,,18.2
4374,22.22,,
4375,18.41,,
4376,16.14,,
4377,16.56,,14.6
4378,20.17,,17.66
4379,23.29,,12.97
4380,23.44,,15.44
4381,21.94,,17.35
4382,20.98,,30.7
4383,24.74,,22.99
4384,27.76,,22.83
4385,24.85,,15.69
4386,24.95,,13.4
4387,31.5,,16.01
4388,30.12,,14.25
4389,38.17,,16.39
4390,37.83,,18.78
4391,29.14,,19.13
4392,20.52,,12.25
4393,19.15,,10.35
4394,16.58,,11.59
4395,12.51,,14.0
4396,11.74,,14.48
4397,11.68,,15.38
4398,12.02,,17.12
4399,13.14,,21.79
4400,13.99,,23.33
4401,14.11,,24.89
4402,16.39,,25.51
4403,19.9,,27.36
4404,21.12,23.31,27.69
4405,22.14,23.72,25.24
4406,24.85,23.85,19.23
4407,21.38,22.75,15.88
4408,23.84,23.4,16.64
4409,21.47,15.72,16.44
4410,20.05,18.61,16.06
4411,22.59,19.61,17.26
4412,15.06,16.08,16.85
4413,16.83,15.33,17.79
4414,12.87,12.97,19.07
4415,12.64,9.56,20.66
4416,11.92,8.17,20.8
4417,11.46,,21.64
4418,10.8,8.07,21.67
4419,13.12,9.07,21.46
4420,14.82,8.62,19.71
4421,15.69,9.91,18.45
4422,15.91,10.59,17.36
4423,15.96,11.48,16.65
4424,16.85,11.45,20.55
4425,19.19,16.21,21.39
4426,24.54,17.61,22.14
4427,27.13,18.38,24.38
4428,23.1,24.45,26.83
4429,20.21,27.81,27.09
4430,18.23,26.7,28.66
4431,16.42,25.65,38.26
4432,12.92,18.17,26.74
4433,11.74,16.6,15.25
4434,12.55,17.12,12.13
4435,12.89,14.37,11.05
4436,11.6,12.87,9.86
4437,12.01,12.54,9.48
4438,15.85,12.07,11.74
4439,17.59,11.0,19.21
4440,16.75,8.84,18.92
4441,18.87,8.43,20.73
4442,23.92,8.75,19.35
4443,24.2,8.62,25.31
4444,15.65,8.06,16.76
4445,15.11,8.26,17.2
4446,15.92,7.25,17.37
4447,17.41,8.39,18.24
4448,17.58,9.5,19.55
4449,17.49,9.3,19.32
4450,19.26,9.04,19.82
4451,23.02,10.58,22.86
4452,22.34,11.83,27.41
4453,20.59,14.46,31.86
4454,20.12,15.75,35.11
4455,20.89,14.81,33.12
4456,19.64,15.29,35.15
4457,16.34,10.18,47.97
4458,15.53,10.44,33.66
4459,16.32,11.99,19.54
4460,16.24,9.93,17.21
4461,19.0,8.08,15.02
4462,23.54,6.72,14.71
4463,21.38,6.41,16.66
4464,19.4,5.66,21.88
4465,19.07,5.56,21.19
4466,21.18,6.05,23.75
4467,21.56,6.25,26.68
4468,19.45,7.01,28.85
4469,19.55,19.78,30.22
4470,22.04,23.77,31.79
4471,24.61,18.12,33.05
4472,24.91,10.23,34.18
4473,22.56,9.06,33.62
4474,22.67,11.42,33.87
4475,26.58,15.55,35.71
4476,35.83,17.89,36.05
4477,25.28,16.47,34.96
4478,26.76,10.2,32.16
4479,22.43,11.65,31.43
4480,22.06,15.86,29.51
4481,22.63,14.3,26.78
4482,22.15,7.74,25.55
4483,21.96,12.33,25.88
4484,17.09,11.66,34.67
4485,17.52,9.87,37.51
4486,17.27,6.39,25.47
4487,16.48,,32.88
4488,14.78,,36.71
4489,14.14,,31.13
4490,13.5,,24.9
4491,14.28,,22.93
4492,13.34,,21.58
4493,13.58,,22.86
4494,14.23,,23.03
4495,14.77,,24.33
4496,15.87,,24.34
4497,16.12,,26.84
4498,17.63,,28.22
4499,20.76,,32.59
4500,20.72,,33.48
4501,22.56,,34.58
4502,21.79,10.0,30.38
4503,15.55,9.0,29.84
4504,16.58,9.0,26.65
4505,,8.0,28.97
4506,,9.0,26.82
4507,,10.0,26.76
4508,,11.0,26.25
4509,,12.0,25.3
4510,,14.0,26.17
4511,,16.0,29.95
4512,,19.0,36.68
4513,,17.0,35.99
4514,17.03,16.0,33.74
4515,14.99,13.0,32.68
4516,17.04,13.0,32.22
4517,16.95,,27.98
4518,16.83,,17.48
4519,16.93,,19.35
4520,19.42,14.0,22.64
4521,16.02,16.0,23.34
4522,17.45,18.0,29.73
4523,19.98,19.0,31.56
4524,22.95,17.0,29.01
4525,29.3,16.0,26.17
4526,25.97,16.0,25.45
4527,19.47,18.0,20.22
4528,16.43,19.0,23.88
4529,13.54,18.0,12.03
4530,12.53,18.0,8.78
4531,11.3,11.0,12.68
4532,10.65,13.0,12.14
4533,15.17,16.0,11.43
4534,22.64,14.0,16.6
4535,23.77,18.0,20.42
4536,20.6,18.0,23.79
4537,18.88,14.0,19.84
4538,16.75,11.0,21.9
4539,17.25,8.0,26.55
4540,16.85,8.0,22.55
4541,17.67,7.0,20.17
4542,18.01,7.0,21.52
4543,19.49,,22.67
4544,21.73,8.0,21.96
4545,20.63,10.0,26.28
4546,23.66,13.0,20.85
4547,28.36,18.0,27.32
4548,29.95,21.0,29.75
4549,24.88,21.0,20.13
4550,23.92,25.0,25.41
4551,20.99,25.0,17.3
4552,17.92,16.0,20.62
4553,17.84,15.0,12.67
4554,18.61,15.0,12.15
4555,18.69,17.0,12.2
4556,18.19,21.0,15.0
4557,19.67,32.0,14.0
4558,22.92,22.0,16.0
4559,17.61,18.0,15.0
4560,14.54,19.0,14.0
4561,14.77,18.0,14.0
4562,14.9,16.0,15.0
4563,13.46,15.0,13.0
4564,12.28,16.0,11.0
4565,11.95,15.0,11.0
4566,12.07,15.0,15.0
4567,12.62,,15.0
4568,13.32,17.0,13.0
4569,14.69,15.0,25.39
4570,18.14,15.0,22.42
4571,22.05,17.0,25.02
4572,23.01,18.0,23.16
4573,18.81,17.0,21.21
4574,14.44,17.0,16.28
4575,12.05,15.0,10.59
4576,12.3,16.0,12.48
4577,17.51,15.0,13.29
4578,10.86,12.0,13.86
4579,9.69,11.0,15.93
4580,10.7,10.0,14.12
4581,11.82,11.0,15.61
4582,13.24,15.0,12.74
4583,18.6,17.0,14.34
4584,13.6,17.0,18.57
4585,12.02,19.0,17.44
4586,10.18,19.0,13.68
4587,9.64,18.0,11.95
4588,13.12,18.0,11.33
4589,11.88,,10.84
4590,12.59,,11.72
4591,18.24,20.0,22.26
4592,14.38,20.0,12.43
4593,18.51,21.0,10.64
4594,19.37,22.0,12.59
4595,19.34,23.0,14.95
4596,19.61,24.0,18.95
4597,16.71,26.0,17.73
4598,17.86,25.0,17.06
4599,13.79,24.0,14.59
4600,16.94,20.0,20.45
4601,17.67,22.0,18.24
4602,16.22,16.0,18.45
4603,13.55,16.0,8.3
4604,11.15,14.0,9.01
4605,9.54,14.0,11.36
4606,24.98,,10.2
4607,20.22,16.0,9.81
4608,16.51,17.0,13.56
4609,16.51,15.0,10.04
4610,15.78,15.0,11.13
4611,15.32,,12.89
4612,15.6,17.0,12.18
4613,16.51,17.0,8.09
4614,21.27,16.0,8.45
4615,22.65,16.0,8.95
4616,22.51,17.0,9.42
4617,21.36,17.0,13.91
4618,30.59,18.0,16.74
4619,28.37,20.0,19.62
4620,31.44,22.0,14.51
4621,25.25,22.0,16.74
4622,19.0,20.0,14.67
4623,16.85,18.0,18.13
4624,16.01,18.0,16.53
4625,19.25,17.0,11.83
4626,17.04,18.0,12.55
4627,16.01,12.0,13.11
4628,15.26,13.0,12.98
4629,15.16,14.0,11.84
4630,17.51,17.0,8.23
4631,15.36,18.0,9.38
4632,15.43,17.0,10.54
4633,17.07,16.0,
4634,17.96,13.0,
4635,15.82,13.0,4.64
4636,16.25,,
4637,18.8,12.0,4.82
4638,20.6,11.0,6.89
4639,22.53,14.0,11.02
4640,25.91,14.0,14.76
4641,26.5,13.0,16.74
4642,28.88,14.0,18.24
4643,34.74,16.0,21.32
4644,35.67,18.0,22.82
4645,33.89,17.0,20.05
4646,28.94,18.0,18.33
4647,24.75,21.0,23.44
4648,23.75,18.0,23.97
4649,17.99,16.0,21.78
4650,17.75,14.0,16.27
4651,14.9,12.0,14.14
4652,15.34,15.0,17.22
4653,22.25,18.0,20.68
4654,13.17,22.0,19.32
4655,10.4,25.0,15.7
4656,12.61,24.0,16.32
4657,17.82,22.0,13.59
4658,15.01,21.0,15.62
4659,18.75,22.0,15.02
4660,16.82,19.0,11.56
4661,17.26,17.0,11.26
4662,14.84,17.0,11.93
4663,17.97,18.0,12.38
4664,20.63,19.0,12.73
4665,22.13,20.0,13.48
4666,19.95,22.0,14.53
4667,20.45,22.0,17.28
4668,23.46,23.0,19.77
4669,24.33,22.0,21.09
4670,21.26,21.0,25.63
4671,19.63,20.0,29.47
4672,22.18,20.0,31.31
4673,22.65,16.0,30.13
4674,20.2,16.0,31.27
4675,17.62,17.0,35.29
4676,15.52,16.0,32.58
4677,15.63,17.0,41.84
4678,15.29,19.0,39.7
4679,15.88,20.0,44.2
4680,13.71,20.0,43.27
4681,13.98,,49.67
4682,14.57,,35.25
4683,18.47,19.0,30.37
4684,14.02,17.0,28.94
4685,15.4,17.0,27.04
4686,16.82,18.0,26.46
4687,18.78,18.0,26.53
4688,20.85,,27.56
4689,16.84,,29.19
4690,16.66,19.0,32.46
4691,13.97,20.0,33.37
4692,15.47,23.0,35.54
4693,20.08,25.0,37.47
4694,12.44,22.0,37.82
4695,14.41,18.0,36.54
4696,7.61,17.0,32.59
4697,8.51,18.0,27.95
4698,7.07,18.0,27.07
4699,5.8,19.0,19.1
4700,5.32,19.0,17.69
4701,7.72,18.0,24.21
4702,11.92,23.0,20.43
4703,14.1,30.0,20.13
4704,12.59,26.0,18.85
4705,12.14,24.0,19.03
4706,15.93,24.0,15.83
4707,21.79,25.0,14.99
4708,18.95,24.0,15.43
4709,16.39,23.0,13.95
4710,15.24,22.0,14.57
4711,20.21,24.0,15.74
4712,24.12,24.0,18.48
4713,25.09,23.0,18.95
4714,25.3,23.0,19.75
4715,28.73,,22.89
4716,29.06,,27.44
4717,31.37,,31.39
4718,26.83,22.0,29.22
4719,24.11,22.0,26.61
4720,17.64,21.0,29.28
4721,18.72,19.0,28.58
4722,28.43,17.0,17.65
4723,33.51,14.0,28.53
4724,39.04,14.0,21.24
4725,39.72,17.0,19.91
4726,39.23,25.0,18.22
4727,39.69,24.0,28.38
4728,37.84,23.0,24.18
4729,29.71,21.0,24.14
4730,29.48,21.0,21.55
4731,28.26,20.0,21.19
4732,29.29,19.0,23.26
4733,32.44,19.0,23.16
4734,28.66,,24.47
4735,28.56,17.0,24.98
4736,29.15,17.0,26.84
4737,30.01,21.0,30.56
4738,31.84,21.0,30.33
4739,33.7,22.0,33.92
4740,36.39,21.0,37.88
4741,37.31,19.0,37.88
4742,44.21,18.0,35.54
4743,34.12,17.0,32.94
4744,28.49,14.0,35.7
4745,28.0,10.0,26.81
4746,36.56,10.0,22.63
4747,29.51,,30.06
4748,21.48,,43.77
4749,23.14,12.0,44.74
4750,29.98,16.0,45.68
4751,28.63,21.0,40.47
4752,28.2,21.0,28.95
4753,31.77,,16.77
4754,33.49,20.0,15.13
4755,27.52,18.0,15.34
4756,28.75,18.0,16.64
4757,28.97,19.0,15.44
4758,28.79,18.0,16.75
4759,29.15,19.0,19.74
4760,28.33,20.0,19.09
4761,29.46,20.0,19.7
4762,30.89,21.0,19.36
4763,31.99,22.0,20.58
4764,30.3,22.0,23.75
4765,30.05,21.0,24.69
4766,30.6,18.0,25.28
4767,24.35,20.0,26.02
4768,22.69,18.0,25.49
4769,19.76,17.0,26.69
4770,18.91,14.0,28.28
4771,17.99,14.0,31.41
4772,17.29,13.0,35.11
4773,16.79,13.0,38.25
4774,18.55,21.0,32.39
4775,16.75,26.0,33.58
4776,15.46,23.0,39.3
4777,15.44,23.0,37.94
4778,21.08,,27.54
4779,14.04,,16.6
4780,16.62,22.0,12.26
4781,17.19,23.0,12.34
4782,18.04,23.0,10.98
4783,20.02,24.0,
4784,22.41,22.0,19.62
4785,23.65,21.0,20.99
4786,27.3,22.0,21.76
4787,33.44,24.0,18.4
4788,30.28,26.0,17.94
4789,27.27,24.0,25.39
4790,27.81,21.0,27.31
4791,22.21,20.0,28.49
4792,26.9,19.0,27.24
4793,23.51,16.0,27.73
4794,24.76,12.0,27.73
4795,22.27,10.0,26.35
4796,21.76,10.0,23.92
4797,23.84,16.0,27.9
4798,23.04,20.0,16.19
4799,22.74,20.0,15.12
4800,22.23,19.0,17.56
4801,23.22,20.0,19.43
4802,22.76,20.0,20.48
4803,22.2,17.0,28.92
4804,24.29,16.0,26.18
4805,26.67,15.0,15.61
4806,27.07,14.0,18.35
4807,26.25,14.0,18.25
4808,28.38,15.0,12.17
4809,29.53,15.0,12.76
4810,31.03,16.0,13.7
4811,35.03,19.0,24.06
4812,36.03,20.0,31.81
4813,35.15,20.0,21.09
4814,30.48,18.0,23.9
4815,26.1,16.0,30.49
4816,23.17,15.0,32.32
4817,27.48,15.0,32.21
4818,33.24,14.0,36.21
4819,36.38,13.0,29.92
4820,34.98,14.0,28.71
4821,33.89,16.0,28.28
4822,27.65,17.0,29.18
4823,32.61,16.0,33.29
4824,31.33,14.0,37.58
4825,27.05,14.0,39.45
4826,27.71,15.0,36.46
4827,25.1,14.0,30.12
4828,23.5,14.0,29.51
4829,24.11,,24.89
4830,25.56,15.0,24.02
4831,26.49,16.0,25.68
4832,30.57,16.0,28.34
4833,29.0,,27.57
4834,34.18,17.0,28.59
4835,38.9,18.0,32.28
4836,43.38,22.0,38.89
4837,36.0,19.0,38.69
4838,37.24,19.0,35.16
4839,37.27,17.0,30.0
4840,28.98,16.0,40.61
4841,30.17,16.0,28.83
4842,23.54,14.0,24.81
4843,20.75,11.0,22.61
4844,31.5,11.0,21.29
4845,38.0,14.0,19.56
4846,25.19,17.0,20.82
4847,22.69,14.0,32.48
4848,20.68,12.0,25.09
4849,20.12,11.0,20.67
4850,19.15,11.0,14.54
4851,17.3,,15.09
4852,17.45,12.0,14.44
4853,18.75,11.0,12.71
4854,19.58,10.0,12.28
4855,19.95,10.0,13.96
4856,20.51,12.0,17.39
4857,21.99,19.0,17.76
4858,25.15,20.0,18.71
4859,28.95,17.0,20.65
4860,27.45,18.0,27.37
4861,27.3,18.0,25.83
4862,25.88,16.0,21.56
4863,26.37,15.0,27.03
4864,21.02,14.0,29.81
4865,18.52,11.0,16.27
4866,15.34,12.0,15.48
4867,14.33,13.0,15.83
4868,14.05,13.0,17.11
4869,33.95,17.0,16.13
4870,17.14,19.0,21.87
4871,15.52,16.0,16.56
4872,24.17,13.0,13.98
4873,14.93,11.0,9.36
4874,14.51,9.0,8.23
4875,14.97,9.0,8.46
4876,13.77,,9.47
4877,12.69,,8.41
4878,11.08,,8.49
4879,13.33,11.0,8.78
4880,13.87,11.0,12.15
4881,15.62,13.0,16.76
4882,15.92,12.0,18.09
4883,17.17,12.0,23.57
4884,23.86,,23.93
4885,23.17,16.0,27.3
4886,24.61,11.0,23.7
4887,24.59,9.0,15.66
4888,21.31,9.0,15.99
4889,17.58,19.0,19.57
4890,13.96,9.0,20.34
4891,10.59,9.0,19.57
4892,21.16,,20.41
4893,20.46,10.0,17.65
4894,22.34,23.0,16.02
4895,21.42,11.0,14.55
4896,16.52,9.0,13.2
4897,12.59,10.0,10.99
4898,12.91,10.0,11.4
4899,13.82,9.0,10.62
4900,13.38,9.0,11.07
4901,13.28,8.0,10.52
4902,13.85,9.0,12.06
4903,14.79,9.0,14.21
4904,14.47,11.0,16.38
4905,14.75,11.0,17.35
4906,17.34,12.0,20.74
4907,18.58,13.0,21.97
4908,20.45,11.0,19.74
4909,20.63,12.0,17.38
4910,18.74,13.0,19.02
4911,17.46,11.0,15.51
4912,15.0,10.0,16.89
4913,10.94,8.0,14.16
4914,9.47,6.0,19.44
4915,11.5,15.0,21.86
4916,13.31,6.0,18.63
4917,14.86,8.0,11.7
4918,20.18,8.0,10.73
4919,14.86,,8.81
4920,11.14,7.0,7.99
4921,9.71,7.0,7.5
4922,9.03,8.0,8.3
4923,8.02,6.0,7.62
4924,7.78,9.0,9.92
4925,7.65,7.0,8.73
4926,7.99,7.0,8.41
4927,8.25,8.0,8.93
4928,9.5,10.0,9.55
4929,11.19,10.0,9.2
4930,15.18,12.0,11.96
4931,14.87,12.0,11.11
4932,15.45,9.0,12.99
4933,16.8,9.0,13.44
4934,16.74,12.0,11.25
4935,13.78,13.0,13.98
4936,13.98,14.0,12.04
4937,14.7,12.0,7.35
4938,14.0,10.0,10.41
4939,14.15,9.0,8.33
4940,13.98,9.0,13.97
4941,11.29,,12.38
4942,12.07,,16.54
4943,12.75,18.0,19.74
4944,10.49,18.0,6.33
4945,9.36,14.0,5.4
4946,9.21,12.0,3.73
4947,9.24,12.0,7.0
4948,9.52,,6.87
4949,9.55,11.0,6.79
4950,10.38,13.0,9.02
4951,11.08,14.0,9.15
4952,11.84,14.0,10.62
4953,13.31,13.0,10.46
4954,16.06,14.0,6.97
4955,18.83,15.0,9.72
4956,18.63,15.0,13.86
4957,20.46,14.0,17.59
4958,17.82,14.0,16.48
4959,14.62,12.0,16.75
4960,12.82,11.0,19.67
4961,9.52,16.0,23.61
4962,7.63,18.0,28.14
4963,7.75,19.0,32.89
4964,13.55,20.0,19.21
4965,24.11,22.0,19.5
4966,13.81,24.0,17.87
4967,11.35,27.0,18.93
4968,13.47,28.0,22.33
4969,9.32,26.0,22.39
4970,9.03,25.0,18.71
4971,9.37,26.0,19.75
4972,9.41,27.0,21.84
4973,10.34,27.0,21.14
4974,11.08,28.0,14.69
4975,9.94,28.0,17.66
4976,9.55,30.0,18.08
4977,12.39,29.0,22.07
4978,17.49,30.0,22.89
4979,19.78,31.0,28.72
4980,21.01,31.0,31.07
4981,23.46,30.0,31.37
4982,19.21,26.0,25.66
4983,12.47,24.0,29.37
4984,12.29,23.0,36.17
4985,11.09,19.0,31.04
4986,10.81,15.0,24.6
4987,9.12,16.0,21.95
4988,8.55,15.0,22.35
4989,10.18,19.0,19.31
4990,15.92,23.0,12.77
4991,13.11,14.0,16.37
4992,11.07,12.0,19.59
4993,13.11,10.0,19.29
4994,17.87,8.0,17.41
4995,24.76,7.0,16.85
4996,12.01,9.0,21.41
4997,12.08,12.0,23.53
4998,12.77,14.0,27.01
4999,13.35,13.0,27.98
5000,13.54,12.0,23.06
5001,15.73,10.0,18.97
5002,16.56,12.0,20.63
5003,15.99,13.0,22.74
5004,16.08,12.0,33.33
5005,18.13,13.0,34.37
5006,15.36,10.0,25.44
5007,13.15,8.0,18.23
5008,13.14,7.0,21.88
5009,17.49,9.0,33.19
5010,15.4,8.0,22.59
5011,17.25,15.0,14.63
5012,13.1,15.0,11.8
5013,17.89,12.0,20.94
5014,15.39,12.0,26.08
5015,15.95,9.0,31.07
5016,17.57,10.0,23.92
5017,17.38,9.0,19.61
5018,9.84,8.0,14.9
5019,7.3,8.0,12.61
5020,7.83,,10.0
5021,8.62,9.0,9.42
5022,10.97,9.0,10.4
5023,8.73,8.0,10.94
5024,10.38,10.0,12.59
5025,12.57,11.0,13.27
5026,11.97,11.0,16.69
5027,11.84,13.0,20.39
5028,16.83,13.0,18.76
5029,11.41,12.0,20.57
5030,9.84,12.0,21.18
5031,8.87,11.0,23.97
5032,11.45,10.0,
5033,9.62,9.0,
5034,9.7,8.0,13.21
5035,11.81,9.0,15.81
5036,10.72,11.0,19.33
5037,16.49,15.0,20.51
5038,14.88,17.0,23.36
5039,13.08,18.0,22.75
5040,10.57,17.0,16.71
5041,10.29,16.0,14.98
5042,10.46,15.0,16.17
5043,10.13,16.0,22.97
5044,10.61,15.0,17.85
5045,13.87,15.0,19.16
5046,15.63,,18.61
5047,14.03,16.0,20.12
5048,14.95,16.0,21.65
5049,16.29,18.0,23.36
5050,18.72,16.0,24.36
5051,20.81,17.0,23.09
5052,21.62,16.0,23.15
5053,18.44,16.0,25.95
5054,18.4,15.0,24.11
5055,22.24,13.0,20.1
5056,22.64,13.0,16.89
5057,18.7,11.0,15.58
5058,20.89,11.0,17.27
5059,19.79,,19.29
5060,18.86,10.0,18.98
5061,21.18,11.0,20.74
5062,21.67,11.0,20.6
5063,20.46,,17.7
5064,16.77,10.0,18.0
5065,15.53,8.0,16.96
5066,14.4,10.0,13.63
5067,15.41,7.0,12.94
5068,13.1,6.0,12.84
5069,12.38,8.0,11.88
5070,12.19,9.0,12.58
5071,13.19,8.0,12.99
5072,13.24,7.0,14.23
5073,13.64,8.0,16.13
5074,14.02,10.0,19.89
5075,15.03,8.0,20.96
5076,18.52,12.0,23.69
5077,18.26,10.0,24.99
5078,16.32,9.0,27.17
5079,15.53,9.0,27.52
5080,10.74,8.0,
5081,9.88,6.0,
5082,9.05,7.0,
5083,9.19,7.0,
5084,14.4,8.0,17.43
5085,9.65,8.0,17.46
5086,10.73,10.0,18.42
5087,7.98,10.0,20.06
5088,7.94,9.0,20.97
5089,,,
5090,9.27,10.0,23.55
5091,,9.0,25.3
5092,,9.0,28.14
5093,,,29.19
5094,,,31.35
5095,,12.0,31.47
5096,,11.0,33.09
5097,,11.0,36.45
5098,,12.0,37.81
5099,10.59,13.0,37.3
5100,13.91,13.0,36.81
5101,22.75,11.0,36.51
5102,13.75,12.0,38.75
5103,12.37,10.0,36.48
5104,9.2,11.0,31.15
5105,14.14,10.0,25.62
5106,10.51,9.0,25.14
5107,8.53,9.0,28.21
5108,10.34,,29.67
5109,9.21,10.0,29.87
5110,11.22,10.0,27.98
5111,10.27,8.0,30.83
5112,12.5,7.0,34.8
5113,15.31,7.0,
5114,10.92,6.0,32.8
5115,9.14,6.0,31.61
5116,7.38,7.0,31.38
5117,6.67,7.0,31.22
5118,6.84,,31.62
5119,7.95,,33.42
5120,10.81,9.0,34.45
5121,11.1,9.0,37.33
5122,13.41,10.0,37.4
5123,14.87,11.0,37.82
5124,15.63,11.0,38.57
5125,19.88,13.0,38.89
5126,16.1,12.0,38.83
5127,11.49,10.0,38.13
5128,10.68,12.0,33.82
5129,11.34,9.0,29.87
5130,10.53,8.0,30.98
5131,13.26,8.0,29.04
5132,12.32,,28.37
5133,12.88,10.0,29.85
5134,17.27,8.0,30.92
5135,14.35,7.0,30.43
5136,15.09,7.0,34.35
5137,14.64,6.0,30.69
5138,13.05,5.0,23.77
5139,12.29,5.0,22.38
5140,13.81,5.0,23.29
5141,14.45,5.0,21.46
5142,12.96,5.0,21.8
5143,13.97,6.0,22.27
5144,18.36,8.0,21.06
5145,18.06,13.0,23.62
5146,21.88,20.0,25.35
5147,24.06,17.0,27.82
5148,26.49,18.0,29.85
5149,24.37,19.0,33.44
5150,22.75,9.0,35.5
5151,26.38,9.0,39.15
5152,16.41,,33.01
5153,13.99,8.0,24.04
5154,12.45,9.0,22.48
5155,13.7,9.0,21.91
5156,14.79,7.0,19.91
5157,18.98,18.0,18.61
5158,19.59,15.0,15.92
5159,21.77,14.0,16.61
5160,20.78,16.0,19.86
5161,21.87,15.0,18.87
5162,19.01,13.0,19.1
5163,18.99,13.0,25.96
5164,19.06,,21.94
5165,19.87,,21.65
5166,21.41,15.0,20.87
5167,23.27,14.0,18.02
5168,22.84,23.0,15.24
5169,23.38,16.0,24.3
5170,23.23,16.0,26.95
5171,26.72,20.0,23.85
5172,29.66,20.0,22.76
5173,31.0,21.0,22.2
5174,26.89,15.0,14.95
5175,27.39,17.0,15.6
5176,24.84,12.0,16.88
5177,21.46,10.0,16.41
5178,21.78,10.0,13.02
5179,18.17,9.0,11.55
5180,17.48,11.0,13.34
5181,19.06,17.0,13.22
5182,31.59,17.0,16.97
5183,38.18,19.0,20.29
5184,34.01,17.0,44.99
5185,49.0,18.0,36.34
5186,34.87,19.0,18.49
5187,40.93,19.0,19.42
5188,32.9,,19.28
5189,27.2,17.0,19.15
5190,26.35,17.0,19.27
5191,25.78,,19.65
5192,25.84,,20.58
5193,28.49,19.0,21.02
5194,29.47,19.0,24.8
5195,29.94,21.0,22.68
5196,33.01,21.0,47.15
5197,33.6,20.0,19.54
5198,36.25,20.0,16.87
5199,30.3,16.0,14.17
5200,25.43,16.0,13.74
5201,20.36,14.0,13.62
5202,20.19,11.0,15.86
5203,18.53,8.0,14.32
5204,21.65,8.0,13.6
5205,28.17,15.0,14.16
5206,27.51,18.0,18.17
5207,28.77,15.0,20.07
5208,31.9,21.0,18.25
5209,39.61,18.0,16.15
5210,34.98,15.0,15.17
5211,27.37,13.0,15.26
5212,24.99,13.0,15.21
5213,24.73,12.0,15.74
5214,23.6,11.0,15.77
5215,23.11,10.0,15.75
5216,24.9,10.0,15.97
5217,27.36,11.0,16.38
5218,30.0,11.0,18.52
5219,31.4,12.0,17.7
5220,33.31,13.0,17.14
5221,35.65,13.0,17.93
5222,32.61,12.0,17.79
5223,27.13,12.0,17.58
5224,22.3,11.0,20.14
5225,14.58,11.0,21.07
5226,11.82,10.0,18.93
5227,15.86,8.0,16.4
5228,20.46,8.0,14.23
5229,25.02,12.0,13.91
5230,23.47,18.0,14.58
5231,23.09,19.0,15.6
5232,21.57,16.0,16.27
5233,17.08,15.0,13.58
5234,13.86,14.0,13.87
5235,14.91,15.0,11.65
5236,14.83,14.0,12.05
5237,14.8,14.0,11.24
5238,14.93,15.0,11.29
5239,15.26,15.0,12.06
5240,15.36,16.0,12.18
5241,16.52,15.0,12.67
5242,16.58,17.0,14.96
5243,17.48,19.0,16.36
5244,19.66,20.0,19.81
5245,18.82,21.0,20.84
5246,18.45,21.0,19.3
5247,17.35,,16.61
5248,16.95,16.0,19.13
5249,20.53,15.0,20.39
5250,12.75,12.0,20.87
5251,14.7,9.0,14.52
5252,25.07,10.0,12.64
5253,18.69,13.0,11.82
5254,18.05,17.0,13.29
5255,15.16,16.0,13.67
5256,12.25,15.0,14.35
5257,11.15,13.0,12.72
5258,12.17,11.0,15.1
5259,13.0,11.0,10.05
5260,12.33,13.0,12.28
5261,12.79,12.0,11.58
5262,13.27,13.0,10.83
5263,12.81,22.0,12.4
5264,14.07,14.0,19.96
5265,15.36,13.0,23.47
5266,17.02,15.0,16.88
5267,20.56,16.0,12.82
5268,24.15,16.0,11.7
5269,21.95,19.0,11.77
5270,20.85,16.0,11.72
5271,17.02,18.0,12.28
5272,15.66,16.0,12.13
5273,12.78,17.0,12.28
5274,10.91,12.0,15.18
5275,11.04,11.0,17.58
5276,15.0,10.0,17.1
5277,11.05,13.0,15.75
5278,14.8,14.0,19.12
5279,12.91,14.0,19.93
5280,,,20.82
5281,21.87,13.0,21.46
5282,19.89,12.0,22.19
5283,28.73,11.0,21.28
5284,12.43,11.0,17.24
5285,11.34,,22.6
5286,12.97,12.0,24.97
5287,12.87,13.0,26.05
5288,12.64,16.0,33.63
5289,16.09,18.0,28.52
5290,19.4,18.0,28.52
5291,16.57,20.0,16.24
5292,15.33,19.0,16.04
5293,15.12,19.0,15.43
5294,11.27,,15.56
5295,12.06,18.0,16.67
5296,11.36,17.0,16.83
5297,9.33,14.0,18.44
5298,8.47,18.0,19.36
5299,10.11,17.0,21.04
5300,12.0,18.0,24.0
5301,12.26,16.0,17.28
5302,14.31,22.0,14.76
5303,13.42,16.0,12.96
5304,14.34,15.0,15.0
5305,13.37,14.0,13.0
5306,15.13,12.0,12.88
5307,13.91,13.0,11.96
5308,14.83,14.0,12.68
5309,14.44,12.0,13.21
5310,13.07,12.0,12.99
5311,14.84,14.0,14.31
5312,14.78,14.0,16.35
5313,17.95,,20.68
5314,21.07,15.0,20.22
5315,19.92,20.0,21.78
5316,18.33,19.0,24.23
5317,17.93,19.0,26.53
5318,15.87,18.0,25.93
5319,14.29,17.0,24.24
5320,11.11,15.0,22.71
5321,10.23,14.0,12.75
5322,7.67,15.0,15.62
5323,7.02,15.0,16.57
5324,8.37,14.0,15.57
5325,11.6,15.0,15.16
5326,13.23,19.0,17.3
5327,13.82,19.0,18.03
5328,13.74,17.0,18.49
5329,12.57,17.0,21.31
5330,10.57,,20.96
5331,10.01,,20.77
5332,10.02,19.0,20.75
5333,14.26,22.0,20.3
5334,13.55,26.0,21.47
5335,10.4,26.0,21.53
5336,11.67,,22.05
5337,11.78,,21.67
5338,14.64,,22.2
5339,19.08,30.0,21.55
5340,18.02,32.0,22.53
5341,13.81,32.0,24.95
5342,10.52,31.0,22.8
5343,9.33,29.0,18.36
5344,8.88,25.0,14.87
5345,10.63,23.0,14.96
5346,,23.0,14.16
5347,,22.0,10.67
5348,,21.0,8.93
5349,,20.0,
5350,,20.0,23.46
5351,,19.0,17.66
5352,,18.0,12.37
5353,,18.0,13.58
5354,7.64,20.0,11.06
5355,7.55,20.0,10.2
5356,7.8,,9.27
5357,9.14,21.0,9.2
5358,10.04,22.0,8.01
5359,10.98,23.0,8.2
5360,13.27,26.0,8.16
5361,12.44,26.0,8.61
5362,12.7,28.0,9.22
5363,13.8,29.0,9.9
5364,17.37,30.0,10.66
5365,13.87,33.0,11.79
5366,11.24,29.0,10.81
5367,10.35,25.0,12.46
5368,11.77,23.0,13.28
5369,9.0,22.0,10.8
5370,30.47,20.0,9.49
5371,11.15,18.0,8.65
5372,9.26,16.0,9.28
5373,9.12,18.0,12.6
5374,11.37,14.0,14.69
5375,11.43,14.0,18.94
5376,10.58,,16.51
5377,11.61,,9.0
5378,14.71,11.0,9.2
5379,18.84,10.0,8.37
5380,17.69,11.0,7.89
5381,18.44,11.0,9.04
5382,17.98,14.0,8.69
5383,18.11,12.0,8.98
5384,24.36,12.0,12.84
5385,25.09,13.0,11.61
5386,14.26,14.0,12.32
5387,13.59,16.0,13.54
5388,10.78,16.0,16.03
5389,9.91,17.0,14.79
5390,12.2,17.0,9.77
5391,14.97,14.0,10.22
5392,14.51,12.0,8.74
5393,13.54,10.0,7.67
5394,14.56,11.0,7.32
5395,13.57,11.0,5.56
5396,13.36,10.0,5.41
5397,16.33,12.0,5.46
5398,15.72,13.0,6.32
5399,18.5,11.0,6.44
5400,19.95,10.0,5.95
5401,14.72,10.0,6.02
5402,13.26,,7.55
5403,20.93,,7.26
5404,16.16,8.0,8.37
5405,17.79,9.0,8.7
5406,21.13,11.0,9.57
5407,25.24,12.0,10.73
5408,21.73,12.0,11.89
5409,20.81,14.0,12.83
5410,17.36,13.0,15.37
5411,15.52,14.0,15.52
5412,15.0,15.0,19.08
5413,11.97,13.0,14.37
5414,10.05,13.0,10.11
5415,11.5,,10.21
5416,12.39,11.0,10.59
5417,13.43,10.0,9.3
5418,14.99,11.0,9.69
5419,16.31,13.0,9.34
5420,20.03,11.0,10.03
5421,21.57,11.0,9.9
5422,16.33,15.0,11.99
5423,,13.0,10.84
5424,8.26,11.0,10.04
5425,9.3,11.0,
5426,18.73,,9.71
5427,50.81,10.0,10.08
5428,15.6,9.0,11.01
5429,14.49,10.0,10.6
5430,14.07,9.0,10.47
5431,12.39,11.0,10.54
5432,14.85,12.0,11.2
5433,16.86,13.0,12.77
5434,20.49,13.0,14.09
5435,21.59,14.0,14.69
5436,27.02,13.0,17.28
5437,26.88,13.0,16.95
5438,24.66,12.0,17.31
5439,26.13,10.0,20.8
5440,30.92,9.0,
5441,23.14,8.0,
5442,15.35,8.0,
5443,10.53,9.0,
5444,15.49,12.0,
5445,16.43,13.0,
5446,14.95,18.0,
5447,13.3,18.0,
5448,13.72,19.0,
5449,14.57,17.0,14.91
5450,15.86,17.0,15.23
5451,18.9,,13.47
5452,20.62,19.0,13.2
5453,22.76,17.0,11.31
5454,24.86,18.0,12.0
5455,25.53,18.0,12.94
5456,26.83,19.0,12.68
5457,27.49,19.0,13.94
5458,28.59,20.0,16.01
5459,28.94,21.0,18.18
5460,29.0,22.0,20.55
5461,26.39,21.0,19.16
5462,27.14,18.0,19.88
5463,25.27,16.0,17.53
5464,19.89,14.0,16.65
5465,14.5,11.0,16.31
5466,11.21,11.0,15.68
5467,12.12,,13.97
5468,11.72,10.0,13.36
5469,13.31,12.0,14.24
5470,12.73,16.0,15.38
5471,12.66,19.0,10.42
5472,11.6,18.0,8.19
5473,18.32,20.0,9.2
5474,23.55,22.0,9.07
5475,26.71,21.0,7.96
5476,10.77,19.0,7.71
5477,10.51,18.0,8.06
5478,10.79,19.0,7.8
5479,11.6,19.0,7.44
5480,15.77,20.0,8.13
5481,16.87,23.0,10.79
5482,21.35,22.0,14.74
5483,26.53,21.0,18.7
5484,29.08,23.0,16.14
5485,26.58,20.0,14.41
5486,25.66,18.0,11.4
5487,23.14,16.0,10.48
5488,21.53,17.0,9.55
5489,15.6,15.0,8.78
5490,16.33,13.0,9.19
5491,15.71,14.0,11.0
5492,14.36,12.0,10.42
5493,17.13,14.0,11.99
5494,18.5,14.0,12.88
5495,16.16,15.0,11.38
5496,15.34,13.0,11.48
5497,12.53,12.0,8.62
5498,12.81,12.0,8.39
5499,9.36,9.0,10.12
5500,8.33,8.0,10.33
5501,9.13,9.0,9.89
5502,11.27,19.0,10.14
5503,14.1,7.0,10.46
5504,13.97,8.0,12.06
5505,16.77,9.0,12.47
5506,18.28,8.0,13.57
5507,21.35,9.0,15.86
5508,27.61,10.0,16.23
5509,28.09,9.0,18.21
5510,18.22,9.0,19.49
5511,19.73,7.0,15.83
5512,16.72,6.0,16.18
5513,16.47,5.0,18.45
5514,15.55,6.0,17.07
5515,15.98,7.0,13.06
5516,15.66,8.0,11.76
5517,18.4,12.0,12.74
5518,18.58,11.0,13.0
5519,19.34,14.0,14.99
5520,16.3,15.0,13.4
5521,24.28,15.0,9.71
5522,25.46,16.0,9.27
5523,17.28,17.0,8.2
5524,18.91,18.0,8.59
5525,20.55,18.0,9.0
5526,20.9,16.0,7.3
5527,20.3,17.0,8.52
5528,21.46,18.0,12.44
5529,23.96,20.0,13.95
5530,24.09,19.0,15.3
5531,25.84,20.0,15.12
5532,30.32,22.0,12.88
5533,29.15,20.0,13.01
5534,24.18,22.0,14.11
5535,22.7,22.0,10.41
5536,19.8,20.0,14.32
5537,14.84,17.0,13.15
5538,14.76,17.0,11.97
5539,15.6,18.0,12.04
5540,17.55,20.0,17.66
5541,16.86,22.0,12.43
5542,20.65,24.0,18.62
5543,17.61,31.0,17.6
5544,16.46,28.0,8.27
5545,15.55,29.0,6.54
5546,12.6,30.0,6.14
5547,12.22,28.0,6.22
5548,13.12,27.0,5.98
5549,,26.0,6.37
5550,,26.0,6.43
5551,,25.0,6.47
5552,,26.0,7.19
5553,,25.0,9.89
5554,,25.0,8.87
5555,,27.0,8.94
5556,,28.0,10.15
5557,,27.0,9.62
5558,,26.0,10.21
5559,,24.0,8.27
5560,,25.0,7.47
5561,,24.0,11.69
5562,,24.0,8.4
5563,,22.0,14.39
5564,,22.0,8.45
5565,,38.0,9.84
5566,,21.0,8.91
5567,,20.0,15.75
5568,,17.0,11.22
5569,,16.0,9.87
5570,6.08,14.0,8.37
5571,5.81,12.0,8.08
5572,4.97,13.0,9.31
5573,5.37,14.0,9.27
5574,5.4,13.0,8.96
5575,5.61,15.0,9.32
5576,6.2,18.0,10.47
5577,8.41,19.0,10.96
5578,10.11,17.0,11.22
5579,13.88,20.0,11.78
5580,16.03,19.0,12.02
5581,14.41,13.0,8.76
5582,15.02,13.0,9.53
5583,14.52,14.0,9.96
5584,21.14,14.0,8.55
5585,21.86,13.0,8.82
5586,23.7,13.0,9.13
5587,21.24,,8.01
5588,18.97,14.0,8.17
5589,19.3,15.0,9.51
5590,19.67,15.0,9.76
5591,18.85,,10.67
5592,17.42,14.0,11.51
5593,15.0,13.0,15.46
5594,14.83,13.0,10.65
5595,15.48,15.0,11.71
5596,15.85,14.0,11.83
5597,16.21,15.0,10.15
5598,16.63,13.0,9.3
5599,17.76,13.0,9.02
5600,19.35,14.0,11.08
5601,23.05,16.0,13.14
5602,24.27,15.0,11.55
5603,25.74,16.0,12.86
5604,26.21,13.0,14.86
5605,27.85,12.0,13.26
5606,24.5,12.0,13.72
5607,21.38,10.0,13.19
5608,23.02,9.0,11.74
5609,29.82,8.0,11.61
5610,20.4,7.0,11.31
5611,17.48,8.0,9.89
5612,19.89,8.0,11.32
5613,21.54,7.0,14.16
5614,23.23,7.0,17.27
5615,17.41,,16.08
5616,16.32,8.0,13.0
5617,14.46,8.0,12.0
5618,11.42,,11.59
5619,9.97,7.0,12.09
5620,11.23,6.0,12.37
5621,11.79,5.0,12.11
5622,11.22,4.0,11.08
5623,11.88,4.0,9.98
5624,10.17,5.0,10.55
5625,11.62,5.0,10.58
5626,11.77,5.0,14.73
5627,15.46,5.0,14.18
5628,16.74,6.0,15.79
5629,16.06,10.0,13.9
5630,15.83,11.0,13.15
5631,15.67,8.0,12.12
5632,15.72,8.0,11.53
5633,16.71,5.0,11.4
5634,16.6,6.0,11.79
5635,17.06,6.0,10.01
5636,16.95,5.0,10.36
5637,15.83,5.0,11.21
5638,14.81,7.0,14.55
5639,15.86,8.0,12.74
5640,13.51,5.0,11.06
5641,13.43,7.0,9.25
5642,10.82,7.0,8.37
5643,11.83,,11.38
5644,11.65,5.0,12.61
5645,11.88,6.0,9.58
5646,11.43,11.0,8.62
5647,12.06,11.0,10.13
5648,12.17,12.0,9.82
5649,12.73,12.0,13.11
5650,15.82,10.0,12.63
5651,16.91,9.0,12.56
5652,17.32,9.0,11.49
5653,17.7,10.0,11.21
5654,17.74,11.0,12.53
5655,16.18,15.0,11.78
5656,20.52,17.0,9.83
5657,21.38,16.0,8.74
5658,20.22,16.0,9.69
5659,21.96,,8.68
5660,13.27,17.0,7.98
5661,15.49,18.0,10.21
5662,16.0,21.0,14.64
5663,12.27,21.0,13.0
5664,11.69,17.0,12.58
5665,13.48,15.0,10.27
5666,13.07,14.0,12.57
5667,14.0,14.0,10.04
5668,11.63,16.0,10.06
5669,12.45,17.0,9.65
5670,12.68,18.0,9.76
5671,12.29,16.0,11.96
5672,13.27,17.0,14.19
5673,14.2,19.0,16.53
5674,15.26,18.0,16.39
5675,19.15,19.0,22.48
5676,22.15,19.0,22.39
5677,18.04,17.0,18.67
5678,20.41,15.0,16.03
5679,20.81,13.0,19.39
5680,19.11,13.0,19.59
5681,18.95,14.0,19.37
5682,16.86,13.0,16.64
5683,16.22,14.0,13.61
5684,15.56,14.0,13.19
5685,13.9,17.0,16.87
5686,16.09,15.0,19.46
5687,18.8,18.0,17.73
5688,19.48,13.0,15.6
5689,17.91,14.0,11.42
5690,13.69,14.0,10.97
5691,8.95,15.0,12.04
5692,11.15,16.0,12.78
5693,13.61,13.0,13.18
5694,11.4,11.0,13.13
5695,10.59,11.0,14.03
5696,9.98,10.0,15.95
5697,9.74,11.0,17.52
5698,9.35,14.0,20.29
5699,10.68,21.0,23.8
5700,14.12,17.0,25.67
5701,17.47,14.0,26.61
5702,19.56,14.0,26.39
5703,19.76,12.0,28.83
5704,22.92,13.0,24.27
5705,18.71,12.0,20.28
5706,12.23,10.0,17.13
5707,11.9,10.0,14.1
5708,14.3,,14.45
5709,17.17,11.0,16.8
5710,14.39,13.0,14.57
5711,13.89,13.0,14.19
5712,12.94,11.0,13.92
5713,13.08,12.0,13.11
5714,15.74,11.0,13.38
5715,16.31,10.0,11.3
5716,20.89,10.0,11.26
5717,13.98,,12.19
5718,10.4,,12.48
5719,12.82,9.0,13.32
5720,16.84,10.0,14.58
5721,17.41,9.0,15.45
5722,14.76,10.0,15.98
5723,16.95,11.0,16.02
5724,18.05,10.0,15.2
5725,18.5,9.0,16.76
5726,18.16,7.0,18.87
5727,20.74,8.0,22.09
5728,23.94,8.0,19.0
5729,16.37,9.0,12.83
5730,15.06,9.0,10.04
5731,17.05,8.0,10.06
5732,18.16,9.0,8.18
5733,30.55,14.0,12.68
5734,22.13,14.0,16.17
5735,13.11,12.0,13.44
5736,11.6,11.0,9.01
5737,7.93,11.0,8.58
5738,6.59,12.0,10.05
5739,5.0,14.0,10.91
5740,5.26,12.0,9.56
5741,4.68,10.0,9.46
5742,5.52,9.0,9.49
5743,6.43,10.0,10.31
5744,6.69,11.0,10.61
5745,8.41,10.0,11.22
5746,10.09,9.0,12.88
5747,12.82,10.0,19.42
5748,,11.0,21.93
5749,12.21,13.0,18.19
5750,11.7,12.0,22.04
5751,15.1,9.0,17.95
5752,20.53,9.0,16.0
5753,14.81,,14.05
5754,12.94,,12.11
5755,14.5,,10.99
5756,13.52,,13.2
5757,19.53,12.0,15.33
5758,27.3,14.0,13.85
5759,11.66,18.0,12.76
5760,11.37,20.0,13.12
5761,10.47,21.0,15.03
5762,9.49,18.0,14.02
5763,11.58,15.0,10.47
5764,12.84,12.0,10.51
5765,13.2,17.0,10.05
5766,14.14,15.0,9.47
5767,14.91,14.0,9.4
5768,18.77,13.0,12.22
5769,18.22,12.0,12.78
5770,20.84,10.0,13.66
5771,21.92,10.0,15.4
5772,21.38,,15.89
5773,21.7,,14.55
5774,21.75,11.0,23.42
5775,16.58,10.0,12.47
5776,16.57,13.0,11.7
5777,18.86,13.0,10.65
5778,18.48,9.0,10.69
5779,16.78,13.0,9.64
5780,17.05,14.0,7.64
5781,17.1,19.0,5.69
5782,18.28,14.0,8.2
5783,20.76,10.0,7.36
5784,18.71,10.0,7.52
5785,21.42,12.0,7.17
5786,24.03,14.0,5.87
5787,22.43,21.0,5.32
5788,21.85,27.0,5.17
5789,21.06,18.0,4.19
5790,20.54,22.0,4.27
5791,20.73,29.0,4.46
5792,22.11,30.0,7.67
5793,24.3,28.0,13.77
5794,26.36,18.0,13.76
5795,27.98,15.0,9.99
5796,29.49,14.0,7.8
5797,29.51,12.0,10.16
5798,23.77,11.0,12.82
5799,9.0,9.0,15.42
5800,20.0,9.0,19.57
5801,21.0,,12.97
5802,20.69,,15.03
5803,20.0,10.0,20.99
5804,13.0,13.0,12.29
5805,17.0,12.0,17.59
5806,15.0,15.0,14.46
5807,9.0,13.0,14.07
5808,15.0,12.0,8.64
5809,12.0,11.0,8.02
5810,14.0,12.0,8.68
5811,17.0,11.0,6.06
5812,8.0,11.0,6.52
5813,7.0,16.0,7.9
5814,7.0,17.0,9.03
5815,10.0,19.0,9.76
5816,8.0,19.0,10.34
5817,7.0,18.0,11.97
5818,9.0,15.0,13.49
5819,9.0,17.0,15.29
5820,17.0,17.0,13.77
5821,23.0,14.0,10.04
5822,20.0,11.0,8.15
5823,13.76,12.0,8.14
5824,19.64,12.0,11.15
5825,21.11,13.0,9.63
5826,14.91,12.0,8.28
5827,12.99,11.0,7.98
5828,11.9,12.0,8.46
5829,9.38,14.0,8.01
5830,9.69,15.0,10.04
5831,12.44,18.0,8.02
5832,8.01,13.0,11.89
5833,,,
5834,9.5,15.0,10.2
5835,8.59,15.0,10.64
5836,7.9,,11.28
5837,9.25,,10.8
5838,8.66,,10.56
5839,9.84,17.0,9.95
5840,11.39,15.0,10.69
5841,9.81,15.0,12.65
5842,10.63,,14.93
5843,14.93,17.0,12.03
5844,11.3,17.0,10.86
5845,11.95,16.0,15.37
5846,12.36,17.0,13.21
5847,15.02,16.0,9.78
5848,11.63,15.0,8.4
5849,8.59,14.0,10.13
5850,9.9,15.0,10.42
5851,9.49,14.0,8.6
5852,10.3,15.0,9.92
5853,8.3,16.0,11.87
5854,7.64,18.0,21.44
5855,7.15,19.0,18.84
5856,6.56,16.0,23.86
5857,8.95,14.0,
5858,8.6,12.0,19.58
5859,7.77,13.0,16.73
5860,7.6,14.0,6.67
5861,6.98,15.0,4.66
5862,8.56,21.0,4.14
5863,8.28,19.0,5.04
5864,10.7,15.0,5.56
5865,12.84,16.0,6.59
5866,13.25,23.0,9.42
5867,14.7,23.0,6.06
5868,15.87,22.0,5.71
5869,21.41,15.0,5.05
5870,15.67,14.0,5.91
5871,9.69,14.0,6.4
5872,8.65,13.0,7.39
5873,12.95,12.0,6.92
5874,8.63,12.0,7.93
5875,6.7,15.0,9.4
5876,8.6,14.0,11.28
5877,8.11,16.0,11.3
5878,8.9,23.0,10.15
5879,5.74,32.0,10.66
5880,8.8,21.0,12.22
5881,6.62,14.0,14.86
5882,6.13,14.0,8.46
5883,16.89,,9.13
5884,8.42,13.0,11.48
5885,7.09,13.0,7.3
5886,6.8,14.0,4.19
5887,7.9,15.0,4.67
5888,10.86,16.0,8.07
5889,12.86,18.0,8.5
5890,13.48,19.0,8.02
5891,13.23,19.0,8.0
5892,11.45,18.0,5.43
5893,10.03,16.0,5.84
5894,15.96,14.0,5.88
5895,18.85,15.0,6.23
5896,12.92,17.0,5.62
5897,7.3,18.0,5.72
5898,6.43,18.0,5.6
5899,6.14,20.0,5.39
5900,9.39,20.0,6.03
5901,12.76,18.0,8.17
5902,13.3,17.0,9.42
5903,14.3,16.0,7.55
5904,10.49,13.0,9.87
5905,10.98,12.0,6.98
5906,5.24,11.0,7.93
5907,5.11,11.0,8.28
5908,6.74,10.0,9.01
5909,11.62,10.0,7.97
5910,10.88,11.0,6.85
5911,8.95,11.0,7.53
5912,8.38,12.0,7.92
5913,9.61,14.0,9.79
5914,11.93,15.0,9.88
5915,12.6,17.0,11.4
5916,14.76,19.0,14.25
5917,19.29,21.0,13.52
5918,16.99,20.0,8.16
5919,17.01,19.0,9.24
5920,16.85,17.0,9.28
5921,16.52,15.0,7.88
5922,15.72,15.0,11.6
5923,11.0,13.0,6.92
5924,9.24,13.0,11.52
5925,9.24,12.0,11.66
5926,,14.0,11.65
5927,,17.0,14.1
5928,,20.0,13.2
5929,,18.0,13.5
5930,,16.0,4.8
5931,,16.0,6.54
5932,,15.0,5.37
5933,,14.0,5.02
5934,,13.0,5.45
5935,,18.0,5.88
5936,,23.0,6.68
5937,,15.0,7.25
5938,,17.0,8.8
5939,,16.0,7.69
5940,,17.0,8.52
5941,,18.0,6.23
5942,15.84,22.0,7.57
5943,18.9,24.0,4.57
5944,9.3,19.0,4.49
5945,6.89,12.0,3.95
5946,8.76,12.0,4.5
5947,9.89,10.0,3.76
5948,10.17,10.0,3.88
5949,10.0,12.0,4.51
5950,7.46,14.0,6.24
5951,5.8,11.0,9.37
5952,5.92,11.0,7.63
5953,2.19,10.0,6.94
5954,3.09,10.0,4.12
5955,2.73,9.0,5.17
5956,5.64,10.0,5.56
5957,6.02,10.0,6.51
5958,5.48,,4.09
5959,6.25,11.0,3.46
5960,7.2,13.0,6.07
5961,8.43,13.0,3.95
5962,14.26,17.0,3.46
5963,12.66,20.0,4.06
5964,16.0,22.0,
5965,14.78,19.0,8.74
5966,10.99,21.0,6.28
5967,9.92,20.0,6.16
5968,16.62,16.0,6.87
5969,20.8,13.0,9.05
5970,15.29,11.0,11.32
5971,8.06,9.0,10.4
5972,9.05,9.0,9.08
5973,11.15,8.0,15.5
5974,9.24,9.0,14.77
5975,5.22,9.0,16.93
5976,3.55,7.0,12.49
5977,7.68,7.0,10.5
5978,2.2,,13.38
5979,9.87,,9.92
5980,7.86,,12.96
5981,9.83,,18.25
5982,14.58,,16.53
5983,14.1,,12.12
5984,16.9,9.0,13.61
5985,17.67,12.0,15.43
5986,17.22,11.0,13.03
5987,,11.0,8.19
5988,,14.0,10.26
5989,,12.0,22.99
5990,,16.0,13.08
5991,,11.0,10.58
5992,,9.0,11.06
5993,,7.0,10.93
5994,,6.0,13.69
5995,,5.0,13.01
5996,,5.0,13.35
5997,,8.0,15.17
5998,,7.0,19.86
5999,,7.0,19.29
6000,,,18.69
6001,,,18.7
6002,17.43,5.0,11.96
6003,18.72,5.0,16.15
6004,16.05,7.0,13.85
6005,12.84,7.0,12.38
6006,21.23,,14.09
6007,22.86,,14.36
6008,23.42,8.0,13.62
6009,19.58,8.0,11.73
6010,16.93,13.0,9.84
6011,15.75,15.0,6.97
6012,12.93,12.0,5.87
6013,13.18,10.0,7.68
6014,10.2,10.0,8.93
6015,11.57,,8.63
6016,13.48,,8.72
6017,14.39,9.0,8.93
6018,12.59,8.0,10.55
6019,13.43,7.0,9.95
6020,17.27,8.0,11.91
6021,18.04,7.0,14.03
6022,17.67,10.0,16.07
6023,16.08,12.0,13.16
6024,16.02,9.0,16.89
6025,18.17,10.0,16.43
6026,19.37,11.0,18.82
6027,24.89,10.0,18.24
6028,18.96,9.0,13.23
6029,16.51,9.0,12.08
6030,14.84,,13.0
6031,14.15,,14.25
6032,14.26,12.0,14.28
6033,16.78,14.0,14.33
6034,21.41,18.0,13.77
6035,28.89,14.0,12.01
6036,30.78,13.0,11.13
6037,20.59,12.0,11.97
6038,17.14,12.0,12.88
6039,16.8,11.0,13.41
6040,17.61,18.0,12.71
6041,19.56,11.0,12.73
6042,18.81,8.0,12.86
6043,17.62,10.0,14.92
6044,16.83,8.0,14.34
6045,18.64,9.0,18.49
6046,21.45,12.0,18.41
6047,22.3,11.0,18.4
6048,14.56,10.0,16.72
6049,15.16,8.0,16.62
6050,12.29,6.0,16.62
6051,14.68,7.0,15.26
6052,11.63,6.0,21.75
6053,10.78,6.0,19.91
6054,10.33,,18.34
6055,17.36,5.0,18.82
6056,16.54,6.0,30.38
6057,18.15,8.0,31.1
6058,16.79,7.0,24.24
6059,19.42,7.0,23.87
6060,19.01,8.0,16.35
6061,23.01,8.0,12.25
6062,20.41,10.0,9.05
6063,18.63,11.0,8.81
6064,18.43,7.0,10.26
6065,22.04,6.0,11.23
6066,20.17,7.0,10.54
6067,15.75,6.0,10.57
6068,18.73,8.0,11.47
6069,31.15,9.0,12.55
6070,40.42,11.0,15.61
6071,28.28,12.0,11.67
6072,17.3,10.0,12.02
6073,10.15,6.0,9.12
6074,10.24,6.0,9.24
6075,9.94,,8.48
6076,9.79,,14.06
6077,11.0,,13.78
6078,9.83,7.0,16.39
6079,10.93,7.0,13.52
6080,10.08,,10.88
6081,10.03,10.0,12.45
6082,11.61,12.0,13.57
6083,12.91,12.0,19.19
6084,15.59,11.0,10.66
6085,16.14,10.0,10.11
6086,14.47,9.0,10.25
6087,15.0,8.0,10.72
6088,15.2,7.0,7.12
6089,14.92,8.0,7.04
6090,14.69,9.0,7.34
6091,15.25,8.0,7.98
6092,17.05,10.0,7.67
6093,22.97,13.0,9.99
6094,22.6,14.0,12.02
6095,18.55,12.0,14.76
6096,16.23,8.0,12.83
6097,13.32,8.0,10.6
6098,13.0,7.0,14.63
6099,12.12,7.0,13.38
6100,12.76,,19.91
6101,15.61,,23.54
6102,15.13,9.0,24.81
6103,16.93,7.0,22.05
6104,21.17,8.0,21.51
6105,19.54,11.0,27.08
6106,16.74,10.0,14.81
6107,18.42,10.0,11.33
6108,18.92,,12.71
6109,17.15,12.0,12.63
6110,17.8,12.0,15.03
6111,18.37,9.0,19.21
6112,17.25,8.0,19.67
6113,16.99,9.0,14.87
6114,17.01,9.0,15.14
6115,16.09,,15.39
6116,16.28,8.0,22.13
6117,17.19,10.0,17.64
6118,19.37,13.0,15.91
6119,,11.0,18.27
6120,,9.0,21.0
6121,13.0,10.0,26.6
6122,13.0,9.0,38.99
6123,15.0,8.0,29.6
6124,14.0,9.0,26.74
6125,12.0,10.0,33.03
6126,15.0,10.0,30.6
6127,15.0,12.0,27.22
6128,16.0,11.0,28.98
6129,14.0,11.0,26.54
6130,14.0,10.0,26.67
6131,18.0,11.0,21.27
6132,18.0,11.0,18.37
6133,16.0,12.0,18.1
6134,15.0,12.0,17.99
6135,16.0,11.0,14.03
6136,17.0,12.0,13.73
6137,17.0,10.0,14.48
6138,,9.0,16.67
6139,15.0,10.0,15.81
6140,15.0,10.0,15.59
6141,20.0,12.0,18.91
6142,25.0,14.0,15.95
6143,17.0,12.0,17.76
6144,17.0,11.0,26.07
6145,14.0,10.0,19.06
6146,13.0,9.0,22.37
6147,,9.0,20.09
6148,12.0,,17.43
6149,11.0,10.0,17.55
6150,,12.0,16.97
6151,,11.0,14.23
6152,,13.0,12.47
6153,,14.0,14.0
6154,15.0,15.0,17.39
6155,16.0,17.0,23.01
6156,19.0,18.0,24.04
6157,19.0,20.0,31.57
6158,16.0,15.0,24.81
6159,16.0,13.0,16.62
6160,15.0,12.0,15.81
6161,14.0,13.0,16.92
6162,14.0,12.0,16.28
6163,15.0,14.0,15.36
6164,16.0,12.0,15.36
6165,17.0,13.0,15.97
6166,16.0,15.0,21.25
6167,13.0,18.0,24.02
6168,9.0,12.0,22.5
6169,8.0,11.0,20.6
6170,6.0,10.0,21.47
6171,7.0,10.0,21.35
6172,7.0,,22.93
6173,,,22.98
6174,6.0,,24.01
6175,10.0,,23.26
6176,10.0,12.0,23.76
6177,11.0,23.0,25.43
6178,18.0,22.0,22.23
6179,21.0,22.0,23.59
6180,21.0,23.0,23.18
6181,22.0,20.0,15.47
6182,15.0,16.0,14.5
6183,20.0,13.0,15.87
6184,17.0,16.0,15.45
6185,12.0,14.0,17.06
6186,18.0,12.0,15.29
6187,14.0,12.0,12.27
6188,14.0,,15.67
6189,11.0,17.0,18.64
6190,13.0,21.0,20.53
6191,12.0,19.0,21.43
6192,15.0,12.0,24.44
6193,11.0,10.0,21.3
6194,8.0,11.0,13.23
6195,15.0,8.0,15.29
6196,9.0,3.0,11.08
6197,10.0,4.0,3.07
6198,12.0,3.0,3.42
6199,12.0,3.0,
6200,10.0,4.0,4.05
6201,13.0,4.0,5.68
6202,13.0,5.0,6.45
6203,17.0,6.0,8.22
6204,17.0,7.0,11.61
6205,18.0,8.0,11.25
6206,9.0,6.0,11.43
6207,8.0,5.0,12.44
6208,10.0,7.0,14.72
6209,10.0,7.0,22.62
6210,8.0,6.0,16.1
6211,9.0,7.0,15.64
6212,9.0,8.0,17.23
6213,14.0,8.0,15.57
6214,16.0,14.0,15.7
6215,14.0,11.0,3.88
6216,14.0,10.0,4.99
6217,8.0,9.0,3.28
6218,13.0,7.0,5.58
6219,7.0,7.0,3.65
6220,7.0,5.0,4.76
6221,6.0,7.0,6.78
6222,6.0,7.0,3.74
6223,,6.0,2.67
6224,7.0,11.0,6.24
6225,9.0,11.0,10.25
6226,11.0,10.0,9.58
6227,18.0,11.0,4.7
6228,14.0,6.0,4.51
6229,11.0,6.0,9.28
6230,9.0,,11.57
6231,9.0,5.0,14.75
6232,,6.0,16.52
6233,8.0,6.0,19.72
6234,7.0,8.0,14.25
6235,,9.0,10.57
6236,10.0,7.0,14.51
6237,17.0,6.0,17.21
6238,22.0,7.0,14.69
6239,21.0,8.0,7.83
6240,14.0,10.0,9.32
6241,13.0,11.0,9.62
6242,11.0,10.0,9.14
6243,7.0,10.0,10.35
6244,7.0,11.0,10.92
6245,,11.0,9.13
6246,6.0,,7.75
6247,6.0,,7.7
6248,,14.0,10.75
6249,7.0,16.0,10.65
6250,7.0,14.0,12.51
6251,,15.0,13.09
6252,10.0,11.0,8.62
6253,8.0,9.0,7.97
6254,8.0,10.0,9.84
6255,,16.0,10.81
6256,,14.0,13.08
6257,,11.0,15.44
6258,7.0,9.0,14.23
6259,14.0,8.0,12.69
6260,25.0,8.0,11.1
6261,9.0,11.0,10.38
6262,10.0,11.0,11.04
6263,9.0,13.0,13.05
6264,7.0,9.0,12.69
6265,8.0,8.0,8.79
6266,8.0,9.0,7.66
6267,9.0,8.0,6.71
6268,8.0,8.0,6.96
6269,9.0,,6.5
6270,9.0,10.0,8.48
6271,8.0,14.0,9.71
6272,11.0,15.0,9.53
6273,13.0,17.0,14.3
6274,13.0,20.0,16.73
6275,12.0,16.0,18.42
6276,11.0,9.0,16.53
6277,10.0,8.0,15.51
6278,10.0,7.0,15.51
6279,11.0,7.0,12.01
6280,9.0,8.0,13.5
6281,8.0,9.0,14.74
6282,8.0,9.0,10.95
6283,,,11.39
6284,7.0,8.0,13.15
6285,8.0,7.0,12.9
6286,11.0,11.0,13.85
6287,11.0,11.0,16.97
6288,,10.0,16.07
6289,9.0,8.0,16.33
6290,8.0,7.0,17.46
6291,10.0,7.0,18.12
6292,10.0,,18.39
6293,11.0,9.0,17.91
6294,15.0,9.0,13.8
6295,17.0,11.0,13.47
6296,17.0,13.0,17.24
6297,16.0,18.0,20.75
6298,24.0,21.0,20.39
6299,23.0,24.0,21.29
6300,20.0,27.0,22.11
6301,28.0,21.0,22.85
6302,20.0,12.0,21.56
6303,13.0,10.0,21.08
6304,13.0,13.0,21.88
6305,15.0,10.0,24.83
6306,10.0,9.0,20.84
6307,8.0,8.0,18.39
6308,9.0,8.0,17.21
6309,10.0,10.0,16.32
6310,11.0,12.0,18.41
6311,11.0,13.0,19.78
6312,9.0,11.0,18.42
6313,8.0,7.0,19.06
6314,9.0,6.0,11.93
6315,8.0,7.0,12.88
6316,8.0,8.0,17.74
6317,9.0,8.0,16.43
6318,12.0,9.0,16.43
6319,9.0,10.0,19.62
6320,7.0,8.0,22.11
6321,8.0,9.0,23.54
6322,17.0,13.0,23.08
6323,26.0,15.0,24.21
6324,23.0,12.0,25.38
6325,24.0,11.0,23.84
6326,13.0,10.0,19.99
6327,17.0,8.0,19.14
6328,18.0,9.0,15.93
6329,11.0,10.0,14.09
6330,11.0,9.0,13.89
6331,,9.0,14.37
6332,10.0,10.0,14.22
6333,15.0,12.0,16.58
6334,19.0,12.0,15.33
6335,19.0,,15.44
6336,21.0,10.0,13.33
6337,15.0,10.0,8.22
6338,14.0,,10.85
6339,12.0,12.0,12.83
6340,13.0,12.0,13.17
6341,17.0,13.0,13.24
6342,16.0,13.0,13.76
6343,16.0,14.0,12.88
6344,17.0,15.0,12.8
6345,16.0,17.0,12.04
6346,20.0,21.0,11.77
6347,22.0,22.0,13.21
6348,19.0,18.0,14.65
6349,17.0,17.0,16.16
6350,19.0,17.0,14.97
6351,17.0,,16.15
6352,17.0,14.0,16.63
6353,13.0,18.0,16.7
6354,11.0,15.0,15.12
6355,12.0,15.0,14.25
6356,13.0,16.0,16.97
6357,17.0,20.0,17.93
6358,18.0,24.0,19.56
6359,19.0,24.0,19.65
6360,20.0,14.0,8.09
6361,22.0,11.0,6.61
6362,23.0,9.0,5.89
6363,19.0,10.0,5.45
6364,15.0,11.0,6.07
6365,14.0,11.0,7.79
6366,19.0,13.0,6.79
6367,16.0,11.0,7.54
6368,17.0,17.0,8.96
6369,21.0,13.0,8.59
6370,21.0,13.0,10.38
6371,24.0,15.0,11.26
6372,26.0,18.0,11.17
6373,20.0,16.0,10.17
6374,21.0,15.0,10.47
6375,24.0,13.0,9.87
6376,22.0,14.0,11.9
6377,17.0,13.0,8.75
6378,17.0,13.0,7.75
6379,18.0,,7.94
6380,21.0,16.0,10.36
6381,23.0,17.0,13.89
6382,25.0,27.0,14.75
6383,27.0,29.0,7.6
6384,22.0,17.0,5.84
6385,19.0,11.0,4.43
6386,18.0,9.0,4.37
6387,18.0,9.0,6.17
6388,20.0,,4.67
6389,21.0,8.0,4.19
6390,22.0,8.0,5.17
6391,20.0,9.0,6.61
6392,21.0,11.0,6.03
6393,24.0,11.0,7.87
6394,24.0,,10.22
6395,26.0,12.0,11.16
6396,27.0,13.0,9.6
6397,29.0,14.0,8.77
6398,24.0,14.0,9.19
6399,27.0,,9.21
6400,22.0,15.0,10.18
6401,,14.0,7.83
6402,23.0,11.0,6.34
6403,23.0,11.0,5.37
6404,25.0,13.0,5.75
6405,35.0,14.0,9.2
6406,35.0,18.0,12.2
6407,38.0,11.0,8.36
6408,27.0,8.0,9.46
6409,21.0,8.0,9.44
6410,16.0,,6.98
6411,15.0,7.0,6.42
6412,13.0,7.0,19.07
6413,9.0,,11.55
6414,9.0,,12.0
6415,10.0,,11.04
6416,12.0,9.0,12.32
6417,15.0,10.0,10.93
6418,14.0,11.0,9.22
6419,17.0,10.0,9.44
6420,22.0,11.0,8.99
6421,19.0,12.0,7.8
6422,18.0,11.0,6.98
6423,17.0,12.0,7.66
6424,14.0,11.0,7.38
6425,15.0,10.0,8.78
6426,15.0,9.0,10.46
6427,16.0,8.0,8.58
6428,16.0,8.0,8.34
6429,20.0,10.0,8.27
6430,15.0,10.0,9.11
6431,16.0,,12.64
6432,15.0,8.0,11.3
6433,,9.0,11.78
6434,11.0,8.0,15.3
6435,17.0,9.0,12.39
6436,14.0,8.0,10.64
6437,13.0,10.0,9.32
6438,16.0,9.0,11.88
6439,18.0,9.0,7.98
6440,20.0,10.0,14.89
6441,20.0,10.0,13.71
6442,19.0,11.0,17.08
6443,21.0,12.0,8.83
6444,20.0,12.0,10.91
6445,14.0,14.0,8.25
6446,8.0,11.0,6.57
6447,5.0,11.0,5.7
6448,7.0,9.0,5.27
6449,13.0,8.0,5.19
6450,6.0,8.0,5.74
6451,10.0,9.0,6.44
6452,7.0,9.0,8.58
6453,8.0,11.0,9.1
6454,12.0,12.0,9.21
6455,12.0,15.0,10.65
6456,16.0,14.0,7.47
6457,,14.0,13.03
6458,12.0,9.0,15.68
6459,15.0,3.0,17.79
6460,23.0,6.0,15.88
6461,21.0,10.0,9.85
6462,24.0,8.0,5.28
6463,29.0,9.0,6.83
6464,31.0,9.0,8.25
6465,14.0,12.0,9.86
6466,13.0,13.0,10.09
6467,13.0,19.0,9.75
6468,10.0,14.0,10.07
6469,13.0,12.0,10.34
6470,13.0,10.0,11.08
6471,,10.0,11.55
6472,,12.0,11.97
6473,14.0,41.0,10.65
6474,15.0,9.0,9.99
6475,17.0,,9.47
6476,21.0,,9.47
6477,24.0,,9.75
6478,27.0,,11.14
6479,35.0,,9.1
6480,20.0,,8.86
6481,14.0,19.4,10.15
6482,15.0,11.99,9.58
6483,25.0,,11.81
6484,23.0,,17.55
6485,21.0,,34.1
6486,20.0,,33.85
6487,16.0,,34.84
6488,14.0,,32.49
6489,14.0,,35.41
6490,15.0,,40.52
6491,14.0,,33.62
6492,17.0,,31.96
6493,13.0,,19.33
6494,13.0,,15.99
6495,11.0,,14.83
6496,10.0,,16.59
6497,10.0,,16.73
6498,12.0,,14.36
6499,13.0,,15.87
6500,18.0,,20.93
6501,16.0,,25.39
6502,18.0,,30.85
6503,24.0,,42.53
6504,25.0,,25.89
6505,12.0,,29.0
6506,11.0,11.22,52.67
6507,10.0,11.19,34.87
6508,10.0,10.05,31.29
6509,11.0,10.05,23.8
6510,15.0,10.17,32.27
6511,21.0,10.14,43.66
6512,19.0,9.97,49.29
6513,23.0,9.94,42.53
6514,28.0,9.95,43.88
6515,17.0,9.97,37.7
6516,14.0,9.88,32.01
6517,13.0,9.89,21.19
6518,16.0,10.21,12.53
6519,15.0,10.21,11.34
6520,14.0,12.56,9.38
6521,12.0,12.54,10.53
6522,11.0,23.81,10.22
6523,11.0,23.99,11.38
6524,13.0,21.7,16.1
6525,14.0,21.57,19.91
6526,18.0,22.24,37.66
6527,21.0,22.17,25.16
6528,19.0,22.79,23.39
6529,25.0,22.78,34.55
6530,35.0,11.27,49.47
6531,21.0,,35.54
6532,20.0,,40.97
6533,24.0,,48.15
6534,27.0,,37.64
6535,28.0,,33.37
6536,28.0,,26.33
6537,,,34.83
6538,27.0,,34.84
6539,25.0,,31.67
6540,65.0,,32.31
6541,47.0,,13.81
6542,41.0,,11.03
6543,40.0,,10.7
6544,37.0,,11.11
6545,15.0,,12.44
6546,14.0,,14.32
6547,16.0,,22.36
6548,18.0,,23.52
6549,27.0,,19.0
6550,27.0,,24.0
6551,25.0,,28.0
6552,19.0,,19.0
6553,,,16.0
6554,30.0,7.22,26.0
6555,29.0,6.7,32.0
6556,32.0,5.68,25.0
6557,30.0,5.79,26.0
6558,33.0,5.57,19.0
6559,33.0,5.61,15.0
6560,32.0,9.14,26.0
6561,29.0,7.26,34.0
6562,23.0,6.47,32.41
6563,28.0,9.32,37.84
6564,41.0,5.83,29.37
6565,30.0,7.86,23.62
6566,25.0,12.77,21.98
6567,21.0,10.39,18.2
6568,21.0,7.82,17.89
6569,20.0,7.79,17.29
6570,21.0,6.86,16.27
6571,20.0,8.11,14.62
6572,21.0,8.02,16.82
6573,32.0,8.36,19.56
6574,40.0,18.24,30.91
6575,34.0,17.44,32.28
6576,19.0,8.36,32.53
6577,13.0,6.4,
6578,11.0,6.82,27.68
6579,11.0,5.89,
6580,8.0,8.11,
6581,9.0,5.23,
6582,9.0,5.69,
6583,,5.55,
6584,11.0,4.96,
6585,12.0,6.26,
6586,9.0,9.99,
6587,10.0,9.45,
6588,14.0,11.4,
6589,18.0,11.1,
6590,26.0,10.0,12.46
6591,33.0,7.84,11.29
6592,31.0,5.69,10.14
6593,22.0,6.38,11.23
6594,28.0,6.33,12.52
6595,22.0,6.21,10.38
6596,22.0,6.22,8.16
6597,21.0,6.76,10.05
6598,26.0,8.37,
6599,23.0,7.25,17.46
6600,22.0,6.85,18.51
6601,13.0,6.09,13.17
6602,13.0,4.98,11.45
6603,12.0,5.22,10.86
6604,10.0,5.36,11.85
6605,8.0,4.18,13.45
6606,8.0,4.92,12.81
6607,9.0,14.22,17.75
6608,11.0,8.69,17.18
6609,11.0,7.27,17.49
6610,14.0,7.54,17.66
6611,18.0,8.78,19.6
6612,17.0,12.18,21.25
6613,14.0,14.94,13.85
6614,14.0,11.6,13.67
6615,13.0,6.97,13.44
6616,21.0,6.17,13.95
6617,19.0,5.57,14.14
6618,14.0,6.2,14.82
6619,14.0,6.02,16.06
6620,,6.81,16.75
6621,15.0,8.86,18.32
6622,18.0,11.09,22.66
6623,22.0,11.31,30.51
6624,20.0,9.45,30.97
6625,15.0,5.89,34.13
6626,14.0,5.55,29.99
6627,14.0,5.6,22.91
6628,10.0,4.67,20.34
6629,11.0,4.87,21.72
6630,11.0,5.18,20.07
6631,10.0,4.87,22.13
6632,12.0,5.35,24.86
6633,14.0,7.21,31.53
6634,16.0,8.63,32.62
6635,15.0,10.2,33.43
6636,19.0,10.69,27.42
6637,17.0,12.86,16.96
6638,16.0,15.22,14.47
6639,17.0,12.15,15.55
6640,22.0,9.23,13.97
6641,20.0,7.24,13.76
6642,24.0,8.04,14.96
6643,17.0,9.36,16.53
6644,16.0,8.51,14.71
6645,16.0,10.48,13.9
6646,,13.44,16.35
6647,15.0,23.15,15.0
6648,12.0,9.34,11.56
6649,9.0,5.08,12.86
6650,13.0,5.36,12.33
6651,20.0,5.09,10.11
6652,23.0,4.0,9.82
6653,18.0,4.2,13.23
6654,17.0,5.13,12.18
6655,14.0,6.66,12.03
6656,16.0,6.67,13.86
6657,28.0,7.71,19.38
6658,22.0,9.01,17.18
6659,16.0,8.77,20.27
6660,15.0,9.85,17.78
6661,18.0,14.66,11.94
6662,15.0,12.24,12.56
6663,11.0,9.11,12.57
6664,12.0,9.0,12.68
6665,15.0,14.09,13.24
6666,13.0,6.43,13.12
6667,13.0,3.96,13.85
6668,12.0,2.42,16.75
6669,13.0,3.9,20.25
6670,18.0,3.81,20.76
6671,27.0,5.3,18.47
6672,22.0,5.49,19.08
6673,22.0,4.94,14.08
6674,24.0,4.5,11.49
6675,20.0,5.49,11.89
6676,20.0,5.44,11.9
6677,19.0,4.98,12.97
6678,13.0,4.85,15.09
6679,15.0,5.2,16.49
6680,17.0,6.26,15.12
6681,16.0,6.17,14.96
6682,16.0,6.03,15.3
6683,17.0,5.64,15.58
6684,18.0,5.97,13.6
6685,20.0,6.89,11.62
6686,21.0,8.28,12.16
6687,20.0,7.62,7.89
6688,16.0,7.38,10.77
6689,16.0,7.15,14.14
6690,23.0,11.78,10.82
6691,26.0,10.16,12.05
6692,18.0,10.17,10.44
6693,17.0,7.79,16.3
6694,22.0,7.76,20.8
6695,25.0,7.92,20.94
6696,20.0,8.32,21.48
6697,19.0,9.58,28.59
6698,14.0,11.82,24.61
6699,12.0,12.31,20.78
6700,10.0,10.5,21.78
6701,11.0,11.21,21.0
6702,19.0,11.59,20.7
6703,23.0,10.25,20.31
6704,23.0,9.39,19.71
6705,21.0,7.38,16.89
6706,21.0,6.92,15.09
6707,,7.48,9.59
6708,21.0,8.34,6.54
6709,18.0,10.15,5.66
6710,15.0,10.99,6.15
6711,16.0,12.08,6.42
6712,20.0,8.84,8.16
6713,19.0,7.45,10.5
6714,23.0,9.04,11.33
6715,27.0,10.07,12.62
6716,29.0,12.12,16.04
6717,14.0,12.5,21.67
6718,11.0,14.19,20.6
6719,10.0,12.24,16.33
6720,9.0,10.05,19.55
6721,10.0,8.56,21.99
6722,12.0,8.7,12.27
6723,13.0,9.34,12.41
6724,15.0,8.09,14.58
6725,15.0,7.53,16.71
6726,10.0,7.37,12.62
6727,11.0,7.87,12.94
6728,15.0,6.22,15.49
6729,26.0,6.2,21.57
6730,26.0,7.25,20.53
6731,20.0,8.13,13.03
6732,24.0,7.85,21.56
6733,22.0,12.1,18.81
6734,20.0,11.81,
6735,15.0,11.01,14.25
6736,15.0,15.79,12.87
6737,19.0,17.45,12.99
6738,15.0,13.5,11.35
6739,20.0,12.8,14.41
6740,34.0,14.51,17.61
6741,51.0,21.69,27.55
6742,38.0,23.07,21.18
6743,25.0,25.41,16.82
6744,27.0,22.88,18.07
6745,29.0,17.41,17.42
6746,29.0,19.07,15.52
6747,22.0,20.92,16.92
6748,23.0,18.55,30.27
6749,26.0,18.26,40.06
6750,27.0,19.23,38.28
6751,28.0,18.57,35.53
6752,31.0,16.72,40.89
6753,34.0,22.31,40.17
6754,34.0,23.11,35.62
6755,29.0,20.64,28.87
6756,23.0,18.77,30.72
6757,28.0,15.62,17.04
6758,24.0,16.98,16.46
6759,21.0,16.94,14.1
6760,23.0,14.92,13.68
6761,27.0,,16.37
6762,22.0,,18.84
6763,26.0,,15.5
6764,29.0,,16.23
6765,34.0,,22.16
6766,28.0,,20.46
6767,39.0,,22.08
6768,25.0,,21.44
6769,26.0,25.0,19.67
6770,27.0,,23.25
6771,30.0,,40.15
6772,25.0,,35.05
6773,22.0,,32.71
6774,22.0,,37.71
6775,25.0,,34.93
6776,30.0,,35.42
6777,35.0,33.0,40.66
6778,26.0,29.0,44.21
6779,25.0,30.0,38.44
6780,26.0,28.0,35.26
6781,26.0,25.0,21.55
6782,27.0,27.0,17.91
6783,33.0,27.0,16.62
6784,28.0,24.0,16.5
6785,23.0,22.0,16.33
6786,28.0,13.0,16.38
6787,25.0,15.0,16.54
6788,20.0,14.0,17.55
6789,21.0,14.0,22.58
6790,20.0,12.0,24.01
6791,18.0,9.0,29.83
6792,24.0,7.0,31.8
6793,29.0,9.0,25.39
6794,24.0,10.0,26.8
6795,17.0,6.0,25.3
6796,17.0,5.0,22.49
6797,20.0,6.0,20.75
6798,20.0,11.0,22.52
6799,,11.0,32.9
6800,22.0,12.0,46.53
6801,23.0,12.0,49.76
6802,21.0,11.0,49.76
6803,20.0,18.0,37.73
6804,20.0,28.0,41.5
6805,19.0,43.0,36.0
6806,24.0,44.0,24.49
6807,22.0,30.0,23.19
6808,21.0,16.0,23.82
6809,16.0,7.0,23.13
6810,16.0,6.0,20.55
6811,,6.0,16.95
6812,,5.0,17.41
6813,18.0,7.0,16.9
6814,23.0,7.0,23.07
6815,27.0,5.0,23.59
6816,24.0,5.0,26.66
6817,32.0,5.0,43.09
6818,37.0,6.0,28.05
6819,42.0,5.0,23.67
6820,39.0,6.0,31.54
6821,39.0,6.0,32.9
6822,57.0,,29.36
6823,56.0,10.0,35.8
6824,54.0,14.0,28.99
6825,,16.0,29.17
6826,41.0,19.0,23.08
6827,32.0,36.0,30.15
6828,27.0,41.0,27.46
6829,21.0,38.0,18.88
6830,21.0,44.0,16.4
6831,,25.0,15.96
6832,17.0,13.0,19.87
6833,16.0,23.0,18.9
6834,16.0,14.0,15.33
6835,14.0,11.0,13.25
6836,22.0,10.0,12.6
6837,27.0,9.0,16.99
6838,40.0,10.0,17.13
6839,41.0,9.0,17.17
6840,35.0,11.0,18.46
6841,32.0,11.0,18.8
6842,35.0,10.0,26.49
6843,31.0,7.0,22.34
6844,34.0,7.0,20.7
6845,40.0,10.0,20.76
6846,50.0,12.0,22.54
6847,50.0,16.0,21.17
6848,53.0,15.0,23.35
6849,59.0,17.0,24.4
6850,56.0,31.0,19.97
6851,45.0,19.0,23.79
6852,22.0,15.0,21.98
6853,16.0,12.0,29.33
6854,11.0,13.0,29.91
6855,10.0,14.0,21.12
6856,9.0,11.0,21.37
6857,8.0,8.0,28.75
6858,12.0,8.0,22.4
6859,16.0,9.0,16.88
6860,31.0,10.0,16.55
6861,25.0,10.0,29.33
6862,47.0,,36.72
6863,40.0,9.0,38.58
6864,40.0,10.0,52.55
6865,26.0,10.0,47.16
6866,23.0,7.0,24.19
6867,18.0,8.0,20.11
6868,15.0,8.0,21.48
6869,14.0,9.0,26.68
6870,17.0,10.0,27.21
6871,14.0,9.0,25.56
6872,17.0,14.0,18.15
6873,18.0,16.0,23.49
6874,22.0,12.0,31.14
6875,24.0,10.0,28.07
6876,21.0,4.0,26.19
6877,21.0,4.0,18.15
6878,17.0,6.0,19.7
6879,19.0,5.0,23.08
6880,17.0,10.0,18.55
6881,12.0,6.0,20.16
6882,11.0,7.0,14.68
6883,11.0,9.0,16.62
6884,13.0,11.0,19.11
6885,18.0,13.0,29.26
6886,24.0,16.0,36.58
6887,27.0,21.0,48.3
6888,11.0,20.0,29.58
6889,9.0,12.0,27.92
6890,7.0,9.0,23.2
6891,8.0,9.0,21.6
6892,7.0,8.0,16.46
6893,7.0,14.0,21.7
6894,10.0,11.0,18.36
6895,10.0,11.0,17.55
6896,,13.0,16.66
6897,14.0,14.0,18.1
6898,15.0,12.0,13.95
6899,19.0,21.0,17.83
6900,19.0,21.0,21.2
6901,,15.0,16.66
6902,16.0,10.0,12.51
6903,17.0,10.0,12.19
6904,18.0,9.0,13.89
6905,18.0,12.0,13.36
6906,17.0,16.0,12.9
6907,16.0,19.0,12.6
6908,19.0,23.0,16.23
6909,28.0,27.0,19.14
6910,45.0,25.0,17.3
6911,50.0,22.0,13.85
6912,23.0,,16.48
6913,10.0,,21.79
6914,8.0,,25.62
6915,7.0,,19.07
6916,9.0,,17.4
6917,9.0,,17.95
6918,,,16.41
6919,10.0,,13.81
6920,12.0,,13.95
6921,19.0,,12.19
6922,20.0,,9.7
6923,18.0,6.0,13.98
6924,19.0,5.0,20.34
6925,23.0,4.0,14.94
6926,25.0,4.0,15.79
6927,20.0,9.0,15.91
6928,18.0,8.0,13.85
6929,17.0,8.0,14.71
6930,20.0,,14.75
6931,22.0,9.0,16.19
6932,27.0,11.0,14.12
6933,34.0,10.0,20.21
6934,35.0,9.0,21.93
6935,14.0,9.0,30.58
6936,8.0,,28.48
6937,6.0,11.0,20.52
6938,6.0,12.0,18.86
6939,,17.0,20.73
6940,8.0,27.0,9.9
6941,12.0,28.0,10.64
6942,11.0,36.0,15.2
6943,13.0,25.0,17.41
6944,15.0,24.0,17.0
6945,17.0,31.0,16.13
6946,20.0,37.0,13.94
6947,21.0,42.0,14.34
6948,23.0,21.0,17.24
6949,29.0,12.0,15.7
6950,28.0,10.0,10.98
6951,23.0,8.0,8.62
6952,21.0,8.0,7.51
6953,16.0,,9.27
6954,15.0,7.0,9.74
6955,8.0,7.0,12.01
6956,5.0,9.0,13.84
6957,5.0,13.0,12.73
6958,4.0,11.0,11.66
6959,4.0,11.0,12.13
6960,4.0,,9.96
6961,7.0,13.0,8.97
6962,10.0,16.0,9.36
6963,11.0,24.0,9.01
6964,11.0,18.0,9.93
6965,12.0,44.0,10.19
6966,12.0,12.0,9.26
6967,14.0,15.0,13.4
6968,14.0,20.0,12.18
6969,15.0,24.0,15.78
6970,15.0,21.0,16.97
6971,13.0,24.0,19.87
6972,10.0,25.0,16.71
6973,14.0,27.0,17.72
6974,16.0,23.0,15.05
6975,15.0,18.0,12.99
6976,13.0,17.0,9.85
6977,12.0,17.0,8.67
6978,11.0,19.0,9.1
6979,11.0,18.0,10.82
6980,10.0,18.0,8.88
6981,10.0,26.0,7.78
6982,13.0,26.0,8.55
6983,18.0,24.0,5.77
6984,21.0,31.0,4.59
6985,19.0,37.0,5.35
6986,16.0,33.0,6.18
6987,13.0,21.0,6.95
6988,12.0,23.0,7.68
6989,13.0,36.0,9.35
6990,12.0,46.0,8.09
6991,24.0,41.0,11.6
6992,20.0,54.0,13.07
6993,16.0,53.0,13.3
6994,15.0,53.0,12.34
6995,14.0,48.0,13.48
6996,14.0,48.0,15.46
6997,9.0,31.0,15.54
6998,10.0,19.0,10.59
6999,9.0,12.0,10.01
7000,9.0,8.0,9.54
7001,10.0,9.0,9.59
7002,9.0,10.0,9.55
7003,10.0,10.0,9.03
7004,13.0,11.0,10.84
7005,17.0,13.0,11.42
7006,22.0,12.0,11.35
7007,23.0,13.0,9.5
7008,18.0,26.0,7.83
7009,14.0,43.0,5.58
7010,16.0,47.0,6.89
7011,30.0,34.0,8.7
7012,34.0,34.0,7.49
7013,33.0,32.0,7.07
7014,35.0,29.0,6.98
7015,42.0,29.0,9.17
7016,44.0,,8.03
7017,42.0,46.0,6.86
7018,50.0,52.0,8.34
7019,33.0,67.0,10.96
7020,24.0,53.0,10.53
7021,23.0,22.0,11.42
7022,28.0,20.0,15.27
7023,25.0,19.0,9.99
7024,21.0,17.0,9.9
7025,16.0,14.0,9.01
7026,17.0,15.0,11.03
7027,21.0,21.0,9.97
7028,20.0,20.0,15.18
7029,26.0,21.0,18.76
7030,25.0,25.0,24.47
7031,21.0,29.0,42.71
7032,21.0,50.0,30.76
7033,33.0,60.0,13.9
7034,32.0,56.0,12.35
7035,28.0,60.0,9.37
7036,24.0,59.0,10.65
7037,36.0,50.0,11.81
7038,27.0,58.0,15.88
7039,30.0,59.0,13.73
7040,47.0,53.0,10.06
7041,48.0,42.0,10.79
7042,56.0,51.0,15.86
7043,40.0,53.0,20.5
7044,25.0,36.0,17.0
7045,24.0,26.0,17.45
7046,21.0,17.0,15.09
7047,18.0,20.0,10.73
7048,18.0,19.0,5.27
7049,29.0,12.0,9.31
7050,33.0,11.0,7.84
7051,23.0,13.0,7.71
7052,21.0,15.0,11.43
7053,32.0,34.0,11.41
7054,31.0,35.0,10.36
7055,31.0,41.0,8.91
7056,38.0,18.0,6.14
7057,27.0,16.0,6.44
7058,27.0,16.0,6.12
7059,,,4.77
7060,22.0,,4.77
7061,32.0,18.0,4.95
7062,30.0,19.0,7.5
7063,33.0,18.0,4.48
7064,29.0,16.0,4.65
7065,36.0,17.0,5.55
7066,51.0,18.0,6.19
7067,57.0,21.0,11.91
7068,77.0,22.0,5.65
7069,76.0,20.0,6.23
7070,36.0,25.0,7.54
7071,36.0,18.0,7.76
7072,33.0,18.0,10.23
7073,27.0,17.0,12.96
7074,18.0,14.0,19.21
7075,22.0,15.0,24.21
7076,27.0,20.0,9.54
7077,35.0,23.0,10.93
7078,33.0,30.0,13.53
7079,37.0,18.0,15.75
7080,30.0,12.0,24.65
7081,31.0,12.0,25.31
7082,25.0,,16.88
7083,19.0,13.0,13.68
7084,17.0,13.0,11.51
7085,15.0,,9.28
7086,13.0,14.0,9.09
7087,14.0,17.0,8.4
7088,23.0,15.0,9.13
7089,27.0,14.0,9.83
7090,27.0,16.0,9.26
7091,35.0,19.0,9.3
7092,44.0,19.0,12.94
7093,45.0,20.0,8.88
7094,45.0,22.0,8.08
7095,39.0,23.0,6.98
7096,24.0,24.0,7.37
7097,21.0,25.0,7.98
7098,25.0,25.0,9.56
7099,32.0,26.0,9.94
7100,48.0,25.0,11.33
7101,48.0,28.0,12.45
7102,39.0,33.0,12.19
7103,32.0,27.0,11.81
7104,29.0,24.0,11.94
7105,20.0,14.0,11.64
7106,18.0,10.0,11.82
7107,19.0,10.0,10.95
7108,20.0,11.0,13.01
7109,26.0,11.0,15.75
7110,33.0,10.0,18.76
7111,29.0,14.0,23.56
7112,33.0,18.0,27.28
7113,36.0,23.0,25.31
7114,36.0,24.0,21.05
7115,33.0,24.0,21.52
7116,34.0,,25.64
7117,32.0,28.0,22.25
7118,30.0,26.0,15.48
7119,32.0,20.0,16.08
7120,39.0,21.0,14.92
7121,38.0,20.0,10.51
7122,32.0,19.0,9.16
7123,26.0,20.0,9.91
7124,27.0,22.0,9.48
7125,32.0,25.0,11.9
7126,32.0,27.0,15.08
7127,,20.0,13.78
7128,43.0,13.0,16.4
7129,45.0,13.0,15.95
7130,46.0,12.0,23.38
7131,32.0,14.0,30.53
7132,11.0,18.0,25.43
7133,9.0,19.0,16.55
7134,7.0,20.0,14.79
7135,5.0,21.0,16.44
7136,6.0,22.0,19.88
7137,6.0,23.0,31.29
7138,5.0,22.0,32.66
7139,5.0,22.0,37.09
7140,5.0,23.0,50.38
7141,5.0,23.0,36.3
7142,5.0,22.0,20.04
7143,6.0,23.0,12.15
7144,6.0,22.0,14.2
7145,10.0,22.0,13.4
7146,11.0,,10.38
7147,11.0,21.0,9.6
7148,10.0,22.0,8.39
7149,10.0,23.0,12.29
7150,,13.0,12.74
7151,9.0,11.0,15.68
7152,8.0,11.0,20.04
7153,9.0,10.0,16.43
7154,17.0,9.0,14.79
7155,35.0,8.0,13.12
7156,23.0,8.0,14.29
7157,11.0,,20.97
7158,16.0,,29.68
7159,15.0,,40.45
7160,14.0,10.0,39.91
7161,17.0,12.0,32.94
7162,15.0,12.0,32.89
7163,24.0,,29.23
7164,13.0,13.0,30.71
7165,12.0,21.0,22.06
7166,11.0,17.0,25.09
7167,10.0,21.0,18.22
7168,9.0,23.0,20.29
7169,9.0,25.0,22.16
7170,,20.0,20.07
7171,,17.0,17.96
7172,12.0,15.0,16.3
7173,18.0,15.0,19.55
7174,15.0,13.0,26.18
7175,9.0,14.0,29.96
7176,7.0,10.0,43.02
7177,7.0,9.0,40.15
7178,16.0,8.0,26.54
7179,18.0,9.0,15.11
7180,12.0,9.0,10.89
7181,12.0,10.0,16.6
7182,,9.0,20.52
7183,,10.0,23.65
7184,15.0,10.0,23.09
7185,21.0,12.0,22.64
7186,23.0,13.0,25.9
7187,25.0,12.0,26.69
7188,24.0,12.0,25.44
7189,17.0,14.0,21.45
7190,20.0,14.0,13.6
7191,20.0,12.0,13.2
7192,16.0,9.0,15.44
7193,16.0,10.0,10.99
7194,14.0,10.0,11.35
7195,13.0,30.0,11.14
7196,14.0,31.0,13.16
7197,18.0,18.0,18.32
7198,27.0,16.0,16.43
7199,45.0,11.0,16.46
7200,47.0,9.0,17.44
7201,38.0,8.0,
7202,33.0,8.0,19.51
7203,32.0,9.0,9.32
7204,27.0,8.0,8.71
7205,23.0,9.0,10.24
7206,22.0,9.0,10.82
7207,32.0,,6.98
7208,36.0,,11.89
7209,38.0,11.0,12.47
7210,35.0,12.0,11.27
7211,31.0,14.0,8.41
7212,26.0,15.0,8.46
7213,23.0,13.0,9.37
7214,16.0,11.0,7.46
7215,13.0,10.0,6.39
7216,11.0,10.0,6.65
7217,11.0,9.0,7.31
7218,9.0,9.0,7.31
7219,9.0,10.0,8.29
7220,10.0,12.0,7.24
7221,10.0,17.0,14.31
7222,11.0,19.0,22.92
7223,10.0,13.0,22.99
7224,9.0,10.0,18.71
7225,11.0,10.0,11.91
7226,8.0,8.0,9.65
7227,8.0,7.0,7.96
7228,10.0,8.0,7.29
7229,9.0,9.0,8.18
7230,9.0,8.0,9.42
7231,12.0,8.0,8.54
7232,18.0,,10.1
7233,27.0,,17.22
7234,38.0,11.0,19.58
7235,43.0,10.0,27.27
7236,33.0,10.0,29.51
7237,22.0,12.0,17.16
7238,22.0,14.0,8.83
7239,28.0,14.0,8.56
7240,33.0,10.0,6.83
7241,27.0,10.0,5.78
7242,22.0,12.0,8.07
7243,17.0,20.0,8.11
7244,19.0,19.0,6.86
7245,28.0,19.0,8.39
7246,38.0,16.0,12.17
7247,30.0,12.0,13.0
7248,20.0,8.0,12.21
7249,19.0,15.0,11.01
7250,15.0,9.0,8.99
7251,,7.0,8.8
7252,,4.0,9.62
7253,35.0,,12.7
7254,33.0,,13.42
7255,30.0,,14.19
7256,37.0,,14.17
7257,50.0,,8.92
7258,51.0,2.0,8.49
7259,27.0,3.0,10.21
7260,21.0,3.0,14.9
7261,17.0,3.0,21.31
7262,14.0,4.0,23.31
7263,13.0,4.0,13.92
7264,16.0,4.0,11.21
7265,16.0,4.0,11.35
7266,17.0,5.0,11.23
7267,18.0,5.0,10.82
7268,20.0,5.0,11.6
7269,31.0,6.0,13.9
7270,30.0,7.0,15.34
7271,31.0,8.0,15.06
7272,29.0,8.0,12.02
7273,24.0,9.0,21.72
7274,23.0,11.0,8.55
7275,18.0,10.0,10.56
7276,14.0,8.0,11.66
7277,12.0,7.0,11.42
7278,12.0,7.0,13.13
7279,15.0,,13.42
7280,16.0,,13.41
7281,21.0,,15.11
7282,27.0,,19.12
7283,30.0,,25.83
7284,27.0,,25.61
7285,30.0,,27.64
7286,30.0,,26.19
7287,28.0,,26.78
7288,30.0,8.0,25.44
7289,26.0,8.0,26.77
7290,25.0,,30.83
7291,18.0,9.0,30.45
7292,14.0,10.0,29.4
7293,15.0,9.0,28.6
7294,10.0,10.0,31.68
7295,10.0,10.0,43.36
7296,9.0,,40.08
7297,,,30.46
7298,5.0,10.0,20.64
7299,5.0,10.0,16.69
7300,5.0,,18.52
7301,4.0,11.0,22.38
7302,3.0,16.0,24.24
7303,6.0,16.0,23.1
7304,9.0,17.0,18.08
7305,5.0,15.0,19.7
7306,6.0,8.0,19.86
7307,5.0,7.0,23.39
7308,5.0,7.0,31.32
7309,4.0,16.0,27.81
7310,4.0,13.0,25.33
7311,5.0,12.0,24.31
7312,6.0,11.0,18.53
7313,6.0,10.0,16.58
7314,,8.0,
7315,8.0,9.0,
7316,8.0,10.0,
7317,,13.0,
7318,9.0,14.0,
7319,11.0,19.0,
7320,11.0,33.0,
7321,5.0,20.0,25.0
7322,4.0,25.0,25.69
7323,4.0,33.0,
7324,6.0,32.0,
7325,13.0,35.0,
7326,10.0,28.0,
7327,18.0,23.0,
7328,20.0,28.0,
7329,24.0,32.0,
7330,27.0,29.0,
7331,23.0,26.0,19.5
7332,22.0,26.0,18.52
7333,21.0,17.0,22.51
7334,24.0,11.0,20.65
7335,22.0,10.0,17.75
7336,15.0,10.0,18.48
7337,16.0,,19.9
7338,14.0,12.0,20.73
7339,16.0,11.0,20.87
7340,14.0,11.0,17.67
7341,17.0,13.0,20.47
7342,15.0,17.0,
7343,17.0,17.0,16.71
7344,12.0,14.0,14.25
7345,9.0,15.0,11.68
7346,9.0,18.0,10.92
7347,,28.0,9.0
7348,8.0,28.0,8.78
7349,6.0,24.0,9.99
7350,15.0,27.0,9.1
7351,15.0,31.0,10.63
7352,13.0,29.0,10.4
7353,13.0,30.0,10.17
7354,17.0,29.0,11.2
7355,24.0,24.0,12.52
7356,30.0,37.0,14.16
7357,18.0,26.0,14.18
7358,19.0,10.0,12.83
7359,20.0,8.0,13.01
7360,18.0,9.0,11.94
7361,19.0,9.0,11.41
7362,20.0,11.0,9.45
7363,24.0,9.0,11.11
7364,29.0,11.0,19.09
7365,34.0,17.0,15.18
7366,33.0,18.0,15.0
7367,15.0,24.0,13.8
7368,16.0,28.0,12.44
7369,13.0,17.0,9.92
7370,12.0,17.0,8.81
7371,13.0,,9.9
7372,16.0,19.0,11.5
7373,14.0,16.0,11.98
7374,16.0,14.0,12.05
7375,17.0,12.0,13.87
7376,21.0,20.0,13.41
7377,28.0,22.0,14.45
7378,29.0,18.0,14.03
7379,32.0,25.0,14.85
7380,42.0,27.0,18.75
7381,,31.0,22.35
7382,33.0,23.0,24.65
7383,31.0,14.0,25.78
7384,28.0,17.0,29.03
7385,29.0,19.0,16.46
7386,23.0,15.0,14.62
7387,23.0,15.0,15.86
7388,31.0,21.0,21.82
7389,44.0,24.0,22.76
7390,56.0,63.0,26.3
7391,58.0,100.0,18.05
7392,34.0,80.0,15.63
7393,13.0,39.0,13.93
7394,9.0,30.0,13.14
7395,8.0,20.0,12.52
7396,8.0,18.0,13.32
7397,5.0,17.0,15.57
7398,5.0,16.0,15.74
7399,4.0,22.0,15.97
7400,4.0,19.0,17.45
7401,6.0,16.0,19.98
7402,9.0,15.0,26.79
7403,8.0,15.0,25.94
7404,5.0,16.0,37.0
7405,7.0,15.0,31.0
7406,8.0,12.0,24.0
7407,10.0,11.0,24.0
7408,15.0,11.0,18.0
7409,17.0,13.0,18.0
7410,16.0,14.0,16.0
7411,15.0,14.0,13.0
7412,18.0,20.0,18.49
7413,16.0,29.0,27.97
7414,21.0,24.0,16.95
7415,20.0,26.0,17.72
7416,28.0,17.0,22.18
7417,34.0,14.0,24.32
7418,46.0,11.0,25.96
7419,45.0,11.0,26.64
7420,37.0,9.0,27.12
7421,38.0,10.0,13.96
7422,43.0,14.0,16.06
7423,44.0,16.0,18.35
7424,42.0,19.0,15.67
7425,46.0,21.0,14.6
7426,55.0,15.0,15.04
7427,41.0,14.0,14.24
7428,26.0,19.0,13.37
7429,19.0,17.0,13.82
7430,12.0,16.0,13.79
7431,12.0,16.0,13.84
7432,15.0,17.0,14.67
7433,20.0,15.0,16.44
7434,31.0,14.0,20.15
7435,36.0,12.0,21.09
7436,59.0,16.0,18.51
7437,48.0,19.0,23.47
7438,63.0,22.0,21.42
7439,72.0,29.0,15.54
7440,91.0,22.0,13.03
7441,69.0,20.0,13.74
7442,32.0,16.0,14.86
7443,28.0,14.0,20.39
7444,24.0,11.0,25.31
7445,22.0,9.0,20.94
7446,23.0,17.0,21.49
7447,27.0,19.0,23.31
7448,23.0,16.0,23.31
7449,26.0,18.0,24.48
7450,28.0,25.0,22.07
7451,37.0,44.0,23.59
7452,33.0,39.0,16.84
7453,32.0,42.0,14.73
7454,25.0,34.0,12.76
7455,20.0,27.0,14.0
7456,21.0,25.0,15.99
7457,17.0,22.0,14.55
7458,15.0,21.0,15.09
7459,15.0,22.0,13.19
7460,,26.0,12.86
7461,12.0,30.0,17.3
7462,12.0,41.0,23.49
7463,10.0,53.0,33.02
7464,9.0,37.0,36.84
7465,9.0,38.0,32.93
7466,6.0,22.0,14.83
7467,5.0,11.0,22.56
7468,7.0,11.0,33.84
7469,11.0,14.0,32.03
7470,10.0,14.0,25.25
7471,14.0,16.0,22.19
7472,14.0,12.0,21.3
7473,11.0,17.0,23.12
7474,10.0,16.0,26.89
7475,10.0,21.0,25.2
7476,,29.0,27.19
7477,,28.0,25.32
7478,12.0,25.0,23.16
7479,6.0,31.0,20.99
7480,3.0,33.0,21.21
7481,7.0,32.0,23.04
7482,6.0,27.0,22.29
7483,8.0,24.0,22.39
7484,10.0,22.0,25.23
7485,13.0,23.0,25.86
7486,9.0,26.0,21.73
7487,7.0,28.0,17.11
7488,6.0,26.0,15.41
7489,6.0,14.0,14.74
7490,5.0,9.0,14.71
7491,7.0,9.0,
7492,9.0,8.0,
7493,10.0,10.0,
7494,8.0,13.0,
7495,7.0,19.0,
7496,7.0,23.0,
7497,,18.0,18.5
7498,8.0,19.0,20.29
7499,9.0,17.0,22.07
7500,15.0,17.0,24.57
7501,12.0,16.0,22.37
7502,11.0,13.0,22.75
7503,11.0,14.0,23.01
7504,12.0,13.0,22.28
7505,9.0,13.0,20.36
7506,9.0,17.0,19.51
7507,12.0,14.0,18.34
7508,10.0,13.0,18.76
7509,12.0,15.0,20.57
7510,12.0,15.0,24.23
7511,17.0,14.0,12.33
7512,17.0,20.0,11.92
7513,9.0,15.0,10.41
7514,8.0,9.0,10.84
7515,7.0,9.0,9.79
7516,10.0,,9.44
7517,9.0,5.0,9.11
7518,11.0,3.0,8.62
7519,11.0,3.0,8.52
7520,13.0,5.0,8.0
7521,18.0,4.0,8.26
7522,20.0,3.0,8.77
7523,18.0,3.0,8.74
7524,19.0,3.0,9.35
7525,22.0,5.0,9.66
7526,23.0,5.0,11.77
7527,19.0,4.0,12.23
7528,23.0,4.0,12.25
7529,25.0,6.0,12.16
7530,32.0,6.0,20.23
7531,26.0,,24.93
7532,18.0,7.0,31.17
7533,26.0,8.0,28.61
7534,26.0,9.0,29.72
7535,37.0,6.0,32.86
7536,37.0,6.0,30.57
7537,26.0,5.0,30.57
7538,21.0,4.0,33.9
7539,19.0,5.0,34.12
7540,14.0,7.0,26.97
7541,22.0,5.0,34.74
7542,24.0,6.0,25.85
7543,24.0,4.0,23.29
7544,23.0,4.0,21.81
7545,26.0,4.0,20.64
7546,25.0,4.0,23.83
7547,32.0,3.0,27.59
7548,31.0,4.0,26.38
7549,35.0,4.0,22.38
7550,33.0,6.0,25.41
7551,26.0,5.0,21.22
7552,31.0,6.0,20.18
7553,25.0,7.0,22.73
7554,27.0,10.0,22.74
7555,27.0,11.0,20.43
7556,26.0,8.0,17.77
7557,22.0,10.0,20.13
7558,15.0,9.0,26.57
7559,12.0,10.0,37.48
7560,10.0,8.0,31.48
7561,9.0,7.0,27.97
7562,6.0,4.0,18.38
7563,7.0,5.0,34.72
7564,6.0,4.0,32.89
7565,5.0,6.0,29.34
7566,5.0,6.0,25.55
7567,5.0,3.0,25.31
7568,5.0,4.0,26.92
7569,5.0,5.0,28.47
7570,6.0,2.0,30.01
7571,7.0,2.0,32.36
7572,7.0,3.0,23.25
7573,,4.0,26.02
7574,6.0,4.0,19.22
7575,5.0,5.0,12.79
7576,4.0,8.0,13.08
7577,4.0,7.0,12.95
7578,5.0,8.0,12.02
7579,6.0,12.0,17.04
7580,9.0,13.0,19.23
7581,13.0,12.0,26.68
7582,12.0,16.0,35.9
7583,16.0,21.0,21.29
7584,11.0,17.0,26.51
7585,7.0,11.0,39.56
7586,6.0,3.0,34.69
7587,6.0,3.0,20.09
7588,5.0,2.0,17.47
7589,5.0,,18.18
7590,6.0,,16.78
7591,6.0,,12.15
7592,8.0,2.0,11.22
7593,11.0,4.0,11.35
7594,7.0,4.0,11.98
7595,6.0,6.0,13.08
7596,6.0,5.0,14.17
7597,7.0,7.0,13.83
7598,6.0,5.0,14.17
7599,7.0,5.0,13.7
7600,6.0,5.0,13.08
7601,7.0,5.0,12.7
7602,11.0,5.0,13.39
7603,21.0,5.0,14.04
7604,21.0,6.0,14.92
7605,14.0,7.0,16.14
7606,12.0,5.0,17.46
7607,10.0,5.0,18.35
7608,8.0,5.0,19.96
7609,8.0,6.0,13.23
7610,7.0,6.0,9.39
7611,7.0,3.0,9.23
7612,11.0,3.0,9.16
7613,12.0,4.0,9.82
7614,11.0,3.0,12.05
7615,12.0,2.0,
7616,23.0,2.0,19.99
7617,26.0,3.0,22.18
7618,39.0,5.0,26.43
7619,40.0,6.0,28.78
7620,33.0,5.0,26.05
7621,31.0,5.0,23.55
7622,23.0,5.0,23.04
7623,21.0,5.0,18.08
7624,22.0,6.0,14.46
7625,35.0,7.0,13.9
7626,17.0,9.0,13.76
7627,12.0,11.0,13.59
7628,10.0,14.0,14.4
7629,11.0,16.0,15.35
7630,11.0,15.0,17.42
7631,9.0,15.0,19.07
7632,10.0,11.0,19.59
7633,12.0,11.0,12.23
7634,12.0,13.0,6.91
7635,11.0,14.0,11.99
7636,9.0,19.0,9.4
7637,8.0,12.0,7.31
7638,7.0,12.0,5.22
7639,7.0,10.0,5.87
7640,8.0,13.0,6.04
7641,10.0,13.0,6.74
7642,14.0,16.0,7.46
7643,17.0,14.0,7.03
7644,17.0,12.0,6.81
7645,16.0,12.0,9.56
7646,10.0,13.0,11.7
7647,9.0,17.0,12.0
7648,10.0,22.0,12.76
7649,10.0,26.0,15.62
7650,11.0,26.0,14.4
7651,10.0,25.0,10.03
7652,10.0,21.0,10.47
7653,,16.0,10.33
7654,13.0,17.0,11.91
7655,10.0,21.0,11.27
7656,11.0,21.0,9.96
7657,10.0,19.0,8.97
7658,8.0,17.0,8.45
7659,7.0,18.0,12.66
7660,8.0,25.0,11.87
7661,10.0,24.0,11.33
7662,9.0,24.0,11.42
7663,9.0,25.0,10.0
7664,,29.0,12.35
7665,10.0,32.0,19.18
7666,10.0,34.0,18.99
7667,12.0,47.0,16.19
7668,11.0,50.0,18.25
7669,11.0,52.0,18.07
7670,12.0,50.0,18.55
7671,12.0,41.0,17.71
7672,,30.0,17.79
7673,13.0,19.0,16.44
7674,13.0,16.0,15.83
7675,12.0,13.0,14.78
7676,12.0,14.0,15.83
7677,,19.0,19.74
7678,11.0,18.0,24.28
7679,10.0,26.0,19.4
7680,10.0,19.0,11.29
7681,,22.0,9.62
7682,12.0,32.0,11.25
7683,12.0,45.0,8.62
7684,10.0,44.0,7.63
7685,10.0,50.0,8.12
7686,,41.0,9.66
7687,9.0,40.0,9.64
7688,10.0,44.0,12.42
7689,12.0,52.0,13.29
7690,13.0,57.0,11.99
7691,15.0,60.0,11.95
7692,18.0,62.0,21.41
7693,17.0,60.0,23.44
7694,17.0,51.0,27.63
7695,15.0,20.0,22.99
7696,17.0,10.0,25.07
7697,18.0,11.0,16.75
7698,21.0,24.0,16.2
7699,22.0,34.0,20.56
7700,28.0,36.0,20.07
7701,32.0,31.0,24.8
7702,34.0,39.0,41.73
7703,23.0,48.0,43.4
7704,20.0,50.0,36.85
7705,32.0,55.0,25.6
7706,50.0,72.0,23.0
7707,11.0,73.0,19.95
7708,10.0,68.0,21.51
7709,9.0,65.0,26.66
7710,7.0,42.0,24.67
7711,6.0,33.0,23.33
7712,6.0,33.0,22.72
7713,7.0,34.0,26.0
7714,9.0,30.0,28.09
7715,10.0,12.0,26.94
7716,11.0,11.0,23.92
7717,15.0,13.0,29.84
7718,14.0,13.0,29.56
7719,14.0,15.0,36.36
7720,12.0,21.0,23.36
7721,9.0,15.0,20.87
7722,10.0,15.0,24.49
7723,8.0,17.0,29.78
7724,11.0,19.0,28.58
7725,11.0,25.0,34.77
7726,10.0,22.0,35.61
7727,7.0,18.0,35.95
7728,7.0,19.0,24.37
7729,4.0,19.0,16.51
7730,3.0,15.0,12.23
7731,,13.0,12.12
7732,,16.0,13.07
7733,,18.0,12.96
7734,2.0,20.0,13.72
7735,2.0,23.0,16.29
7736,,22.0,18.8
7737,2.0,23.0,19.61
7738,3.0,26.0,22.52
7739,3.0,26.0,21.0
7740,4.0,27.0,21.75
7741,5.0,25.0,20.54
7742,6.0,31.0,16.47
7743,6.0,36.0,14.66
7744,,39.0,12.84
7745,7.0,26.0,12.44
7746,7.0,19.0,13.29
7747,6.0,18.0,15.56
7748,7.0,21.0,15.69
7749,9.0,23.0,15.36
7750,10.0,34.0,20.01
7751,8.0,32.0,15.64
7752,8.0,36.0,11.37
7753,5.0,41.0,11.68
7754,4.0,35.0,14.17
7755,3.0,29.0,27.6
7756,4.0,26.0,23.11
7757,3.0,29.0,23.22
7758,3.0,35.0,11.77
7759,4.0,40.0,11.42
7760,4.0,46.0,21.13
7761,2.0,40.0,27.89
7762,2.0,38.0,30.76
7763,3.0,35.0,28.47
7764,4.0,15.0,16.01
7765,4.0,11.0,13.29
7766,6.0,13.0,11.96
7767,8.0,17.0,12.5
7768,8.0,13.0,12.67
7769,,11.0,14.61
7770,10.0,11.0,14.12
7771,10.0,12.0,12.83
7772,,12.0,16.02
7773,,14.0,13.58
7774,8.0,17.0,12.1
7775,6.0,13.0,15.9
7776,5.0,10.0,29.13
7777,5.0,5.0,36.12
7778,3.0,4.0,40.78
7779,2.0,5.0,35.85
7780,2.0,6.0,20.86
7781,,7.0,16.37
7782,,6.0,24.83
7783,2.0,6.0,36.12
7784,,,16.52
7785,,,11.79
7786,3.0,7.0,11.48
7787,3.0,8.0,7.42
7788,5.0,10.0,6.35
7789,9.0,9.0,6.05
7790,11.0,7.0,5.86
7791,11.0,7.0,5.81
7792,10.0,12.0,5.11
7793,10.0,11.0,5.5
7794,12.0,12.0,6.1
7795,10.0,6.0,8.23
7796,9.0,6.0,10.77
7797,12.0,,11.89
7798,14.0,,8.23
7799,16.0,5.0,8.88
7800,10.0,5.0,8.07
7801,9.0,5.0,12.55
7802,6.0,4.0,12.88
7803,7.0,3.0,8.54
7804,8.0,3.0,9.69
7805,6.0,5.0,16.4
7806,6.0,7.0,21.46
7807,7.0,6.0,15.57
7808,6.0,12.0,19.89
7809,5.0,8.0,26.98
7810,8.0,12.0,18.02
7811,16.0,9.0,13.41
7812,14.0,6.0,10.25
7813,19.0,5.0,8.31
7814,12.0,5.0,10.11
7815,11.0,5.0,10.65
7816,13.0,6.0,15.51
7817,17.0,13.0,10.11
7818,22.0,16.0,10.19
7819,29.0,15.0,11.55
7820,22.0,14.0,10.3
7821,17.0,14.0,14.31
7822,22.0,16.0,17.04
7823,19.0,17.0,15.06
7824,11.0,18.0,12.96
7825,7.0,22.0,14.22
7826,5.0,12.0,22.96
7827,5.0,9.0,31.98
7828,4.0,10.0,29.93
7829,3.0,7.0,34.14
7830,5.0,7.0,52.69
7831,5.0,9.0,36.52
7832,4.0,10.0,29.74
7833,6.0,13.0,32.63
7834,8.0,15.0,31.19
7835,11.0,19.0,26.56
7836,16.0,25.0,22.5
7837,18.0,30.0,11.68
7838,15.0,34.0,12.7
7839,18.0,37.0,12.47
7840,33.0,34.0,15.16
7841,31.0,27.0,19.24
7842,33.0,19.0,17.5
7843,33.0,19.0,
7844,31.0,,
7845,32.0,21.0,
7846,34.0,22.0,
7847,35.0,20.0,
7848,33.0,24.0,
7849,35.0,27.0,
7850,32.0,23.0,
7851,39.0,23.0,
7852,33.0,20.0,
7853,35.0,17.0,
7854,40.0,26.0,
7855,41.0,28.0,
7856,38.0,27.0,
7857,36.0,31.0,
7858,25.0,28.0,
7859,29.0,27.0,
7860,37.0,29.0,
7861,42.0,23.0,
7862,44.0,14.0,
7863,55.0,16.0,
7864,53.0,17.0,
7865,37.0,14.0,
7866,47.0,11.0,
7867,41.0,10.0,
7868,22.0,9.0,
7869,20.0,10.0,
7870,14.0,13.0,
7871,7.0,12.0,
7872,9.0,9.0,
7873,9.0,8.0,
7874,8.0,7.0,
7875,8.0,11.0,
7876,7.0,15.0,
7877,8.0,18.0,
7878,8.0,16.0,
7879,9.0,20.0,
7880,10.0,18.0,
7881,12.0,17.0,
7882,14.0,15.0,
7883,16.0,14.0,
7884,14.0,16.0,
7885,12.0,15.0,
7886,11.0,14.0,
7887,8.0,17.0,
7888,7.0,17.0,
7889,7.0,19.0,
7890,6.0,22.0,
7891,6.0,24.0,
7892,,34.0,
7893,,45.0,
7894,7.0,67.0,
7895,9.0,97.0,
7896,10.0,87.0,
7897,6.0,84.0,
7898,6.0,67.0,
7899,4.0,55.0,
7900,3.0,55.0,
7901,4.0,54.0,
7902,6.0,38.0,
7903,10.0,33.0,
7904,11.0,26.0,
7905,21.0,14.0,
7906,19.0,10.0,
7907,18.0,9.0,
7908,23.0,8.0,
7909,19.0,7.0,40.68
7910,21.0,5.0,40.68
7911,23.0,7.0,28.12
7912,23.0,8.0,25.25
7913,,9.0,33.88
7914,24.0,8.0,31.84
7915,25.0,7.0,22.5
7916,29.0,6.0,17.65
7917,56.0,6.0,25.44
7918,60.0,7.0,37.06
7919,,6.0,30.96
7920,145.0,5.0,31.42
7921,110.0,3.0,40.12
7922,91.0,3.0,46.74
7923,78.0,3.0,
7924,63.0,5.0,
7925,57.0,6.0,
7926,65.0,8.0,
7927,59.0,9.0,
7928,41.0,8.0,
7929,42.0,10.0,
7930,41.0,9.0,11.25
7931,56.0,8.0,11.5
7932,47.0,10.0,11.12
7933,28.0,11.0,12.41
7934,9.0,12.0,13.14
7935,6.0,10.0,19.46
7936,6.0,11.0,19.62
7937,9.0,13.0,19.39
7938,16.0,17.0,20.13
7939,41.0,19.0,22.83
7940,52.0,21.0,21.47
7941,66.0,25.0,28.71
7942,105.0,27.0,22.82
7943,95.0,27.0,21.13
7944,113.0,25.0,21.41
7945,62.0,18.0,22.83
7946,72.0,10.0,34.0
7947,74.0,12.0,37.18
7948,81.0,17.0,34.47
7949,62.0,21.0,42.79
7950,47.0,24.0,43.11
7951,45.0,18.0,40.63
7952,48.0,19.0,48.0
7953,61.0,22.0,54.05
7954,62.0,15.0,46.44
7955,56.0,15.0,53.64
7956,32.0,17.0,55.21
7957,25.0,11.0,54.78
7958,20.0,11.0,50.24
7959,19.0,12.0,58.77
7960,14.0,14.0,57.73
7961,13.0,20.0,45.96
7962,15.0,17.0,43.68
7963,16.0,19.0,37.61
7964,19.0,18.0,39.21
7965,16.0,15.0,42.87
7966,11.0,15.0,52.38
7967,11.0,,64.63
7968,10.0,13.0,65.75
7969,10.0,11.0,63.83
7970,13.0,11.0,67.09
7971,18.0,13.0,85.05
7972,22.0,21.0,96.48
7973,20.0,15.0,69.13
7974,24.0,12.0,80.87
7975,34.0,9.0,76.53
7976,43.0,8.0,71.51
7977,40.0,8.0,35.73
7978,48.0,11.0,23.32
7979,67.0,11.0,28.07
7980,52.0,8.0,24.22
7981,28.0,10.0,20.37
7982,34.0,14.0,15.99
7983,29.0,20.0,19.69
7984,23.0,20.0,15.31
7985,15.0,25.0,14.07
7986,13.0,27.0,13.0
7987,20.0,24.0,12.59
7988,34.0,19.0,11.7
7989,30.0,23.0,12.18
7990,30.0,21.0,12.06
7991,46.0,23.0,11.45
7992,66.0,26.0,8.95
7993,66.0,32.0,7.03
7994,61.0,37.0,7.78
7995,58.0,38.0,7.92
7996,55.0,29.0,5.96
7997,51.0,27.0,4.37
7998,39.0,28.0,4.0
7999,38.0,28.0,4.49
8000,42.0,29.0,4.32
8001,62.0,33.0,4.79
8002,66.0,32.0,6.04
8003,28.0,32.0,6.68
8004,20.0,44.0,6.98
8005,19.0,63.0,7.66
8006,14.0,60.0,7.86
8007,14.0,48.0,7.98
8008,12.0,76.0,7.98
8009,11.0,53.0,6.37
8010,12.0,34.0,6.36
8011,12.0,34.0,7.55
8012,,37.0,10.29
8013,13.0,39.0,15.53
8014,13.0,42.0,21.73
8015,12.0,61.0,9.66
8016,8.0,74.0,8.35
8017,,,7.47
8018,9.0,69.0,8.36
8019,9.0,61.0,5.95
8020,,49.0,5.6
8021,11.0,42.0,4.81
8022,11.0,47.0,5.01
8023,13.0,51.0,5.22
8024,15.0,46.0,7.27
8025,17.0,32.0,11.04
8026,20.0,36.0,19.64
8027,24.0,18.0,16.8
8028,29.0,15.0,22.03
8029,32.0,13.0,23.38
8030,38.0,10.0,24.56
8031,28.0,11.0,23.85
8032,28.0,11.0,18.76
8033,41.0,,25.86
8034,44.0,12.0,24.87
8035,,20.0,20.34
8036,26.0,26.0,14.74
8037,22.0,27.0,17.34
8038,32.0,25.0,23.97
8039,30.0,34.0,19.06
8040,24.0,40.0,20.08
8041,22.0,44.0,
8042,21.0,43.0,21.93
8043,17.0,47.0,29.71
8044,15.0,34.0,31.76
8045,24.0,32.0,32.53
8046,36.0,43.0,47.69
8047,37.0,40.0,40.63
8048,46.0,28.0,51.8
8049,50.0,32.0,64.06
8050,36.0,31.0,65.17
8051,29.0,38.0,62.9
8052,30.0,50.0,71.79
8053,39.0,46.0,42.18
8054,56.0,30.0,17.64
8055,73.0,31.0,16.94
8056,88.0,34.0,18.53
8057,88.0,26.0,21.77
8058,69.0,29.0,23.26
8059,42.0,50.0,19.4
8060,45.0,45.0,17.06
8061,49.0,43.0,20.68
8062,31.0,51.0,22.31
8063,27.0,48.0,29.7
8064,21.0,46.0,23.32
8065,17.0,46.0,15.93
8066,20.0,65.0,19.91
8067,26.0,61.0,20.04
8068,24.0,53.0,19.62
8069,24.0,43.0,19.2
8070,21.0,43.0,23.87
8071,41.0,35.0,17.57
8072,44.0,29.0,
8073,74.0,28.0,13.14
8074,71.0,27.0,62.9
8075,62.0,23.0,
8076,34.0,23.0,
8077,34.0,19.0,7.99
8078,26.0,19.0,4.36
8079,27.0,20.0,4.65
8080,36.0,16.0,4.69
8081,40.0,22.0,3.5
8082,23.0,18.0,4.08
8083,19.0,18.0,
8084,23.0,21.0,
8085,24.0,23.0,
8086,22.0,33.0,3.8
8087,21.0,47.0,
8088,21.0,60.0,
8089,12.0,39.0,3.83
8090,7.0,40.0,4.37
8091,4.0,40.0,3.94
8092,3.0,52.0,3.36
8093,6.0,47.0,2.98
8094,6.0,34.0,2.75
8095,5.0,34.0,2.62
8096,5.0,37.0,3.2
8097,5.0,40.0,3.5
8098,7.0,54.0,3.81
8099,14.0,51.0,3.78
8100,11.0,24.0,4.23
8101,13.0,14.0,4.54
8102,16.0,12.0,4.23
8103,24.0,10.0,5.4
8104,21.0,12.0,4.99
8105,15.0,16.0,5.74
8106,22.0,14.0,5.48
8107,20.0,12.0,5.52
8108,22.0,13.0,6.28
8109,20.0,15.0,5.5
8110,30.0,16.0,5.77
8111,27.0,20.0,6.12
8112,22.0,27.0,7.44
8113,16.0,35.0,7.9
8114,7.0,33.0,9.78
8115,6.0,39.0,13.3
8116,11.0,56.0,13.72
8117,14.0,50.0,10.1
8118,17.0,49.0,8.2
8119,16.0,45.0,8.07
8120,17.0,40.0,8.54
8121,16.0,42.0,9.32
8122,18.0,45.0,11.66
8123,21.0,37.0,15.39
8124,34.0,45.0,23.69
8125,35.0,45.0,23.95
8126,38.0,27.0,27.51
8127,30.0,25.0,37.35
8128,34.0,22.0,46.91
8129,32.0,19.0,52.87
8130,33.0,26.0,41.6
8131,37.0,32.0,28.86
8132,24.0,30.0,36.83
8133,26.0,25.0,36.11
8134,24.0,24.0,33.64
8135,48.0,20.0,29.42
8136,47.0,15.0,36.19
8137,53.0,16.0,40.8
8138,61.0,18.0,42.66
8139,41.0,27.0,51.93
8140,50.0,28.0,50.7
8141,56.0,26.0,37.23
8142,54.0,27.0,33.51
8143,39.0,16.0,33.28
8144,44.0,14.0,28.57
8145,42.0,17.0,31.36
8146,46.0,13.0,28.37
8147,45.0,16.0,27.29
8148,34.0,12.0,21.48
8149,32.0,5.0,33.97
8150,29.0,5.0,17.85
8151,30.0,9.0,15.3
8152,37.0,7.0,17.88
8153,38.0,6.0,21.91
8154,43.0,7.0,17.14
8155,29.0,6.0,13.52
8156,40.0,8.0,12.81
8157,57.0,7.0,10.75
8158,63.0,6.0,10.77
8159,61.0,7.0,18.15
8160,57.0,6.0,12.65
8161,46.0,6.0,8.36
8162,38.0,,6.98
8163,27.0,,9.35
8164,26.0,,9.2
8165,24.0,8.0,11.96
8166,23.0,12.0,11.52
8167,19.0,12.0,7.78
8168,17.0,10.0,5.98
8169,17.0,11.0,4.34
8170,24.0,12.0,3.87
8171,25.0,11.0,4.42
8172,28.0,10.0,3.66
8173,22.0,10.0,5.13
8174,33.0,13.0,5.15
8175,34.0,14.0,5.5
8176,28.0,15.0,5.82
8177,19.0,18.0,6.24
8178,18.0,18.0,7.87
8179,20.0,13.0,11.65
8180,28.0,14.0,8.9
8181,37.0,16.0,9.44
8182,44.0,17.0,6.82
8183,56.0,18.0,10.52
8184,56.0,24.0,12.15
8185,27.0,23.0,8.04
8186,38.0,24.0,7.09
8187,28.0,25.0,9.77
8188,22.0,28.0,5.47
8189,22.0,34.0,6.16
8190,24.0,33.0,4.33
8191,26.0,40.0,5.9
8192,27.0,40.0,8.0
8193,29.0,46.0,4.0
8194,30.0,49.0,6.54
8195,30.0,54.0,4.69
8196,31.0,59.0,7.43
8197,30.0,53.0,10.95
8198,,38.0,9.99
8199,27.0,24.0,16.2
8200,27.0,21.0,26.29
8201,28.0,21.0,25.96
8202,34.0,17.0,29.05
8203,45.0,18.0,30.8
8204,48.0,25.0,33.62
8205,78.0,36.0,33.71
8206,92.0,58.0,19.94
8207,90.0,55.0,21.95
8208,100.0,54.0,17.31
8209,111.0,72.0,12.25
8210,79.0,60.0,12.16
8211,56.0,55.0,15.95
8212,34.0,49.0,15.04
8213,33.0,47.0,16.35
8214,36.0,50.0,17.19
8215,40.0,48.0,16.65
8216,41.0,46.0,18.45
8217,31.0,51.0,21.51
8218,26.0,56.0,24.81
8219,26.0,39.0,25.15
8220,,44.0,26.94
8221,27.0,39.0,30.15
8222,28.0,25.0,31.44
8223,32.0,11.0,36.63
8224,39.0,7.0,44.62
8225,43.0,8.0,53.47
8226,43.0,12.0,51.1
8227,42.0,16.0,63.89
8228,47.0,21.0,95.21
8229,55.0,15.0,102.51
8230,78.0,16.0,103.51
8231,94.0,14.0,108.29
8232,87.0,11.0,97.61
8233,47.0,9.0,102.79
8234,30.0,6.0,98.27
8235,21.0,5.0,89.83
8236,21.0,5.0,78.16
8237,,6.0,72.61
8238,20.0,6.0,74.38
8239,21.0,5.0,82.71
8240,22.0,4.0,61.92
8241,23.0,4.0,39.83
8242,25.0,4.0,35.73
8243,29.0,4.0,20.64
8244,29.0,4.0,13.22
8245,28.0,4.0,7.8
8246,30.0,4.0,5.79
8247,36.0,5.0,4.57
8248,,5.0,5.1
8249,44.0,7.0,8.13
8250,42.0,6.0,10.98
8251,37.0,11.0,13.81
8252,38.0,17.0,16.76
8253,55.0,14.0,24.12
8254,69.0,17.0,45.17
8255,78.0,17.0,57.82
8256,79.0,19.0,56.68
8257,68.0,13.0,55.82
8258,76.0,19.0,42.18
8259,58.0,15.0,39.59
8260,53.0,14.0,36.52
8261,29.0,16.0,33.29
8262,22.0,20.0,32.46
8263,38.0,19.0,43.09
8264,,21.0,46.96
8265,41.0,35.0,41.5
8266,30.0,41.0,52.74
8267,29.0,33.0,43.66
8268,25.0,29.0,29.9
8269,20.0,26.0,9.36
8270,18.0,27.0,8.52
8271,18.0,39.0,12.14
8272,,44.0,13.24
8273,,30.0,15.9
8274,,30.0,15.37
8275,24.0,27.0,11.86
8276,30.0,15.0,10.96
8277,39.0,13.0,11.21
8278,39.0,13.0,12.08
8279,37.0,18.0,9.14
8280,40.0,35.0,9.68
8281,27.0,37.0,8.87
8282,30.0,35.0,6.01
8283,28.0,28.0,4.95
8284,18.0,24.0,4.53
8285,16.0,22.0,4.28
8286,15.0,24.0,4.46
8287,17.0,36.0,5.88
8288,22.0,38.0,8.45
8289,30.0,38.0,11.77
8290,29.0,35.0,12.54
8291,26.0,33.0,8.02
8292,25.0,46.0,10.7
8293,31.0,40.0,11.78
8294,28.0,27.0,10.32
8295,27.0,23.0,16.6
8296,31.0,16.0,9.15
8297,34.0,16.0,7.55
8298,39.0,17.0,6.39
8299,42.0,18.0,6.38
8300,42.0,16.0,8.25
8301,57.0,18.0,12.94
8302,65.0,19.0,14.87
8303,76.0,18.0,12.73
8304,99.0,18.0,13.29
8305,89.0,20.0,13.65
8306,71.0,17.0,19.33
8307,77.0,17.0,13.82
8308,76.0,,16.8
8309,81.0,16.0,16.95
8310,34.0,16.0,13.4
8311,40.0,15.0,23.44
8312,45.0,13.0,20.17
8313,54.0,13.0,25.6
8314,55.0,14.0,18.48
8315,61.0,19.0,13.28
8316,48.0,17.0,13.6
8317,32.0,18.0,13.23
8318,27.0,19.0,10.81
8319,20.0,17.0,11.33
8320,20.0,17.0,10.22
8321,,28.0,10.02
8322,21.0,18.0,11.27
8323,22.0,18.0,14.49
8324,27.0,23.0,22.72
8325,42.0,26.0,38.68
8326,68.0,21.0,52.81
8327,73.0,27.0,74.17
8328,83.0,23.0,98.93
8329,43.0,19.0,90.13
8330,22.0,14.0,70.32
8331,15.0,9.0,49.88
8332,15.0,6.0,48.83
8333,14.0,5.0,36.51
8334,10.0,6.0,26.4
8335,7.0,5.0,27.14
8336,7.0,5.0,27.66
8337,8.0,6.0,33.4
8338,11.0,10.0,30.77
8339,8.0,10.0,23.71
8340,5.0,11.0,25.38
8341,5.0,6.0,32.68
8342,5.0,7.0,38.68
8343,7.0,8.0,37.64
8344,6.0,6.0,29.49
8345,6.0,7.0,19.71
8346,8.0,6.0,18.34
8347,7.0,7.0,18.47
8348,16.0,7.0,24.42
8349,21.0,,30.6
8350,22.0,11.0,44.95
8351,17.0,12.0,63.63
8352,24.0,9.0,78.43
8353,35.0,8.0,86.37
8354,28.0,8.0,64.52
8355,37.0,7.0,40.63
8356,29.0,4.0,32.89
8357,26.0,5.0,29.26
8358,34.0,5.0,34.8
8359,22.0,6.0,36.9
8360,25.0,14.0,37.9
8361,29.0,12.0,41.73
8362,28.0,11.0,31.7
8363,13.0,10.0,24.12
8364,17.0,12.0,25.14
8365,13.0,23.0,24.37
8366,9.0,24.0,23.6
8367,9.0,17.0,24.08
8368,10.0,16.0,34.57
8369,11.0,16.0,33.95
8370,10.0,22.0,23.77
8371,9.0,24.0,16.03
8372,17.0,32.0,18.49
8373,20.0,41.0,30.32
8374,23.0,29.0,50.4
8375,24.0,26.0,37.46
8376,15.0,16.0,29.04
8377,22.0,11.0,15.12
8378,15.0,11.0,13.2
8379,16.0,10.0,12.79
8380,14.0,7.0,12.8
8381,25.0,6.0,19.8
8382,16.0,5.0,30.28
8383,19.0,6.0,25.13
8384,17.0,6.0,21.95
8385,20.0,,26.87
8386,24.0,8.0,26.42
8387,24.0,9.0,25.22
8388,18.0,10.0,30.45
8389,14.0,7.0,32.14
8390,14.0,7.0,32.73
8391,10.0,6.0,32.61
8392,11.0,6.0,22.97
8393,12.0,,17.98
8394,16.0,,19.63
8395,18.0,8.0,24.84
8396,23.0,13.0,46.44
8397,32.0,21.0,66.4
8398,26.0,17.0,73.38
8399,14.0,47.0,43.73
8400,11.0,45.0,27.23
8401,8.0,62.0,15.41
8402,7.0,45.0,14.93
8403,8.0,86.0,21.66
8404,8.0,71.0,25.1
8405,7.0,51.0,27.38
8406,5.0,51.0,21.63
8407,5.0,61.0,21.17
8408,6.0,59.0,20.08
8409,7.0,49.0,20.74
8410,7.0,22.0,20.56
8411,8.0,17.0,27.33
8412,7.0,14.0,29.18
8413,7.0,11.0,27.37
8414,,10.0,26.68
8415,,10.0,28.71
8416,,,31.4
8417,16.0,14.0,26.65
8418,16.0,12.0,30.42
8419,,27.0,40.47
8420,11.0,50.0,44.57
8421,12.0,76.0,50.07
8422,12.0,162.0,57.41
8423,16.0,186.0,41.3
8424,12.0,117.0,27.59
8425,9.0,99.0,25.87
8426,8.0,143.0,23.73
8427,9.0,141.0,21.92
8428,10.0,98.0,20.0
8429,8.0,70.0,14.53
8430,7.0,54.0,12.92
8431,7.0,44.0,15.11
8432,8.0,50.0,17.59
8433,7.0,56.0,22.17
8434,6.0,62.0,27.26
8435,7.0,41.0,25.9
8436,9.0,29.0,22.84
8437,11.0,25.0,25.05
8438,16.0,23.0,22.94
8439,25.0,14.0,22.96
8440,24.0,8.0,22.35
8441,23.0,7.0,21.35
8442,18.0,9.0,18.36
8443,21.0,9.0,20.73
8444,23.0,11.0,24.66
8445,24.0,15.0,29.5
8446,28.0,12.0,24.63
8447,26.0,16.0,9.33
8448,23.0,19.0,10.73
8449,18.0,34.0,7.2
8450,12.0,38.0,10.4
8451,8.0,32.0,17.07
8452,12.0,36.0,19.63
8453,13.0,35.0,22.75
8454,15.0,28.0,14.19
8455,21.0,26.0,9.53
8456,10.0,33.0,10.54
8457,8.0,41.0,16.46
8458,5.0,30.0,28.16
8459,7.0,31.0,23.74
8460,10.0,24.0,22.8
8461,15.0,17.0,20.59
8462,18.0,12.0,17.7
8463,19.0,15.0,16.9
8464,17.0,14.0,14.06
8465,19.0,13.0,14.73
8466,16.0,12.0,16.57
8467,22.0,15.0,15.04
8468,28.0,21.0,12.11
8469,35.0,20.0,11.76
8470,41.0,14.0,10.75
8471,45.0,9.0,13.08
8472,51.0,10.0,13.95
8473,63.0,15.0,11.25
8474,69.0,15.0,8.35
8475,56.0,20.0,7.61
8476,48.0,24.0,7.62
8477,54.0,16.0,7.13
8478,52.0,18.0,7.49
8479,48.0,18.0,7.98
8480,54.0,21.0,7.43
8481,57.0,36.0,8.47
8482,62.0,32.0,10.02
8483,58.0,22.0,10.7
8484,48.0,20.0,11.73
8485,31.0,27.0,14.35
8486,15.0,33.0,17.53
8487,7.0,39.0,20.79
8488,7.0,42.0,23.53
8489,13.0,29.0,17.85
8490,12.0,22.0,13.47
8491,11.0,16.0,12.15
8492,14.0,24.0,14.36
8493,17.0,41.0,14.09
8494,18.0,44.0,16.16
8495,16.0,43.0,19.23
8496,14.0,21.0,16.65
8497,13.0,18.0,11.76
8498,12.0,19.0,10.07
8499,16.0,16.0,11.47
8500,17.0,17.0,13.27
8501,10.0,22.0,33.37
8502,9.0,19.0,15.79
8503,10.0,18.0,16.86
8504,10.0,22.0,20.93
8505,14.0,29.0,27.97
8506,12.0,26.0,30.05
8507,9.0,22.0,39.77
8508,9.0,26.0,24.41
8509,10.0,31.0,14.45
8510,9.0,39.0,17.85
8511,9.0,39.0,18.09
8512,10.0,,17.01
8513,12.0,34.0,13.89
8514,14.0,25.0,20.2
8515,19.0,24.0,15.2
8516,23.0,36.0,13.3
8517,24.0,52.0,17.22
8518,28.0,71.0,17.06
8519,24.0,79.0,19.03
8520,20.0,56.0,25.55
8521,19.0,61.0,13.78
8522,16.0,71.0,16.05
8523,20.0,50.0,12.62
8524,25.0,39.0,10.94
8525,30.0,24.0,11.33
8526,40.0,21.0,11.37
8527,44.0,25.0,10.97
8528,50.0,31.0,10.19
8529,53.0,29.0,9.34
8530,63.0,36.0,11.79
8531,75.0,33.0,6.74
8532,84.0,31.0,6.95
8533,73.0,29.0,17.31
8534,51.0,28.0,16.01
8535,41.0,25.0,13.9
8536,43.0,25.0,16.77
8537,31.0,29.0,15.7
8538,26.0,27.0,25.68
8539,40.0,23.0,18.56
8540,39.0,25.0,20.43
8541,39.0,,19.49
8542,27.0,,26.26
8543,16.0,,21.62
8544,20.0,,19.46
8545,19.0,22.45,12.86
8546,14.0,20.2,12.56
8547,11.0,20.2,9.16
8548,10.0,18.54,9.97
8549,8.0,18.54,15.78
8550,8.0,17.73,19.0
8551,9.0,17.73,16.11
8552,8.0,19.41,15.87
8553,8.0,19.41,13.89
8554,9.0,17.28,16.29
8555,9.0,17.28,22.37
8556,10.0,,18.86
8557,10.0,,14.45
8558,12.0,18.91,15.39
8559,11.0,20.54,15.32
8560,11.0,23.99,11.76
8561,12.0,26.6,9.93
8562,10.0,24.69,10.86
8563,14.0,30.64,11.51
8564,22.0,26.1,12.73
8565,20.0,25.69,15.66
8566,20.0,31.04,14.87
8567,19.0,27.85,16.49
8568,17.0,26.0,10.77
8569,13.0,30.0,
8570,11.0,40.0,8.41
8571,16.0,30.0,8.94
8572,9.0,27.0,10.38
8573,7.0,28.0,8.95
8574,6.0,34.0,10.32
8575,6.0,33.0,10.39
8576,5.0,32.0,24.38
8577,5.0,31.0,36.29
8578,5.0,25.0,38.39
8579,6.0,25.0,33.73
8580,7.0,18.0,33.85
8581,11.0,9.0,31.3
8582,15.0,6.0,31.78
8583,19.0,6.0,33.48
8584,19.0,8.0,20.65
8585,,8.0,10.68
8586,21.0,9.0,10.18
8587,25.0,17.0,11.31
8588,26.0,30.0,17.38
8589,33.0,37.0,19.67
8590,50.0,45.0,21.36
8591,58.0,56.0,25.11
8592,60.0,59.0,22.37
8593,45.0,73.69,28.17
8594,38.0,,50.48
8595,,,42.98
8596,94.0,,29.55
8597,73.0,,16.74
8598,63.0,,22.48
8599,72.0,,32.92
8600,61.0,,33.8
8601,58.0,,31.12
8602,62.0,23.21,32.84
8603,63.0,12.2,33.53
8604,48.0,8.11,37.54
8605,27.0,6.27,39.55
8606,13.0,7.88,34.1
8607,11.0,8.84,31.88
8608,13.0,7.9,35.35
8609,21.0,9.79,33.68
8610,36.0,11.48,33.38
8611,36.0,17.76,33.33
8612,54.0,13.56,62.21
8613,40.0,16.27,125.62
8614,49.0,13.13,231.54
8615,39.0,10.3,203.47
8616,30.0,7.36,192.62
8617,30.77,6.0,91.35
8618,46.86,6.0,69.83
8619,48.78,,41.78
8620,49.92,,25.69
8621,58.81,5.0,21.56
8622,67.77,5.0,21.29
8623,76.22,5.0,18.99
8624,79.4,6.0,15.86
8625,83.77,6.0,15.16
8626,90.42,7.0,14.96
8627,85.33,7.0,13.64
8628,86.23,,14.25
8629,82.35,8.0,15.34
8630,57.53,10.0,16.03
8631,47.37,13.0,15.06
8632,35.33,16.0,20.94
8633,32.63,19.0,26.85
8634,30.0,20.0,31.37
8635,34.95,17.0,29.44
8636,39.35,20.0,34.9
8637,35.47,21.0,33.66
8638,27.79,23.0,27.09
8639,30.54,26.0,25.26
8640,28.51,22.0,24.13
8641,,30.0,27.46
8642,20.0,42.0,27.32
8643,16.0,41.0,30.18
8644,12.0,29.0,29.52
8645,19.0,24.0,34.01
8646,22.0,33.0,32.03
8647,24.0,35.0,36.96
8648,33.0,41.0,42.21
8649,38.0,43.0,44.14
8650,50.0,52.0,54.48
8651,29.0,47.0,55.96
8652,18.0,32.0,40.29
8653,9.0,18.0,27.81
8654,19.0,16.0,27.62
8655,21.0,12.0,24.06
8656,20.0,9.0,25.63
8657,14.0,10.0,22.52
8658,11.0,11.0,26.68
8659,13.0,15.0,19.47
8660,17.0,17.0,18.22
8661,24.0,20.0,19.67
8662,20.0,20.0,21.08
8663,17.0,17.0,25.53
8664,20.0,28.0,27.12
8665,19.0,35.0,34.91
8666,18.0,37.0,42.04
8667,34.0,18.0,43.93
8668,32.0,8.0,44.71
8669,35.0,8.0,50.26
8670,35.0,5.0,69.67
8671,31.0,5.0,52.25
8672,40.0,6.0,62.34
8673,50.0,10.0,60.67
8674,50.0,13.0,64.49
8675,,16.0,47.93
8676,84.0,16.0,36.14
8677,104.0,10.0,31.12
8678,62.0,7.0,27.67
8679,37.0,9.0,26.19
8680,29.0,11.0,27.41
8681,21.0,10.0,28.07
8682,19.0,11.0,24.2
8683,16.0,9.0,24.72
8684,25.0,12.0,40.79
8685,44.0,18.0,43.56
8686,62.0,16.0,43.43
8687,49.0,18.0,35.96
8688,51.0,29.0,35.66
8689,50.0,54.0,46.31
8690,65.0,46.0,35.14
8691,51.0,38.0,39.39
8692,38.0,28.0,40.54
8693,30.0,26.0,48.75
8694,27.0,28.0,55.5
8695,40.0,29.0,56.64
8696,40.0,28.0,47.68
8697,10.0,31.0,56.83
8698,7.0,34.0,54.55
8699,13.0,44.0,32.88
8700,9.0,23.0,22.15
8701,10.0,14.0,12.3
8702,9.0,8.0,8.21
8703,9.0,5.0,9.22
8704,,6.0,7.8
8705,14.0,7.0,9.04
8706,37.0,9.0,7.5
8707,42.0,9.0,13.74
8708,45.0,,16.87
8709,40.0,16.0,16.55
8710,18.0,16.0,22.6
8711,17.0,24.0,38.95
8712,16.0,44.0,87.0
8713,16.0,42.0,68.49
8714,18.0,22.0,52.93
8715,23.0,32.0,28.98
8716,24.0,48.0,23.78
8717,23.0,43.0,42.12
8718,27.0,43.0,31.88
8719,29.0,,31.48
8720,34.0,,24.05
8721,42.0,44.0,31.25
8722,50.0,43.0,38.05
8723,29.0,38.0,42.08
8724,20.0,48.0,52.96
8725,21.0,42.0,27.19
8726,15.0,31.0,10.38
8727,20.0,24.0,9.45
8728,16.0,14.0,8.01
8729,20.0,13.0,10.3
8730,15.0,11.0,10.33
8731,24.0,13.0,16.01
8732,28.0,18.0,24.03
8733,37.0,34.0,51.14
8734,28.0,32.0,82.88
8735,24.0,23.0,100.25
8736,18.0,29.0,108.22
8737,28.0,29.0,85.15
8738,38.0,73.0,72.21
8739,59.0,64.0,58.8
8740,65.0,55.0,33.49
8741,51.0,48.0,36.28
8742,49.0,52.0,46.58
8743,49.0,38.0,47.64
8744,50.0,31.0,47.24
8745,45.0,27.0,46.67
8746,46.0,31.0,42.37
8747,39.0,32.0,24.13
8748,39.0,26.0,19.76
8749,21.0,27.0,14.94
8750,19.0,24.0,15.98
8751,21.0,28.0,16.03
8752,21.0,38.0,16.64
8753,19.0,22.0,11.8
8754,19.0,19.0,11.45
8755,21.0,26.0,14.24
8756,52.0,89.0,34.32
8757,,253.0,55.77
8758,,777.0,53.8
8759,158.0,763.0,54.82
8760,177.0,773.0,90.97
