hour_of_year,pm10_2022,pm10_2023,pm10_2024
1,182.0,93.0,484.0
2,166.0,162.0,484.0
3,184.0,209.0,429.0
4,201.0,220.0,426.0
5,216.0,219.0,262.0
6,166.0,261.0,223.0
7,105.0,187.0,427.0
8,102.0,109.0,228.0
9,125.0,117.0,123.0
10,83.0,93.0,66.0
11,138.0,82.0,65.0
12,69.0,78.0,62.0
13,86.0,85.0,54.0
14,47.0,74.0,43.0
15,92.0,44.0,36.0
16,94.0,40.0,37.0
17,131.0,43.0,39.0
18,99.0,54.0,34.0
19,46.0,95.0,42.0
20,49.0,63.0,52.0
21,83.0,77.0,50.0
22,51.0,79.0,53.0
23,74.0,80.0,50.0
24,89.0,55.0,52.0
25,88.0,80.0,48.0
26,105.0,69.0,47.0
27,111.0,53.0,40.0
28,101.0,49.0,41.0
29,68.0,50.0,43.0
30,346.0,47.0,50.0
31,289.0,55.0,39.0
32,475.0,65.0,28.0
33,217.0,87.0,26.0
34,194.0,112.0,30.0
35,108.0,195.0,28.0
36,120.0,149.0,36.0
37,117.0,114.0,34.0
38,75.0,83.0,38.0
39,65.0,,42.0
40,55.0,60.0,38.0
41,55.0,69.0,59.0
42,59.0,96.0,85.0
43,67.0,94.0,76.0
44,59.0,112.0,72.0
45,54.0,119.0,87.0
46,38.0,149.0,78.0
47,36.0,212.0,68.0
48,34.0,189.0,67.0
49,33.0,211.0,56.0
50,31.0,235.0,41.0
51,40.0,257.0,32.0
52,31.0,192.0,28.0
53,35.0,124.0,27.0
54,33.0,91.0,26.0
55,50.0,63.0,29.0
56,48.0,74.0,30.0
57,49.0,70.0,34.0
58,62.0,96.0,42.0
59,90.0,152.0,70.0
60,62.0,89.0,48.0
61,43.0,85.0,56.0
62,45.0,54.0,44.0
63,37.0,44.0,38.0
64,48.0,52.0,43.0
65,50.0,68.0,48.0
66,46.0,136.0,46.0
67,49.0,141.0,69.0
68,67.0,95.0,99.0
69,84.0,80.0,101.0
70,62.0,105.0,96.0
71,52.0,117.0,87.0
72,54.0,104.0,70.0
73,58.0,115.0,70.0
74,44.0,144.0,74.0
75,56.0,136.0,54.0
76,52.0,154.0,48.0
77,38.0,146.0,56.0
78,37.0,124.0,47.0
79,43.0,201.0,41.0
80,54.0,210.0,55.0
81,55.0,213.0,66.0
82,103.0,266.0,69.0
83,122.0,253.0,80.0
84,97.0,161.0,76.0
85,68.0,120.0,52.0
86,100.0,87.0,42.0
87,99.0,69.0,39.0
88,117.0,59.0,35.0
89,106.0,70.0,45.0
90,129.0,87.0,42.0
91,131.0,81.0,51.0
92,112.0,93.0,65.0
93,123.0,121.0,54.0
94,118.0,147.0,92.0
95,168.0,157.0,66.0
96,215.0,159.0,72.0
97,185.0,76.0,68.0
98,157.0,71.0,38.0
99,230.0,89.0,48.0
100,228.0,69.0,24.0
101,214.0,61.0,28.0
102,187.0,57.0,33.0
103,169.0,76.0,22.0
104,151.0,90.0,32.0
105,181.0,131.0,34.0
106,228.0,199.0,50.0
107,229.0,204.0,57.0
108,226.0,125.0,75.0
109,208.0,133.0,49.0
110,148.0,78.0,60.0
111,77.0,84.0,55.0
112,97.0,95.0,62.0
113,101.0,81.0,52.0
114,77.0,100.0,68.0
115,82.0,103.0,84.0
116,82.0,93.0,107.0
117,104.0,97.0,97.0
118,146.0,84.0,104.0
119,160.0,103.0,103.0
120,109.0,120.0,127.0
121,108.0,99.0,127.0
122,101.0,78.0,132.0
123,121.0,52.0,78.0
124,123.0,48.0,82.0
125,128.0,46.0,58.0
126,165.0,36.0,94.0
127,132.0,42.0,94.0
128,170.0,53.0,125.0
129,179.0,65.0,121.0
130,174.0,67.0,164.0
131,179.0,85.0,170.0
132,171.0,94.0,107.0
133,126.0,92.0,72.0
134,111.0,68.0,61.0
135,115.0,81.0,74.0
136,133.0,112.0,77.0
137,90.0,107.0,69.0
138,72.0,77.0,81.0
139,89.0,97.0,74.0
140,89.0,88.0,85.0
141,105.0,113.0,107.0
142,116.0,139.0,129.0
143,103.0,164.0,139.0
144,92.0,167.0,131.0
145,109.0,104.0,150.0
146,83.0,78.0,176.0
147,66.0,60.0,127.0
148,47.0,47.0,78.0
149,54.0,34.0,75.0
150,41.0,42.0,72.0
151,42.0,56.0,63.0
152,39.0,75.0,60.0
153,53.0,85.0,59.0
154,62.0,101.0,70.0
155,55.0,109.0,65.0
156,66.0,107.0,68.0
157,69.0,83.0,52.0
158,82.0,72.0,54.0
159,87.0,59.0,48.0
160,101.0,61.0,66.0
161,84.0,67.0,61.0
162,90.0,92.0,85.0
163,102.0,78.0,51.0
164,82.0,67.0,64.0
165,97.0,71.0,89.0
166,87.0,82.0,73.0
167,79.0,49.0,53.0
168,81.0,59.0,49.0
169,73.0,55.0,41.0
170,72.0,54.0,41.0
171,72.0,49.0,42.0
172,56.0,51.0,41.0
173,66.0,48.0,39.0
174,64.0,40.0,36.0
175,73.0,54.0,36.0
176,82.0,46.0,43.0
177,94.0,67.0,56.0
178,111.0,55.0,141.0
179,121.0,53.0,161.0
180,130.0,38.0,127.0
181,150.0,48.0,145.0
182,145.0,40.0,130.0
183,160.0,43.0,89.0
184,163.0,47.0,94.0
185,130.0,46.0,99.0
186,122.0,57.0,82.0
187,110.0,56.0,101.0
188,123.0,70.0,155.0
189,97.0,83.0,335.0
190,83.0,92.0,280.0
191,84.0,68.0,182.0
192,88.0,86.0,104.0
193,100.0,88.0,72.0
194,102.0,90.0,70.0
195,104.0,73.0,88.0
196,126.0,46.0,154.0
197,136.0,46.0,149.0
198,145.0,41.0,141.0
199,135.0,43.0,115.0
200,123.0,52.0,120.0
201,154.0,67.0,111.0
202,178.0,81.0,138.0
203,154.0,84.0,188.0
204,96.0,81.0,200.0
205,105.0,86.0,170.0
206,77.0,72.0,156.0
207,57.0,49.0,143.0
208,65.0,58.0,150.0
209,55.0,74.0,152.0
210,59.0,78.0,164.0
211,56.0,71.0,168.0
212,52.0,70.0,177.0
213,47.0,78.0,192.0
214,43.0,86.0,199.0
215,58.0,84.0,186.0
216,59.0,88.0,197.0
217,46.0,100.0,202.0
218,93.0,114.0,186.0
219,55.0,90.0,163.0
220,38.0,76.0,122.0
221,45.0,77.0,128.0
222,48.0,115.0,118.0
223,49.0,103.0,115.0
224,39.0,137.0,149.0
225,34.0,164.0,221.0
226,33.0,200.0,264.0
227,45.0,254.0,264.0
228,51.0,226.0,217.0
229,66.0,163.0,153.0
230,59.0,150.0,192.0
231,47.0,133.0,137.0
232,46.0,90.0,138.0
233,42.0,115.0,172.0
234,43.0,107.0,216.0
235,43.0,101.0,221.0
236,45.0,110.0,189.0
237,53.0,125.0,218.0
238,49.0,180.0,273.0
239,32.0,159.0,282.0
240,31.0,173.0,243.0
241,34.0,109.0,285.0
242,32.0,69.0,218.0
243,37.0,58.0,300.0
244,33.0,118.0,274.0
245,33.0,125.0,220.0
246,32.0,132.0,203.0
247,43.0,142.0,184.0
248,35.0,152.0,167.0
249,34.0,178.0,208.0
250,46.0,208.0,265.0
251,53.0,238.0,213.0
252,64.0,177.0,180.0
253,67.0,190.0,157.0
254,77.0,166.0,168.0
255,83.0,158.0,145.0
256,71.0,138.0,70.0
257,59.0,145.0,50.0
258,43.0,119.0,87.0
259,60.0,116.0,118.0
260,59.0,119.0,173.0
261,58.0,117.0,145.0
262,64.0,140.0,163.0
263,60.0,150.0,217.0
264,,173.0,194.0
265,,247.0,249.0
266,,189.0,178.0
267,,113.0,207.0
268,,,210.0
269,,178.0,202.0
270,,129.0,343.0
271,,137.0,214.0
272,,446.0,558.0
273,,242.0,659.0
274,,,638.0
275,117.0,137.0,667.0
276,116.0,193.0,577.0
277,88.0,82.0,504.0
278,76.0,72.0,274.0
279,91.0,50.0,169.0
280,108.0,60.0,193.0
281,77.0,54.0,163.0
282,96.0,55.0,163.0
283,119.0,50.0,249.0
284,108.0,70.0,234.0
285,135.0,71.0,180.0
286,66.0,62.0,146.0
287,60.0,52.0,129.0
288,71.0,37.0,131.0
289,68.0,41.0,152.0
290,182.0,43.0,145.0
291,95.0,34.0,110.0
292,125.0,42.0,98.0
293,122.0,41.0,108.0
294,131.0,25.0,98.0
295,137.0,32.0,89.0
296,134.0,59.0,96.0
297,166.0,58.0,112.0
298,174.0,72.0,143.0
299,202.0,101.0,169.0
300,180.0,54.0,146.0
301,125.0,39.0,139.0
302,85.0,44.0,160.0
303,75.0,36.0,162.0
304,64.0,37.0,145.0
305,74.0,54.0,154.0
306,85.0,65.0,146.0
307,80.0,74.0,143.0
308,101.0,108.0,143.0
309,104.0,67.0,113.0
310,83.0,52.0,122.0
311,118.0,88.0,161.0
312,111.0,79.0,170.0
313,92.0,113.0,183.0
314,134.0,140.0,135.0
315,96.0,123.0,124.0
316,94.0,92.0,116.0
317,122.0,68.0,94.0
318,164.0,46.0,111.0
319,159.0,55.0,119.0
320,169.0,48.0,133.0
321,173.0,72.0,150.0
322,217.0,81.0,122.0
323,202.0,83.0,148.0
324,188.0,75.0,133.0
325,154.0,82.0,108.0
326,111.0,99.0,106.0
327,103.0,84.0,111.0
328,125.0,87.0,141.0
329,112.0,74.0,126.0
330,111.0,96.0,121.0
331,108.0,102.0,102.0
332,103.0,82.0,107.0
333,124.0,73.0,76.0
334,155.0,69.0,96.0
335,152.0,109.0,118.0
336,300.0,130.0,150.0
337,186.0,90.0,105.0
338,198.0,51.0,61.0
339,221.0,42.0,54.0
340,143.0,42.0,61.0
341,97.0,46.0,45.0
342,74.0,32.0,45.0
343,86.0,39.0,50.0
344,,56.0,49.0
345,374.0,54.0,39.0
346,476.0,76.0,52.0
347,495.0,69.0,45.0
348,546.0,73.0,37.0
349,434.0,69.0,44.0
350,323.0,89.0,42.0
351,152.0,118.0,45.0
352,123.0,124.0,51.0
353,130.0,107.0,65.0
354,122.0,90.0,75.0
355,113.0,82.0,82.0
356,125.0,61.0,90.0
357,205.0,66.0,84.0
358,236.0,73.0,76.0
359,184.0,99.0,64.0
360,174.0,99.0,52.0
361,160.0,76.0,45.0
362,134.0,91.0,36.0
363,121.0,60.0,29.0
364,106.0,68.0,28.0
365,69.0,71.0,22.0
366,71.0,94.0,18.0
367,80.0,81.0,21.0
368,81.0,110.0,32.0
369,76.0,178.0,34.0
370,86.0,153.0,37.0
371,114.0,150.0,36.0
372,86.0,175.0,32.0
373,100.0,180.0,
374,101.0,153.0,44.0
375,110.0,106.0,44.0
376,127.0,90.0,45.0
377,111.0,66.0,39.0
378,123.0,56.0,49.0
379,111.0,,51.0
380,94.0,146.0,56.0
381,112.0,104.0,68.0
382,133.0,129.0,103.0
383,129.0,126.0,100.0
384,99.0,129.0,93.0
385,99.0,156.0,52.0
386,104.0,182.0,48.0
387,105.0,114.0,47.0
388,98.0,93.0,40.0
389,151.0,141.0,39.0
390,121.0,124.0,36.0
391,119.0,91.0,35.0
392,129.0,104.0,52.0
393,148.0,158.0,67.0
394,172.0,225.0,88.0
395,166.0,181.0,71.0
396,126.0,166.0,58.0
397,137.0,109.0,54.0
398,120.0,109.0,56.0
399,83.0,116.0,61.0
400,73.0,127.0,62.0
401,93.0,104.0,76.0
402,98.0,97.0,75.0
403,87.0,96.0,73.0
404,107.0,116.0,79.0
405,105.0,93.0,85.0
406,85.0,103.0,85.0
407,110.0,125.0,82.0
408,110.0,129.0,71.0
409,92.0,142.0,79.0
410,76.0,129.0,104.0
411,71.0,107.0,81.0
412,67.0,89.0,83.0
413,67.0,82.0,162.0
414,66.0,129.0,149.0
415,62.0,143.0,124.0
416,101.0,165.0,127.0
417,111.0,152.0,160.0
418,132.0,160.0,204.0
419,159.0,168.0,215.0
420,128.0,198.0,250.0
421,116.0,224.0,221.0
422,101.0,109.0,255.0
423,138.0,84.0,229.0
424,109.0,64.0,299.0
425,114.0,66.0,264.0
426,130.0,52.0,223.0
427,140.0,59.0,209.0
428,141.0,65.0,170.0
429,184.0,96.0,143.0
430,249.0,143.0,161.0
431,123.0,186.0,195.0
432,155.0,165.0,161.0
433,144.0,130.0,203.0
434,122.0,140.0,252.0
435,206.0,133.0,296.0
436,234.0,112.0,288.0
437,249.0,88.0,356.0
438,160.0,46.0,188.0
439,157.0,48.0,118.0
440,170.0,45.0,143.0
441,166.0,73.0,303.0
442,131.0,58.0,306.0
443,167.0,57.0,366.0
444,170.0,61.0,158.0
445,144.0,69.0,87.0
446,152.0,,89.0
447,93.0,84.0,72.0
448,76.0,77.0,79.0
449,75.0,105.0,84.0
450,50.0,103.0,81.0
451,49.0,107.0,70.0
452,71.0,93.0,80.0
453,93.0,105.0,98.0
454,108.0,121.0,87.0
455,113.0,92.0,89.0
456,111.0,96.0,79.0
457,82.0,82.0,73.0
458,68.0,66.0,55.0
459,59.0,72.0,56.0
460,41.0,69.0,50.0
461,43.0,67.0,56.0
462,40.0,48.0,48.0
463,264.0,55.0,49.0
464,285.0,57.0,52.0
465,192.0,65.0,56.0
466,89.0,85.0,69.0
467,93.0,100.0,77.0
468,108.0,97.0,88.0
469,105.0,86.0,83.0
470,94.0,81.0,88.0
471,80.0,91.0,82.0
472,68.0,93.0,84.0
473,69.0,131.0,83.0
474,73.0,101.0,80.0
475,72.0,97.0,76.0
476,74.0,,63.0
477,79.0,105.0,64.0
478,64.0,87.0,62.0
479,62.0,69.0,42.0
480,54.0,70.0,36.0
481,50.0,63.0,40.0
482,44.0,72.0,41.0
483,40.0,71.0,36.0
484,36.0,56.0,37.0
485,35.0,41.0,35.0
486,22.0,36.0,30.0
487,20.0,51.0,25.0
488,19.0,66.0,22.0
489,26.0,62.0,28.0
490,30.0,74.0,32.0
491,31.0,79.0,32.0
492,34.0,104.0,30.0
493,39.0,139.0,29.0
494,41.0,112.0,29.0
495,33.0,104.0,32.0
496,45.0,125.0,25.0
497,50.0,109.0,28.0
498,46.0,95.0,32.0
499,62.0,102.0,22.0
500,62.0,78.0,25.0
501,62.0,68.0,33.0
502,58.0,78.0,32.0
503,64.0,66.0,45.0
504,64.0,62.0,43.0
505,67.0,61.0,52.0
506,58.0,57.0,48.0
507,42.0,64.0,45.0
508,47.0,53.0,62.0
509,72.0,46.0,55.0
510,43.0,48.0,59.0
511,28.0,62.0,59.0
512,37.0,55.0,50.0
513,48.0,40.0,64.0
514,55.0,38.0,55.0
515,50.0,38.0,55.0
516,49.0,43.0,54.0
517,49.0,40.0,70.0
518,50.0,38.0,65.0
519,46.0,32.0,79.0
520,50.0,53.0,120.0
521,38.0,62.0,119.0
522,28.0,55.0,118.0
523,25.0,73.0,131.0
524,27.0,66.0,109.0
525,34.0,54.0,143.0
526,32.0,50.0,171.0
527,28.0,52.0,172.0
528,32.0,77.0,149.0
529,23.0,78.0,150.0
530,20.0,62.0,184.0
531,23.0,53.0,168.0
532,27.0,52.0,161.0
533,23.0,38.0,152.0
534,19.0,42.0,171.0
535,19.0,50.0,157.0
536,17.0,51.0,164.0
537,23.0,73.0,141.0
538,22.0,66.0,179.0
539,21.0,58.0,215.0
540,21.0,43.0,113.0
541,19.0,42.0,91.0
542,19.0,37.0,98.0
543,18.0,33.0,104.0
544,23.0,35.0,98.0
545,34.0,36.0,97.0
546,32.0,43.0,91.0
547,,42.0,91.0
548,,50.0,109.0
549,,51.0,77.0
550,,57.0,67.0
551,,54.0,44.0
552,,53.0,43.0
553,,52.0,53.0
554,,41.0,70.0
555,,44.0,62.0
556,,53.0,67.0
557,,54.0,91.0
558,,59.0,90.0
559,,55.0,67.0
560,,51.0,57.0
561,,51.0,71.0
562,,68.0,82.0
563,,89.0,65.0
564,,67.0,57.0
565,,70.0,58.0
566,,69.0,49.0
567,,59.0,54.0
568,,59.0,49.0
569,,58.0,46.0
570,136.0,55.0,57.0
571,85.0,72.0,57.0
572,100.0,67.0,49.0
573,147.0,59.0,50.0
574,165.0,56.0,40.0
575,219.0,43.0,39.0
576,248.0,43.0,36.0
577,177.0,44.0,39.0
578,119.0,45.0,40.0
579,93.0,54.0,29.0
580,113.0,30.0,24.0
581,103.0,26.0,23.0
582,68.0,26.0,25.0
583,72.0,32.0,36.0
584,76.0,37.0,76.0
585,74.0,61.0,182.0
586,94.0,86.0,188.0
587,124.0,84.0,107.0
588,156.0,63.0,88.0
589,91.0,54.0,68.0
590,59.0,57.0,69.0
591,74.0,51.0,73.0
592,66.0,85.0,65.0
593,52.0,79.0,65.0
594,66.0,96.0,73.0
595,83.0,89.0,74.0
596,101.0,101.0,74.0
597,91.0,90.0,75.0
598,106.0,67.0,75.0
599,72.0,82.0,77.0
600,54.0,64.0,76.0
601,57.0,66.0,75.0
602,56.0,69.0,75.0
603,72.0,46.0,82.0
604,49.0,52.0,66.0
605,32.0,40.0,44.0
606,31.0,47.0,54.0
607,36.0,62.0,56.0
608,39.0,55.0,57.0
609,41.0,93.0,81.0
610,43.0,80.0,93.0
611,43.0,49.0,110.0
612,51.0,55.0,109.0
613,44.0,64.0,85.0
614,49.0,65.0,64.0
615,47.0,81.0,68.0
616,41.0,74.0,91.0
617,42.0,64.0,106.0
618,48.0,68.0,106.0
619,61.0,61.0,91.0
620,46.0,65.0,109.0
621,52.0,71.0,97.0
622,54.0,64.0,118.0
623,53.0,64.0,106.0
624,57.0,50.0,90.0
625,55.0,50.0,53.0
626,41.0,44.0,41.0
627,41.0,49.0,39.0
628,36.0,51.0,35.0
629,36.0,43.0,33.0
630,29.0,40.0,33.0
631,29.0,42.0,37.0
632,32.0,46.0,39.0
633,34.0,56.0,42.0
634,30.0,57.0,48.0
635,37.0,59.0,70.0
636,31.0,61.0,86.0
637,36.0,60.0,70.0
638,39.0,62.0,52.0
639,46.0,76.0,42.0
640,26.0,70.0,39.0
641,41.0,92.0,38.0
642,63.0,80.0,41.0
643,55.0,74.0,48.0
644,55.0,82.0,56.0
645,57.0,78.0,57.0
646,42.0,94.0,50.0
647,51.0,97.0,54.0
648,45.0,74.0,38.0
649,46.0,78.0,52.0
650,43.0,101.0,58.0
651,42.0,75.0,56.0
652,31.0,148.0,51.0
653,24.0,117.0,44.0
654,19.0,99.0,35.0
655,18.0,112.0,38.0
656,19.0,113.0,43.0
657,24.0,119.0,41.0
658,21.0,137.0,65.0
659,25.0,161.0,88.0
660,25.0,126.0,57.0
661,26.0,83.0,35.0
662,28.0,92.0,41.0
663,23.0,97.0,37.0
664,33.0,106.0,60.0
665,40.0,123.0,44.0
666,40.0,174.0,47.0
667,39.0,170.0,40.0
668,48.0,166.0,38.0
669,60.0,176.0,50.0
670,52.0,187.0,61.0
671,50.0,202.0,59.0
672,47.0,271.0,64.0
673,42.0,262.0,76.0
674,46.0,305.0,85.0
675,43.0,330.0,39.0
676,50.0,278.0,39.0
677,46.0,215.0,39.0
678,39.0,195.0,36.0
679,41.0,196.0,38.0
680,36.0,180.0,46.0
681,35.0,178.0,54.0
682,49.0,141.0,90.0
683,50.0,147.0,
684,80.0,124.0,
685,70.0,101.0,
686,78.0,101.0,
687,60.0,96.0,
688,66.0,85.0,89.0
689,72.0,71.0,55.0
690,78.0,77.0,61.0
691,69.0,79.0,63.0
692,62.0,64.0,74.0
693,84.0,73.0,82.0
694,64.0,54.0,85.0
695,81.0,62.0,81.0
696,88.0,97.0,120.0
697,97.0,148.0,114.0
698,102.0,84.0,95.0
699,60.0,63.0,64.0
700,56.0,42.0,54.0
701,51.0,62.0,36.0
702,59.0,67.0,33.0
703,65.0,80.0,42.0
704,62.0,75.0,44.0
705,75.0,108.0,59.0
706,94.0,192.0,85.0
707,79.0,202.0,115.0
708,55.0,128.0,72.0
709,40.0,77.0,48.0
710,35.0,67.0,50.0
711,44.0,67.0,61.0
712,66.0,77.0,67.0
713,89.0,91.0,55.0
714,72.0,109.0,51.0
715,63.0,84.0,57.0
716,57.0,76.0,74.0
717,68.0,69.0,88.0
718,62.0,62.0,89.0
719,64.0,38.0,102.0
720,72.0,32.0,124.0
721,49.0,48.0,114.0
722,47.0,53.0,107.0
723,52.0,37.0,82.0
724,37.0,21.0,48.0
725,31.0,20.0,56.0
726,34.0,21.0,54.0
727,27.0,25.0,83.0
728,42.0,26.0,96.0
729,50.0,28.0,104.0
730,84.0,22.0,130.0
731,73.0,28.0,145.0
732,72.0,27.0,78.0
733,58.0,26.0,55.0
734,52.0,29.0,73.0
735,63.0,26.0,79.0
736,56.0,32.0,87.0
737,48.0,28.0,79.0
738,42.0,42.0,89.0
739,53.0,42.0,83.0
740,98.0,33.0,78.0
741,115.0,32.0,73.0
742,121.0,24.0,78.0
743,159.0,24.0,58.0
744,137.0,22.0,66.0
745,,,
746,190.0,20.0,55.0
747,189.0,23.0,41.0
748,93.0,21.0,42.0
749,66.0,22.0,42.0
750,64.0,20.0,37.0
751,57.0,23.0,42.0
752,61.0,22.0,50.0
753,81.0,22.0,60.0
754,126.0,24.0,56.0
755,219.0,32.0,63.0
756,123.0,30.0,88.0
757,84.0,33.0,84.0
758,99.0,32.0,81.0
759,92.0,35.0,70.0
760,84.0,49.0,84.0
761,79.0,47.0,80.0
762,81.0,69.0,86.0
763,72.0,85.0,79.0
764,96.0,54.0,85.0
765,130.0,38.0,104.0
766,138.0,40.0,105.0
767,143.0,42.0,89.0
768,108.0,29.0,97.0
769,87.0,32.0,86.0
770,69.0,25.0,67.0
771,58.0,26.0,58.0
772,45.0,31.0,44.0
773,45.0,29.0,46.0
774,43.0,31.0,53.0
775,46.0,26.0,60.0
776,50.0,40.0,68.0
777,62.0,34.0,128.0
778,69.0,42.0,143.0
779,65.0,43.0,151.0
780,82.0,46.0,169.0
781,76.0,40.0,135.0
782,63.0,47.0,170.0
783,77.0,48.0,195.0
784,82.0,62.0,151.0
785,72.0,59.0,135.0
786,78.0,43.0,106.0
787,89.0,64.0,155.0
788,79.0,64.0,125.0
789,120.0,81.0,111.0
790,135.0,120.0,89.0
791,143.0,128.0,96.0
792,156.0,106.0,102.0
793,92.0,118.0,97.0
794,74.0,85.0,84.0
795,81.0,98.0,111.0
796,61.0,67.0,105.0
797,44.0,37.0,108.0
798,52.0,24.0,65.0
799,42.0,20.0,79.0
800,42.0,33.0,81.0
801,56.0,54.0,68.0
802,62.0,77.0,80.0
803,61.0,67.0,80.0
804,54.0,63.0,58.0
805,46.0,53.0,165.0
806,46.0,43.0,702.0
807,48.0,42.0,240.0
808,39.0,32.0,206.0
809,48.0,36.0,179.0
810,44.0,37.0,118.0
811,55.0,39.0,83.0
812,45.0,70.0,83.0
813,40.0,80.0,66.0
814,42.0,64.0,45.0
815,31.0,75.0,80.0
816,26.0,80.0,80.0
817,20.0,77.0,83.0
818,27.0,58.0,73.0
819,26.0,62.0,79.0
820,25.0,55.0,75.0
821,26.0,44.0,55.0
822,22.0,41.0,54.0
823,29.0,55.0,62.0
824,37.0,67.0,61.0
825,36.0,91.0,61.0
826,36.0,106.0,64.0
827,,106.0,57.0
828,,84.0,43.0
829,,64.0,51.0
830,,84.0,78.0
831,,73.0,98.0
832,52.0,65.0,55.0
833,47.0,85.0,54.0
834,43.0,76.0,50.0
835,46.0,71.0,42.0
836,53.0,66.0,44.0
837,50.0,77.0,47.0
838,51.0,78.0,44.0
839,54.0,112.0,44.0
840,40.0,177.0,40.0
841,28.0,88.0,40.0
842,27.0,59.0,46.0
843,33.0,45.0,44.0
844,28.0,65.0,66.0
845,35.0,59.0,51.0
846,34.0,78.0,65.0
847,35.0,112.0,77.0
848,35.0,104.0,56.0
849,47.0,88.0,62.0
850,65.0,75.0,70.0
851,56.0,74.0,68.0
852,48.0,86.0,58.0
853,48.0,100.0,56.0
854,50.0,93.0,44.0
855,61.0,90.0,50.0
856,60.0,73.0,50.0
857,58.0,80.0,41.0
858,62.0,59.0,35.0
859,61.0,50.0,37.0
860,64.0,58.0,62.0
861,63.0,51.0,46.0
862,60.0,56.0,20.0
863,49.0,74.0,17.0
864,68.0,92.0,14.0
865,54.0,80.0,15.0
866,46.0,57.0,16.0
867,47.0,48.0,16.0
868,42.0,41.0,16.0
869,49.0,31.0,21.0
870,35.0,32.0,21.0
871,32.0,35.0,20.0
872,36.0,53.0,21.0
873,56.0,41.0,26.0
874,75.0,23.0,31.0
875,69.0,35.0,22.0
876,48.0,44.0,25.0
877,48.0,58.0,22.0
878,46.0,69.0,18.0
879,43.0,76.0,16.0
880,71.0,75.0,24.0
881,69.0,64.0,26.0
882,57.0,66.0,24.0
883,52.0,53.0,22.0
884,66.0,63.0,23.0
885,61.0,66.0,26.0
886,58.0,68.0,22.0
887,51.0,71.0,24.0
888,46.0,81.0,29.0
889,46.0,57.0,26.0
890,41.0,50.0,26.0
891,47.0,47.0,22.0
892,39.0,43.0,21.0
893,37.0,43.0,20.0
894,36.0,49.0,20.0
895,54.0,56.0,24.0
896,51.0,53.0,23.0
897,50.0,76.0,25.0
898,42.0,130.0,25.0
899,36.0,103.0,27.0
900,38.0,94.0,27.0
901,43.0,107.0,26.0
902,,112.0,22.0
903,,121.0,24.0
904,,110.0,29.0
905,,97.0,26.0
906,,120.0,32.0
907,,85.0,29.0
908,,72.0,38.0
909,,71.0,42.0
910,,60.0,59.0
911,,61.0,61.0
912,,51.0,56.0
913,,43.0,59.0
914,,48.0,39.0
915,,41.0,29.0
916,,42.0,27.0
917,,49.0,28.0
918,,44.0,36.0
919,,54.0,49.0
920,,54.0,35.0
921,,51.0,35.0
922,,51.0,27.0
923,,59.0,29.0
924,,59.0,32.0
925,,66.0,27.0
926,100.0,55.0,
927,39.0,68.0,108.0
928,38.0,68.0,50.0
929,50.0,59.0,51.0
930,53.0,64.0,62.0
931,57.0,58.0,94.0
932,64.0,68.0,102.0
933,84.0,82.0,101.0
934,91.0,93.0,91.0
935,85.0,85.0,80.0
936,120.0,99.0,82.0
937,98.0,96.0,97.0
938,60.0,68.0,94.0
939,57.0,68.0,97.0
940,44.0,83.0,95.0
941,36.0,66.0,70.0
942,31.0,51.0,76.0
943,47.0,64.0,110.0
944,70.0,68.0,115.0
945,82.0,87.0,141.0
946,101.0,120.0,200.0
947,97.0,125.0,282.0
948,86.0,117.0,136.0
949,,98.0,95.0
950,128.0,89.0,97.0
951,57.0,84.0,80.0
952,63.0,80.0,101.0
953,58.0,72.0,92.0
954,54.0,69.0,82.0
955,,74.0,88.0
956,,68.0,99.0
957,,77.0,93.0
958,,88.0,86.0
959,,73.0,94.0
960,,81.0,102.0
961,55.0,60.0,97.0
962,53.0,72.0,86.0
963,41.0,77.0,85.0
964,36.0,62.0,71.0
965,34.0,47.0,79.0
966,34.0,42.0,74.0
967,45.0,92.0,74.0
968,75.0,353.0,84.0
969,101.0,173.0,109.0
970,117.0,182.0,117.0
971,163.0,222.0,133.0
972,138.0,135.0,173.0
973,83.0,93.0,139.0
974,84.0,103.0,107.0
975,74.0,66.0,85.0
976,61.0,56.0,93.0
977,62.0,55.0,99.0
978,63.0,57.0,94.0
979,62.0,58.0,95.0
980,76.0,61.0,86.0
981,73.0,66.0,93.0
982,75.0,66.0,86.0
983,51.0,55.0,94.0
984,50.0,44.0,93.0
985,49.0,50.0,85.0
986,42.0,35.0,95.0
987,34.0,32.0,101.0
988,31.0,33.0,98.0
989,29.0,34.0,101.0
990,38.0,42.0,109.0
991,47.0,36.0,89.0
992,70.0,43.0,80.0
993,78.0,48.0,72.0
994,72.0,50.0,80.0
995,69.0,73.0,91.0
996,89.0,53.0,166.0
997,126.0,45.0,125.0
998,119.0,39.0,68.0
999,104.0,43.0,48.0
1000,93.0,52.0,34.0
1001,83.0,50.0,34.0
1002,77.0,43.0,38.0
1003,84.0,76.0,56.0
1004,79.0,,65.0
1005,70.0,64.0,51.0
1006,81.0,50.0,52.0
1007,56.0,58.0,57.0
1008,53.0,89.0,67.0
1009,47.0,80.0,49.0
1010,52.0,59.0,30.0
1011,43.0,62.0,45.0
1012,43.0,86.0,52.0
1013,43.0,76.0,41.0
1014,42.0,46.0,53.0
1015,52.0,46.0,66.0
1016,57.0,46.0,49.0
1017,88.0,41.0,42.0
1018,109.0,40.0,50.0
1019,114.0,50.0,43.0
1020,107.0,45.0,66.0
1021,175.0,49.0,50.0
1022,167.0,60.0,48.0
1023,193.0,75.0,44.0
1024,177.0,78.0,37.0
1025,133.0,76.0,39.0
1026,152.0,60.0,45.0
1027,128.0,57.0,56.0
1028,,50.0,89.0
1029,98.0,53.0,83.0
1030,82.0,42.0,73.0
1031,84.0,53.0,72.0
1032,77.0,64.0,87.0
1033,68.0,49.0,81.0
1034,63.0,55.0,74.0
1035,51.0,47.0,51.0
1036,53.0,39.0,59.0
1037,46.0,33.0,52.0
1038,42.0,39.0,53.0
1039,44.0,61.0,57.0
1040,36.0,73.0,56.0
1041,49.0,112.0,64.0
1042,46.0,170.0,99.0
1043,46.0,167.0,110.0
1044,49.0,64.0,93.0
1045,61.0,53.0,70.0
1046,64.0,70.0,97.0
1047,44.0,71.0,98.0
1048,50.0,85.0,78.0
1049,64.0,92.0,75.0
1050,57.0,81.0,70.0
1051,51.0,87.0,
1052,50.0,108.0,69.0
1053,46.0,77.0,79.0
1054,45.0,82.0,72.0
1055,57.0,75.0,81.0
1056,57.0,54.0,69.0
1057,45.0,64.0,54.0
1058,42.0,66.0,56.0
1059,50.0,55.0,44.0
1060,52.0,47.0,40.0
1061,34.0,52.0,41.0
1062,25.0,51.0,33.0
1063,38.0,53.0,41.0
1064,44.0,57.0,47.0
1065,70.0,101.0,58.0
1066,122.0,,58.0
1067,89.0,,105.0
1068,94.0,,80.0
1069,74.0,,81.0
1070,65.0,,94.0
1071,60.0,,73.0
1072,82.0,,81.0
1073,75.0,7.0,83.0
1074,64.0,,85.0
1075,56.0,,93.0
1076,62.0,,99.0
1077,64.0,,91.0
1078,80.0,,114.0
1079,82.0,,118.0
1080,83.0,,125.0
1081,66.0,,123.0
1082,46.0,,125.0
1083,42.0,,123.0
1084,37.0,,116.0
1085,62.0,,179.0
1086,35.0,,199.0
1087,39.0,,107.0
1088,49.0,,93.0
1089,84.0,,110.0
1090,123.0,,190.0
1091,83.0,,161.0
1092,73.0,,151.0
1093,68.0,143.0,103.0
1094,78.0,90.0,64.0
1095,70.0,85.0,65.0
1096,94.0,90.0,68.0
1097,89.0,92.0,79.0
1098,68.0,129.0,89.0
1099,69.0,136.0,86.0
1100,79.0,,81.0
1101,75.0,171.0,65.0
1102,79.0,221.0,61.0
1103,74.0,,57.0
1104,85.0,249.0,66.0
1105,70.0,186.0,57.0
1106,44.0,139.0,42.0
1107,45.0,,36.0
1108,39.0,219.0,34.0
1109,49.0,210.0,28.0
1110,43.0,166.0,28.0
1111,39.0,370.0,32.0
1112,63.0,429.0,38.0
1113,65.0,324.0,39.0
1114,94.0,165.0,34.0
1115,114.0,107.0,46.0
1116,79.0,265.0,54.0
1117,83.0,155.0,59.0
1118,114.0,89.0,82.0
1119,133.0,70.0,80.0
1120,127.0,62.0,59.0
1121,97.0,53.0,43.0
1122,125.0,65.0,47.0
1123,95.0,56.0,44.0
1124,85.0,69.0,32.0
1125,98.0,74.0,40.0
1126,104.0,64.0,41.0
1127,110.0,66.0,61.0
1128,123.0,58.0,41.0
1129,110.0,57.0,47.0
1130,104.0,64.0,29.0
1131,95.0,63.0,33.0
1132,77.0,33.0,24.0
1133,76.0,32.0,27.0
1134,80.0,42.0,22.0
1135,92.0,44.0,29.0
1136,84.0,35.0,30.0
1137,60.0,37.0,29.0
1138,119.0,39.0,32.0
1139,467.0,46.0,30.0
1140,373.0,40.0,32.0
1141,266.0,34.0,38.0
1142,265.0,39.0,27.0
1143,200.0,34.0,26.0
1144,165.0,32.0,32.0
1145,146.0,30.0,29.0
1146,190.0,42.0,32.0
1147,176.0,40.0,33.0
1148,159.0,76.0,32.0
1149,141.0,72.0,49.0
1150,118.0,59.0,42.0
1151,114.0,48.0,40.0
1152,131.0,55.0,36.0
1153,94.0,74.0,42.0
1154,127.0,61.0,39.0
1155,133.0,67.0,34.0
1156,77.0,52.0,32.0
1157,59.0,38.0,31.0
1158,45.0,48.0,33.0
1159,40.0,43.0,34.0
1160,44.0,46.0,47.0
1161,42.0,53.0,35.0
1162,55.0,72.0,29.0
1163,63.0,56.0,33.0
1164,56.0,58.0,53.0
1165,52.0,56.0,55.0
1166,50.0,59.0,49.0
1167,51.0,56.0,57.0
1168,40.0,76.0,59.0
1169,46.0,85.0,63.0
1170,56.0,73.0,73.0
1171,69.0,67.0,79.0
1172,69.0,69.0,62.0
1173,73.0,65.0,61.0
1174,70.0,57.0,59.0
1175,54.0,67.0,67.0
1176,72.0,93.0,83.0
1177,66.0,126.0,100.0
1178,66.0,83.0,114.0
1179,51.0,147.0,86.0
1180,50.0,104.0,84.0
1181,43.0,119.0,58.0
1182,37.0,105.0,78.0
1183,60.0,93.0,72.0
1184,126.0,104.0,99.0
1185,100.0,90.0,124.0
1186,90.0,101.0,203.0
1187,101.0,98.0,188.0
1188,112.0,68.0,128.0
1189,77.0,44.0,172.0
1190,73.0,48.0,175.0
1191,61.0,79.0,183.0
1192,58.0,66.0,188.0
1193,61.0,58.0,169.0
1194,57.0,79.0,142.0
1195,62.0,83.0,133.0
1196,62.0,64.0,137.0
1197,57.0,63.0,142.0
1198,67.0,95.0,129.0
1199,67.0,100.0,136.0
1200,83.0,122.0,144.0
1201,81.0,85.0,117.0
1202,73.0,51.0,109.0
1203,73.0,43.0,106.0
1204,55.0,53.0,139.0
1205,40.0,33.0,160.0
1206,35.0,33.0,210.0
1207,41.0,33.0,172.0
1208,50.0,41.0,157.0
1209,51.0,55.0,142.0
1210,67.0,92.0,162.0
1211,56.0,102.0,204.0
1212,61.0,86.0,193.0
1213,66.0,67.0,124.0
1214,62.0,62.0,128.0
1215,70.0,59.0,129.0
1216,67.0,64.0,179.0
1217,98.0,50.0,137.0
1218,72.0,65.0,121.0
1219,62.0,62.0,88.0
1220,50.0,68.0,105.0
1221,53.0,75.0,91.0
1222,68.0,83.0,123.0
1223,99.0,102.0,149.0
1224,90.0,153.0,122.0
1225,56.0,174.0,95.0
1226,38.0,148.0,93.0
1227,46.0,86.0,68.0
1228,61.0,69.0,65.0
1229,56.0,75.0,74.0
1230,44.0,59.0,68.0
1231,41.0,54.0,88.0
1232,39.0,85.0,109.0
1233,52.0,136.0,172.0
1234,69.0,168.0,207.0
1235,58.0,85.0,180.0
1236,109.0,57.0,191.0
1237,157.0,71.0,119.0
1238,123.0,85.0,125.0
1239,98.0,90.0,
1240,93.0,83.0,188.0
1241,96.0,103.0,130.0
1242,71.0,144.0,115.0
1243,75.0,117.0,112.0
1244,80.0,94.0,115.0
1245,88.0,96.0,124.0
1246,98.0,113.0,135.0
1247,97.0,113.0,139.0
1248,99.0,118.0,123.0
1249,106.0,84.0,107.0
1250,88.0,72.0,81.0
1251,82.0,84.0,83.0
1252,71.0,69.0,57.0
1253,55.0,80.0,54.0
1254,57.0,78.0,77.0
1255,80.0,61.0,92.0
1256,92.0,65.0,86.0
1257,117.0,101.0,109.0
1258,141.0,185.0,222.0
1259,209.0,232.0,144.0
1260,138.0,240.0,130.0
1261,100.0,214.0,153.0
1262,121.0,171.0,98.0
1263,132.0,155.0,101.0
1264,116.0,96.0,83.0
1265,93.0,80.0,63.0
1266,85.0,77.0,59.0
1267,86.0,141.0,63.0
1268,91.0,155.0,122.0
1269,116.0,166.0,137.0
1270,160.0,175.0,146.0
1271,102.0,158.0,154.0
1272,88.0,160.0,148.0
1273,70.0,116.0,156.0
1274,70.0,96.0,155.0
1275,77.0,94.0,160.0
1276,66.0,83.0,127.0
1277,54.0,87.0,83.0
1278,56.0,122.0,79.0
1279,53.0,130.0,115.0
1280,59.0,129.0,117.0
1281,69.0,137.0,122.0
1282,77.0,186.0,126.0
1283,65.0,222.0,114.0
1284,76.0,201.0,86.0
1285,70.0,114.0,131.0
1286,76.0,106.0,118.0
1287,82.0,70.0,71.0
1288,74.0,70.0,89.0
1289,74.0,110.0,82.0
1290,80.0,80.0,103.0
1291,84.0,78.0,
1292,80.0,75.0,108.0
1293,79.0,81.0,85.0
1294,76.0,92.0,79.0
1295,84.0,104.0,91.0
1296,78.0,159.0,131.0
1297,70.0,,122.0
1298,76.0,90.0,105.0
1299,81.0,80.0,72.0
1300,77.0,66.0,77.0
1301,65.0,58.0,62.0
1302,58.0,62.0,56.0
1303,44.0,69.0,69.0
1304,43.0,82.0,83.0
1305,51.0,90.0,105.0
1306,59.0,100.0,114.0
1307,52.0,110.0,124.0
1308,60.0,84.0,133.0
1309,82.0,84.0,90.0
1310,66.0,77.0,88.0
1311,73.0,96.0,81.0
1312,68.0,109.0,96.0
1313,69.0,116.0,107.0
1314,72.0,98.0,82.0
1315,72.0,93.0,77.0
1316,64.0,102.0,69.0
1317,,90.0,68.0
1318,59.0,90.0,76.0
1319,57.0,105.0,77.0
1320,43.0,97.0,65.0
1321,38.0,69.0,72.0
1322,38.0,66.0,51.0
1323,36.0,52.0,50.0
1324,33.0,52.0,51.0
1325,33.0,48.0,55.0
1326,33.0,53.0,57.0
1327,27.0,41.0,64.0
1328,43.0,52.0,59.0
1329,47.0,55.0,100.0
1330,50.0,55.0,84.0
1331,55.0,74.0,68.0
1332,47.0,72.0,71.0
1333,54.0,82.0,84.0
1334,59.0,73.0,80.0
1335,69.0,84.0,81.0
1336,85.0,93.0,89.0
1337,90.0,97.0,93.0
1338,87.0,101.0,94.0
1339,102.0,120.0,93.0
1340,106.0,97.0,127.0
1341,83.0,87.0,96.0
1342,77.0,80.0,80.0
1343,65.0,96.0,87.0
1344,55.0,82.0,88.0
1345,54.0,63.0,91.0
1346,44.0,54.0,85.0
1347,39.0,61.0,69.0
1348,26.0,49.0,62.0
1349,25.0,49.0,56.0
1350,23.0,47.0,57.0
1351,24.0,43.0,69.0
1352,25.0,50.0,110.0
1353,21.0,55.0,135.0
1354,26.0,49.0,145.0
1355,30.0,52.0,186.0
1356,33.0,55.0,247.0
1357,61.0,71.0,130.0
1358,64.0,74.0,148.0
1359,70.0,69.0,99.0
1360,69.0,75.0,106.0
1361,92.0,89.0,126.0
1362,112.0,69.0,92.0
1363,114.0,64.0,120.0
1364,132.0,61.0,110.0
1365,98.0,62.0,106.0
1366,94.0,93.0,112.0
1367,75.0,95.0,124.0
1368,76.0,97.0,114.0
1369,60.0,73.0,115.0
1370,44.0,63.0,99.0
1371,45.0,57.0,98.0
1372,44.0,57.0,68.0
1373,39.0,51.0,65.0
1374,46.0,48.0,138.0
1375,45.0,55.0,148.0
1376,42.0,67.0,172.0
1377,33.0,93.0,176.0
1378,30.0,100.0,259.0
1379,30.0,91.0,235.0
1380,35.0,175.0,208.0
1381,39.0,148.0,286.0
1382,40.0,121.0,195.0
1383,31.0,87.0,120.0
1384,31.0,60.0,105.0
1385,32.0,106.0,71.0
1386,35.0,158.0,65.0
1387,38.0,124.0,54.0
1388,53.0,122.0,83.0
1389,53.0,111.0,120.0
1390,53.0,120.0,125.0
1391,46.0,145.0,135.0
1392,42.0,149.0,130.0
1393,43.0,150.0,138.0
1394,50.0,128.0,171.0
1395,70.0,150.0,158.0
1396,68.0,134.0,154.0
1397,52.0,134.0,144.0
1398,51.0,91.0,158.0
1399,54.0,101.0,151.0
1400,68.0,132.0,111.0
1401,61.0,168.0,126.0
1402,68.0,303.0,147.0
1403,76.0,279.0,180.0
1404,71.0,322.0,155.0
1405,51.0,148.0,142.0
1406,48.0,112.0,271.0
1407,39.0,120.0,322.0
1408,53.0,131.0,341.0
1409,54.0,96.0,200.0
1410,47.0,127.0,217.0
1411,50.0,122.0,95.0
1412,56.0,108.0,116.0
1413,82.0,107.0,138.0
1414,76.0,102.0,132.0
1415,56.0,104.0,133.0
1416,61.0,92.0,122.0
1417,,,136.0
1418,61.0,79.0,137.0
1419,61.0,79.0,137.0
1420,50.0,65.0,129.0
1421,43.0,62.0,102.0
1422,39.0,61.0,80.0
1423,39.0,68.0,58.0
1424,46.0,87.0,57.0
1425,70.0,136.0,57.0
1426,108.0,206.0,74.0
1427,73.0,171.0,88.0
1428,86.0,176.0,90.0
1429,70.0,169.0,95.0
1430,58.0,160.0,104.0
1431,79.0,149.0,106.0
1432,72.0,48.0,98.0
1433,69.0,,104.0
1434,68.0,,84.0
1435,59.0,14.0,92.0
1436,62.0,,92.0
1437,55.0,150.0,103.0
1438,58.0,198.0,112.0
1439,65.0,197.0,94.0
1440,89.0,107.0,103.0
1441,70.0,104.0,
1442,47.0,92.0,82.0
1443,42.0,81.0,75.0
1444,35.0,84.0,73.0
1445,39.0,83.0,72.0
1446,34.0,83.0,78.0
1447,39.0,83.0,100.0
1448,47.0,86.0,104.0
1449,56.0,116.0,109.0
1450,76.0,188.0,113.0
1451,59.0,291.0,211.0
1452,49.0,197.0,158.0
1453,61.0,183.0,106.0
1454,53.0,159.0,98.0
1455,65.0,182.0,87.0
1456,83.0,182.0,85.0
1457,67.0,162.0,80.0
1458,65.0,129.0,92.0
1459,65.0,137.0,112.0
1460,77.0,116.0,117.0
1461,79.0,104.0,109.0
1462,80.0,192.0,93.0
1463,64.0,124.0,82.0
1464,86.0,137.0,92.0
1465,80.0,526.0,81.0
1466,70.0,,88.0
1467,56.0,361.0,72.0
1468,54.0,318.0,58.0
1469,47.0,230.0,53.0
1470,41.0,201.0,48.0
1471,36.0,137.0,67.0
1472,43.0,100.0,73.0
1473,50.0,79.0,110.0
1474,75.0,86.0,190.0
1475,61.0,84.0,190.0
1476,60.0,112.0,198.0
1477,66.0,98.0,158.0
1478,63.0,74.0,113.0
1479,58.0,99.0,118.0
1480,53.0,106.0,103.0
1481,66.0,161.0,94.0
1482,91.0,121.0,85.0
1483,93.0,110.0,77.0
1484,68.0,110.0,75.0
1485,77.0,139.0,78.0
1486,,126.0,93.0
1487,85.0,139.0,99.0
1488,64.0,145.0,84.0
1489,50.0,109.0,71.0
1490,48.0,134.0,61.0
1491,38.0,85.0,65.0
1492,33.0,68.0,58.0
1493,34.0,73.0,56.0
1494,40.0,74.0,54.0
1495,37.0,75.0,55.0
1496,39.0,86.0,56.0
1497,42.0,130.0,59.0
1498,47.0,166.0,66.0
1499,50.0,176.0,69.0
1500,66.0,124.0,81.0
1501,80.0,115.0,93.0
1502,64.0,110.0,87.0
1503,61.0,126.0,85.0
1504,84.0,136.0,68.0
1505,92.0,139.0,68.0
1506,97.0,126.0,68.0
1507,74.0,130.0,72.0
1508,134.0,119.0,76.0
1509,76.0,114.0,65.0
1510,66.0,99.0,65.0
1511,61.0,134.0,77.0
1512,49.0,90.0,84.0
1513,51.0,56.0,96.0
1514,52.0,50.0,61.0
1515,64.0,45.0,52.0
1516,39.0,49.0,55.0
1517,44.0,41.0,59.0
1518,37.0,40.0,61.0
1519,,42.0,58.0
1520,38.0,46.0,61.0
1521,41.0,45.0,73.0
1522,47.0,48.0,96.0
1523,53.0,52.0,116.0
1524,62.0,61.0,153.0
1525,71.0,63.0,148.0
1526,102.0,65.0,128.0
1527,102.0,87.0,95.0
1528,91.0,91.0,90.0
1529,95.0,89.0,83.0
1530,91.0,74.0,88.0
1531,91.0,75.0,89.0
1532,90.0,68.0,99.0
1533,77.0,65.0,80.0
1534,88.0,84.0,100.0
1535,103.0,77.0,98.0
1536,73.0,74.0,94.0
1537,50.0,58.0,87.0
1538,58.0,48.0,80.0
1539,51.0,48.0,76.0
1540,46.0,43.0,80.0
1541,48.0,46.0,73.0
1542,40.0,50.0,77.0
1543,44.0,54.0,77.0
1544,41.0,61.0,95.0
1545,43.0,60.0,141.0
1546,53.0,68.0,151.0
1547,53.0,58.0,163.0
1548,53.0,66.0,209.0
1549,58.0,70.0,166.0
1550,73.0,70.0,96.0
1551,80.0,92.0,72.0
1552,84.0,86.0,66.0
1553,98.0,93.0,85.0
1554,79.0,99.0,74.0
1555,68.0,117.0,106.0
1556,68.0,120.0,115.0
1557,71.0,109.0,124.0
1558,77.0,92.0,101.0
1559,103.0,99.0,90.0
1560,95.0,108.0,107.0
1561,70.0,89.0,92.0
1562,72.0,73.0,88.0
1563,75.0,79.0,87.0
1564,62.0,65.0,90.0
1565,59.0,55.0,74.0
1566,55.0,57.0,69.0
1567,67.0,57.0,71.0
1568,100.0,58.0,84.0
1569,92.0,70.0,94.0
1570,272.0,73.0,97.0
1571,403.0,85.0,106.0
1572,265.0,93.0,163.0
1573,232.0,101.0,107.0
1574,208.0,102.0,91.0
1575,106.0,112.0,82.0
1576,82.0,115.0,106.0
1577,73.0,131.0,115.0
1578,66.0,114.0,107.0
1579,62.0,114.0,88.0
1580,61.0,98.0,107.0
1581,58.0,104.0,104.0
1582,66.0,121.0,130.0
1583,56.0,125.0,125.0
1584,53.0,70.0,106.0
1585,44.0,72.0,77.0
1586,46.0,56.0,72.0
1587,42.0,43.0,70.0
1588,45.0,47.0,73.0
1589,38.0,45.0,67.0
1590,39.0,49.0,66.0
1591,45.0,44.0,69.0
1592,61.0,64.0,75.0
1593,72.0,66.0,77.0
1594,93.0,58.0,85.0
1595,84.0,70.0,89.0
1596,68.0,77.0,86.0
1597,59.0,87.0,92.0
1598,62.0,89.0,95.0
1599,60.0,105.0,117.0
1600,82.0,108.0,104.0
1601,68.0,123.0,120.0
1602,64.0,114.0,135.0
1603,72.0,90.0,177.0
1604,80.0,86.0,124.0
1605,68.0,91.0,101.0
1606,66.0,126.0,92.0
1607,52.0,156.0,101.0
1608,,88.0,109.0
1609,,62.0,139.0
1610,,57.0,114.0
1611,47.0,,100.0
1612,42.0,50.0,111.0
1613,41.0,42.0,97.0
1614,46.0,41.0,93.0
1615,37.0,45.0,122.0
1616,40.0,60.0,110.0
1617,51.0,68.0,132.0
1618,75.0,68.0,150.0
1619,60.0,73.0,127.0
1620,52.0,68.0,127.0
1621,78.0,66.0,275.0
1622,77.0,79.0,165.0
1623,63.0,92.0,137.0
1624,,100.0,91.0
1625,,92.0,62.0
1626,,111.0,53.0
1627,58.0,103.0,71.0
1628,68.0,101.0,134.0
1629,70.0,108.0,124.0
1630,85.0,101.0,130.0
1631,61.0,116.0,152.0
1632,62.0,106.0,140.0
1633,54.0,67.0,150.0
1634,50.0,62.0,152.0
1635,61.0,57.0,113.0
1636,51.0,50.0,68.0
1637,47.0,50.0,47.0
1638,44.0,46.0,80.0
1639,42.0,55.0,67.0
1640,47.0,56.0,139.0
1641,58.0,67.0,84.0
1642,100.0,90.0,60.0
1643,119.0,124.0,58.0
1644,71.0,63.0,59.0
1645,68.0,74.0,69.0
1646,61.0,79.0,74.0
1647,61.0,75.0,59.0
1648,65.0,78.0,61.0
1649,68.0,92.0,45.0
1650,,83.0,49.0
1651,65.0,98.0,49.0
1652,75.0,84.0,45.0
1653,62.0,91.0,41.0
1654,62.0,73.0,46.0
1655,42.0,83.0,41.0
1656,50.0,78.0,44.0
1657,37.0,77.0,50.0
1658,30.0,86.0,47.0
1659,43.0,67.0,45.0
1660,37.0,72.0,38.0
1661,39.0,64.0,35.0
1662,37.0,59.0,32.0
1663,44.0,59.0,33.0
1664,45.0,82.0,33.0
1665,49.0,81.0,40.0
1666,93.0,85.0,43.0
1667,98.0,74.0,49.0
1668,107.0,63.0,42.0
1669,87.0,105.0,43.0
1670,92.0,105.0,44.0
1671,131.0,106.0,41.0
1672,77.0,114.0,58.0
1673,125.0,146.0,60.0
1674,310.0,133.0,54.0
1675,258.0,138.0,50.0
1676,232.0,129.0,49.0
1677,302.0,84.0,42.0
1678,315.0,90.0,53.0
1679,230.0,117.0,47.0
1680,146.0,127.0,44.0
1681,127.0,119.0,41.0
1682,,104.0,48.0
1683,46.0,102.0,50.0
1684,51.0,119.0,43.0
1685,40.0,142.0,43.0
1686,,132.0,38.0
1687,31.0,115.0,46.0
1688,37.0,150.0,49.0
1689,32.0,,65.0
1690,41.0,126.0,67.0
1691,38.0,98.0,66.0
1692,37.0,145.0,61.0
1693,38.0,210.0,63.0
1694,35.0,189.0,68.0
1695,49.0,93.0,65.0
1696,62.0,49.0,72.0
1697,52.0,41.0,63.0
1698,70.0,44.0,73.0
1699,63.0,41.0,86.0
1700,49.0,39.0,87.0
1701,37.0,63.0,85.0
1702,38.0,70.0,79.0
1703,40.0,80.0,77.0
1704,60.0,90.0,82.0
1705,47.0,84.0,63.0
1706,40.0,78.0,52.0
1707,55.0,77.0,44.0
1708,53.0,55.0,39.0
1709,43.0,49.0,38.0
1710,33.0,50.0,34.0
1711,28.0,46.0,40.0
1712,27.0,46.0,44.0
1713,34.0,49.0,54.0
1714,47.0,65.0,64.0
1715,41.0,61.0,65.0
1716,43.0,65.0,72.0
1717,53.0,70.0,79.0
1718,57.0,68.0,88.0
1719,51.0,62.0,83.0
1720,60.0,57.0,93.0
1721,62.0,68.0,128.0
1722,58.0,73.0,150.0
1723,49.0,66.0,114.0
1724,47.0,68.0,98.0
1725,,64.0,97.0
1726,56.0,65.0,105.0
1727,68.0,79.0,123.0
1728,44.0,93.0,96.0
1729,41.0,98.0,93.0
1730,36.0,63.0,77.0
1731,36.0,46.0,
1732,33.0,33.0,57.0
1733,31.0,26.0,41.0
1734,32.0,28.0,
1735,39.0,25.0,56.0
1736,53.0,28.0,94.0
1737,84.0,34.0,71.0
1738,105.0,36.0,128.0
1739,94.0,31.0,222.0
1740,54.0,22.0,206.0
1741,54.0,22.0,134.0
1742,51.0,25.0,80.0
1743,66.0,26.0,61.0
1744,62.0,23.0,59.0
1745,63.0,31.0,68.0
1746,86.0,59.0,98.0
1747,84.0,45.0,97.0
1748,94.0,72.0,101.0
1749,100.0,49.0,103.0
1750,94.0,47.0,101.0
1751,,71.0,109.0
1752,,62.0,116.0
1753,,54.0,93.0
1754,,28.0,86.0
1755,,25.0,72.0
1756,,38.0,60.0
1757,,21.0,56.0
1758,,25.0,55.0
1759,,31.0,62.0
1760,,26.0,74.0
1761,,22.0,86.0
1762,155.0,32.0,
1763,183.0,38.0,
1764,126.0,42.0,
1765,83.0,56.0,187.0
1766,72.0,,200.0
1767,69.0,46.0,137.0
1768,68.0,88.0,
1769,71.0,89.0,141.0
1770,75.0,37.0,134.0
1771,76.0,39.0,135.0
1772,93.0,58.0,128.0
1773,102.0,51.0,95.0
1774,,54.0,77.0
1775,115.0,45.0,93.0
1776,119.0,39.0,103.0
1777,86.0,39.0,80.0
1778,90.0,40.0,78.0
1779,75.0,43.0,135.0
1780,71.0,47.0,66.0
1781,76.0,37.0,51.0
1782,68.0,31.0,60.0
1783,102.0,40.0,57.0
1784,105.0,42.0,88.0
1785,97.0,51.0,104.0
1786,153.0,43.0,147.0
1787,153.0,48.0,146.0
1788,119.0,58.0,107.0
1789,108.0,118.0,86.0
1790,123.0,139.0,78.0
1791,120.0,149.0,73.0
1792,112.0,151.0,73.0
1793,106.0,129.0,71.0
1794,115.0,124.0,65.0
1795,122.0,107.0,88.0
1796,109.0,108.0,83.0
1797,143.0,118.0,100.0
1798,168.0,157.0,76.0
1799,84.0,142.0,103.0
1800,72.0,124.0,85.0
1801,60.0,107.0,67.0
1802,68.0,92.0,61.0
1803,55.0,57.0,51.0
1804,49.0,67.0,34.0
1805,52.0,70.0,27.0
1806,58.0,116.0,16.0
1807,55.0,48.0,18.0
1808,65.0,,18.0
1809,130.0,,24.0
1810,158.0,,28.0
1811,159.0,,21.0
1812,173.0,,30.0
1813,244.0,,34.0
1814,146.0,,31.0
1815,101.0,,38.0
1816,93.0,,57.0
1817,104.0,15.0,67.0
1818,82.0,,79.0
1819,67.0,81.0,83.0
1820,75.0,59.0,92.0
1821,94.0,71.0,90.0
1822,129.0,63.0,100.0
1823,107.0,44.0,90.0
1824,104.0,38.0,87.0
1825,122.0,34.0,65.0
1826,113.0,33.0,63.0
1827,66.0,31.0,43.0
1828,59.0,33.0,22.0
1829,61.0,22.0,14.0
1830,93.0,23.0,18.0
1831,99.0,28.0,16.0
1832,92.0,27.0,23.0
1833,112.0,44.0,27.0
1834,263.0,47.0,33.0
1835,633.0,63.0,26.0
1836,451.0,69.0,34.0
1837,342.0,75.0,27.0
1838,283.0,62.0,26.0
1839,170.0,59.0,21.0
1840,142.0,58.0,31.0
1841,140.0,59.0,33.0
1842,172.0,66.0,44.0
1843,150.0,65.0,44.0
1844,126.0,61.0,40.0
1845,120.0,65.0,47.0
1846,124.0,45.0,17.0
1847,133.0,36.0,14.0
1848,130.0,27.0,14.0
1849,119.0,24.0,12.0
1850,102.0,24.0,9.0
1851,101.0,23.0,7.0
1852,100.0,21.0,8.0
1853,108.0,21.0,7.0
1854,98.0,29.0,7.0
1855,101.0,27.0,7.0
1856,100.0,25.0,6.0
1857,117.0,27.0,4.0
1858,109.0,29.0,6.0
1859,87.0,25.0,8.0
1860,83.0,24.0,9.0
1861,82.0,26.0,13.0
1862,71.0,28.0,19.0
1863,82.0,36.0,20.0
1864,78.0,48.0,11.0
1865,67.0,63.0,11.0
1866,82.0,57.0,10.0
1867,73.0,72.0,10.0
1868,77.0,47.0,17.0
1869,83.0,40.0,21.0
1870,57.0,38.0,20.0
1871,67.0,31.0,7.0
1872,,31.0,13.0
1873,72.0,27.0,16.0
1874,,23.0,18.0
1875,,20.0,23.0
1876,38.0,20.0,20.0
1877,42.0,23.0,19.0
1878,38.0,18.0,22.0
1879,,18.0,24.0
1880,45.0,20.0,30.0
1881,42.0,19.0,30.0
1882,47.0,20.0,31.0
1883,50.0,19.0,43.0
1884,48.0,22.0,57.0
1885,51.0,22.0,51.0
1886,66.0,32.0,69.0
1887,71.0,31.0,75.0
1888,68.0,42.0,75.0
1889,61.0,52.0,79.0
1890,73.0,52.0,73.0
1891,76.0,54.0,71.0
1892,92.0,60.0,83.0
1893,92.0,57.0,77.0
1894,84.0,60.0,84.0
1895,92.0,73.0,75.0
1896,64.0,77.0,60.0
1897,54.0,71.0,55.0
1898,41.0,54.0,57.0
1899,42.0,44.0,36.0
1900,35.0,41.0,35.0
1901,34.0,31.0,13.0
1902,39.0,39.0,11.0
1903,39.0,47.0,22.0
1904,32.0,62.0,20.0
1905,42.0,89.0,20.0
1906,39.0,117.0,12.0
1907,52.0,,15.0
1908,50.0,61.0,34.0
1909,65.0,85.0,37.0
1910,77.0,93.0,51.0
1911,70.0,98.0,90.0
1912,67.0,101.0,89.0
1913,96.0,87.0,71.0
1914,122.0,86.0,80.0
1915,124.0,112.0,103.0
1916,115.0,96.0,87.0
1917,113.0,101.0,77.0
1918,100.0,109.0,96.0
1919,95.0,98.0,81.0
1920,79.0,136.0,53.0
1921,92.0,85.0,24.0
1922,122.0,62.0,21.0
1923,423.0,57.0,24.0
1924,188.0,53.0,36.0
1925,93.0,61.0,30.0
1926,80.0,59.0,27.0
1927,77.0,65.0,52.0
1928,78.0,82.0,41.0
1929,74.0,107.0,85.0
1930,99.0,139.0,142.0
1931,103.0,123.0,71.0
1932,211.0,70.0,52.0
1933,111.0,85.0,44.0
1934,79.0,87.0,40.0
1935,73.0,85.0,52.0
1936,67.0,98.0,75.0
1937,61.0,97.0,70.0
1938,59.0,88.0,63.0
1939,94.0,104.0,73.0
1940,109.0,124.0,73.0
1941,104.0,128.0,80.0
1942,109.0,103.0,91.0
1943,135.0,105.0,92.0
1944,156.0,83.0,103.0
1945,163.0,56.0,120.0
1946,126.0,65.0,114.0
1947,96.0,63.0,78.0
1948,101.0,60.0,85.0
1949,93.0,71.0,142.0
1950,120.0,47.0,108.0
1951,144.0,50.0,120.0
1952,148.0,70.0,123.0
1953,161.0,93.0,142.0
1954,195.0,69.0,126.0
1955,249.0,67.0,182.0
1956,257.0,79.0,112.0
1957,195.0,83.0,88.0
1958,177.0,96.0,78.0
1959,145.0,106.0,61.0
1960,135.0,102.0,60.0
1961,137.0,94.0,39.0
1962,137.0,98.0,49.0
1963,140.0,100.0,51.0
1964,148.0,160.0,43.0
1965,146.0,132.0,82.0
1966,56.0,115.0,107.0
1967,,111.0,131.0
1968,,97.0,141.0
1969,135.0,79.0,138.0
1970,73.0,81.0,137.0
1971,61.0,73.0,197.0
1972,71.0,72.0,146.0
1973,67.0,63.0,52.0
1974,62.0,57.0,41.0
1975,68.0,62.0,53.0
1976,108.0,64.0,70.0
1977,129.0,90.0,87.0
1978,172.0,112.0,92.0
1979,147.0,130.0,72.0
1980,157.0,125.0,73.0
1981,179.0,179.0,63.0
1982,102.0,300.0,61.0
1983,66.0,291.0,77.0
1984,48.0,246.0,72.0
1985,50.0,152.0,93.0
1986,53.0,85.0,71.0
1987,50.0,95.0,67.0
1988,47.0,108.0,73.0
1989,50.0,93.0,78.0
1990,96.0,79.0,85.0
1991,133.0,137.0,186.0
1992,120.0,173.0,75.0
1993,97.0,140.0,48.0
1994,94.0,118.0,34.0
1995,80.0,92.0,38.0
1996,86.0,109.0,41.0
1997,90.0,87.0,22.0
1998,130.0,79.0,27.0
1999,124.0,65.0,27.0
2000,124.0,49.0,18.0
2001,157.0,63.0,34.0
2002,222.0,73.0,37.0
2003,186.0,141.0,35.0
2004,160.0,109.0,42.0
2005,101.0,73.0,46.0
2006,122.0,49.0,40.0
2007,95.0,39.0,48.0
2008,96.0,64.0,42.0
2009,74.0,80.0,56.0
2010,73.0,86.0,54.0
2011,63.0,68.0,59.0
2012,68.0,69.0,48.0
2013,79.0,68.0,61.0
2014,98.0,61.0,87.0
2015,117.0,77.0,83.0
2016,118.0,107.0,61.0
2017,88.0,98.0,52.0
2018,63.0,64.0,43.0
2019,55.0,71.0,38.0
2020,63.0,60.0,35.0
2021,,68.0,34.0
2022,51.0,62.0,35.0
2023,57.0,61.0,44.0
2024,57.0,63.0,64.0
2025,111.0,63.0,87.0
2026,144.0,72.0,100.0
2027,,79.0,69.0
2028,79.0,83.0,184.0
2029,89.0,88.0,161.0
2030,122.0,81.0,80.0
2031,119.0,78.0,51.0
2032,106.0,88.0,114.0
2033,91.0,90.0,88.0
2034,93.0,85.0,84.0
2035,72.0,103.0,106.0
2036,77.0,86.0,113.0
2037,100.0,80.0,109.0
2038,103.0,64.0,122.0
2039,,81.0,110.0
2040,,97.0,121.0
2041,77.0,89.0,141.0
2042,58.0,68.0,70.0
2043,53.0,59.0,48.0
2044,45.0,54.0,54.0
2045,43.0,54.0,47.0
2046,51.0,58.0,59.0
2047,39.0,55.0,71.0
2048,45.0,70.0,65.0
2049,52.0,86.0,79.0
2050,59.0,90.0,160.0
2051,52.0,88.0,163.0
2052,45.0,66.0,55.0
2053,52.0,62.0,32.0
2054,56.0,67.0,52.0
2055,62.0,60.0,66.0
2056,89.0,68.0,65.0
2057,119.0,84.0,58.0
2058,,93.0,66.0
2059,77.0,97.0,57.0
2060,76.0,83.0,62.0
2061,75.0,90.0,75.0
2062,93.0,81.0,86.0
2063,94.0,72.0,75.0
2064,54.0,80.0,173.0
2065,49.0,76.0,121.0
2066,65.0,72.0,92.0
2067,34.0,87.0,90.0
2068,50.0,82.0,83.0
2069,36.0,63.0,76.0
2070,41.0,60.0,70.0
2071,41.0,64.0,76.0
2072,44.0,77.0,84.0
2073,64.0,72.0,77.0
2074,73.0,69.0,91.0
2075,74.0,61.0,92.0
2076,60.0,61.0,93.0
2077,64.0,61.0,68.0
2078,56.0,71.0,69.0
2079,67.0,40.0,68.0
2080,75.0,50.0,56.0
2081,89.0,47.0,64.0
2082,92.0,27.0,65.0
2083,97.0,24.0,95.0
2084,105.0,24.0,101.0
2085,101.0,28.0,97.0
2086,98.0,32.0,90.0
2087,109.0,28.0,90.0
2088,96.0,29.0,79.0
2089,60.0,28.0,108.0
2090,57.0,,105.0
2091,58.0,71.0,70.0
2092,58.0,41.0,49.0
2093,47.0,31.0,44.0
2094,53.0,27.0,52.0
2095,61.0,36.0,55.0
2096,67.0,39.0,41.0
2097,76.0,36.0,59.0
2098,77.0,78.0,74.0
2099,81.0,53.0,58.0
2100,80.0,64.0,53.0
2101,92.0,34.0,71.0
2102,112.0,34.0,88.0
2103,104.0,60.0,59.0
2104,135.0,54.0,70.0
2105,107.0,93.0,77.0
2106,116.0,52.0,76.0
2107,125.0,74.0,68.0
2108,130.0,65.0,71.0
2109,123.0,61.0,81.0
2110,126.0,52.0,109.0
2111,118.0,69.0,145.0
2112,101.0,88.0,91.0
2113,114.0,71.0,50.0
2114,90.0,62.0,47.0
2115,86.0,57.0,49.0
2116,85.0,42.0,36.0
2117,74.0,33.0,28.0
2118,73.0,30.0,24.0
2119,69.0,26.0,27.0
2120,66.0,38.0,49.0
2121,229.0,39.0,70.0
2122,431.0,44.0,64.0
2123,384.0,108.0,42.0
2124,245.0,102.0,37.0
2125,213.0,106.0,31.0
2126,218.0,87.0,37.0
2127,309.0,83.0,46.0
2128,799.0,89.0,55.0
2129,512.0,89.0,54.0
2130,223.0,71.0,58.0
2131,163.0,74.0,65.0
2132,152.0,88.0,58.0
2133,94.0,125.0,88.0
2134,197.0,143.0,68.0
2135,159.0,149.0,76.0
2136,147.0,162.0,56.0
2137,111.0,287.0,50.0
2138,87.0,214.0,32.0
2139,72.0,181.0,34.0
2140,61.0,141.0,33.0
2141,77.0,153.0,33.0
2142,83.0,148.0,27.0
2143,76.0,167.0,31.0
2144,84.0,164.0,30.0
2145,110.0,176.0,54.0
2146,168.0,238.0,48.0
2147,108.0,163.0,42.0
2148,77.0,115.0,38.0
2149,89.0,107.0,42.0
2150,84.0,130.0,40.0
2151,101.0,146.0,48.0
2152,110.0,125.0,50.0
2153,112.0,124.0,48.0
2154,110.0,130.0,58.0
2155,112.0,137.0,80.0
2156,106.0,120.0,71.0
2157,107.0,134.0,45.0
2158,113.0,140.0,51.0
2159,201.0,208.0,68.0
2160,,213.0,64.0
2161,,,48.0
2162,63.0,144.0,41.0
2163,66.0,95.0,47.0
2164,61.0,73.0,47.0
2165,53.0,94.0,51.0
2166,52.0,77.0,50.0
2167,58.0,68.0,47.0
2168,66.0,82.0,59.0
2169,69.0,119.0,59.0
2170,77.0,142.0,55.0
2171,66.0,110.0,60.0
2172,73.0,78.0,70.0
2173,72.0,80.0,74.0
2174,75.0,79.0,71.0
2175,70.0,80.0,65.0
2176,,97.0,80.0
2177,90.0,99.0,84.0
2178,95.0,105.0,75.0
2179,82.0,101.0,60.0
2180,84.0,79.0,50.0
2181,82.0,78.0,53.0
2182,84.0,89.0,51.0
2183,69.0,90.0,68.0
2184,,82.0,75.0
2185,69.0,73.0,
2186,56.0,74.0,68.0
2187,58.0,58.0,65.0
2188,57.0,52.0,55.0
2189,54.0,45.0,60.0
2190,61.0,52.0,52.0
2191,61.0,48.0,60.0
2192,69.0,52.0,76.0
2193,75.0,48.0,96.0
2194,72.0,54.0,106.0
2195,69.0,59.0,104.0
2196,68.0,63.0,116.0
2197,69.0,64.0,141.0
2198,84.0,57.0,157.0
2199,72.0,72.0,166.0
2200,68.0,70.0,167.0
2201,76.0,56.0,157.0
2202,66.0,77.0,141.0
2203,,88.0,133.0
2204,74.0,74.0,130.0
2205,60.0,66.0,128.0
2206,77.0,75.0,144.0
2207,102.0,89.0,143.0
2208,95.0,100.0,192.0
2209,85.0,92.0,140.0
2210,74.0,86.0,132.0
2211,,70.0,108.0
2212,75.0,72.0,351.0
2213,57.0,68.0,729.0
2214,47.0,56.0,459.0
2215,39.0,63.0,284.0
2216,44.0,83.0,136.0
2217,50.0,120.0,101.0
2218,51.0,140.0,95.0
2219,48.0,130.0,112.0
2220,46.0,137.0,93.0
2221,56.0,88.0,72.0
2222,54.0,98.0,63.0
2223,61.0,86.0,59.0
2224,83.0,83.0,65.0
2225,109.0,74.0,58.0
2226,70.0,92.0,62.0
2227,82.0,108.0,64.0
2228,67.0,109.0,58.0
2229,68.0,117.0,67.0
2230,67.0,133.0,59.0
2231,72.0,124.0,61.0
2232,87.0,84.0,78.0
2233,76.0,79.0,69.0
2234,51.0,72.0,41.0
2235,44.0,70.0,20.0
2236,54.0,65.0,27.0
2237,47.0,62.0,28.0
2238,47.0,68.0,40.0
2239,45.0,74.0,24.0
2240,53.0,87.0,34.0
2241,59.0,111.0,49.0
2242,58.0,98.0,84.0
2243,66.0,100.0,78.0
2244,71.0,141.0,84.0
2245,66.0,144.0,61.0
2246,72.0,146.0,52.0
2247,71.0,179.0,65.0
2248,86.0,151.0,48.0
2249,79.0,151.0,45.0
2250,89.0,139.0,47.0
2251,74.0,127.0,54.0
2252,86.0,125.0,47.0
2253,83.0,132.0,84.0
2254,87.0,138.0,81.0
2255,84.0,121.0,66.0
2256,93.0,162.0,65.0
2257,87.0,156.0,69.0
2258,75.0,141.0,50.0
2259,,135.0,43.0
2260,76.0,104.0,119.0
2261,67.0,85.0,61.0
2262,62.0,79.0,47.0
2263,66.0,85.0,46.0
2264,75.0,103.0,96.0
2265,88.0,126.0,133.0
2266,103.0,143.0,122.0
2267,128.0,145.0,74.0
2268,107.0,108.0,67.0
2269,110.0,213.0,70.0
2270,107.0,151.0,70.0
2271,127.0,147.0,61.0
2272,102.0,189.0,61.0
2273,101.0,225.0,54.0
2274,104.0,209.0,69.0
2275,99.0,164.0,62.0
2276,146.0,127.0,65.0
2277,93.0,116.0,58.0
2278,79.0,109.0,44.0
2279,103.0,96.0,114.0
2280,114.0,82.0,88.0
2281,137.0,72.0,54.0
2282,119.0,92.0,32.0
2283,91.0,82.0,27.0
2284,95.0,72.0,34.0
2285,90.0,61.0,39.0
2286,102.0,47.0,28.0
2287,111.0,35.0,28.0
2288,97.0,36.0,56.0
2289,110.0,34.0,66.0
2290,154.0,33.0,64.0
2291,200.0,28.0,45.0
2292,184.0,42.0,43.0
2293,199.0,52.0,55.0
2294,160.0,53.0,94.0
2295,120.0,53.0,84.0
2296,63.0,44.0,70.0
2297,258.0,49.0,110.0
2298,328.0,42.0,94.0
2299,336.0,43.0,98.0
2300,300.0,38.0,108.0
2301,223.0,32.0,179.0
2302,155.0,30.0,120.0
2303,119.0,26.0,77.0
2304,86.0,34.0,66.0
2305,80.0,35.0,50.0
2306,69.0,34.0,41.0
2307,65.0,32.0,47.0
2308,56.0,37.0,41.0
2309,55.0,29.0,40.0
2310,65.0,31.0,34.0
2311,61.0,35.0,41.0
2312,70.0,27.0,52.0
2313,75.0,24.0,73.0
2314,78.0,26.0,72.0
2315,87.0,23.0,60.0
2316,82.0,25.0,88.0
2317,63.0,35.0,111.0
2318,63.0,27.0,77.0
2319,59.0,39.0,82.0
2320,68.0,30.0,122.0
2321,77.0,24.0,135.0
2322,87.0,19.0,110.0
2323,96.0,30.0,85.0
2324,104.0,24.0,76.0
2325,101.0,25.0,78.0
2326,101.0,29.0,53.0
2327,98.0,23.0,85.0
2328,102.0,27.0,72.0
2329,104.0,37.0,64.0
2330,132.0,32.0,55.0
2331,142.0,22.0,49.0
2332,112.0,25.0,54.0
2333,89.0,22.0,47.0
2334,83.0,18.0,40.0
2335,76.0,18.0,42.0
2336,86.0,18.0,45.0
2337,93.0,21.0,53.0
2338,102.0,22.0,73.0
2339,109.0,28.0,190.0
2340,118.0,39.0,218.0
2341,111.0,36.0,126.0
2342,117.0,25.0,102.0
2343,143.0,34.0,71.0
2344,153.0,32.0,95.0
2345,126.0,58.0,138.0
2346,112.0,61.0,74.0
2347,108.0,51.0,65.0
2348,117.0,47.0,71.0
2349,108.0,43.0,71.0
2350,108.0,45.0,67.0
2351,141.0,38.0,62.0
2352,134.0,44.0,56.0
2353,91.0,36.0,43.0
2354,65.0,23.0,53.0
2355,63.0,21.0,44.0
2356,63.0,21.0,40.0
2357,62.0,19.0,42.0
2358,65.0,17.0,35.0
2359,60.0,21.0,47.0
2360,67.0,20.0,65.0
2361,72.0,19.0,60.0
2362,82.0,20.0,63.0
2363,81.0,19.0,73.0
2364,73.0,25.0,68.0
2365,80.0,28.0,73.0
2366,101.0,37.0,79.0
2367,121.0,22.0,83.0
2368,124.0,42.0,74.0
2369,123.0,41.0,79.0
2370,119.0,28.0,79.0
2371,114.0,44.0,89.0
2372,126.0,53.0,93.0
2373,146.0,41.0,86.0
2374,108.0,48.0,80.0
2375,95.0,29.0,75.0
2376,95.0,27.0,76.0
2377,104.0,20.0,80.0
2378,69.0,16.0,81.0
2379,80.0,18.0,75.0
2380,76.0,21.0,71.0
2381,56.0,20.0,73.0
2382,55.0,19.0,77.0
2383,54.0,18.0,67.0
2384,52.0,23.0,75.0
2385,56.0,24.0,102.0
2386,62.0,29.0,103.0
2387,71.0,33.0,98.0
2388,75.0,31.0,109.0
2389,104.0,36.0,116.0
2390,102.0,24.0,114.0
2391,80.0,24.0,99.0
2392,86.0,32.0,109.0
2393,76.0,35.0,87.0
2394,81.0,36.0,85.0
2395,70.0,33.0,91.0
2396,66.0,57.0,98.0
2397,65.0,53.0,98.0
2398,99.0,33.0,89.0
2399,146.0,27.0,93.0
2400,74.0,25.0,92.0
2401,75.0,24.0,84.0
2402,64.0,23.0,82.0
2403,64.0,25.0,798.0
2404,65.0,21.0,
2405,54.0,21.0,259.0
2406,50.0,25.0,
2407,55.0,32.0,59.0
2408,65.0,29.0,
2409,69.0,36.0,
2410,86.0,39.0,
2411,121.0,35.0,
2412,124.0,33.0,146.0
2413,,50.0,143.0
2414,196.0,79.0,259.0
2415,77.0,68.0,150.0
2416,106.0,72.0,131.0
2417,115.0,81.0,85.0
2418,74.0,86.0,71.0
2419,56.0,89.0,66.0
2420,48.0,90.0,56.0
2421,53.0,94.0,70.0
2422,64.0,105.0,55.0
2423,62.0,94.0,63.0
2424,74.0,84.0,80.0
2425,100.0,87.0,43.0
2426,74.0,74.0,47.0
2427,83.0,71.0,32.0
2428,80.0,48.0,23.0
2429,71.0,50.0,37.0
2430,66.0,45.0,42.0
2431,68.0,57.0,40.0
2432,69.0,87.0,50.0
2433,81.0,121.0,85.0
2434,90.0,112.0,86.0
2435,82.0,88.0,85.0
2436,89.0,77.0,56.0
2437,101.0,72.0,58.0
2438,111.0,81.0,57.0
2439,103.0,78.0,56.0
2440,99.0,65.0,68.0
2441,65.0,77.0,76.0
2442,85.0,89.0,108.0
2443,94.0,76.0,93.0
2444,90.0,84.0,70.0
2445,86.0,93.0,82.0
2446,78.0,112.0,73.0
2447,69.0,121.0,58.0
2448,66.0,100.0,49.0
2449,69.0,76.0,51.0
2450,65.0,63.0,55.0
2451,53.0,70.0,78.0
2452,56.0,42.0,62.0
2453,53.0,46.0,90.0
2454,55.0,46.0,64.0
2455,60.0,43.0,32.0
2456,55.0,78.0,51.0
2457,80.0,118.0,68.0
2458,94.0,114.0,62.0
2459,119.0,74.0,68.0
2460,187.0,77.0,101.0
2461,192.0,64.0,81.0
2462,126.0,84.0,64.0
2463,92.0,80.0,84.0
2464,59.0,83.0,109.0
2465,48.0,101.0,86.0
2466,34.0,90.0,78.0
2467,46.0,90.0,110.0
2468,46.0,87.0,133.0
2469,38.0,90.0,158.0
2470,60.0,83.0,86.0
2471,77.0,98.0,68.0
2472,58.0,100.0,49.0
2473,123.0,69.0,36.0
2474,106.0,61.0,51.0
2475,84.0,56.0,48.0
2476,80.0,56.0,43.0
2477,62.0,43.0,29.0
2478,60.0,52.0,37.0
2479,71.0,75.0,40.0
2480,79.0,72.0,50.0
2481,63.0,68.0,58.0
2482,70.0,89.0,64.0
2483,67.0,133.0,53.0
2484,68.0,144.0,61.0
2485,72.0,121.0,52.0
2486,79.0,102.0,74.0
2487,69.0,128.0,78.0
2488,75.0,158.0,75.0
2489,81.0,184.0,78.0
2490,89.0,158.0,72.0
2491,84.0,138.0,
2492,70.0,156.0,78.0
2493,70.0,145.0,89.0
2494,62.0,165.0,77.0
2495,89.0,153.0,59.0
2496,77.0,115.0,47.0
2497,70.0,112.0,40.0
2498,49.0,137.0,38.0
2499,43.0,93.0,31.0
2500,51.0,104.0,30.0
2501,52.0,76.0,27.0
2502,58.0,62.0,30.0
2503,55.0,73.0,31.0
2504,60.0,90.0,35.0
2505,55.0,111.0,42.0
2506,55.0,127.0,36.0
2507,61.0,162.0,39.0
2508,67.0,200.0,35.0
2509,82.0,135.0,48.0
2510,77.0,77.0,47.0
2511,70.0,68.0,54.0
2512,69.0,59.0,82.0
2513,76.0,55.0,57.0
2514,76.0,50.0,75.0
2515,80.0,41.0,79.0
2516,72.0,38.0,58.0
2517,74.0,53.0,44.0
2518,60.0,88.0,49.0
2519,66.0,85.0,65.0
2520,65.0,91.0,64.0
2521,70.0,120.0,50.0
2522,57.0,86.0,45.0
2523,64.0,161.0,42.0
2524,61.0,132.0,35.0
2525,55.0,118.0,34.0
2526,52.0,148.0,30.0
2527,55.0,55.0,43.0
2528,61.0,76.0,47.0
2529,89.0,63.0,54.0
2530,78.0,50.0,60.0
2531,61.0,59.0,61.0
2532,63.0,55.0,65.0
2533,81.0,62.0,61.0
2534,68.0,50.0,61.0
2535,73.0,52.0,90.0
2536,71.0,140.0,96.0
2537,72.0,78.0,74.0
2538,70.0,78.0,87.0
2539,66.0,78.0,82.0
2540,72.0,66.0,76.0
2541,77.0,62.0,74.0
2542,85.0,49.0,132.0
2543,85.0,61.0,79.0
2544,72.0,58.0,65.0
2545,72.0,70.0,68.0
2546,66.0,58.0,56.0
2547,72.0,48.0,53.0
2548,53.0,47.0,50.0
2549,45.0,41.0,47.0
2550,45.0,39.0,63.0
2551,39.0,45.0,62.0
2552,42.0,54.0,55.0
2553,50.0,78.0,70.0
2554,50.0,93.0,67.0
2555,47.0,82.0,77.0
2556,55.0,90.0,80.0
2557,54.0,82.0,95.0
2558,61.0,81.0,89.0
2559,55.0,69.0,68.0
2560,57.0,75.0,62.0
2561,68.0,75.0,56.0
2562,69.0,79.0,60.0
2563,64.0,95.0,64.0
2564,66.0,88.0,84.0
2565,66.0,100.0,98.0
2566,72.0,108.0,76.0
2567,80.0,89.0,76.0
2568,50.0,59.0,71.0
2569,56.0,56.0,71.0
2570,57.0,56.0,62.0
2571,49.0,55.0,64.0
2572,59.0,54.0,57.0
2573,47.0,41.0,52.0
2574,50.0,39.0,48.0
2575,59.0,42.0,57.0
2576,50.0,57.0,62.0
2577,53.0,61.0,79.0
2578,66.0,56.0,91.0
2579,74.0,47.0,100.0
2580,85.0,44.0,112.0
2581,85.0,53.0,105.0
2582,69.0,61.0,114.0
2583,67.0,64.0,99.0
2584,67.0,89.0,86.0
2585,59.0,94.0,134.0
2586,66.0,90.0,114.0
2587,66.0,76.0,118.0
2588,74.0,84.0,145.0
2589,79.0,82.0,146.0
2590,84.0,85.0,149.0
2591,80.0,117.0,147.0
2592,91.0,69.0,82.0
2593,98.0,53.0,83.0
2594,61.0,58.0,67.0
2595,62.0,49.0,60.0
2596,53.0,45.0,58.0
2597,45.0,33.0,54.0
2598,42.0,46.0,51.0
2599,50.0,50.0,62.0
2600,40.0,55.0,87.0
2601,38.0,70.0,96.0
2602,45.0,76.0,129.0
2603,48.0,75.0,98.0
2604,40.0,66.0,81.0
2605,54.0,64.0,82.0
2606,60.0,62.0,84.0
2607,67.0,74.0,99.0
2608,75.0,84.0,105.0
2609,82.0,79.0,98.0
2610,96.0,97.0,128.0
2611,80.0,90.0,148.0
2612,62.0,101.0,150.0
2613,80.0,88.0,114.0
2614,90.0,89.0,117.0
2615,95.0,88.0,68.0
2616,70.0,70.0,66.0
2617,71.0,58.0,70.0
2618,47.0,63.0,76.0
2619,60.0,60.0,71.0
2620,43.0,45.0,102.0
2621,33.0,44.0,136.0
2622,37.0,56.0,100.0
2623,52.0,52.0,96.0
2624,44.0,58.0,96.0
2625,46.0,68.0,87.0
2626,80.0,88.0,93.0
2627,74.0,83.0,112.0
2628,75.0,78.0,80.0
2629,73.0,69.0,60.0
2630,73.0,68.0,60.0
2631,61.0,69.0,66.0
2632,85.0,90.0,67.0
2633,86.0,88.0,74.0
2634,93.0,88.0,80.0
2635,86.0,97.0,89.0
2636,117.0,93.0,88.0
2637,124.0,90.0,103.0
2638,117.0,89.0,147.0
2639,114.0,107.0,56.0
2640,108.0,97.0,49.0
2641,79.0,77.0,56.0
2642,57.0,74.0,60.0
2643,44.0,65.0,67.0
2644,58.0,54.0,58.0
2645,54.0,55.0,48.0
2646,50.0,75.0,35.0
2647,64.0,65.0,35.0
2648,63.0,72.0,38.0
2649,77.0,96.0,45.0
2650,87.0,118.0,56.0
2651,91.0,101.0,44.0
2652,87.0,130.0,38.0
2653,83.0,98.0,43.0
2654,95.0,74.0,
2655,84.0,59.0,
2656,84.0,53.0,81.0
2657,84.0,198.0,76.0
2658,95.0,128.0,84.0
2659,100.0,190.0,92.0
2660,95.0,121.0,86.0
2661,103.0,78.0,93.0
2662,105.0,86.0,90.0
2663,88.0,95.0,104.0
2664,87.0,77.0,181.0
2665,68.0,63.0,45.0
2666,63.0,58.0,43.0
2667,67.0,70.0,27.0
2668,76.0,47.0,19.0
2669,66.0,53.0,7.0
2670,75.0,65.0,7.0
2671,79.0,51.0,12.0
2672,82.0,53.0,7.0
2673,79.0,56.0,7.0
2674,88.0,61.0,7.0
2675,81.0,67.0,13.0
2676,84.0,54.0,9.0
2677,95.0,81.0,7.0
2678,88.0,78.0,15.0
2679,92.0,90.0,18.0
2680,98.0,92.0,14.0
2681,83.0,79.0,13.0
2682,88.0,110.0,22.0
2683,90.0,86.0,21.0
2684,103.0,,12.0
2685,100.0,84.0,13.0
2686,115.0,57.0,14.0
2687,143.0,64.0,18.0
2688,103.0,49.0,16.0
2689,70.0,50.0,7.0
2690,60.0,,7.0
2691,55.0,35.0,10.0
2692,54.0,38.0,12.0
2693,57.0,43.0,16.0
2694,50.0,41.0,10.0
2695,43.0,44.0,19.0
2696,48.0,38.0,12.0
2697,47.0,43.0,17.0
2698,55.0,46.0,15.0
2699,62.0,50.0,20.0
2700,62.0,46.0,23.0
2701,61.0,50.0,41.0
2702,61.0,39.0,35.0
2703,,102.0,53.0
2704,79.0,131.0,45.0
2705,92.0,187.0,32.0
2706,85.0,67.0,16.0
2707,86.0,44.0,19.0
2708,82.0,31.0,19.0
2709,95.0,30.0,14.0
2710,88.0,30.0,14.0
2711,83.0,26.0,14.0
2712,58.0,24.0,16.0
2713,57.0,26.0,11.0
2714,52.0,26.0,15.0
2715,58.0,28.0,11.0
2716,55.0,29.0,10.0
2717,54.0,30.0,10.0
2718,61.0,35.0,14.0
2719,38.0,27.0,10.0
2720,49.0,27.0,15.0
2721,44.0,27.0,12.0
2722,47.0,29.0,16.0
2723,58.0,25.0,21.0
2724,50.0,24.0,27.0
2725,63.0,35.0,34.0
2726,53.0,42.0,49.0
2727,65.0,53.0,66.0
2728,71.0,67.0,80.0
2729,70.0,59.0,76.0
2730,62.0,55.0,69.0
2731,59.0,71.0,76.0
2732,65.0,56.0,85.0
2733,82.0,54.0,93.0
2734,79.0,44.0,101.0
2735,65.0,40.0,128.0
2736,57.0,45.0,156.0
2737,52.0,43.0,158.0
2738,56.0,40.0,96.0
2739,46.0,41.0,58.0
2740,48.0,42.0,52.0
2741,46.0,47.0,53.0
2742,52.0,41.0,47.0
2743,46.0,32.0,49.0
2744,57.0,26.0,68.0
2745,59.0,39.0,89.0
2746,68.0,34.0,86.0
2747,73.0,53.0,104.0
2748,79.0,53.0,91.0
2749,71.0,64.0,82.0
2750,63.0,64.0,80.0
2751,63.0,44.0,83.0
2752,61.0,64.0,86.0
2753,66.0,73.0,83.0
2754,71.0,64.0,86.0
2755,73.0,58.0,89.0
2756,83.0,57.0,92.0
2757,78.0,57.0,102.0
2758,97.0,60.0,128.0
2759,92.0,67.0,110.0
2760,105.0,58.0,90.0
2761,47.0,64.0,80.0
2762,,67.0,56.0
2763,,55.0,63.0
2764,,52.0,57.0
2765,,55.0,49.0
2766,,50.0,51.0
2767,,39.0,59.0
2768,,50.0,70.0
2769,,68.0,66.0
2770,,69.0,45.0
2771,,55.0,45.0
2772,113.0,55.0,91.0
2773,65.0,52.0,86.0
2774,40.0,298.0,76.0
2775,37.0,92.0,78.0
2776,36.0,82.0,83.0
2777,41.0,80.0,75.0
2778,38.0,85.0,80.0
2779,42.0,87.0,73.0
2780,51.0,95.0,94.0
2781,44.0,85.0,132.0
2782,43.0,87.0,147.0
2783,39.0,96.0,110.0
2784,40.0,111.0,95.0
2785,43.0,102.0,76.0
2786,30.0,62.0,73.0
2787,39.0,57.0,69.0
2788,41.0,50.0,52.0
2789,31.0,47.0,39.0
2790,28.0,38.0,44.0
2791,30.0,55.0,52.0
2792,32.0,63.0,64.0
2793,40.0,82.0,81.0
2794,44.0,117.0,105.0
2795,47.0,119.0,108.0
2796,53.0,118.0,88.0
2797,58.0,75.0,86.0
2798,75.0,66.0,82.0
2799,85.0,60.0,88.0
2800,85.0,53.0,89.0
2801,85.0,46.0,119.0
2802,70.0,69.0,104.0
2803,,86.0,
2804,,82.0,
2805,,84.0,
2806,,93.0,
2807,,70.0,
2808,,86.0,
2809,65.0,53.0,
2810,55.0,44.0,
2811,44.0,50.0,
2812,45.0,39.0,
2813,30.0,36.0,
2814,36.0,33.0,
2815,37.0,39.0,
2816,51.0,59.0,
2817,76.0,54.0,
2818,69.0,55.0,
2819,64.0,62.0,
2820,64.0,60.0,
2821,63.0,60.0,
2822,62.0,74.0,
2823,62.0,71.0,
2824,69.0,85.0,
2825,71.0,102.0,
2826,74.0,93.0,
2827,76.0,106.0,
2828,64.0,89.0,84.0
2829,75.0,88.0,
2830,98.0,85.0,
2831,67.0,102.0,
2832,69.0,77.0,
2833,48.0,,
2834,50.0,,
2835,42.0,,
2836,50.0,,
2837,34.0,,
2838,51.0,,
2839,42.0,,
2840,54.0,,
2841,54.0,,
2842,58.0,,
2843,61.0,,
2844,68.0,,
2845,68.0,,
2846,54.0,,
2847,71.0,,
2848,76.0,,
2849,79.0,15.0,
2850,106.0,,
2851,93.0,73.0,
2852,134.0,40.0,
2853,96.0,47.0,
2854,101.0,54.0,
2855,79.0,78.0,
2856,84.0,,
2857,57.0,,
2858,64.0,,
2859,64.0,,
2860,59.0,,
2861,51.0,,
2862,51.0,,
2863,50.0,71.0,
2864,49.0,,
2865,56.0,,
2866,61.0,,70.0
2867,73.0,,66.0
2868,58.0,,75.0
2869,52.0,71.0,86.0
2870,59.0,,78.0
2871,59.0,,82.0
2872,78.0,,85.0
2873,77.0,,81.0
2874,72.0,,81.0
2875,73.0,50.0,91.0
2876,64.0,49.0,85.0
2877,67.0,,83.0
2878,69.0,,89.0
2879,59.0,,108.0
2880,61.0,,91.0
2881,,,92.0
2882,60.0,63.0,92.0
2883,48.0,,77.0
2884,51.0,,60.0
2885,46.0,,48.0
2886,54.0,,53.0
2887,46.0,,53.0
2888,44.0,,76.0
2889,45.0,,98.0
2890,63.0,,81.0
2891,61.0,,87.0
2892,54.0,,88.0
2893,74.0,,90.0
2894,69.0,,82.0
2895,80.0,,93.0
2896,83.0,,93.0
2897,80.0,,88.0
2898,76.0,,95.0
2899,58.0,,97.0
2900,59.0,,94.0
2901,79.0,,102.0
2902,64.0,,173.0
2903,69.0,,126.0
2904,60.0,,122.0
2905,52.0,,
2906,53.0,,66.0
2907,52.0,35.0,64.0
2908,41.0,42.0,51.0
2909,37.0,,47.0
2910,43.0,,45.0
2911,39.0,,44.0
2912,47.0,,48.0
2913,56.0,,47.0
2914,70.0,,42.0
2915,71.0,,58.0
2916,66.0,48.0,73.0
2917,64.0,,71.0
2918,61.0,95.0,66.0
2919,67.0,69.0,57.0
2920,80.0,,64.0
2921,90.0,,75.0
2922,96.0,,80.0
2923,82.0,,84.0
2924,81.0,92.0,82.0
2925,87.0,78.0,89.0
2926,109.0,80.0,87.0
2927,113.0,84.0,72.0
2928,80.0,,63.0
2929,60.0,81.0,53.0
2930,66.0,59.0,49.0
2931,63.0,53.0,45.0
2932,53.0,54.0,53.0
2933,52.0,54.0,59.0
2934,46.0,50.0,51.0
2935,46.0,45.0,55.0
2936,56.0,55.0,67.0
2937,77.0,43.0,79.0
2938,71.0,41.0,74.0
2939,68.0,39.0,84.0
2940,69.0,51.0,83.0
2941,71.0,64.0,78.0
2942,80.0,74.0,91.0
2943,76.0,90.0,94.0
2944,75.0,95.0,65.0
2945,85.0,123.0,41.0
2946,83.0,102.0,42.0
2947,91.0,93.0,66.0
2948,91.0,88.0,98.0
2949,97.0,85.0,101.0
2950,97.0,77.0,72.0
2951,78.0,83.0,63.0
2952,96.0,110.0,80.0
2953,74.0,109.0,83.0
2954,68.0,98.0,67.0
2955,69.0,63.0,82.0
2956,66.0,61.0,70.0
2957,59.0,61.0,62.0
2958,57.0,52.0,55.0
2959,50.0,65.0,67.0
2960,65.0,76.0,76.0
2961,71.0,91.0,87.0
2962,96.0,104.0,84.0
2963,89.0,86.0,91.0
2964,95.0,95.0,85.0
2965,106.0,103.0,86.0
2966,90.0,97.0,93.0
2967,90.0,106.0,83.0
2968,98.0,93.0,86.0
2969,104.0,96.0,116.0
2970,112.0,111.0,115.0
2971,102.0,91.0,100.0
2972,92.0,96.0,116.0
2973,99.0,97.0,106.0
2974,102.0,121.0,101.0
2975,72.0,109.0,104.0
2976,75.0,94.0,135.0
2977,64.0,92.0,85.0
2978,55.0,83.0,59.0
2979,51.0,65.0,61.0
2980,50.0,76.0,49.0
2981,56.0,59.0,45.0
2982,57.0,63.0,36.0
2983,60.0,61.0,37.0
2984,57.0,56.0,52.0
2985,59.0,75.0,48.0
2986,90.0,78.0,55.0
2987,83.0,120.0,49.0
2988,95.0,158.0,77.0
2989,101.0,108.0,54.0
2990,96.0,120.0,80.0
2991,110.0,117.0,86.0
2992,105.0,118.0,100.0
2993,111.0,133.0,83.0
2994,111.0,112.0,79.0
2995,108.0,109.0,77.0
2996,92.0,108.0,80.0
2997,99.0,130.0,76.0
2998,92.0,119.0,89.0
2999,83.0,107.0,69.0
3000,74.0,117.0,60.0
3001,64.0,178.0,48.0
3002,72.0,131.0,47.0
3003,75.0,65.0,50.0
3004,78.0,71.0,46.0
3005,57.0,63.0,47.0
3006,61.0,72.0,45.0
3007,63.0,64.0,52.0
3008,58.0,83.0,56.0
3009,78.0,78.0,59.0
3010,105.0,72.0,61.0
3011,115.0,92.0,41.0
3012,107.0,94.0,49.0
3013,90.0,94.0,48.0
3014,83.0,86.0,42.0
3015,74.0,124.0,48.0
3016,87.0,159.0,54.0
3017,85.0,138.0,56.0
3018,95.0,135.0,66.0
3019,120.0,112.0,56.0
3020,100.0,104.0,62.0
3021,91.0,104.0,59.0
3022,91.0,110.0,54.0
3023,101.0,122.0,60.0
3024,78.0,100.0,66.0
3025,88.0,88.0,48.0
3026,88.0,81.0,48.0
3027,64.0,80.0,48.0
3028,61.0,73.0,43.0
3029,65.0,66.0,36.0
3030,66.0,66.0,41.0
3031,58.0,71.0,43.0
3032,59.0,73.0,50.0
3033,61.0,89.0,64.0
3034,65.0,75.0,78.0
3035,95.0,68.0,83.0
3036,86.0,72.0,66.0
3037,111.0,83.0,69.0
3038,112.0,71.0,69.0
3039,113.0,107.0,84.0
3040,94.0,93.0,90.0
3041,87.0,108.0,108.0
3042,98.0,104.0,118.0
3043,79.0,81.0,110.0
3044,87.0,72.0,111.0
3045,80.0,52.0,129.0
3046,72.0,76.0,81.0
3047,140.0,56.0,96.0
3048,94.0,50.0,88.0
3049,81.0,41.0,73.0
3050,69.0,53.0,62.0
3051,80.0,47.0,54.0
3052,86.0,45.0,53.0
3053,69.0,40.0,53.0
3054,72.0,41.0,54.0
3055,74.0,42.0,59.0
3056,80.0,43.0,65.0
3057,81.0,54.0,85.0
3058,79.0,69.0,79.0
3059,83.0,84.0,112.0
3060,83.0,82.0,119.0
3061,80.0,79.0,92.0
3062,82.0,77.0,81.0
3063,96.0,65.0,65.0
3064,127.0,59.0,120.0
3065,116.0,74.0,109.0
3066,115.0,80.0,119.0
3067,93.0,113.0,104.0
3068,83.0,83.0,115.0
3069,83.0,83.0,85.0
3070,79.0,80.0,83.0
3071,123.0,98.0,83.0
3072,110.0,64.0,97.0
3073,73.0,77.0,87.0
3074,84.0,33.0,79.0
3075,81.0,43.0,75.0
3076,85.0,38.0,59.0
3077,77.0,31.0,52.0
3078,80.0,39.0,50.0
3079,75.0,57.0,56.0
3080,83.0,63.0,68.0
3081,96.0,55.0,66.0
3082,101.0,74.0,80.0
3083,94.0,76.0,111.0
3084,102.0,75.0,132.0
3085,94.0,80.0,123.0
3086,101.0,78.0,86.0
3087,109.0,97.0,131.0
3088,108.0,79.0,168.0
3089,118.0,88.0,118.0
3090,102.0,86.0,295.0
3091,105.0,93.0,161.0
3092,112.0,89.0,100.0
3093,102.0,84.0,104.0
3094,120.0,123.0,98.0
3095,93.0,108.0,97.0
3096,73.0,79.0,94.0
3097,65.0,66.0,100.0
3098,73.0,44.0,108.0
3099,74.0,31.0,191.0
3100,69.0,35.0,111.0
3101,53.0,37.0,69.0
3102,64.0,26.0,69.0
3103,60.0,25.0,86.0
3104,72.0,33.0,103.0
3105,57.0,47.0,186.0
3106,64.0,55.0,216.0
3107,67.0,62.0,160.0
3108,87.0,62.0,124.0
3109,93.0,43.0,124.0
3110,79.0,54.0,83.0
3111,86.0,65.0,65.0
3112,106.0,95.0,325.0
3113,138.0,86.0,165.0
3114,135.0,85.0,141.0
3115,128.0,,84.0
3116,114.0,90.0,85.0
3117,98.0,84.0,73.0
3118,73.0,104.0,104.0
3119,80.0,94.0,145.0
3120,79.0,102.0,152.0
3121,64.0,83.0,115.0
3122,65.0,68.0,72.0
3123,54.0,53.0,79.0
3124,42.0,61.0,87.0
3125,42.0,52.0,87.0
3126,50.0,58.0,93.0
3127,37.0,48.0,98.0
3128,50.0,65.0,104.0
3129,74.0,82.0,105.0
3130,84.0,69.0,101.0
3131,70.0,75.0,90.0
3132,78.0,81.0,80.0
3133,70.0,76.0,89.0
3134,74.0,89.0,122.0
3135,77.0,92.0,143.0
3136,82.0,84.0,133.0
3137,91.0,94.0,113.0
3138,86.0,107.0,124.0
3139,94.0,101.0,103.0
3140,86.0,90.0,103.0
3141,95.0,74.0,107.0
3142,111.0,91.0,95.0
3143,104.0,113.0,90.0
3144,78.0,104.0,92.0
3145,87.0,76.0,100.0
3146,44.0,67.0,104.0
3147,47.0,72.0,84.0
3148,52.0,69.0,88.0
3149,41.0,72.0,83.0
3150,44.0,63.0,79.0
3151,53.0,80.0,85.0
3152,63.0,83.0,96.0
3153,64.0,97.0,98.0
3154,66.0,84.0,93.0
3155,64.0,112.0,96.0
3156,69.0,108.0,120.0
3157,94.0,108.0,98.0
3158,91.0,107.0,94.0
3159,80.0,105.0,92.0
3160,84.0,120.0,92.0
3161,83.0,121.0,92.0
3162,78.0,123.0,93.0
3163,72.0,122.0,94.0
3164,77.0,111.0,100.0
3165,93.0,160.0,96.0
3166,92.0,123.0,102.0
3167,86.0,54.0,105.0
3168,60.0,41.0,93.0
3169,60.0,50.0,73.0
3170,60.0,59.0,61.0
3171,54.0,47.0,47.0
3172,44.0,55.0,38.0
3173,43.0,42.0,38.0
3174,43.0,29.0,40.0
3175,53.0,32.0,46.0
3176,57.0,30.0,42.0
3177,61.0,28.0,44.0
3178,57.0,41.0,49.0
3179,57.0,43.0,55.0
3180,66.0,39.0,49.0
3181,70.0,54.0,54.0
3182,82.0,34.0,55.0
3183,89.0,81.0,68.0
3184,84.0,68.0,78.0
3185,82.0,68.0,106.0
3186,90.0,64.0,84.0
3187,78.0,57.0,69.0
3188,72.0,57.0,69.0
3189,68.0,66.0,75.0
3190,102.0,65.0,91.0
3191,75.0,67.0,85.0
3192,60.0,72.0,93.0
3193,53.0,102.0,109.0
3194,49.0,116.0,110.0
3195,49.0,73.0,94.0
3196,53.0,50.0,88.0
3197,41.0,35.0,74.0
3198,45.0,36.0,68.0
3199,47.0,35.0,73.0
3200,58.0,44.0,74.0
3201,56.0,45.0,103.0
3202,55.0,43.0,128.0
3203,71.0,42.0,112.0
3204,72.0,41.0,126.0
3205,80.0,35.0,113.0
3206,84.0,32.0,106.0
3207,95.0,39.0,101.0
3208,70.0,61.0,59.0
3209,74.0,52.0,49.0
3210,69.0,50.0,42.0
3211,71.0,50.0,37.0
3212,60.0,48.0,47.0
3213,66.0,52.0,211.0
3214,62.0,50.0,130.0
3215,132.0,62.0,63.0
3216,77.0,62.0,53.0
3217,59.0,103.0,41.0
3218,65.0,100.0,55.0
3219,52.0,58.0,45.0
3220,49.0,53.0,51.0
3221,45.0,48.0,47.0
3222,38.0,55.0,36.0
3223,38.0,48.0,38.0
3224,39.0,56.0,56.0
3225,49.0,95.0,77.0
3226,46.0,126.0,73.0
3227,53.0,94.0,74.0
3228,56.0,59.0,58.0
3229,59.0,42.0,67.0
3230,71.0,40.0,85.0
3231,72.0,40.0,80.0
3232,83.0,48.0,77.0
3233,52.0,45.0,84.0
3234,43.0,55.0,104.0
3235,45.0,72.0,99.0
3236,49.0,58.0,109.0
3237,47.0,61.0,89.0
3238,82.0,45.0,81.0
3239,81.0,25.0,105.0
3240,76.0,29.0,66.0
3241,65.0,36.0,62.0
3242,69.0,38.0,61.0
3243,49.0,36.0,57.0
3244,39.0,54.0,57.0
3245,46.0,48.0,56.0
3246,53.0,28.0,54.0
3247,61.0,45.0,64.0
3248,69.0,47.0,67.0
3249,88.0,62.0,74.0
3250,71.0,43.0,74.0
3251,93.0,46.0,91.0
3252,105.0,48.0,97.0
3253,102.0,42.0,93.0
3254,84.0,39.0,96.0
3255,93.0,41.0,101.0
3256,116.0,43.0,108.0
3257,92.0,49.0,97.0
3258,99.0,54.0,97.0
3259,80.0,70.0,101.0
3260,90.0,74.0,105.0
3261,82.0,97.0,120.0
3262,69.0,85.0,105.0
3263,143.0,68.0,105.0
3264,88.0,56.0,135.0
3265,56.0,53.0,103.0
3266,47.0,84.0,87.0
3267,45.0,84.0,78.0
3268,33.0,62.0,74.0
3269,45.0,51.0,72.0
3270,54.0,33.0,
3271,63.0,52.0,
3272,67.0,76.0,
3273,65.0,118.0,
3274,60.0,75.0,
3275,75.0,75.0,
3276,77.0,51.0,
3277,89.0,38.0,
3278,100.0,53.0,105.0
3279,96.0,62.0,66.0
3280,92.0,58.0,125.0
3281,79.0,90.0,144.0
3282,80.0,87.0,161.0
3283,82.0,80.0,145.0
3284,89.0,94.0,123.0
3285,104.0,88.0,117.0
3286,130.0,87.0,114.0
3287,130.0,89.0,111.0
3288,98.0,122.0,109.0
3289,66.0,58.0,92.0
3290,74.0,49.0,100.0
3291,49.0,30.0,109.0
3292,40.0,39.0,86.0
3293,62.0,26.0,80.0
3294,53.0,44.0,75.0
3295,60.0,60.0,82.0
3296,58.0,73.0,41.0
3297,62.0,84.0,32.0
3298,70.0,65.0,28.0
3299,62.0,52.0,32.0
3300,74.0,60.0,35.0
3301,97.0,77.0,40.0
3302,90.0,64.0,46.0
3303,105.0,63.0,40.0
3304,104.0,73.0,29.0
3305,140.0,108.0,38.0
3306,126.0,85.0,64.0
3307,113.0,88.0,82.0
3308,122.0,81.0,78.0
3309,116.0,79.0,60.0
3310,126.0,76.0,60.0
3311,108.0,84.0,57.0
3312,90.0,83.0,58.0
3313,84.0,86.0,50.0
3314,71.0,65.0,58.0
3315,52.0,75.0,49.0
3316,45.0,67.0,48.0
3317,50.0,54.0,33.0
3318,52.0,76.0,39.0
3319,64.0,69.0,46.0
3320,73.0,62.0,58.0
3321,81.0,129.0,76.0
3322,74.0,98.0,75.0
3323,68.0,79.0,76.0
3324,85.0,69.0,79.0
3325,94.0,79.0,91.0
3326,101.0,62.0,100.0
3327,102.0,56.0,103.0
3328,97.0,61.0,79.0
3329,105.0,84.0,59.0
3330,115.0,75.0,57.0
3331,112.0,88.0,65.0
3332,112.0,96.0,78.0
3333,114.0,78.0,63.0
3334,115.0,80.0,58.0
3335,112.0,93.0,52.0
3336,92.0,96.0,75.0
3337,91.0,56.0,76.0
3338,83.0,58.0,83.0
3339,74.0,50.0,77.0
3340,72.0,39.0,86.0
3341,77.0,36.0,78.0
3342,75.0,37.0,75.0
3343,91.0,39.0,72.0
3344,100.0,42.0,73.0
3345,118.0,54.0,74.0
3346,126.0,75.0,75.0
3347,123.0,69.0,78.0
3348,128.0,69.0,75.0
3349,347.0,110.0,80.0
3350,394.0,44.0,81.0
3351,134.0,25.0,63.0
3352,84.0,26.0,50.0
3353,98.0,22.0,43.0
3354,286.0,22.0,42.0
3355,151.0,24.0,43.0
3356,130.0,25.0,43.0
3357,147.0,41.0,41.0
3358,152.0,28.0,43.0
3359,189.0,24.0,49.0
3360,94.0,26.0,52.0
3361,72.0,25.0,89.0
3362,77.0,30.0,92.0
3363,88.0,33.0,80.0
3364,76.0,22.0,74.0
3365,74.0,36.0,77.0
3366,75.0,35.0,77.0
3367,70.0,32.0,82.0
3368,77.0,26.0,87.0
3369,96.0,29.0,92.0
3370,87.0,32.0,96.0
3371,91.0,36.0,86.0
3372,103.0,26.0,89.0
3373,113.0,31.0,87.0
3374,113.0,32.0,98.0
3375,118.0,56.0,107.0
3376,105.0,57.0,118.0
3377,114.0,55.0,138.0
3378,105.0,56.0,116.0
3379,91.0,46.0,108.0
3380,96.0,48.0,104.0
3381,94.0,42.0,98.0
3382,91.0,52.0,81.0
3383,91.0,71.0,150.0
3384,92.0,95.0,141.0
3385,70.0,92.0,94.0
3386,61.0,77.0,79.0
3387,65.0,60.0,74.0
3388,62.0,80.0,58.0
3389,54.0,64.0,56.0
3390,58.0,42.0,57.0
3391,55.0,53.0,63.0
3392,59.0,59.0,70.0
3393,62.0,66.0,85.0
3394,72.0,84.0,91.0
3395,69.0,106.0,83.0
3396,65.0,78.0,87.0
3397,73.0,55.0,87.0
3398,75.0,65.0,98.0
3399,83.0,76.0,104.0
3400,82.0,78.0,142.0
3401,83.0,68.0,123.0
3402,208.0,61.0,138.0
3403,77.0,55.0,126.0
3404,56.0,68.0,104.0
3405,50.0,77.0,118.0
3406,56.0,73.0,147.0
3407,62.0,79.0,175.0
3408,48.0,101.0,156.0
3409,56.0,94.0,104.0
3410,51.0,69.0,93.0
3411,43.0,46.0,97.0
3412,37.0,41.0,93.0
3413,46.0,36.0,88.0
3414,51.0,40.0,87.0
3415,46.0,41.0,91.0
3416,51.0,55.0,92.0
3417,46.0,73.0,97.0
3418,44.0,76.0,87.0
3419,33.0,70.0,91.0
3420,29.0,71.0,85.0
3421,27.0,67.0,83.0
3422,40.0,69.0,93.0
3423,40.0,68.0,97.0
3424,45.0,71.0,115.0
3425,54.0,54.0,125.0
3426,53.0,65.0,128.0
3427,68.0,71.0,177.0
3428,50.0,72.0,181.0
3429,51.0,78.0,136.0
3430,59.0,79.0,156.0
3431,57.0,77.0,185.0
3432,62.0,,105.0
3433,55.0,55.0,109.0
3434,39.0,45.0,119.0
3435,28.0,39.0,110.0
3436,35.0,31.0,105.0
3437,27.0,35.0,88.0
3438,22.0,29.0,76.0
3439,22.0,44.0,95.0
3440,28.0,53.0,118.0
3441,27.0,61.0,129.0
3442,35.0,81.0,125.0
3443,37.0,62.0,118.0
3444,34.0,67.0,108.0
3445,39.0,61.0,99.0
3446,46.0,58.0,94.0
3447,72.0,65.0,90.0
3448,88.0,68.0,106.0
3449,81.0,74.0,102.0
3450,88.0,76.0,108.0
3451,107.0,66.0,107.0
3452,115.0,79.0,110.0
3453,126.0,82.0,107.0
3454,126.0,101.0,121.0
3455,146.0,97.0,193.0
3456,114.0,79.0,141.0
3457,107.0,63.0,105.0
3458,107.0,44.0,85.0
3459,103.0,37.0,75.0
3460,84.0,37.0,85.0
3461,75.0,30.0,67.0
3462,81.0,29.0,64.0
3463,89.0,32.0,69.0
3464,80.0,43.0,84.0
3465,92.0,65.0,93.0
3466,75.0,68.0,97.0
3467,122.0,54.0,108.0
3468,56.0,69.0,122.0
3469,46.0,61.0,139.0
3470,79.0,60.0,114.0
3471,75.0,70.0,83.0
3472,76.0,61.0,107.0
3473,65.0,63.0,
3474,65.0,69.0,
3475,61.0,71.0,
3476,68.0,75.0,
3477,74.0,65.0,
3478,85.0,75.0,
3479,98.0,102.0,
3480,76.0,49.0,
3481,58.0,58.0,
3482,64.0,47.0,
3483,61.0,42.0,
3484,55.0,36.0,
3485,56.0,37.0,
3486,42.0,41.0,
3487,74.0,40.0,
3488,91.0,56.0,
3489,105.0,51.0,
3490,72.0,49.0,
3491,75.0,63.0,
3492,88.0,66.0,
3493,72.0,62.0,
3494,68.0,64.0,
3495,76.0,65.0,
3496,78.0,38.0,
3497,76.0,,
3498,82.0,,
3499,73.0,,
3500,68.0,,
3501,80.0,9.0,
3502,99.0,79.0,
3503,84.0,76.0,
3504,110.0,63.0,
3505,86.0,64.0,
3506,71.0,95.0,
3507,86.0,58.0,
3508,74.0,48.0,
3509,65.0,53.0,
3510,65.0,43.0,
3511,81.0,41.0,
3512,116.0,51.0,
3513,111.0,55.0,
3514,118.0,52.0,
3515,98.0,66.0,
3516,89.0,70.0,
3517,92.0,68.0,
3518,99.0,76.0,
3519,113.0,100.0,
3520,111.0,80.0,
3521,102.0,88.0,
3522,103.0,83.0,
3523,113.0,80.0,
3524,104.0,79.0,
3525,101.0,61.0,
3526,101.0,58.0,
3527,112.0,63.0,
3528,92.0,44.0,
3529,85.0,44.0,
3530,71.0,38.0,
3531,81.0,54.0,
3532,72.0,38.0,
3533,62.0,30.0,
3534,68.0,30.0,
3535,68.0,25.0,
3536,81.0,33.0,94.0
3537,75.0,20.0,110.0
3538,82.0,19.0,160.0
3539,84.0,20.0,145.0
3540,97.0,29.0,172.0
3541,105.0,39.0,127.0
3542,97.0,35.0,123.0
3543,119.0,38.0,117.0
3544,103.0,35.0,131.0
3545,94.0,35.0,136.0
3546,79.0,37.0,139.0
3547,87.0,29.0,145.0
3548,88.0,28.0,
3549,66.0,31.0,189.0
3550,113.0,36.0,90.0
3551,115.0,33.0,57.0
3552,73.0,24.0,75.0
3553,58.0,12.0,101.0
3554,58.0,,121.0
3555,59.0,,82.0
3556,52.0,,63.0
3557,42.0,,66.0
3558,43.0,26.0,66.0
3559,48.0,23.0,69.0
3560,49.0,,104.0
3561,58.0,,116.0
3562,57.0,,95.0
3563,55.0,42.0,82.0
3564,55.0,30.0,82.0
3565,63.0,28.0,98.0
3566,64.0,22.0,108.0
3567,82.0,27.0,96.0
3568,80.0,55.0,93.0
3569,66.0,48.0,110.0
3570,60.0,51.0,106.0
3571,56.0,54.0,121.0
3572,55.0,67.0,130.0
3573,64.0,71.0,134.0
3574,58.0,56.0,192.0
3575,107.0,53.0,164.0
3576,88.0,59.0,145.0
3577,68.0,38.0,98.0
3578,78.0,47.0,
3579,55.0,59.0,
3580,42.0,33.0,
3581,55.0,46.0,
3582,77.0,41.0,
3583,65.0,37.0,
3584,59.0,34.0,
3585,70.0,69.0,
3586,60.0,71.0,46.0
3587,71.0,75.0,84.0
3588,72.0,58.0,88.0
3589,64.0,55.0,85.0
3590,72.0,45.0,88.0
3591,79.0,47.0,85.0
3592,72.0,36.0,96.0
3593,68.0,58.0,100.0
3594,65.0,66.0,113.0
3595,61.0,54.0,105.0
3596,60.0,69.0,115.0
3597,101.0,67.0,121.0
3598,154.0,71.0,91.0
3599,124.0,65.0,95.0
3600,90.0,63.0,103.0
3601,70.0,55.0,110.0
3602,63.0,44.0,95.0
3603,59.0,42.0,86.0
3604,59.0,48.0,62.0
3605,56.0,47.0,63.0
3606,58.0,37.0,61.0
3607,62.0,36.0,67.0
3608,64.0,55.0,84.0
3609,72.0,57.0,85.0
3610,78.0,66.0,95.0
3611,78.0,77.0,107.0
3612,70.0,73.0,104.0
3613,,68.0,105.0
3614,80.0,69.0,92.0
3615,86.0,70.0,89.0
3616,82.0,68.0,90.0
3617,75.0,68.0,102.0
3618,78.0,62.0,101.0
3619,81.0,57.0,113.0
3620,79.0,66.0,114.0
3621,106.0,63.0,128.0
3622,143.0,65.0,128.0
3623,109.0,73.0,140.0
3624,71.0,58.0,124.0
3625,,,96.0
3626,47.0,40.0,85.0
3627,54.0,42.0,74.0
3628,40.0,39.0,79.0
3629,49.0,36.0,65.0
3630,43.0,40.0,54.0
3631,58.0,43.0,56.0
3632,43.0,54.0,74.0
3633,54.0,32.0,69.0
3634,54.0,70.0,69.0
3635,64.0,65.0,82.0
3636,64.0,61.0,81.0
3637,62.0,77.0,64.0
3638,58.0,64.0,58.0
3639,65.0,63.0,61.0
3640,61.0,75.0,63.0
3641,59.0,82.0,74.0
3642,74.0,75.0,79.0
3643,68.0,67.0,79.0
3644,92.0,65.0,92.0
3645,113.0,68.0,121.0
3646,151.0,75.0,127.0
3647,113.0,52.0,92.0
3648,61.0,57.0,85.0
3649,48.0,61.0,
3650,50.0,45.0,65.0
3651,42.0,53.0,55.0
3652,37.0,34.0,49.0
3653,33.0,35.0,47.0
3654,35.0,39.0,56.0
3655,36.0,42.0,52.0
3656,47.0,50.0,65.0
3657,52.0,53.0,77.0
3658,51.0,57.0,81.0
3659,56.0,50.0,85.0
3660,63.0,53.0,86.0
3661,54.0,71.0,92.0
3662,55.0,61.0,102.0
3663,51.0,58.0,98.0
3664,55.0,67.0,97.0
3665,49.0,73.0,103.0
3666,52.0,73.0,103.0
3667,60.0,71.0,94.0
3668,57.0,72.0,84.0
3669,57.0,78.0,89.0
3670,85.0,65.0,95.0
3671,51.0,62.0,124.0
3672,64.0,66.0,92.0
3673,44.0,61.0,71.0
3674,36.0,46.0,60.0
3675,25.0,45.0,62.0
3676,34.0,42.0,53.0
3677,39.0,36.0,49.0
3678,34.0,33.0,45.0
3679,47.0,28.0,49.0
3680,53.0,28.0,52.0
3681,54.0,30.0,73.0
3682,59.0,41.0,81.0
3683,52.0,72.0,80.0
3684,64.0,63.0,83.0
3685,83.0,67.0,83.0
3686,76.0,62.0,75.0
3687,61.0,82.0,76.0
3688,69.0,84.0,80.0
3689,79.0,65.0,83.0
3690,67.0,67.0,77.0
3691,57.0,57.0,73.0
3692,63.0,61.0,83.0
3693,76.0,56.0,80.0
3694,74.0,53.0,82.0
3695,67.0,55.0,85.0
3696,61.0,45.0,83.0
3697,50.0,44.0,69.0
3698,47.0,28.0,53.0
3699,37.0,33.0,57.0
3700,44.0,23.0,46.0
3701,39.0,23.0,47.0
3702,44.0,23.0,45.0
3703,43.0,26.0,66.0
3704,48.0,25.0,65.0
3705,67.0,27.0,85.0
3706,51.0,33.0,80.0
3707,43.0,31.0,69.0
3708,45.0,25.0,67.0
3709,57.0,26.0,67.0
3710,51.0,42.0,80.0
3711,62.0,57.0,89.0
3712,81.0,58.0,107.0
3713,67.0,48.0,135.0
3714,59.0,42.0,137.0
3715,50.0,36.0,135.0
3716,50.0,37.0,124.0
3717,48.0,46.0,123.0
3718,47.0,43.0,100.0
3719,53.0,58.0,83.0
3720,54.0,72.0,111.0
3721,58.0,50.0,92.0
3722,47.0,48.0,90.0
3723,43.0,32.0,76.0
3724,31.0,28.0,65.0
3725,26.0,27.0,57.0
3726,22.0,25.0,67.0
3727,33.0,28.0,64.0
3728,34.0,37.0,60.0
3729,32.0,55.0,86.0
3730,46.0,58.0,96.0
3731,50.0,39.0,96.0
3732,57.0,32.0,102.0
3733,52.0,39.0,108.0
3734,50.0,43.0,109.0
3735,57.0,42.0,87.0
3736,89.0,47.0,119.0
3737,72.0,36.0,134.0
3738,53.0,46.0,168.0
3739,45.0,64.0,259.0
3740,51.0,44.0,
3741,82.0,49.0,303.0
3742,142.0,119.0,104.0
3743,94.0,66.0,127.0
3744,79.0,47.0,105.0
3745,71.0,41.0,110.0
3746,45.0,35.0,87.0
3747,29.0,28.0,86.0
3748,34.0,27.0,134.0
3749,42.0,37.0,113.0
3750,46.0,35.0,111.0
3751,45.0,53.0,169.0
3752,55.0,64.0,143.0
3753,49.0,93.0,148.0
3754,50.0,88.0,189.0
3755,51.0,78.0,139.0
3756,77.0,55.0,98.0
3757,87.0,43.0,84.0
3758,88.0,43.0,92.0
3759,67.0,58.0,99.0
3760,69.0,57.0,90.0
3761,99.0,55.0,126.0
3762,75.0,61.0,148.0
3763,62.0,59.0,131.0
3764,61.0,61.0,121.0
3765,118.0,71.0,126.0
3766,,70.0,154.0
3767,,78.0,141.0
3768,149.0,105.0,116.0
3769,81.0,84.0,116.0
3770,78.0,55.0,84.0
3771,75.0,37.0,71.0
3772,64.0,33.0,68.0
3773,63.0,32.0,76.0
3774,,35.0,76.0
3775,132.0,46.0,76.0
3776,70.0,55.0,82.0
3777,76.0,65.0,87.0
3778,69.0,104.0,90.0
3779,81.0,64.0,84.0
3780,90.0,66.0,94.0
3781,100.0,65.0,87.0
3782,95.0,78.0,73.0
3783,96.0,90.0,81.0
3784,93.0,,88.0
3785,89.0,11.0,99.0
3786,99.0,,113.0
3787,116.0,,106.0
3788,104.0,,111.0
3789,95.0,,114.0
3790,182.0,68.0,81.0
3791,118.0,68.0,
3792,89.0,,126.0
3793,91.0,,45.0
3794,79.0,,41.0
3795,71.0,,40.0
3796,61.0,,80.0
3797,67.0,28.0,76.0
3798,59.0,32.0,74.0
3799,67.0,,84.0
3800,63.0,,87.0
3801,77.0,,168.0
3802,75.0,,131.0
3803,91.0,52.0,107.0
3804,89.0,46.0,83.0
3805,86.0,48.0,82.0
3806,93.0,68.0,78.0
3807,98.0,75.0,75.0
3808,87.0,,66.0
3809,82.0,15.0,76.0
3810,79.0,,95.0
3811,78.0,104.0,104.0
3812,74.0,75.0,97.0
3813,79.0,86.0,108.0
3814,183.0,78.0,100.0
3815,107.0,72.0,111.0
3816,99.0,114.0,122.0
3817,56.0,101.0,106.0
3818,46.0,83.0,89.0
3819,53.0,68.0,86.0
3820,46.0,51.0,64.0
3821,58.0,44.0,50.0
3822,54.0,49.0,47.0
3823,45.0,43.0,44.0
3824,52.0,51.0,48.0
3825,53.0,65.0,68.0
3826,57.0,65.0,69.0
3827,62.0,57.0,71.0
3828,68.0,66.0,87.0
3829,75.0,80.0,79.0
3830,85.0,76.0,76.0
3831,90.0,98.0,84.0
3832,69.0,92.0,75.0
3833,91.0,84.0,85.0
3834,83.0,81.0,89.0
3835,451.0,77.0,80.0
3836,147.0,71.0,76.0
3837,62.0,77.0,68.0
3838,50.0,83.0,81.0
3839,53.0,93.0,80.0
3840,52.0,101.0,68.0
3841,45.0,73.0,68.0
3842,50.0,55.0,52.0
3843,44.0,57.0,50.0
3844,45.0,41.0,44.0
3845,37.0,34.0,36.0
3846,39.0,36.0,32.0
3847,33.0,43.0,33.0
3848,42.0,64.0,41.0
3849,46.0,57.0,53.0
3850,46.0,69.0,43.0
3851,48.0,65.0,30.0
3852,54.0,74.0,38.0
3853,61.0,71.0,36.0
3854,80.0,81.0,37.0
3855,78.0,81.0,54.0
3856,68.0,83.0,46.0
3857,80.0,107.0,48.0
3858,58.0,101.0,65.0
3859,64.0,81.0,54.0
3860,56.0,83.0,329.0
3861,65.0,66.0,98.0
3862,189.0,68.0,54.0
3863,106.0,83.0,48.0
3864,71.0,109.0,42.0
3865,60.0,77.0,70.0
3866,47.0,71.0,117.0
3867,44.0,65.0,49.0
3868,39.0,64.0,40.0
3869,37.0,62.0,38.0
3870,40.0,45.0,33.0
3871,47.0,40.0,28.0
3872,52.0,42.0,63.0
3873,55.0,51.0,116.0
3874,62.0,53.0,72.0
3875,54.0,50.0,74.0
3876,53.0,60.0,72.0
3877,67.0,65.0,47.0
3878,79.0,55.0,61.0
3879,83.0,68.0,60.0
3880,86.0,68.0,61.0
3881,66.0,71.0,60.0
3882,53.0,57.0,72.0
3883,55.0,64.0,64.0
3884,58.0,61.0,88.0
3885,56.0,54.0,118.0
3886,47.0,64.0,104.0
3887,165.0,70.0,109.0
3888,102.0,80.0,83.0
3889,80.0,63.0,84.0
3890,72.0,60.0,58.0
3891,76.0,40.0,69.0
3892,84.0,36.0,56.0
3893,78.0,37.0,45.0
3894,75.0,41.0,30.0
3895,75.0,40.0,37.0
3896,91.0,55.0,43.0
3897,76.0,61.0,66.0
3898,82.0,68.0,65.0
3899,84.0,69.0,86.0
3900,74.0,75.0,74.0
3901,82.0,79.0,79.0
3902,97.0,73.0,67.0
3903,84.0,77.0,70.0
3904,86.0,94.0,58.0
3905,106.0,84.0,83.0
3906,107.0,80.0,84.0
3907,132.0,75.0,81.0
3908,,85.0,76.0
3909,106.0,77.0,94.0
3910,70.0,68.0,102.0
3911,90.0,85.0,121.0
3912,132.0,79.0,101.0
3913,123.0,88.0,82.0
3914,125.0,63.0,74.0
3915,98.0,55.0,52.0
3916,84.0,50.0,50.0
3917,77.0,57.0,31.0
3918,85.0,52.0,44.0
3919,101.0,54.0,49.0
3920,109.0,67.0,69.0
3921,111.0,69.0,58.0
3922,115.0,73.0,66.0
3923,112.0,85.0,52.0
3924,115.0,93.0,58.0
3925,112.0,118.0,76.0
3926,102.0,124.0,70.0
3927,91.0,118.0,72.0
3928,110.0,123.0,65.0
3929,232.0,111.0,57.0
3930,158.0,95.0,67.0
3931,112.0,105.0,71.0
3932,132.0,89.0,67.0
3933,110.0,94.0,76.0
3934,78.0,93.0,101.0
3935,68.0,,88.0
3936,76.0,100.0,
3937,73.0,87.0,
3938,100.0,74.0,
3939,101.0,64.0,
3940,92.0,61.0,
3941,92.0,54.0,
3942,93.0,60.0,
3943,96.0,60.0,
3944,117.0,66.0,
3945,116.0,80.0,
3946,113.0,77.0,53.0
3947,101.0,128.0,42.0
3948,100.0,157.0,50.0
3949,103.0,137.0,54.0
3950,99.0,122.0,54.0
3951,114.0,120.0,54.0
3952,,115.0,46.0
3953,162.0,198.0,57.0
3954,191.0,122.0,57.0
3955,111.0,83.0,53.0
3956,153.0,82.0,67.0
3957,166.0,82.0,59.0
3958,84.0,99.0,68.0
3959,115.0,126.0,69.0
3960,71.0,133.0,158.0
3961,32.0,101.0,89.0
3962,32.0,99.0,64.0
3963,,91.0,49.0
3964,26.0,78.0,37.0
3965,32.0,79.0,45.0
3966,32.0,80.0,38.0
3967,37.0,84.0,39.0
3968,40.0,91.0,49.0
3969,38.0,92.0,47.0
3970,44.0,101.0,48.0
3971,44.0,90.0,43.0
3972,62.0,101.0,44.0
3973,77.0,92.0,41.0
3974,81.0,91.0,51.0
3975,97.0,95.0,43.0
3976,130.0,87.0,50.0
3977,107.0,128.0,53.0
3978,106.0,125.0,58.0
3979,169.0,122.0,69.0
3980,141.0,98.0,74.0
3981,196.0,93.0,64.0
3982,209.0,120.0,50.0
3983,157.0,112.0,94.0
3984,198.0,156.0,117.0
3985,117.0,114.0,86.0
3986,121.0,88.0,56.0
3987,119.0,84.0,52.0
3988,104.0,72.0,41.0
3989,98.0,67.0,46.0
3990,98.0,68.0,24.0
3991,100.0,70.0,37.0
3992,112.0,70.0,40.0
3993,120.0,94.0,45.0
3994,120.0,74.0,41.0
3995,127.0,77.0,43.0
3996,130.0,81.0,48.0
3997,135.0,86.0,52.0
3998,152.0,89.0,47.0
3999,193.0,84.0,47.0
4000,198.0,87.0,45.0
4001,237.0,113.0,39.0
4002,132.0,102.0,41.0
4003,187.0,109.0,39.0
4004,148.0,110.0,42.0
4005,154.0,86.0,45.0
4006,205.0,91.0,38.0
4007,168.0,117.0,44.0
4008,132.0,118.0,105.0
4009,121.0,98.0,68.0
4010,99.0,72.0,40.0
4011,103.0,65.0,34.0
4012,91.0,66.0,33.0
4013,100.0,67.0,27.0
4014,102.0,58.0,26.0
4015,110.0,58.0,19.0
4016,113.0,61.0,39.0
4017,109.0,85.0,36.0
4018,101.0,77.0,32.0
4019,108.0,75.0,31.0
4020,119.0,87.0,39.0
4021,118.0,90.0,50.0
4022,128.0,97.0,50.0
4023,97.0,92.0,53.0
4024,93.0,93.0,40.0
4025,85.0,115.0,35.0
4026,72.0,115.0,31.0
4027,78.0,90.0,20.0
4028,87.0,79.0,25.0
4029,86.0,69.0,37.0
4030,149.0,82.0,29.0
4031,72.0,96.0,60.0
4032,64.0,93.0,99.0
4033,60.0,59.0,51.0
4034,69.0,66.0,38.0
4035,50.0,68.0,26.0
4036,58.0,,23.0
4037,54.0,,21.0
4038,56.0,,18.0
4039,65.0,,19.0
4040,68.0,,33.0
4041,64.0,,48.0
4042,92.0,,40.0
4043,74.0,,41.0
4044,71.0,,46.0
4045,72.0,,50.0
4046,68.0,,53.0
4047,58.0,,67.0
4048,60.0,,64.0
4049,58.0,,60.0
4050,48.0,,52.0
4051,159.0,,58.0
4052,47.0,,56.0
4053,43.0,,58.0
4054,41.0,,55.0
4055,33.0,,128.0
4056,33.0,,102.0
4057,29.0,,65.0
4058,36.0,,41.0
4059,39.0,56.0,35.0
4060,19.0,65.0,27.0
4061,18.0,,17.0
4062,31.0,,23.0
4063,32.0,,29.0
4064,36.0,,39.0
4065,34.0,73.0,32.0
4066,28.0,64.0,47.0
4067,32.0,92.0,53.0
4068,45.0,85.0,52.0
4069,38.0,98.0,45.0
4070,44.0,96.0,46.0
4071,36.0,107.0,38.0
4072,38.0,117.0,39.0
4073,29.0,126.0,30.0
4074,45.0,128.0,35.0
4075,60.0,88.0,47.0
4076,49.0,70.0,46.0
4077,39.0,72.0,48.0
4078,55.0,92.0,67.0
4079,36.0,93.0,
4080,36.0,95.0,55.0
4081,40.0,86.0,51.0
4082,32.0,72.0,42.0
4083,40.0,65.0,38.0
4084,29.0,71.0,28.0
4085,34.0,72.0,21.0
4086,41.0,71.0,21.0
4087,53.0,73.0,17.0
4088,31.0,79.0,22.0
4089,44.0,92.0,25.0
4090,49.0,92.0,38.0
4091,40.0,75.0,27.0
4092,40.0,71.0,34.0
4093,35.0,86.0,35.0
4094,42.0,99.0,50.0
4095,65.0,100.0,30.0
4096,64.0,93.0,16.0
4097,65.0,113.0,14.0
4098,68.0,115.0,13.0
4099,61.0,109.0,14.0
4100,57.0,90.0,12.0
4101,19.0,89.0,10.0
4102,,102.0,8.0
4103,128.0,109.0,7.0
4104,60.0,105.0,7.0
4105,52.0,119.0,4.0
4106,54.0,106.0,3.0
4107,30.0,79.0,4.0
4108,41.0,,3.0
4109,48.0,74.0,6.0
4110,46.0,68.0,16.0
4111,56.0,75.0,19.0
4112,52.0,74.0,18.0
4113,41.0,76.0,26.0
4114,43.0,110.0,27.0
4115,47.0,99.0,16.0
4116,52.0,83.0,21.0
4117,55.0,90.0,18.0
4118,48.0,83.0,10.0
4119,47.0,88.0,11.0
4120,45.0,82.0,9.0
4121,45.0,89.0,10.0
4122,49.0,81.0,13.0
4123,45.0,102.0,12.0
4124,265.0,121.0,14.0
4125,76.0,101.0,10.0
4126,44.0,99.0,6.0
4127,40.0,107.0,6.0
4128,32.0,123.0,16.0
4129,14.0,120.0,20.0
4130,16.0,73.0,18.0
4131,32.0,68.0,21.0
4132,19.0,63.0,25.0
4133,18.0,61.0,29.0
4134,21.0,63.0,18.0
4135,21.0,69.0,23.0
4136,31.0,72.0,32.0
4137,42.0,78.0,35.0
4138,40.0,80.0,40.0
4139,54.0,89.0,42.0
4140,61.0,88.0,41.0
4141,62.0,72.0,41.0
4142,61.0,92.0,24.0
4143,92.0,100.0,26.0
4144,96.0,101.0,22.0
4145,84.0,120.0,23.0
4146,86.0,109.0,25.0
4147,113.0,91.0,30.0
4148,97.0,88.0,38.0
4149,118.0,89.0,48.0
4150,78.0,79.0,58.0
4151,61.0,94.0,37.0
4152,50.0,108.0,28.0
4153,46.0,93.0,26.0
4154,36.0,62.0,21.0
4155,28.0,68.0,20.0
4156,23.0,61.0,31.0
4157,19.0,61.0,23.0
4158,33.0,53.0,18.0
4159,33.0,61.0,16.0
4160,44.0,73.0,21.0
4161,42.0,73.0,18.0
4162,35.0,63.0,24.0
4163,52.0,72.0,25.0
4164,53.0,72.0,24.0
4165,74.0,83.0,28.0
4166,86.0,83.0,34.0
4167,99.0,77.0,27.0
4168,94.0,84.0,23.0
4169,98.0,112.0,14.0
4170,102.0,117.0,21.0
4171,82.0,104.0,23.0
4172,75.0,104.0,23.0
4173,77.0,98.0,25.0
4174,71.0,89.0,23.0
4175,81.0,150.0,20.0
4176,89.0,85.0,32.0
4177,68.0,61.0,37.0
4178,70.0,61.0,43.0
4179,68.0,59.0,49.0
4180,60.0,43.0,32.0
4181,60.0,48.0,27.0
4182,60.0,35.0,29.0
4183,62.0,32.0,31.0
4184,76.0,44.0,20.0
4185,79.0,46.0,29.0
4186,86.0,46.0,20.0
4187,81.0,50.0,17.0
4188,79.0,71.0,21.0
4189,102.0,65.0,20.0
4190,78.0,74.0,20.0
4191,83.0,77.0,25.0
4192,77.0,100.0,17.0
4193,76.0,76.0,16.0
4194,78.0,87.0,11.0
4195,,79.0,13.0
4196,75.0,63.0,18.0
4197,83.0,57.0,15.0
4198,76.0,60.0,17.0
4199,,76.0,25.0
4200,,57.0,29.0
4201,33.0,51.0,18.0
4202,34.0,40.0,13.0
4203,37.0,41.0,14.0
4204,26.0,36.0,15.0
4205,24.0,31.0,18.0
4206,25.0,42.0,15.0
4207,25.0,40.0,21.0
4208,23.0,37.0,24.0
4209,31.0,36.0,17.0
4210,28.0,33.0,30.0
4211,29.0,32.0,29.0
4212,41.0,37.0,42.0
4213,49.0,47.0,33.0
4214,,58.0,34.0
4215,58.0,72.0,47.0
4216,51.0,76.0,45.0
4217,41.0,54.0,42.0
4218,43.0,50.0,34.0
4219,41.0,48.0,59.0
4220,35.0,44.0,54.0
4221,38.0,42.0,64.0
4222,90.0,45.0,84.0
4223,97.0,54.0,60.0
4224,64.0,68.0,54.0
4225,40.0,41.0,51.0
4226,29.0,37.0,40.0
4227,36.0,30.0,43.0
4228,21.0,25.0,39.0
4229,30.0,29.0,33.0
4230,20.0,28.0,27.0
4231,25.0,34.0,30.0
4232,27.0,41.0,37.0
4233,23.0,53.0,60.0
4234,20.0,55.0,74.0
4235,22.0,52.0,72.0
4236,22.0,50.0,74.0
4237,30.0,60.0,77.0
4238,19.0,59.0,70.0
4239,28.0,73.0,69.0
4240,31.0,102.0,66.0
4241,22.0,80.0,57.0
4242,25.0,88.0,63.0
4243,21.0,138.0,55.0
4244,24.0,86.0,63.0
4245,21.0,70.0,88.0
4246,60.0,81.0,79.0
4247,64.0,66.0,55.0
4248,61.0,78.0,76.0
4249,26.0,85.0,58.0
4250,42.0,61.0,48.0
4251,28.0,58.0,42.0
4252,20.0,51.0,33.0
4253,20.0,49.0,25.0
4254,18.0,41.0,30.0
4255,22.0,54.0,28.0
4256,33.0,63.0,54.0
4257,28.0,62.0,53.0
4258,36.0,56.0,51.0
4259,30.0,62.0,44.0
4260,38.0,64.0,50.0
4261,33.0,60.0,47.0
4262,41.0,69.0,61.0
4263,33.0,93.0,63.0
4264,36.0,98.0,72.0
4265,28.0,88.0,68.0
4266,28.0,119.0,75.0
4267,36.0,183.0,66.0
4268,48.0,198.0,78.0
4269,29.0,128.0,82.0
4270,248.0,89.0,70.0
4271,54.0,81.0,65.0
4272,44.0,107.0,67.0
4273,32.0,73.0,63.0
4274,31.0,68.0,51.0
4275,27.0,61.0,33.0
4276,26.0,67.0,31.0
4277,24.0,57.0,24.0
4278,32.0,47.0,32.0
4279,25.0,42.0,21.0
4280,34.0,52.0,33.0
4281,44.0,58.0,44.0
4282,51.0,49.0,41.0
4283,29.0,46.0,34.0
4284,26.0,61.0,28.0
4285,30.0,59.0,39.0
4286,34.0,65.0,45.0
4287,31.0,89.0,57.0
4288,29.0,82.0,52.0
4289,34.0,93.0,42.0
4290,35.0,101.0,48.0
4291,30.0,103.0,47.0
4292,28.0,77.0,60.0
4293,34.0,81.0,59.0
4294,49.0,105.0,78.0
4295,51.0,125.0,84.0
4296,46.0,76.0,84.0
4297,18.0,58.0,84.0
4298,17.0,43.0,46.0
4299,16.0,40.0,50.0
4300,18.0,38.0,42.0
4301,16.0,33.0,31.0
4302,12.0,35.0,27.0
4303,13.0,31.0,27.0
4304,30.0,39.0,40.0
4305,3.0,55.0,46.0
4306,,47.0,50.0
4307,37.0,60.0,49.0
4308,31.0,44.0,63.0
4309,23.0,58.0,56.0
4310,32.0,69.0,61.0
4311,36.0,65.0,76.0
4312,36.0,79.0,75.0
4313,25.0,93.0,76.0
4314,28.0,83.0,67.0
4315,49.0,74.0,70.0
4316,36.0,65.0,80.0
4317,36.0,58.0,75.0
4318,49.0,64.0,80.0
4319,42.0,85.0,84.0
4320,33.0,114.0,88.0
4321,34.0,61.0,62.0
4322,38.0,48.0,55.0
4323,52.0,45.0,54.0
4324,41.0,29.0,44.0
4325,60.0,28.0,53.0
4326,5.0,37.0,41.0
4327,,36.0,43.0
4328,,37.0,62.0
4329,,44.0,67.0
4330,62.0,37.0,63.0
4331,49.0,50.0,59.0
4332,36.0,47.0,57.0
4333,22.0,63.0,58.0
4334,31.0,71.0,67.0
4335,28.0,69.0,71.0
4336,39.0,91.0,81.0
4337,,86.0,118.0
4338,131.0,70.0,78.0
4339,55.0,73.0,87.0
4340,59.0,61.0,93.0
4341,112.0,59.0,88.0
4342,63.0,48.0,78.0
4343,68.0,64.0,69.0
4344,75.0,76.0,67.0
4345,,,46.0
4346,64.0,39.0,33.0
4347,55.0,37.0,31.0
4348,45.0,31.0,19.0
4349,43.0,38.0,22.0
4350,51.0,32.0,27.0
4351,48.0,32.0,25.0
4352,57.0,32.0,24.0
4353,53.0,40.0,29.0
4354,49.0,48.0,27.0
4355,44.0,42.0,18.0
4356,53.0,,22.0
4357,56.0,71.0,14.0
4358,49.0,58.0,17.0
4359,49.0,57.0,21.0
4360,46.0,78.0,27.0
4361,54.0,73.0,15.0
4362,48.0,67.0,18.0
4363,42.0,58.0,16.0
4364,65.0,52.0,13.0
4365,65.0,49.0,21.0
4366,57.0,45.0,19.0
4367,67.0,69.0,14.0
4368,79.0,103.0,20.0
4369,64.0,50.0,
4370,56.0,40.0,17.0
4371,54.0,39.0,14.0
4372,56.0,35.0,13.0
4373,64.0,30.0,16.0
4374,53.0,31.0,18.0
4375,52.0,32.0,19.0
4376,57.0,30.0,16.0
4377,54.0,32.0,21.0
4378,53.0,33.0,42.0
4379,51.0,27.0,50.0
4380,61.0,42.0,42.0
4381,68.0,41.0,54.0
4382,60.0,49.0,67.0
4383,61.0,48.0,78.0
4384,57.0,60.0,76.0
4385,84.0,59.0,60.0
4386,83.0,51.0,48.0
4387,85.0,78.0,56.0
4388,75.0,47.0,48.0
4389,58.0,50.0,74.0
4390,72.0,46.0,87.0
4391,62.0,50.0,77.0
4392,63.0,57.0,47.0
4393,54.0,39.0,55.0
4394,66.0,32.0,57.0
4395,51.0,21.0,50.0
4396,52.0,20.0,40.0
4397,39.0,21.0,44.0
4398,40.0,21.0,46.0
4399,39.0,22.0,43.0
4400,33.0,25.0,52.0
4401,32.0,36.0,57.0
4402,40.0,49.0,63.0
4403,34.0,53.0,73.0
4404,39.0,60.0,66.0
4405,44.0,72.0,71.0
4406,60.0,63.0,65.0
4407,51.0,60.0,63.0
4408,54.0,60.0,74.0
4409,52.0,63.0,86.0
4410,48.0,68.0,80.0
4411,43.0,55.0,77.0
4412,41.0,65.0,79.0
4413,35.0,84.0,85.0
4414,106.0,70.0,99.0
4415,78.0,51.0,94.0
4416,53.0,52.0,94.0
4417,43.0,33.0,92.0
4418,42.0,39.0,
4419,35.0,34.0,80.0
4420,27.0,39.0,83.0
4421,36.0,48.0,71.0
4422,43.0,48.0,61.0
4423,51.0,47.0,64.0
4424,54.0,56.0,65.0
4425,50.0,72.0,64.0
4426,55.0,63.0,61.0
4427,58.0,66.0,61.0
4428,59.0,56.0,68.0
4429,57.0,55.0,64.0
4430,64.0,65.0,66.0
4431,58.0,69.0,68.0
4432,57.0,75.0,71.0
4433,72.0,62.0,68.0
4434,91.0,52.0,62.0
4435,91.0,50.0,66.0
4436,72.0,49.0,78.0
4437,49.0,60.0,77.0
4438,60.0,64.0,87.0
4439,117.0,108.0,85.0
4440,90.0,71.0,71.0
4441,72.0,67.0,59.0
4442,67.0,49.0,55.0
4443,83.0,45.0,52.0
4444,59.0,44.0,48.0
4445,54.0,43.0,37.0
4446,51.0,39.0,35.0
4447,58.0,37.0,38.0
4448,64.0,45.0,41.0
4449,67.0,52.0,67.0
4450,65.0,51.0,68.0
4451,74.0,51.0,70.0
4452,68.0,47.0,69.0
4453,78.0,54.0,61.0
4454,78.0,60.0,69.0
4455,85.0,59.0,72.0
4456,75.0,72.0,77.0
4457,63.0,77.0,88.0
4458,71.0,65.0,68.0
4459,81.0,56.0,60.0
4460,83.0,50.0,69.0
4461,76.0,61.0,66.0
4462,77.0,52.0,75.0
4463,157.0,52.0,82.0
4464,100.0,49.0,79.0
4465,80.0,42.0,88.0
4466,87.0,43.0,78.0
4467,76.0,36.0,76.0
4468,66.0,34.0,61.0
4469,68.0,32.0,62.0
4470,61.0,31.0,69.0
4471,68.0,37.0,55.0
4472,66.0,43.0,65.0
4473,68.0,48.0,74.0
4474,68.0,50.0,71.0
4475,67.0,51.0,67.0
4476,65.0,49.0,71.0
4477,72.0,49.0,66.0
4478,79.0,55.0,61.0
4479,66.0,43.0,50.0
4480,69.0,72.0,65.0
4481,61.0,63.0,71.0
4482,61.0,73.0,62.0
4483,64.0,65.0,67.0
4484,67.0,32.0,78.0
4485,60.0,36.0,87.0
4486,57.0,41.0,99.0
4487,100.0,60.0,116.0
4488,94.0,47.0,99.0
4489,50.0,62.0,82.0
4490,40.0,46.0,74.0
4491,33.0,43.0,63.0
4492,28.0,45.0,58.0
4493,34.0,42.0,52.0
4494,37.0,37.0,52.0
4495,36.0,40.0,57.0
4496,40.0,75.0,57.0
4497,43.0,100.0,70.0
4498,49.0,83.0,72.0
4499,36.0,76.0,56.0
4500,46.0,72.0,60.0
4501,54.0,65.0,77.0
4502,56.0,75.0,77.0
4503,70.0,68.0,81.0
4504,73.0,70.0,86.0
4505,67.0,78.0,77.0
4506,60.0,73.0,74.0
4507,55.0,68.0,71.0
4508,47.0,78.0,64.0
4509,50.0,78.0,63.0
4510,54.0,76.0,75.0
4511,126.0,73.0,87.0
4512,78.0,84.0,103.0
4513,62.0,85.0,123.0
4514,43.0,60.0,108.0
4515,48.0,58.0,98.0
4516,47.0,57.0,77.0
4517,42.0,47.0,56.0
4518,41.0,51.0,43.0
4519,58.0,49.0,45.0
4520,64.0,63.0,57.0
4521,61.0,69.0,59.0
4522,62.0,65.0,101.0
4523,61.0,67.0,79.0
4524,63.0,59.0,67.0
4525,86.0,57.0,62.0
4526,95.0,70.0,53.0
4527,90.0,86.0,45.0
4528,86.0,77.0,30.0
4529,90.0,78.0,27.0
4530,91.0,89.0,26.0
4531,97.0,79.0,33.0
4532,72.0,56.0,28.0
4533,95.0,71.0,28.0
4534,132.0,58.0,54.0
4535,138.0,44.0,60.0
4536,83.0,46.0,59.0
4537,63.0,48.0,64.0
4538,51.0,45.0,82.0
4539,47.0,39.0,69.0
4540,46.0,30.0,59.0
4541,51.0,38.0,45.0
4542,58.0,33.0,33.0
4543,62.0,28.0,51.0
4544,67.0,31.0,70.0
4545,67.0,32.0,91.0
4546,69.0,43.0,110.0
4547,76.0,42.0,98.0
4548,68.0,37.0,74.0
4549,70.0,47.0,72.0
4550,71.0,66.0,62.0
4551,74.0,75.0,55.0
4552,57.0,78.0,54.0
4553,57.0,58.0,57.0
4554,53.0,55.0,52.0
4555,49.0,48.0,48.0
4556,41.0,53.0,63.0
4557,44.0,54.0,134.0
4558,43.0,67.0,66.0
4559,79.0,81.0,59.0
4560,68.0,67.0,61.0
4561,65.0,52.0,48.0
4562,76.0,46.0,40.0
4563,67.0,50.0,32.0
4564,53.0,52.0,34.0
4565,48.0,46.0,29.0
4566,37.0,49.0,30.0
4567,32.0,54.0,28.0
4568,35.0,53.0,38.0
4569,43.0,53.0,50.0
4570,47.0,45.0,57.0
4571,39.0,48.0,48.0
4572,43.0,63.0,41.0
4573,46.0,61.0,58.0
4574,51.0,56.0,52.0
4575,49.0,81.0,49.0
4576,28.0,78.0,41.0
4577,30.0,75.0,45.0
4578,28.0,64.0,53.0
4579,30.0,57.0,60.0
4580,31.0,55.0,55.0
4581,38.0,61.0,59.0
4582,50.0,64.0,57.0
4583,45.0,88.0,63.0
4584,79.0,71.0,66.0
4585,50.0,58.0,62.0
4586,48.0,54.0,46.0
4587,34.0,43.0,36.0
4588,30.0,40.0,34.0
4589,30.0,41.0,28.0
4590,35.0,45.0,30.0
4591,38.0,46.0,27.0
4592,49.0,53.0,26.0
4593,57.0,64.0,30.0
4594,69.0,52.0,31.0
4595,87.0,52.0,31.0
4596,83.0,65.0,52.0
4597,,71.0,50.0
4598,36.0,76.0,52.0
4599,33.0,66.0,46.0
4600,30.0,94.0,36.0
4601,41.0,66.0,34.0
4602,37.0,75.0,106.0
4603,48.0,69.0,42.0
4604,64.0,65.0,22.0
4605,46.0,64.0,32.0
4606,55.0,81.0,35.0
4607,117.0,98.0,20.0
4608,94.0,78.0,40.0
4609,71.0,64.0,56.0
4610,51.0,52.0,57.0
4611,41.0,51.0,48.0
4612,35.0,53.0,44.0
4613,42.0,63.0,45.0
4614,49.0,52.0,36.0
4615,46.0,42.0,35.0
4616,51.0,60.0,59.0
4617,55.0,72.0,73.0
4618,74.0,61.0,54.0
4619,55.0,55.0,54.0
4620,,54.0,
4621,78.0,64.0,38.0
4622,,80.0,42.0
4623,52.0,70.0,49.0
4624,45.0,64.0,47.0
4625,46.0,51.0,64.0
4626,70.0,91.0,74.0
4627,46.0,113.0,65.0
4628,42.0,68.0,100.0
4629,50.0,72.0,70.0
4630,78.0,111.0,58.0
4631,94.0,75.0,34.0
4632,64.0,73.0,27.0
4633,54.0,66.0,27.0
4634,60.0,51.0,30.0
4635,38.0,49.0,17.0
4636,40.0,42.0,20.0
4637,34.0,43.0,27.0
4638,32.0,33.0,38.0
4639,40.0,40.0,29.0
4640,44.0,43.0,39.0
4641,52.0,62.0,46.0
4642,52.0,45.0,53.0
4643,68.0,46.0,67.0
4644,60.0,70.0,67.0
4645,57.0,72.0,76.0
4646,62.0,68.0,76.0
4647,57.0,79.0,70.0
4648,51.0,108.0,70.0
4649,43.0,84.0,78.0
4650,42.0,85.0,75.0
4651,34.0,68.0,82.0
4652,37.0,68.0,89.0
4653,178.0,77.0,118.0
4654,102.0,88.0,87.0
4655,57.0,105.0,48.0
4656,53.0,122.0,
4657,44.0,98.0,
4658,40.0,82.0,
4659,24.0,79.0,
4660,,69.0,
4661,66.0,61.0,
4662,39.0,55.0,
4663,40.0,50.0,
4664,49.0,59.0,
4665,54.0,76.0,
4666,47.0,62.0,
4667,46.0,59.0,
4668,49.0,70.0,
4669,43.0,76.0,
4670,44.0,70.0,
4671,49.0,74.0,
4672,41.0,97.0,
4673,42.0,97.0,
4674,48.0,88.0,
4675,60.0,76.0,
4676,68.0,77.0,
4677,76.0,76.0,
4678,85.0,81.0,
4679,57.0,96.0,
4680,71.0,113.0,
4681,41.0,98.0,
4682,28.0,71.0,
4683,36.0,72.0,
4684,37.0,65.0,
4685,31.0,56.0,
4686,49.0,52.0,
4687,38.0,58.0,
4688,45.0,57.0,
4689,47.0,69.0,
4690,44.0,67.0,
4691,31.0,72.0,
4692,45.0,77.0,
4693,50.0,93.0,
4694,48.0,76.0,
4695,43.0,104.0,
4696,49.0,91.0,
4697,46.0,90.0,
4698,62.0,88.0,
4699,44.0,93.0,
4700,46.0,84.0,
4701,36.0,85.0,
4702,45.0,80.0,
4703,106.0,102.0,
4704,60.0,118.0,
4705,56.0,86.0,
4706,42.0,75.0,
4707,56.0,82.0,
4708,61.0,77.0,
4709,60.0,61.0,
4710,49.0,62.0,
4711,56.0,67.0,
4712,65.0,74.0,
4713,75.0,68.0,
4714,73.0,71.0,56.0
4715,77.0,69.0,50.0
4716,78.0,72.0,44.0
4717,73.0,70.0,41.0
4718,81.0,80.0,49.0
4719,73.0,79.0,55.0
4720,65.0,83.0,72.0
4721,77.0,92.0,64.0
4722,86.0,96.0,
4723,115.0,65.0,
4724,148.0,49.0,80.0
4725,158.0,51.0,70.0
4726,128.0,66.0,74.0
4727,116.0,99.0,74.0
4728,114.0,95.0,77.0
4729,108.0,72.0,67.0
4730,97.0,63.0,56.0
4731,211.0,69.0,66.0
4732,85.0,55.0,52.0
4733,86.0,50.0,58.0
4734,75.0,51.0,59.0
4735,80.0,51.0,62.0
4736,75.0,62.0,65.0
4737,75.0,64.0,68.0
4738,75.0,61.0,79.0
4739,82.0,66.0,61.0
4740,86.0,67.0,59.0
4741,82.0,84.0,60.0
4742,84.0,81.0,
4743,92.0,80.0,201.0
4744,83.0,77.0,79.0
4745,99.0,59.0,75.0
4746,101.0,59.0,73.0
4747,92.0,58.0,72.0
4748,83.0,61.0,85.0
4749,73.0,48.0,88.0
4750,90.0,56.0,85.0
4751,169.0,74.0,89.0
4752,125.0,92.0,81.0
4753,103.0,95.0,44.0
4754,97.0,81.0,42.0
4755,89.0,93.0,45.0
4756,88.0,58.0,39.0
4757,83.0,68.0,42.0
4758,91.0,56.0,35.0
4759,95.0,68.0,31.0
4760,96.0,76.0,43.0
4761,89.0,79.0,42.0
4762,86.0,70.0,52.0
4763,96.0,66.0,51.0
4764,104.0,82.0,43.0
4765,89.0,85.0,45.0
4766,88.0,94.0,54.0
4767,85.0,91.0,45.0
4768,76.0,101.0,60.0
4769,68.0,72.0,56.0
4770,69.0,71.0,58.0
4771,73.0,86.0,68.0
4772,69.0,79.0,82.0
4773,69.0,70.0,95.0
4774,61.0,87.0,102.0
4775,155.0,148.0,103.0
4776,80.0,137.0,100.0
4777,68.0,96.0,85.0
4778,87.0,70.0,50.0
4779,59.0,61.0,21.0
4780,49.0,64.0,20.0
4781,57.0,72.0,14.0
4782,52.0,72.0,15.0
4783,60.0,70.0,16.0
4784,56.0,70.0,15.0
4785,74.0,84.0,29.0
4786,64.0,73.0,33.0
4787,79.0,69.0,24.0
4788,78.0,78.0,36.0
4789,68.0,79.0,48.0
4790,75.0,93.0,47.0
4791,65.0,91.0,60.0
4792,72.0,92.0,64.0
4793,66.0,94.0,64.0
4794,76.0,109.0,66.0
4795,69.0,88.0,60.0
4796,81.0,66.0,58.0
4797,67.0,81.0,74.0
4798,66.0,214.0,67.0
4799,71.0,153.0,62.0
4800,72.0,95.0,62.0
4801,71.0,81.0,55.0
4802,75.0,60.0,49.0
4803,70.0,65.0,57.0
4804,56.0,73.0,32.0
4805,57.0,52.0,36.0
4806,62.0,48.0,32.0
4807,53.0,48.0,34.0
4808,62.0,50.0,33.0
4809,63.0,59.0,43.0
4810,66.0,59.0,39.0
4811,68.0,50.0,41.0
4812,66.0,65.0,43.0
4813,75.0,65.0,50.0
4814,69.0,,71.0
4815,69.0,113.0,82.0
4816,61.0,92.0,72.0
4817,66.0,97.0,
4818,67.0,101.0,
4819,72.0,98.0,93.0
4820,79.0,79.0,91.0
4821,77.0,108.0,118.0
4822,75.0,96.0,120.0
4823,102.0,148.0,116.0
4824,145.0,92.0,166.0
4825,96.0,66.0,152.0
4826,92.0,50.0,117.0
4827,85.0,48.0,88.0
4828,53.0,59.0,73.0
4829,73.0,47.0,68.0
4830,79.0,58.0,62.0
4831,70.0,53.0,66.0
4832,69.0,64.0,67.0
4833,72.0,70.0,70.0
4834,61.0,66.0,75.0
4835,76.0,63.0,68.0
4836,77.0,57.0,66.0
4837,92.0,80.0,79.0
4838,78.0,77.0,84.0
4839,82.0,90.0,
4840,83.0,88.0,
4841,85.0,95.0,67.0
4842,93.0,79.0,62.0
4843,76.0,76.0,
4844,88.0,61.0,
4845,77.0,68.0,
4846,388.0,75.0,70.0
4847,162.0,114.0,71.0
4848,93.0,73.0,51.0
4849,72.0,69.0,57.0
4850,63.0,51.0,38.0
4851,75.0,50.0,33.0
4852,74.0,46.0,31.0
4853,75.0,41.0,24.0
4854,67.0,38.0,29.0
4855,61.0,37.0,20.0
4856,62.0,56.0,29.0
4857,62.0,49.0,36.0
4858,61.0,68.0,32.0
4859,67.0,54.0,38.0
4860,67.0,64.0,32.0
4861,78.0,69.0,34.0
4862,99.0,86.0,46.0
4863,89.0,65.0,46.0
4864,87.0,68.0,49.0
4865,87.0,87.0,46.0
4866,63.0,72.0,
4867,68.0,56.0,
4868,69.0,43.0,
4869,113.0,78.0,
4870,336.0,60.0,
4871,120.0,74.0,
4872,74.0,64.0,
4873,57.0,54.0,24.0
4874,64.0,41.0,27.0
4875,57.0,43.0,26.0
4876,45.0,45.0,17.0
4877,39.0,40.0,15.0
4878,34.0,32.0,18.0
4879,53.0,41.0,21.0
4880,52.0,49.0,29.0
4881,54.0,45.0,47.0
4882,57.0,47.0,59.0
4883,65.0,45.0,49.0
4884,68.0,53.0,52.0
4885,74.0,50.0,
4886,72.0,56.0,60.0
4887,80.0,46.0,62.0
4888,79.0,48.0,
4889,97.0,44.0,
4890,92.0,155.0,
4891,76.0,49.0,
4892,44.0,40.0,
4893,121.0,38.0,
4894,77.0,44.0,
4895,60.0,65.0,
4896,113.0,54.0,
4897,60.0,55.0,
4898,65.0,44.0,
4899,55.0,31.0,
4900,37.0,32.0,167.0
4901,32.0,34.0,30.0
4902,39.0,33.0,
4903,33.0,34.0,168.0
4904,41.0,41.0,44.0
4905,28.0,48.0,50.0
4906,32.0,57.0,48.0
4907,31.0,50.0,43.0
4908,41.0,52.0,
4909,40.0,56.0,70.0
4910,57.0,42.0,65.0
4911,43.0,42.0,59.0
4912,50.0,55.0,
4913,46.0,43.0,88.0
4914,58.0,46.0,58.0
4915,61.0,55.0,46.0
4916,40.0,,38.0
4917,89.0,74.0,45.0
4918,127.0,51.0,56.0
4919,196.0,34.0,58.0
4920,69.0,38.0,50.0
4921,52.0,41.0,35.0
4922,49.0,40.0,38.0
4923,27.0,32.0,41.0
4924,22.0,36.0,24.0
4925,39.0,30.0,26.0
4926,42.0,25.0,19.0
4927,46.0,38.0,18.0
4928,34.0,42.0,22.0
4929,45.0,55.0,32.0
4930,39.0,55.0,35.0
4931,48.0,52.0,27.0
4932,37.0,50.0,27.0
4933,50.0,69.0,30.0
4934,51.0,77.0,30.0
4935,45.0,79.0,37.0
4936,59.0,78.0,76.0
4937,51.0,85.0,28.0
4938,49.0,70.0,41.0
4939,52.0,64.0,27.0
4940,253.0,68.0,44.0
4941,69.0,65.0,35.0
4942,54.0,59.0,28.0
4943,102.0,62.0,45.0
4944,77.0,109.0,24.0
4945,67.0,77.0,10.0
4946,53.0,65.0,17.0
4947,42.0,62.0,41.0
4948,45.0,45.0,28.0
4949,38.0,41.0,27.0
4950,38.0,39.0,35.0
4951,38.0,48.0,34.0
4952,46.0,50.0,18.0
4953,47.0,66.0,24.0
4954,49.0,57.0,31.0
4955,33.0,55.0,43.0
4956,41.0,54.0,64.0
4957,50.0,54.0,51.0
4958,72.0,60.0,40.0
4959,80.0,72.0,49.0
4960,72.0,72.0,54.0
4961,76.0,71.0,79.0
4962,78.0,90.0,56.0
4963,84.0,84.0,55.0
4964,104.0,93.0,54.0
4965,232.0,101.0,50.0
4966,192.0,106.0,43.0
4967,139.0,107.0,54.0
4968,79.0,130.0,53.0
4969,52.0,89.0,46.0
4970,61.0,86.0,45.0
4971,91.0,91.0,41.0
4972,78.0,86.0,47.0
4973,66.0,71.0,33.0
4974,34.0,83.0,27.0
4975,45.0,84.0,45.0
4976,46.0,94.0,42.0
4977,43.0,91.0,51.0
4978,49.0,88.0,49.0
4979,51.0,85.0,70.0
4980,60.0,82.0,87.0
4981,95.0,89.0,59.0
4982,98.0,100.0,45.0
4983,113.0,110.0,53.0
4984,108.0,112.0,86.0
4985,125.0,92.0,80.0
4986,102.0,76.0,76.0
4987,198.0,75.0,88.0
4988,121.0,76.0,100.0
4989,122.0,73.0,90.0
4990,136.0,100.0,85.0
4991,135.0,173.0,74.0
4992,72.0,91.0,74.0
4993,55.0,68.0,68.0
4994,44.0,53.0,56.0
4995,78.0,57.0,69.0
4996,48.0,56.0,50.0
4997,47.0,39.0,48.0
4998,50.0,47.0,44.0
4999,67.0,48.0,49.0
5000,74.0,49.0,35.0
5001,75.0,68.0,48.0
5002,68.0,54.0,54.0
5003,50.0,45.0,51.0
5004,78.0,53.0,53.0
5005,103.0,60.0,61.0
5006,102.0,69.0,42.0
5007,105.0,73.0,62.0
5008,106.0,89.0,
5009,115.0,90.0,
5010,147.0,94.0,
5011,85.0,101.0,
5012,88.0,321.0,72.0
5013,129.0,150.0,61.0
5014,220.0,78.0,89.0
5015,158.0,62.0,61.0
5016,105.0,63.0,51.0
5017,90.0,52.0,48.0
5018,72.0,48.0,28.0
5019,52.0,45.0,31.0
5020,30.0,53.0,22.0
5021,27.0,41.0,112.0
5022,32.0,32.0,25.0
5023,43.0,44.0,27.0
5024,91.0,50.0,27.0
5025,86.0,51.0,31.0
5026,98.0,50.0,33.0
5027,100.0,56.0,48.0
5028,85.0,58.0,47.0
5029,107.0,63.0,57.0
5030,90.0,72.0,40.0
5031,117.0,77.0,46.0
5032,162.0,75.0,42.0
5033,156.0,62.0,44.0
5034,192.0,56.0,41.0
5035,196.0,53.0,43.0
5036,200.0,61.0,38.0
5037,197.0,77.0,38.0
5038,280.0,83.0,47.0
5039,167.0,70.0,50.0
5040,108.0,82.0,42.0
5041,80.0,61.0,47.0
5042,69.0,,37.0
5043,64.0,,35.0
5044,47.0,,26.0
5045,37.0,,30.0
5046,35.0,,35.0
5047,41.0,,41.0
5048,43.0,,44.0
5049,46.0,,50.0
5050,51.0,,50.0
5051,49.0,,65.0
5052,54.0,,76.0
5053,65.0,,59.0
5054,76.0,,58.0
5055,84.0,,50.0
5056,92.0,,55.0
5057,97.0,,62.0
5058,93.0,,
5059,99.0,,
5060,101.0,,109.0
5061,92.0,,93.0
5062,94.0,,74.0
5063,97.0,,58.0
5064,73.0,,77.0
5065,53.0,,59.0
5066,46.0,,44.0
5067,57.0,,43.0
5068,41.0,,31.0
5069,45.0,,30.0
5070,38.0,,35.0
5071,46.0,,31.0
5072,32.0,,46.0
5073,44.0,,63.0
5074,39.0,,62.0
5075,43.0,,65.0
5076,42.0,,48.0
5077,45.0,,49.0
5078,39.0,,59.0
5079,44.0,73.0,72.0
5080,35.0,42.0,70.0
5081,115.0,49.0,
5082,48.0,55.0,98.0
5083,36.0,51.0,
5084,31.0,47.0,133.0
5085,139.0,42.0,
5086,63.0,50.0,131.0
5087,44.0,72.0,86.0
5088,29.0,84.0,74.0
5089,,,84.0
5090,35.0,47.0,79.0
5091,34.0,44.0,78.0
5092,229.0,41.0,81.0
5093,40.0,32.0,82.0
5094,26.0,39.0,81.0
5095,31.0,37.0,90.0
5096,41.0,40.0,92.0
5097,39.0,56.0,105.0
5098,40.0,55.0,105.0
5099,35.0,51.0,122.0
5100,42.0,52.0,97.0
5101,54.0,58.0,101.0
5102,61.0,57.0,94.0
5103,55.0,56.0,
5104,47.0,63.0,126.0
5105,51.0,48.0,
5106,45.0,51.0,
5107,46.0,49.0,
5108,87.0,46.0,
5109,56.0,52.0,
5110,58.0,46.0,173.0
5111,58.0,95.0,154.0
5112,57.0,79.0,
5113,71.0,52.0,96.0
5114,85.0,39.0,110.0
5115,72.0,49.0,96.0
5116,52.0,40.0,98.0
5117,29.0,38.0,97.0
5118,26.0,31.0,85.0
5119,33.0,32.0,93.0
5120,34.0,39.0,101.0
5121,42.0,41.0,103.0
5122,36.0,48.0,116.0
5123,42.0,46.0,116.0
5124,60.0,44.0,91.0
5125,67.0,54.0,108.0
5126,54.0,54.0,108.0
5127,58.0,60.0,126.0
5128,50.0,65.0,111.0
5129,57.0,49.0,138.0
5130,50.0,47.0,144.0
5131,52.0,51.0,154.0
5132,103.0,57.0,
5133,98.0,56.0,
5134,108.0,117.0,152.0
5135,94.0,75.0,
5136,91.0,50.0,
5137,86.0,53.0,118.0
5138,80.0,37.0,80.0
5139,68.0,37.0,76.0
5140,49.0,44.0,61.0
5141,43.0,34.0,60.0
5142,46.0,32.0,67.0
5143,52.0,30.0,62.0
5144,48.0,38.0,75.0
5145,51.0,41.0,73.0
5146,55.0,36.0,82.0
5147,61.0,43.0,84.0
5148,65.0,52.0,81.0
5149,64.0,57.0,96.0
5150,73.0,57.0,79.0
5151,65.0,57.0,
5152,67.0,70.0,
5153,63.0,59.0,126.0
5154,60.0,51.0,
5155,57.0,67.0,
5156,75.0,54.0,117.0
5157,119.0,43.0,82.0
5158,105.0,162.0,76.0
5159,84.0,104.0,83.0
5160,81.0,78.0,82.0
5161,68.0,67.0,96.0
5162,69.0,42.0,94.0
5163,75.0,48.0,77.0
5164,62.0,46.0,51.0
5165,58.0,44.0,65.0
5166,63.0,43.0,48.0
5167,70.0,48.0,41.0
5168,75.0,54.0,35.0
5169,75.0,55.0,45.0
5170,63.0,50.0,61.0
5171,59.0,57.0,70.0
5172,65.0,66.0,66.0
5173,88.0,70.0,62.0
5174,64.0,80.0,62.0
5175,63.0,69.0,59.0
5176,85.0,56.0,59.0
5177,70.0,79.0,41.0
5178,62.0,75.0,54.0
5179,76.0,71.0,
5180,92.0,64.0,71.0
5181,79.0,76.0,
5182,82.0,86.0,74.0
5183,193.0,88.0,66.0
5184,158.0,76.0,78.0
5185,104.0,68.0,94.0
5186,94.0,63.0,
5187,81.0,66.0,86.0
5188,68.0,57.0,55.0
5189,64.0,63.0,54.0
5190,67.0,56.0,53.0
5191,70.0,49.0,48.0
5192,78.0,61.0,53.0
5193,72.0,59.0,61.0
5194,80.0,53.0,65.0
5195,82.0,57.0,72.0
5196,78.0,62.0,81.0
5197,82.0,59.0,59.0
5198,100.0,75.0,49.0
5199,89.0,83.0,43.0
5200,84.0,96.0,40.0
5201,87.0,90.0,
5202,103.0,60.0,
5203,88.0,54.0,69.0
5204,94.0,47.0,35.0
5205,101.0,44.0,34.0
5206,203.0,143.0,44.0
5207,184.0,123.0,53.0
5208,123.0,76.0,60.0
5209,86.0,76.0,51.0
5210,84.0,52.0,47.0
5211,79.0,61.0,42.0
5212,70.0,44.0,50.0
5213,63.0,46.0,40.0
5214,57.0,42.0,44.0
5215,62.0,39.0,43.0
5216,68.0,39.0,58.0
5217,74.0,43.0,
5218,84.0,37.0,
5219,74.0,38.0,
5220,71.0,46.0,82.0
5221,92.0,45.0,
5222,105.0,47.0,
5223,100.0,43.0,
5224,98.0,46.0,
5225,94.0,63.0,
5226,100.0,47.0,
5227,69.0,44.0,
5228,83.0,33.0,90.0
5229,115.0,32.0,72.0
5230,369.0,86.0,71.0
5231,125.0,125.0,76.0
5232,81.0,80.0,
5233,58.0,67.0,97.0
5234,58.0,52.0,59.0
5235,53.0,50.0,
5236,46.0,49.0,63.0
5237,52.0,50.0,31.0
5238,54.0,55.0,31.0
5239,53.0,52.0,35.0
5240,52.0,56.0,38.0
5241,47.0,54.0,43.0
5242,49.0,61.0,60.0
5243,50.0,67.0,47.0
5244,54.0,64.0,49.0
5245,57.0,65.0,52.0
5246,59.0,72.0,68.0
5247,61.0,75.0,
5248,63.0,82.0,
5249,67.0,67.0,
5250,57.0,77.0,
5251,49.0,64.0,
5252,57.0,64.0,94.0
5253,235.0,52.0,57.0
5254,67.0,112.0,
5255,86.0,151.0,115.0
5256,66.0,110.0,83.0
5257,50.0,69.0,75.0
5258,56.0,52.0,57.0
5259,71.0,56.0,42.0
5260,44.0,47.0,33.0
5261,40.0,39.0,30.0
5262,36.0,36.0,23.0
5263,43.0,36.0,30.0
5264,43.0,45.0,15.0
5265,60.0,48.0,39.0
5266,51.0,46.0,68.0
5267,48.0,48.0,114.0
5268,55.0,52.0,
5269,60.0,68.0,73.0
5270,58.0,65.0,41.0
5271,58.0,73.0,41.0
5272,55.0,62.0,
5273,66.0,62.0,69.0
5274,62.0,71.0,51.0
5275,57.0,65.0,
5276,60.0,49.0,
5277,459.0,55.0,
5278,96.0,137.0,101.0
5279,58.0,117.0,88.0
5280,51.0,70.0,94.0
5281,59.0,60.0,77.0
5282,68.0,55.0,86.0
5283,48.0,49.0,69.0
5284,32.0,42.0,53.0
5285,38.0,43.0,61.0
5286,47.0,36.0,
5287,36.0,43.0,
5288,47.0,46.0,
5289,48.0,59.0,
5290,47.0,55.0,
5291,43.0,52.0,179.0
5292,50.0,56.0,138.0
5293,62.0,64.0,137.0
5294,59.0,,91.0
5295,59.0,95.0,46.0
5296,59.0,73.0,51.0
5297,44.0,153.0,51.0
5298,46.0,,58.0
5299,46.0,,78.0
5300,50.0,14.0,69.0
5301,63.0,,80.0
5302,53.0,130.0,94.0
5303,86.0,155.0,135.0
5304,56.0,100.0,83.0
5305,48.0,91.0,67.0
5306,41.0,71.0,56.0
5307,37.0,63.0,46.0
5308,50.0,53.0,47.0
5309,37.0,50.0,
5310,41.0,46.0,
5311,50.0,53.0,72.0
5312,48.0,53.0,46.0
5313,52.0,58.0,56.0
5314,46.0,59.0,58.0
5315,46.0,54.0,47.0
5316,30.0,68.0,64.0
5317,62.0,64.0,61.0
5318,56.0,74.0,82.0
5319,55.0,71.0,83.0
5320,63.0,75.0,68.0
5321,56.0,64.0,
5322,57.0,74.0,
5323,47.0,60.0,
5324,38.0,65.0,96.0
5325,41.0,83.0,92.0
5326,44.0,71.0,66.0
5327,66.0,160.0,75.0
5328,71.0,104.0,71.0
5329,59.0,80.0,60.0
5330,50.0,68.0,62.0
5331,53.0,59.0,
5332,39.0,59.0,77.0
5333,40.0,54.0,47.0
5334,36.0,65.0,44.0
5335,44.0,58.0,42.0
5336,42.0,72.0,34.0
5337,55.0,77.0,47.0
5338,51.0,68.0,46.0
5339,55.0,80.0,53.0
5340,53.0,78.0,51.0
5341,52.0,78.0,57.0
5342,51.0,78.0,47.0
5343,52.0,92.0,75.0
5344,43.0,77.0,81.0
5345,48.0,80.0,57.0
5346,46.0,72.0,66.0
5347,45.0,78.0,48.0
5348,56.0,78.0,40.0
5349,50.0,69.0,42.0
5350,55.0,131.0,49.0
5351,67.0,139.0,47.0
5352,100.0,79.0,56.0
5353,96.0,68.0,53.0
5354,57.0,49.0,43.0
5355,57.0,51.0,28.0
5356,38.0,57.0,31.0
5357,31.0,56.0,19.0
5358,38.0,51.0,21.0
5359,33.0,61.0,22.0
5360,42.0,61.0,19.0
5361,43.0,68.0,31.0
5362,48.0,64.0,23.0
5363,56.0,68.0,21.0
5364,52.0,88.0,23.0
5365,44.0,83.0,27.0
5366,46.0,72.0,31.0
5367,60.0,81.0,47.0
5368,53.0,71.0,33.0
5369,51.0,62.0,24.0
5370,42.0,59.0,35.0
5371,199.0,66.0,27.0
5372,56.0,71.0,34.0
5373,33.0,61.0,28.0
5374,43.0,144.0,44.0
5375,62.0,106.0,49.0
5376,52.0,68.0,49.0
5377,35.0,68.0,38.0
5378,38.0,43.0,37.0
5379,33.0,39.0,38.0
5380,42.0,48.0,24.0
5381,43.0,43.0,23.0
5382,51.0,50.0,20.0
5383,54.0,50.0,22.0
5384,67.0,38.0,22.0
5385,70.0,41.0,41.0
5386,71.0,45.0,58.0
5387,33.0,41.0,36.0
5388,37.0,50.0,50.0
5389,29.0,61.0,43.0
5390,33.0,58.0,38.0
5391,37.0,62.0,52.0
5392,44.0,55.0,67.0
5393,33.0,61.0,73.0
5394,22.0,54.0,87.0
5395,32.0,55.0,52.0
5396,52.0,48.0,60.0
5397,38.0,40.0,60.0
5398,56.0,101.0,73.0
5399,62.0,118.0,61.0
5400,44.0,88.0,65.0
5401,51.0,51.0,50.0
5402,38.0,41.0,47.0
5403,38.0,,45.0
5404,42.0,36.0,38.0
5405,35.0,41.0,27.0
5406,49.0,42.0,22.0
5407,50.0,40.0,31.0
5408,55.0,40.0,43.0
5409,45.0,47.0,48.0
5410,153.0,46.0,
5411,49.0,50.0,56.0
5412,43.0,49.0,48.0
5413,36.0,47.0,57.0
5414,28.0,58.0,63.0
5415,27.0,58.0,61.0
5416,32.0,52.0,53.0
5417,26.0,53.0,100.0
5418,39.0,41.0,133.0
5419,35.0,50.0,144.0
5420,34.0,73.0,116.0
5421,46.0,75.0,87.0
5422,45.0,158.0,70.0
5423,51.0,85.0,76.0
5424,41.0,86.0,66.0
5425,34.0,66.0,54.0
5426,69.0,51.0,45.0
5427,51.0,44.0,
5428,32.0,48.0,61.0
5429,29.0,48.0,28.0
5430,33.0,48.0,35.0
5431,41.0,44.0,35.0
5432,36.0,51.0,34.0
5433,46.0,48.0,45.0
5434,46.0,51.0,31.0
5435,56.0,43.0,43.0
5436,55.0,46.0,39.0
5437,52.0,55.0,41.0
5438,45.0,53.0,47.0
5439,53.0,46.0,60.0
5440,68.0,48.0,81.0
5441,68.0,49.0,85.0
5442,58.0,47.0,83.0
5443,258.0,52.0,
5444,67.0,67.0,
5445,59.0,74.0,
5446,57.0,77.0,
5447,55.0,108.0,
5448,55.0,84.0,
5449,50.0,69.0,
5450,46.0,71.0,
5451,53.0,68.0,
5452,46.0,59.0,
5453,64.0,61.0,
5454,59.0,60.0,
5455,68.0,57.0,
5456,58.0,82.0,
5457,70.0,94.0,
5458,71.0,75.0,
5459,78.0,55.0,
5460,74.0,70.0,
5461,,80.0,
5462,152.0,77.0,
5463,93.0,59.0,
5464,87.0,60.0,
5465,76.0,57.0,
5466,74.0,59.0,
5467,62.0,52.0,
5468,62.0,55.0,
5469,65.0,52.0,
5470,87.0,60.0,
5471,66.0,,
5472,50.0,,
5473,49.0,,
5474,40.0,,
5475,41.0,,
5476,27.0,,
5477,41.0,,
5478,40.0,,
5479,43.0,,
5480,59.0,,
5481,72.0,,
5482,56.0,,
5483,67.0,,
5484,63.0,,
5485,56.0,,
5486,57.0,132.0,
5487,64.0,83.0,
5488,72.0,69.0,
5489,66.0,72.0,
5490,49.0,63.0,
5491,50.0,63.0,65.0
5492,57.0,48.0,79.0
5493,64.0,57.0,75.0
5494,56.0,64.0,60.0
5495,62.0,59.0,69.0
5496,71.0,105.0,74.0
5497,48.0,84.0,48.0
5498,43.0,69.0,52.0
5499,36.0,69.0,49.0
5500,42.0,66.0,29.0
5501,42.0,66.0,55.0
5502,32.0,53.0,61.0
5503,43.0,56.0,63.0
5504,53.0,45.0,40.0
5505,46.0,50.0,70.0
5506,55.0,44.0,67.0
5507,43.0,40.0,69.0
5508,67.0,49.0,40.0
5509,60.0,52.0,50.0
5510,66.0,60.0,55.0
5511,52.0,64.0,52.0
5512,54.0,85.0,63.0
5513,49.0,60.0,63.0
5514,49.0,56.0,47.0
5515,47.0,,41.0
5516,50.0,,35.0
5517,55.0,69.0,38.0
5518,51.0,78.0,28.0
5519,101.0,73.0,31.0
5520,74.0,88.0,46.0
5521,71.0,60.0,40.0
5522,59.0,57.0,39.0
5523,48.0,61.0,32.0
5524,47.0,49.0,39.0
5525,49.0,57.0,47.0
5526,43.0,59.0,40.0
5527,50.0,62.0,49.0
5528,54.0,64.0,54.0
5529,56.0,69.0,63.0
5530,56.0,67.0,48.0
5531,57.0,60.0,32.0
5532,52.0,59.0,24.0
5533,61.0,64.0,33.0
5534,71.0,87.0,38.0
5535,61.0,105.0,35.0
5536,58.0,102.0,31.0
5537,62.0,95.0,17.0
5538,58.0,102.0,23.0
5539,60.0,90.0,26.0
5540,56.0,93.0,22.0
5541,62.0,97.0,26.0
5542,99.0,82.0,34.0
5543,114.0,92.0,41.0
5544,78.0,108.0,22.0
5545,54.0,118.0,27.0
5546,64.0,113.0,22.0
5547,50.0,117.0,33.0
5548,42.0,100.0,34.0
5549,34.0,82.0,37.0
5550,30.0,75.0,37.0
5551,41.0,81.0,40.0
5552,36.0,79.0,49.0
5553,42.0,84.0,63.0
5554,44.0,88.0,42.0
5555,40.0,88.0,32.0
5556,45.0,91.0,35.0
5557,54.0,102.0,38.0
5558,64.0,102.0,40.0
5559,48.0,95.0,46.0
5560,47.0,91.0,35.0
5561,40.0,99.0,39.0
5562,48.0,84.0,43.0
5563,65.0,82.0,60.0
5564,47.0,85.0,48.0
5565,50.0,274.0,46.0
5566,56.0,91.0,45.0
5567,70.0,80.0,52.0
5568,43.0,78.0,50.0
5569,39.0,51.0,56.0
5570,39.0,43.0,39.0
5571,30.0,50.0,34.0
5572,22.0,46.0,27.0
5573,23.0,49.0,30.0
5574,21.0,55.0,27.0
5575,25.0,58.0,55.0
5576,29.0,53.0,54.0
5577,31.0,83.0,58.0
5578,32.0,92.0,36.0
5579,33.0,85.0,24.0
5580,26.0,77.0,30.0
5581,23.0,63.0,38.0
5582,33.0,51.0,35.0
5583,49.0,59.0,31.0
5584,51.0,51.0,50.0
5585,40.0,52.0,74.0
5586,37.0,49.0,130.0
5587,39.0,54.0,71.0
5588,32.0,57.0,68.0
5589,42.0,68.0,65.0
5590,36.0,66.0,77.0
5591,53.0,100.0,91.0
5592,39.0,79.0,90.0
5593,41.0,59.0,77.0
5594,46.0,61.0,54.0
5595,44.0,59.0,41.0
5596,35.0,56.0,52.0
5597,36.0,52.0,47.0
5598,33.0,52.0,35.0
5599,40.0,45.0,62.0
5600,36.0,60.0,50.0
5601,43.0,99.0,33.0
5602,44.0,98.0,65.0
5603,40.0,110.0,71.0
5604,51.0,81.0,69.0
5605,62.0,75.0,72.0
5606,58.0,55.0,65.0
5607,49.0,55.0,62.0
5608,44.0,68.0,65.0
5609,50.0,41.0,89.0
5610,55.0,48.0,72.0
5611,48.0,57.0,71.0
5612,55.0,73.0,67.0
5613,49.0,89.0,73.0
5614,68.0,55.0,85.0
5615,62.0,38.0,90.0
5616,73.0,39.0,75.0
5617,52.0,38.0,74.0
5618,54.0,37.0,68.0
5619,36.0,49.0,34.0
5620,21.0,34.0,38.0
5621,27.0,36.0,43.0
5622,29.0,31.0,41.0
5623,30.0,32.0,28.0
5624,31.0,45.0,53.0
5625,31.0,46.0,56.0
5626,28.0,41.0,36.0
5627,33.0,45.0,42.0
5628,33.0,54.0,43.0
5629,33.0,54.0,61.0
5630,38.0,44.0,61.0
5631,45.0,41.0,66.0
5632,44.0,43.0,63.0
5633,50.0,43.0,74.0
5634,45.0,46.0,73.0
5635,41.0,43.0,85.0
5636,48.0,89.0,78.0
5637,42.0,56.0,65.0
5638,46.0,,60.0
5639,39.0,,61.0
5640,58.0,,90.0
5641,50.0,,87.0
5642,42.0,,61.0
5643,35.0,,46.0
5644,30.0,,33.0
5645,32.0,,35.0
5646,25.0,,47.0
5647,23.0,,48.0
5648,28.0,,54.0
5649,45.0,,47.0
5650,45.0,,35.0
5651,35.0,,38.0
5652,33.0,,39.0
5653,26.0,85.0,49.0
5654,40.0,54.0,37.0
5655,55.0,50.0,34.0
5656,62.0,64.0,33.0
5657,51.0,71.0,53.0
5658,54.0,72.0,51.0
5659,39.0,66.0,54.0
5660,83.0,66.0,46.0
5661,81.0,72.0,53.0
5662,39.0,67.0,64.0
5663,56.0,77.0,62.0
5664,27.0,82.0,66.0
5665,27.0,75.0,63.0
5666,31.0,60.0,49.0
5667,28.0,63.0,35.0
5668,30.0,63.0,28.0
5669,33.0,58.0,32.0
5670,34.0,62.0,45.0
5671,39.0,58.0,45.0
5672,35.0,64.0,58.0
5673,48.0,61.0,55.0
5674,37.0,73.0,54.0
5675,34.0,65.0,50.0
5676,35.0,73.0,50.0
5677,36.0,72.0,52.0
5678,38.0,56.0,51.0
5679,52.0,57.0,41.0
5680,60.0,62.0,36.0
5681,52.0,57.0,40.0
5682,43.0,67.0,31.0
5683,52.0,62.0,34.0
5684,43.0,48.0,34.0
5685,48.0,72.0,38.0
5686,38.0,95.0,45.0
5687,49.0,64.0,64.0
5688,33.0,56.0,124.0
5689,36.0,57.0,53.0
5690,36.0,47.0,40.0
5691,28.0,49.0,50.0
5692,22.0,41.0,52.0
5693,20.0,45.0,57.0
5694,22.0,40.0,39.0
5695,23.0,36.0,71.0
5696,21.0,37.0,63.0
5697,17.0,43.0,59.0
5698,15.0,52.0,63.0
5699,25.0,66.0,70.0
5700,27.0,49.0,56.0
5701,28.0,51.0,45.0
5702,38.0,61.0,42.0
5703,38.0,49.0,46.0
5704,67.0,53.0,51.0
5705,54.0,66.0,44.0
5706,56.0,46.0,35.0
5707,41.0,43.0,31.0
5708,48.0,41.0,41.0
5709,41.0,45.0,38.0
5710,53.0,43.0,84.0
5711,47.0,74.0,48.0
5712,27.0,50.0,43.0
5713,41.0,50.0,43.0
5714,49.0,48.0,40.0
5715,57.0,51.0,36.0
5716,51.0,35.0,38.0
5717,41.0,39.0,40.0
5718,39.0,36.0,42.0
5719,56.0,38.0,46.0
5720,75.0,37.0,60.0
5721,71.0,47.0,68.0
5722,47.0,42.0,53.0
5723,52.0,37.0,47.0
5724,34.0,34.0,52.0
5725,35.0,42.0,61.0
5726,35.0,36.0,51.0
5727,41.0,35.0,51.0
5728,53.0,42.0,47.0
5729,64.0,42.0,43.0
5730,81.0,34.0,36.0
5731,55.0,36.0,39.0
5732,51.0,31.0,39.0
5733,49.0,35.0,46.0
5734,81.0,43.0,54.0
5735,70.0,58.0,188.0
5736,42.0,49.0,77.0
5737,34.0,46.0,32.0
5738,32.0,51.0,34.0
5739,28.0,43.0,41.0
5740,24.0,31.0,38.0
5741,25.0,37.0,34.0
5742,21.0,38.0,63.0
5743,28.0,33.0,37.0
5744,27.0,43.0,39.0
5745,25.0,63.0,48.0
5746,22.0,79.0,44.0
5747,33.0,85.0,32.0
5748,30.0,70.0,39.0
5749,34.0,49.0,49.0
5750,39.0,54.0,62.0
5751,39.0,48.0,67.0
5752,35.0,43.0,
5753,28.0,47.0,
5754,34.0,50.0,51.0
5755,27.0,44.0,72.0
5756,36.0,39.0,46.0
5757,30.0,59.0,38.0
5758,33.0,56.0,71.0
5759,45.0,56.0,72.0
5760,47.0,68.0,55.0
5761,42.0,94.0,54.0
5762,38.0,80.0,55.0
5763,25.0,66.0,33.0
5764,21.0,53.0,28.0
5765,24.0,51.0,48.0
5766,35.0,56.0,86.0
5767,43.0,75.0,56.0
5768,51.0,77.0,54.0
5769,60.0,62.0,47.0
5770,41.0,77.0,50.0
5771,40.0,64.0,49.0
5772,44.0,66.0,57.0
5773,46.0,56.0,53.0
5774,54.0,61.0,57.0
5775,57.0,68.0,62.0
5776,50.0,41.0,61.0
5777,51.0,92.0,51.0
5778,55.0,68.0,47.0
5779,59.0,39.0,38.0
5780,64.0,68.0,205.0
5781,78.0,158.0,119.0
5782,49.0,71.0,94.0
5783,53.0,54.0,50.0
5784,63.0,53.0,35.0
5785,44.0,65.0,49.0
5786,42.0,55.0,44.0
5787,62.0,60.0,44.0
5788,44.0,83.0,39.0
5789,31.0,62.0,43.0
5790,50.0,61.0,50.0
5791,52.0,72.0,43.0
5792,57.0,134.0,41.0
5793,61.0,160.0,44.0
5794,59.0,169.0,48.0
5795,57.0,176.0,39.0
5796,51.0,70.0,29.0
5797,51.0,41.0,36.0
5798,66.0,47.0,33.0
5799,64.0,45.0,34.0
5800,58.0,37.0,44.0
5801,41.0,41.0,53.0
5802,46.0,41.0,41.0
5803,44.0,37.0,47.0
5804,135.0,42.0,51.0
5805,126.0,47.0,56.0
5806,113.0,54.0,60.0
5807,29.0,54.0,72.0
5808,26.0,57.0,57.0
5809,20.0,71.0,44.0
5810,31.0,61.0,44.0
5811,13.0,63.0,38.0
5812,13.0,50.0,24.0
5813,14.0,60.0,26.0
5814,10.0,64.0,21.0
5815,21.0,,24.0
5816,29.0,,32.0
5817,34.0,,30.0
5818,56.0,,56.0
5819,49.0,,68.0
5820,68.0,,60.0
5821,60.0,,37.0
5822,50.0,,24.0
5823,67.0,99.0,27.0
5824,53.0,51.0,57.0
5825,46.0,54.0,32.0
5826,39.0,50.0,28.0
5827,44.0,46.0,31.0
5828,51.0,52.0,39.0
5829,57.0,54.0,76.0
5830,34.0,65.0,47.0
5831,45.0,60.0,39.0
5832,28.0,120.0,82.0
5833,,,66.0
5834,17.0,56.0,51.0
5835,14.0,55.0,63.0
5836,14.0,50.0,59.0
5837,14.0,50.0,21.0
5838,17.0,47.0,51.0
5839,29.0,46.0,56.0
5840,42.0,54.0,68.0
5841,37.0,60.0,83.0
5842,29.0,70.0,74.0
5843,42.0,77.0,66.0
5844,50.0,70.0,49.0
5845,52.0,83.0,47.0
5846,51.0,83.0,38.0
5847,65.0,71.0,56.0
5848,54.0,116.0,58.0
5849,40.0,69.0,66.0
5850,35.0,50.0,43.0
5851,35.0,63.0,64.0
5852,45.0,59.0,62.0
5853,72.0,58.0,106.0
5854,54.0,59.0,112.0
5855,50.0,64.0,77.0
5856,60.0,86.0,110.0
5857,31.0,88.0,
5858,33.0,57.0,24.0
5859,34.0,47.0,49.0
5860,26.0,39.0,35.0
5861,21.0,41.0,60.0
5862,23.0,50.0,57.0
5863,39.0,57.0,2.0
5864,48.0,51.0,34.0
5865,65.0,47.0,53.0
5866,48.0,62.0,15.0
5867,35.0,80.0,12.0
5868,46.0,93.0,14.0
5869,60.0,60.0,18.0
5870,51.0,40.0,15.0
5871,57.0,44.0,12.0
5872,54.0,42.0,31.0
5873,41.0,43.0,20.0
5874,44.0,41.0,33.0
5875,50.0,43.0,34.0
5876,46.0,56.0,26.0
5877,57.0,54.0,27.0
5878,37.0,46.0,27.0
5879,32.0,50.0,43.0
5880,29.0,56.0,69.0
5881,22.0,102.0,36.0
5882,15.0,60.0,42.0
5883,14.0,48.0,30.0
5884,19.0,40.0,27.0
5885,20.0,33.0,27.0
5886,23.0,40.0,32.0
5887,35.0,43.0,27.0
5888,28.0,46.0,23.0
5889,41.0,47.0,30.0
5890,49.0,48.0,30.0
5891,64.0,49.0,24.0
5892,70.0,54.0,26.0
5893,55.0,48.0,33.0
5894,53.0,58.0,20.0
5895,46.0,47.0,17.0
5896,39.0,54.0,19.0
5897,53.0,65.0,14.0
5898,47.0,59.0,13.0
5899,51.0,57.0,26.0
5900,44.0,57.0,34.0
5901,33.0,49.0,77.0
5902,25.0,43.0,40.0
5903,37.0,80.0,69.0
5904,33.0,56.0,47.0
5905,40.0,43.0,47.0
5906,36.0,40.0,36.0
5907,35.0,43.0,51.0
5908,33.0,37.0,56.0
5909,40.0,32.0,66.0
5910,39.0,39.0,51.0
5911,45.0,33.0,5.0
5912,42.0,53.0,85.0
5913,36.0,54.0,56.0
5914,43.0,52.0,47.0
5915,44.0,49.0,53.0
5916,52.0,59.0,42.0
5917,52.0,83.0,39.0
5918,56.0,67.0,29.0
5919,52.0,65.0,26.0
5920,45.0,79.0,22.0
5921,38.0,74.0,33.0
5922,35.0,74.0,50.0
5923,32.0,78.0,29.0
5924,27.0,72.0,34.0
5925,24.0,63.0,35.0
5926,21.0,63.0,55.0
5927,18.0,120.0,36.0
5928,15.0,103.0,46.0
5929,12.0,68.0,46.0
5930,10.0,65.0,29.0
5931,12.0,68.0,43.0
5932,9.0,62.0,33.0
5933,3.0,58.0,38.0
5934,6.0,49.0,39.0
5935,11.0,45.0,43.0
5936,18.0,60.0,36.0
5937,22.0,57.0,29.0
5938,28.0,52.0,27.0
5939,25.0,53.0,38.0
5940,,60.0,27.0
5941,25.0,73.0,23.0
5942,40.0,64.0,18.0
5943,38.0,60.0,26.0
5944,32.0,65.0,13.0
5945,22.0,75.0,16.0
5946,20.0,57.0,27.0
5947,26.0,65.0,20.0
5948,23.0,61.0,21.0
5949,21.0,56.0,42.0
5950,160.0,84.0,33.0
5951,23.0,108.0,42.0
5952,19.0,90.0,41.0
5953,16.0,57.0,59.0
5954,10.0,49.0,17.0
5955,89.0,46.0,22.0
5956,19.0,44.0,8.0
5957,14.0,37.0,6.0
5958,15.0,40.0,7.0
5959,14.0,39.0,7.0
5960,26.0,36.0,8.0
5961,25.0,56.0,10.0
5962,22.0,52.0,16.0
5963,21.0,49.0,19.0
5964,23.0,48.0,32.0
5965,55.0,57.0,35.0
5966,56.0,62.0,39.0
5967,51.0,68.0,31.0
5968,50.0,60.0,17.0
5969,53.0,60.0,24.0
5970,41.0,52.0,22.0
5971,39.0,55.0,33.0
5972,37.0,49.0,35.0
5973,36.0,49.0,43.0
5974,46.0,53.0,57.0
5975,29.0,49.0,64.0
5976,22.0,136.0,54.0
5977,18.0,61.0,41.0
5978,15.0,45.0,26.0
5979,20.0,42.0,30.0
5980,24.0,42.0,22.0
5981,20.0,37.0,40.0
5982,26.0,37.0,31.0
5983,30.0,38.0,34.0
5984,34.0,41.0,34.0
5985,58.0,47.0,39.0
5986,73.0,42.0,52.0
5987,69.0,44.0,42.0
5988,48.0,50.0,29.0
5989,28.0,67.0,24.0
5990,24.0,62.0,28.0
5991,18.0,55.0,32.0
5992,28.0,47.0,33.0
5993,35.0,55.0,34.0
5994,35.0,46.0,31.0
5995,45.0,46.0,46.0
5996,60.0,53.0,44.0
5997,77.0,50.0,48.0
5998,83.0,72.0,51.0
5999,45.0,71.0,53.0
6000,42.0,49.0,94.0
6001,51.0,55.0,89.0
6002,56.0,46.0,65.0
6003,65.0,37.0,57.0
6004,93.0,38.0,51.0
6005,68.0,34.0,62.0
6006,51.0,34.0,53.0
6007,59.0,32.0,46.0
6008,98.0,41.0,47.0
6009,86.0,49.0,56.0
6010,92.0,50.0,39.0
6011,79.0,53.0,32.0
6012,68.0,51.0,22.0
6013,52.0,60.0,26.0
6014,30.0,56.0,23.0
6015,26.0,57.0,26.0
6016,41.0,55.0,21.0
6017,48.0,43.0,13.0
6018,38.0,50.0,15.0
6019,43.0,59.0,22.0
6020,56.0,52.0,29.0
6021,64.0,58.0,45.0
6022,92.0,66.0,36.0
6023,117.0,68.0,39.0
6024,129.0,84.0,29.0
6025,115.0,63.0,38.0
6026,95.0,50.0,60.0
6027,72.0,43.0,71.0
6028,49.0,37.0,41.0
6029,40.0,36.0,35.0
6030,36.0,30.0,24.0
6031,54.0,35.0,27.0
6032,52.0,41.0,26.0
6033,57.0,39.0,34.0
6034,66.0,42.0,38.0
6035,40.0,47.0,29.0
6036,63.0,53.0,26.0
6037,63.0,59.0,27.0
6038,65.0,64.0,24.0
6039,65.0,51.0,24.0
6040,61.0,63.0,27.0
6041,79.0,69.0,28.0
6042,53.0,81.0,31.0
6043,68.0,63.0,35.0
6044,61.0,55.0,33.0
6045,62.0,56.0,49.0
6046,93.0,50.0,52.0
6047,90.0,62.0,37.0
6048,90.0,64.0,39.0
6049,58.0,55.0,40.0
6050,46.0,48.0,41.0
6051,47.0,30.0,
6052,36.0,39.0,
6053,28.0,43.0,
6054,39.0,34.0,
6055,43.0,25.0,
6056,57.0,25.0,
6057,61.0,38.0,
6058,53.0,36.0,
6059,44.0,32.0,
6060,44.0,36.0,
6061,52.0,47.0,151.0
6062,72.0,52.0,37.0
6063,77.0,50.0,16.0
6064,64.0,44.0,
6065,53.0,48.0,158.0
6066,57.0,39.0,34.0
6067,47.0,35.0,33.0
6068,53.0,41.0,37.0
6069,55.0,,49.0
6070,61.0,,41.0
6071,57.0,,40.0
6072,71.0,,38.0
6073,48.0,,51.0
6074,41.0,,74.0
6075,37.0,,52.0
6076,37.0,,59.0
6077,27.0,,88.0
6078,25.0,,49.0
6079,26.0,,23.0
6080,34.0,,30.0
6081,29.0,,75.0
6082,35.0,,175.0
6083,28.0,,153.0
6084,36.0,,123.0
6085,39.0,,60.0
6086,38.0,117.0,45.0
6087,37.0,58.0,29.0
6088,30.0,59.0,26.0
6089,36.0,47.0,27.0
6090,35.0,55.0,21.0
6091,35.0,54.0,27.0
6092,45.0,55.0,30.0
6093,52.0,55.0,53.0
6094,50.0,59.0,
6095,44.0,62.0,
6096,34.0,74.0,
6097,42.0,72.0,
6098,46.0,60.0,
6099,39.0,56.0,
6100,34.0,41.0,
6101,40.0,32.0,
6102,38.0,29.0,
6103,37.0,33.0,
6104,52.0,45.0,
6105,88.0,,
6106,72.0,50.0,
6107,50.0,46.0,
6108,51.0,43.0,55.0
6109,49.0,55.0,37.0
6110,46.0,60.0,46.0
6111,45.0,60.0,67.0
6112,40.0,54.0,83.0
6113,49.0,46.0,73.0
6114,53.0,59.0,66.0
6115,53.0,58.0,73.0
6116,54.0,59.0,69.0
6117,51.0,68.0,87.0
6118,55.0,61.0,89.0
6119,92.0,75.0,88.0
6120,76.0,,89.0
6121,82.0,78.0,110.0
6122,43.0,47.0,134.0
6123,42.0,49.0,101.0
6124,35.0,42.0,81.0
6125,39.0,35.0,85.0
6126,32.0,43.0,79.0
6127,48.0,49.0,81.0
6128,55.0,48.0,106.0
6129,50.0,47.0,102.0
6130,46.0,37.0,116.0
6131,44.0,50.0,77.0
6132,55.0,56.0,47.0
6133,62.0,51.0,75.0
6134,56.0,66.0,79.0
6135,56.0,59.0,68.0
6136,63.0,57.0,69.0
6137,55.0,60.0,67.0
6138,51.0,59.0,63.0
6139,47.0,65.0,58.0
6140,54.0,62.0,74.0
6141,55.0,59.0,88.0
6142,66.0,54.0,95.0
6143,85.0,75.0,98.0
6144,72.0,76.0,94.0
6145,56.0,65.0,61.0
6146,62.0,48.0,69.0
6147,60.0,36.0,59.0
6148,37.0,34.0,43.0
6149,35.0,35.0,49.0
6150,46.0,38.0,79.0
6151,50.0,42.0,59.0
6152,57.0,66.0,84.0
6153,73.0,65.0,66.0
6154,72.0,59.0,56.0
6155,59.0,54.0,54.0
6156,53.0,74.0,50.0
6157,60.0,85.0,60.0
6158,54.0,84.0,69.0
6159,59.0,85.0,66.0
6160,67.0,62.0,55.0
6161,62.0,67.0,65.0
6162,58.0,73.0,74.0
6163,52.0,92.0,74.0
6164,58.0,84.0,72.0
6165,78.0,68.0,83.0
6166,57.0,62.0,89.0
6167,61.0,69.0,100.0
6168,49.0,83.0,131.0
6169,37.0,60.0,77.0
6170,28.0,43.0,90.0
6171,28.0,42.0,81.0
6172,31.0,41.0,74.0
6173,31.0,44.0,59.0
6174,26.0,42.0,61.0
6175,38.0,,61.0
6176,38.0,,54.0
6177,52.0,,64.0
6178,69.0,,61.0
6179,47.0,,57.0
6180,58.0,,64.0
6181,59.0,,64.0
6182,68.0,,56.0
6183,58.0,,59.0
6184,50.0,101.0,57.0
6185,43.0,68.0,52.0
6186,41.0,68.0,50.0
6187,42.0,65.0,58.0
6188,87.0,56.0,79.0
6189,76.0,51.0,53.0
6190,54.0,60.0,52.0
6191,52.0,102.0,49.0
6192,44.0,76.0,71.0
6193,41.0,55.0,59.0
6194,60.0,54.0,53.0
6195,39.0,54.0,34.0
6196,35.0,95.0,25.0
6197,33.0,29.0,19.0
6198,34.0,28.0,7.0
6199,37.0,26.0,6.0
6200,49.0,27.0,7.0
6201,42.0,30.0,10.0
6202,46.0,39.0,14.0
6203,52.0,40.0,13.0
6204,46.0,39.0,13.0
6205,52.0,38.0,18.0
6206,53.0,37.0,22.0
6207,53.0,41.0,26.0
6208,42.0,52.0,31.0
6209,39.0,64.0,28.0
6210,32.0,75.0,26.0
6211,36.0,80.0,24.0
6212,26.0,62.0,30.0
6213,36.0,61.0,31.0
6214,37.0,52.0,31.0
6215,37.0,52.0,22.0
6216,57.0,47.0,13.0
6217,69.0,52.0,16.0
6218,34.0,39.0,33.0
6219,28.0,24.0,17.0
6220,28.0,34.0,19.0
6221,24.0,25.0,6.0
6222,25.0,29.0,3.0
6223,32.0,33.0,7.0
6224,33.0,29.0,16.0
6225,41.0,35.0,18.0
6226,46.0,42.0,7.0
6227,39.0,38.0,10.0
6228,33.0,33.0,13.0
6229,41.0,27.0,14.0
6230,56.0,24.0,15.0
6231,48.0,30.0,20.0
6232,57.0,29.0,24.0
6233,51.0,31.0,30.0
6234,53.0,30.0,44.0
6235,36.0,31.0,41.0
6236,37.0,37.0,51.0
6237,33.0,33.0,92.0
6238,38.0,28.0,79.0
6239,42.0,35.0,33.0
6240,33.0,41.0,40.0
6241,37.0,60.0,20.0
6242,32.0,62.0,32.0
6243,24.0,42.0,27.0
6244,25.0,38.0,30.0
6245,24.0,49.0,57.0
6246,19.0,53.0,30.0
6247,27.0,44.0,26.0
6248,31.0,49.0,19.0
6249,25.0,68.0,26.0
6250,24.0,69.0,24.0
6251,28.0,62.0,38.0
6252,28.0,55.0,32.0
6253,36.0,59.0,35.0
6254,36.0,53.0,31.0
6255,40.0,54.0,39.0
6256,35.0,52.0,55.0
6257,28.0,44.0,53.0
6258,28.0,51.0,56.0
6259,27.0,66.0,60.0
6260,29.0,72.0,84.0
6261,47.0,92.0,119.0
6262,33.0,73.0,133.0
6263,40.0,68.0,108.0
6264,36.0,107.0,101.0
6265,36.0,71.0,58.0
6266,29.0,85.0,43.0
6267,28.0,57.0,32.0
6268,30.0,46.0,48.0
6269,34.0,49.0,33.0
6270,32.0,53.0,31.0
6271,34.0,47.0,33.0
6272,39.0,73.0,37.0
6273,43.0,76.0,46.0
6274,48.0,68.0,55.0
6275,50.0,73.0,44.0
6276,49.0,64.0,46.0
6277,44.0,69.0,45.0
6278,45.0,69.0,54.0
6279,50.0,74.0,57.0
6280,54.0,64.0,58.0
6281,50.0,72.0,52.0
6282,49.0,58.0,65.0
6283,61.0,57.0,77.0
6284,65.0,64.0,109.0
6285,49.0,73.0,117.0
6286,41.0,93.0,130.0
6287,47.0,86.0,124.0
6288,57.0,119.0,112.0
6289,38.0,106.0,48.0
6290,36.0,63.0,67.0
6291,33.0,57.0,48.0
6292,28.0,44.0,54.0
6293,25.0,36.0,42.0
6294,34.0,41.0,40.0
6295,40.0,47.0,37.0
6296,39.0,45.0,52.0
6297,44.0,71.0,51.0
6298,54.0,65.0,55.0
6299,58.0,68.0,57.0
6300,55.0,82.0,50.0
6301,79.0,96.0,52.0
6302,50.0,83.0,42.0
6303,56.0,58.0,50.0
6304,55.0,52.0,57.0
6305,53.0,61.0,54.0
6306,40.0,69.0,61.0
6307,86.0,72.0,77.0
6308,43.0,78.0,84.0
6309,47.0,84.0,99.0
6310,40.0,77.0,104.0
6311,48.0,83.0,115.0
6312,38.0,104.0,97.0
6313,33.0,77.0,79.0
6314,27.0,57.0,45.0
6315,35.0,62.0,40.0
6316,29.0,52.0,42.0
6317,28.0,38.0,38.0
6318,29.0,41.0,34.0
6319,35.0,50.0,39.0
6320,36.0,79.0,57.0
6321,39.0,89.0,74.0
6322,52.0,83.0,76.0
6323,51.0,72.0,77.0
6324,59.0,56.0,76.0
6325,54.0,63.0,59.0
6326,43.0,59.0,55.0
6327,48.0,64.0,58.0
6328,41.0,69.0,64.0
6329,42.0,57.0,65.0
6330,41.0,60.0,62.0
6331,40.0,57.0,63.0
6332,46.0,59.0,67.0
6333,48.0,66.0,79.0
6334,54.0,83.0,78.0
6335,52.0,83.0,
6336,63.0,90.0,70.0
6337,55.0,58.0,52.0
6338,39.0,64.0,41.0
6339,33.0,51.0,40.0
6340,38.0,47.0,47.0
6341,32.0,44.0,39.0
6342,39.0,47.0,28.0
6343,51.0,54.0,40.0
6344,45.0,66.0,50.0
6345,62.0,73.0,53.0
6346,49.0,60.0,50.0
6347,47.0,69.0,52.0
6348,52.0,66.0,56.0
6349,60.0,68.0,54.0
6350,54.0,71.0,59.0
6351,47.0,67.0,52.0
6352,54.0,96.0,53.0
6353,47.0,78.0,62.0
6354,48.0,85.0,53.0
6355,43.0,77.0,49.0
6356,40.0,78.0,46.0
6357,51.0,76.0,58.0
6358,75.0,74.0,75.0
6359,86.0,87.0,73.0
6360,84.0,120.0,65.0
6361,91.0,66.0,47.0
6362,56.0,57.0,40.0
6363,46.0,59.0,35.0
6364,40.0,44.0,31.0
6365,37.0,43.0,22.0
6366,41.0,48.0,21.0
6367,50.0,74.0,22.0
6368,43.0,62.0,20.0
6369,65.0,83.0,16.0
6370,64.0,69.0,26.0
6371,75.0,61.0,28.0
6372,65.0,64.0,24.0
6373,62.0,69.0,30.0
6374,64.0,68.0,33.0
6375,55.0,63.0,28.0
6376,52.0,82.0,27.0
6377,46.0,73.0,30.0
6378,43.0,72.0,30.0
6379,46.0,52.0,34.0
6380,51.0,66.0,29.0
6381,51.0,52.0,31.0
6382,69.0,59.0,43.0
6383,80.0,73.0,44.0
6384,62.0,72.0,33.0
6385,56.0,51.0,24.0
6386,48.0,56.0,23.0
6387,36.0,50.0,18.0
6388,36.0,42.0,20.0
6389,39.0,42.0,25.0
6390,28.0,34.0,18.0
6391,44.0,42.0,14.0
6392,47.0,42.0,27.0
6393,46.0,53.0,27.0
6394,69.0,50.0,27.0
6395,69.0,47.0,44.0
6396,75.0,49.0,51.0
6397,70.0,53.0,48.0
6398,64.0,43.0,46.0
6399,64.0,52.0,43.0
6400,69.0,54.0,38.0
6401,62.0,69.0,38.0
6402,57.0,56.0,41.0
6403,67.0,52.0,51.0
6404,53.0,47.0,56.0
6405,59.0,36.0,54.0
6406,53.0,55.0,58.0
6407,71.0,58.0,84.0
6408,62.0,64.0,71.0
6409,56.0,49.0,63.0
6410,34.0,41.0,58.0
6411,23.0,33.0,42.0
6412,21.0,36.0,35.0
6413,24.0,30.0,19.0
6414,21.0,36.0,25.0
6415,29.0,39.0,23.0
6416,28.0,48.0,28.0
6417,36.0,76.0,36.0
6418,33.0,68.0,32.0
6419,39.0,52.0,24.0
6420,37.0,42.0,
6421,39.0,54.0,26.0
6422,36.0,55.0,27.0
6423,43.0,55.0,37.0
6424,71.0,66.0,37.0
6425,42.0,61.0,35.0
6426,42.0,51.0,34.0
6427,32.0,49.0,46.0
6428,42.0,56.0,57.0
6429,89.0,74.0,64.0
6430,46.0,65.0,77.0
6431,42.0,63.0,86.0
6432,38.0,70.0,97.0
6433,39.0,64.0,75.0
6434,39.0,57.0,83.0
6435,33.0,56.0,65.0
6436,37.0,42.0,55.0
6437,37.0,38.0,65.0
6438,60.0,43.0,39.0
6439,55.0,38.0,27.0
6440,60.0,40.0,33.0
6441,73.0,52.0,96.0
6442,77.0,58.0,120.0
6443,114.0,50.0,67.0
6444,71.0,61.0,77.0
6445,67.0,76.0,54.0
6446,49.0,54.0,30.0
6447,48.0,61.0,21.0
6448,29.0,48.0,25.0
6449,49.0,51.0,21.0
6450,85.0,61.0,23.0
6451,36.0,65.0,20.0
6452,44.0,65.0,70.0
6453,27.0,68.0,105.0
6454,27.0,71.0,96.0
6455,33.0,73.0,87.0
6456,36.0,80.0,76.0
6457,32.0,68.0,65.0
6458,31.0,66.0,96.0
6459,31.0,62.0,93.0
6460,31.0,47.0,64.0
6461,49.0,47.0,38.0
6462,74.0,39.0,29.0
6463,66.0,51.0,17.0
6464,72.0,56.0,20.0
6465,56.0,65.0,45.0
6466,58.0,64.0,48.0
6467,61.0,68.0,46.0
6468,98.0,77.0,42.0
6469,43.0,64.0,44.0
6470,31.0,65.0,39.0
6471,43.0,59.0,32.0
6472,39.0,61.0,31.0
6473,59.0,69.0,25.0
6474,59.0,,27.0
6475,57.0,,32.0
6476,50.0,50.0,44.0
6477,119.0,64.0,57.0
6478,70.0,52.0,65.0
6479,109.0,57.0,38.0
6480,164.0,69.0,33.0
6481,73.0,140.0,29.0
6482,66.0,97.0,36.0
6483,51.0,79.0,42.0
6484,52.0,53.0,84.0
6485,50.0,47.0,122.0
6486,42.0,40.0,88.0
6487,67.0,66.0,65.0
6488,66.0,68.0,64.0
6489,74.0,125.0,100.0
6490,92.0,202.0,186.0
6491,80.0,135.0,221.0
6492,86.0,99.0,136.0
6493,71.0,117.0,109.0
6494,41.0,106.0,88.0
6495,48.0,68.0,73.0
6496,46.0,57.0,67.0
6497,50.0,46.0,50.0
6498,51.0,51.0,52.0
6499,56.0,63.0,56.0
6500,60.0,72.0,76.0
6501,88.0,105.0,101.0
6502,312.0,132.0,133.0
6503,197.0,137.0,147.0
6504,97.0,95.0,138.0
6505,70.0,78.0,167.0
6506,56.0,67.0,110.0
6507,84.0,68.0,123.0
6508,43.0,62.0,117.0
6509,49.0,50.0,114.0
6510,52.0,54.0,145.0
6511,72.0,59.0,212.0
6512,89.0,67.0,211.0
6513,86.0,78.0,198.0
6514,97.0,85.0,220.0
6515,94.0,50.0,245.0
6516,75.0,51.0,229.0
6517,64.0,64.0,88.0
6518,55.0,73.0,43.0
6519,47.0,61.0,41.0
6520,64.0,62.0,47.0
6521,47.0,54.0,39.0
6522,53.0,57.0,35.0
6523,60.0,59.0,39.0
6524,56.0,66.0,48.0
6525,62.0,86.0,63.0
6526,72.0,100.0,87.0
6527,285.0,73.0,83.0
6528,236.0,101.0,120.0
6529,127.0,82.0,100.0
6530,95.0,80.0,111.0
6531,64.0,56.0,100.0
6532,43.0,42.0,98.0
6533,40.0,41.0,121.0
6534,60.0,45.0,87.0
6535,56.0,52.0,99.0
6536,99.0,54.0,124.0
6537,121.0,67.0,130.0
6538,152.0,62.0,134.0
6539,129.0,47.0,132.0
6540,82.0,55.0,115.0
6541,72.0,47.0,80.0
6542,71.0,55.0,36.0
6543,80.0,67.0,25.0
6544,74.0,57.0,20.0
6545,74.0,57.0,27.0
6546,68.0,65.0,32.0
6547,61.0,61.0,29.0
6548,60.0,60.0,34.0
6549,68.0,71.0,60.0
6550,80.0,58.0,62.0
6551,189.0,56.0,65.0
6552,210.0,64.0,72.0
6553,,,133.0
6554,81.0,49.0,188.0
6555,65.0,52.0,91.0
6556,71.0,51.0,51.0
6557,77.0,38.0,45.0
6558,59.0,43.0,42.0
6559,56.0,34.0,60.0
6560,56.0,38.0,111.0
6561,102.0,41.0,168.0
6562,111.0,44.0,225.0
6563,96.0,42.0,242.0
6564,76.0,50.0,169.0
6565,83.0,51.0,86.0
6566,85.0,53.0,54.0
6567,86.0,44.0,49.0
6568,78.0,45.0,46.0
6569,70.0,46.0,50.0
6570,65.0,35.0,48.0
6571,55.0,44.0,56.0
6572,53.0,40.0,60.0
6573,55.0,47.0,74.0
6574,62.0,52.0,196.0
6575,175.0,50.0,141.0
6576,72.0,38.0,108.0
6577,44.0,41.0,
6578,67.0,37.0,78.0
6579,38.0,36.0,47.0
6580,34.0,30.0,36.0
6581,27.0,30.0,22.0
6582,28.0,29.0,25.0
6583,39.0,37.0,32.0
6584,37.0,42.0,28.0
6585,33.0,65.0,39.0
6586,34.0,60.0,46.0
6587,46.0,48.0,48.0
6588,43.0,54.0,43.0
6589,48.0,60.0,44.0
6590,47.0,61.0,45.0
6591,51.0,65.0,39.0
6592,64.0,61.0,35.0
6593,44.0,60.0,34.0
6594,42.0,55.0,31.0
6595,36.0,68.0,33.0
6596,34.0,79.0,34.0
6597,39.0,81.0,34.0
6598,50.0,100.0,42.0
6599,45.0,66.0,51.0
6600,59.0,44.0,58.0
6601,50.0,56.0,59.0
6602,45.0,54.0,32.0
6603,42.0,52.0,37.0
6604,41.0,35.0,47.0
6605,33.0,46.0,41.0
6606,29.0,50.0,41.0
6607,37.0,59.0,29.0
6608,49.0,64.0,38.0
6609,44.0,68.0,73.0
6610,47.0,69.0,110.0
6611,49.0,85.0,114.0
6612,51.0,65.0,103.0
6613,55.0,64.0,64.0
6614,54.0,55.0,49.0
6615,52.0,63.0,50.0
6616,54.0,85.0,39.0
6617,50.0,63.0,35.0
6618,47.0,70.0,48.0
6619,46.0,91.0,54.0
6620,45.0,81.0,55.0
6621,56.0,108.0,75.0
6622,50.0,159.0,104.0
6623,47.0,140.0,98.0
6624,60.0,92.0,84.0
6625,53.0,66.0,96.0
6626,43.0,52.0,115.0
6627,46.0,55.0,76.0
6628,29.0,43.0,60.0
6629,35.0,49.0,47.0
6630,36.0,41.0,55.0
6631,50.0,43.0,60.0
6632,50.0,52.0,48.0
6633,48.0,60.0,76.0
6634,61.0,71.0,98.0
6635,54.0,52.0,61.0
6636,71.0,53.0,58.0
6637,59.0,59.0,41.0
6638,55.0,60.0,35.0
6639,46.0,61.0,31.0
6640,43.0,69.0,30.0
6641,54.0,74.0,36.0
6642,62.0,60.0,40.0
6643,58.0,71.0,51.0
6644,53.0,81.0,66.0
6645,49.0,98.0,84.0
6646,47.0,101.0,72.0
6647,63.0,104.0,73.0
6648,43.0,73.0,78.0
6649,40.0,50.0,81.0
6650,42.0,45.0,74.0
6651,52.0,41.0,46.0
6652,46.0,39.0,43.0
6653,43.0,43.0,41.0
6654,50.0,41.0,39.0
6655,46.0,47.0,35.0
6656,59.0,57.0,35.0
6657,65.0,60.0,82.0
6658,81.0,68.0,107.0
6659,62.0,55.0,109.0
6660,58.0,59.0,106.0
6661,59.0,57.0,69.0
6662,69.0,61.0,60.0
6663,62.0,51.0,77.0
6664,56.0,64.0,65.0
6665,68.0,192.0,53.0
6666,60.0,59.0,49.0
6667,53.0,42.0,50.0
6668,58.0,29.0,44.0
6669,70.0,31.0,65.0
6670,63.0,23.0,66.0
6671,77.0,25.0,72.0
6672,77.0,31.0,100.0
6673,66.0,30.0,72.0
6674,56.0,25.0,42.0
6675,57.0,29.0,32.0
6676,48.0,25.0,22.0
6677,40.0,27.0,18.0
6678,33.0,28.0,25.0
6679,48.0,25.0,30.0
6680,43.0,30.0,24.0
6681,40.0,30.0,20.0
6682,55.0,39.0,23.0
6683,53.0,40.0,26.0
6684,49.0,39.0,27.0
6685,61.0,46.0,30.0
6686,66.0,39.0,31.0
6687,92.0,43.0,19.0
6688,75.0,42.0,19.0
6689,70.0,38.0,22.0
6690,64.0,37.0,23.0
6691,47.0,46.0,26.0
6692,40.0,48.0,29.0
6693,53.0,62.0,24.0
6694,75.0,31.0,30.0
6695,43.0,31.0,37.0
6696,43.0,38.0,41.0
6697,46.0,35.0,47.0
6698,50.0,54.0,52.0
6699,57.0,64.0,52.0
6700,43.0,54.0,57.0
6701,34.0,46.0,56.0
6702,22.0,45.0,45.0
6703,25.0,47.0,38.0
6704,30.0,44.0,37.0
6705,26.0,35.0,35.0
6706,36.0,25.0,50.0
6707,45.0,33.0,46.0
6708,50.0,39.0,29.0
6709,48.0,52.0,17.0
6710,34.0,49.0,12.0
6711,34.0,50.0,15.0
6712,52.0,48.0,13.0
6713,58.0,39.0,22.0
6714,64.0,46.0,29.0
6715,71.0,45.0,37.0
6716,65.0,52.0,41.0
6717,57.0,43.0,36.0
6718,37.0,37.0,50.0
6719,46.0,34.0,69.0
6720,48.0,37.0,95.0
6721,33.0,34.0,79.0
6722,39.0,24.0,52.0
6723,35.0,34.0,52.0
6724,30.0,31.0,50.0
6725,35.0,38.0,31.0
6726,35.0,31.0,31.0
6727,33.0,34.0,37.0
6728,44.0,40.0,57.0
6729,39.0,35.0,97.0
6730,54.0,42.0,90.0
6731,49.0,38.0,80.0
6732,151.0,30.0,62.0
6733,48.0,37.0,56.0
6734,70.0,42.0,63.0
6735,75.0,50.0,61.0
6736,83.0,55.0,49.0
6737,84.0,82.0,49.0
6738,66.0,65.0,62.0
6739,86.0,57.0,33.0
6740,80.0,45.0,46.0
6741,78.0,45.0,127.0
6742,75.0,56.0,138.0
6743,93.0,70.0,162.0
6744,42.0,52.0,169.0
6745,50.0,45.0,232.0
6746,37.0,45.0,256.0
6747,32.0,57.0,250.0
6748,33.0,42.0,139.0
6749,36.0,41.0,101.0
6750,33.0,53.0,91.0
6751,38.0,50.0,123.0
6752,42.0,73.0,127.0
6753,52.0,78.0,162.0
6754,64.0,89.0,214.0
6755,74.0,101.0,199.0
6756,56.0,87.0,155.0
6757,61.0,83.0,88.0
6758,64.0,74.0,49.0
6759,44.0,79.0,47.0
6760,60.0,83.0,48.0
6761,47.0,70.0,41.0
6762,45.0,91.0,40.0
6763,44.0,100.0,48.0
6764,44.0,72.0,60.0
6765,40.0,87.0,107.0
6766,45.0,109.0,127.0
6767,43.0,123.0,161.0
6768,55.0,104.0,115.0
6769,39.0,158.0,111.0
6770,65.0,127.0,172.0
6771,42.0,92.0,151.0
6772,36.0,70.0,114.0
6773,33.0,71.0,85.0
6774,40.0,80.0,132.0
6775,53.0,68.0,126.0
6776,62.0,75.0,173.0
6777,72.0,102.0,195.0
6778,70.0,93.0,207.0
6779,67.0,79.0,186.0
6780,75.0,83.0,139.0
6781,68.0,71.0,94.0
6782,76.0,58.0,64.0
6783,63.0,62.0,49.0
6784,55.0,66.0,35.0
6785,58.0,73.0,41.0
6786,62.0,46.0,42.0
6787,76.0,49.0,52.0
6788,74.0,41.0,89.0
6789,67.0,41.0,108.0
6790,66.0,39.0,134.0
6791,62.0,30.0,147.0
6792,68.0,38.0,147.0
6793,69.0,38.0,73.0
6794,56.0,36.0,63.0
6795,40.0,31.0,66.0
6796,43.0,,57.0
6797,45.0,35.0,64.0
6798,50.0,29.0,94.0
6799,58.0,32.0,121.0
6800,65.0,45.0,136.0
6801,61.0,34.0,168.0
6802,75.0,39.0,228.0
6803,68.0,43.0,251.0
6804,70.0,38.0,178.0
6805,63.0,50.0,90.0
6806,65.0,78.0,69.0
6807,65.0,100.0,64.0
6808,66.0,113.0,59.0
6809,58.0,106.0,58.0
6810,57.0,117.0,61.0
6811,78.0,109.0,69.0
6812,62.0,109.0,81.0
6813,77.0,96.0,101.0
6814,82.0,106.0,110.0
6815,100.0,96.0,137.0
6816,95.0,100.0,135.0
6817,118.0,102.0,141.0
6818,100.0,72.0,106.0
6819,96.0,61.0,92.0
6820,78.0,35.0,79.0
6821,62.0,42.0,94.0
6822,133.0,53.0,100.0
6823,125.0,74.0,82.0
6824,115.0,75.0,94.0
6825,163.0,109.0,136.0
6826,121.0,98.0,171.0
6827,108.0,76.0,183.0
6828,90.0,92.0,139.0
6829,71.0,108.0,97.0
6830,58.0,136.0,75.0
6831,65.0,143.0,53.0
6832,58.0,100.0,56.0
6833,45.0,100.0,64.0
6834,41.0,138.0,56.0
6835,46.0,127.0,55.0
6836,76.0,127.0,62.0
6837,93.0,141.0,79.0
6838,131.0,148.0,82.0
6839,133.0,110.0,128.0
6840,117.0,139.0,138.0
6841,118.0,134.0,123.0
6842,78.0,83.0,71.0
6843,72.0,87.0,61.0
6844,66.0,66.0,55.0
6845,58.0,61.0,54.0
6846,109.0,50.0,41.0
6847,100.0,50.0,53.0
6848,97.0,68.0,78.0
6849,91.0,100.0,108.0
6850,139.0,151.0,171.0
6851,182.0,139.0,118.0
6852,132.0,90.0,79.0
6853,89.0,73.0,60.0
6854,50.0,84.0,63.0
6855,39.0,80.0,61.0
6856,29.0,82.0,56.0
6857,37.0,90.0,58.0
6858,57.0,88.0,54.0
6859,51.0,101.0,55.0
6860,76.0,110.0,52.0
6861,118.0,111.0,52.0
6862,99.0,82.0,62.0
6863,153.0,58.0,77.0
6864,143.0,47.0,84.0
6865,97.0,60.0,79.0
6866,57.0,60.0,55.0
6867,45.0,36.0,42.0
6868,42.0,37.0,46.0
6869,41.0,43.0,51.0
6870,35.0,37.0,46.0
6871,43.0,38.0,48.0
6872,61.0,77.0,276.0
6873,70.0,60.0,86.0
6874,66.0,50.0,65.0
6875,66.0,67.0,77.0
6876,59.0,58.0,70.0
6877,51.0,40.0,49.0
6878,47.0,42.0,39.0
6879,63.0,43.0,45.0
6880,,39.0,43.0
6881,130.0,33.0,55.0
6882,65.0,29.0,34.0
6883,54.0,50.0,39.0
6884,55.0,71.0,42.0
6885,74.0,65.0,48.0
6886,92.0,60.0,66.0
6887,86.0,92.0,84.0
6888,61.0,88.0,58.0
6889,40.0,88.0,51.0
6890,31.0,69.0,47.0
6891,27.0,78.0,43.0
6892,27.0,65.0,39.0
6893,24.0,60.0,28.0
6894,26.0,59.0,37.0
6895,28.0,70.0,52.0
6896,33.0,64.0,55.0
6897,37.0,64.0,94.0
6898,47.0,54.0,128.0
6899,44.0,55.0,92.0
6900,60.0,50.0,96.0
6901,62.0,55.0,83.0
6902,64.0,60.0,85.0
6903,56.0,61.0,115.0
6904,73.0,92.0,97.0
6905,51.0,68.0,82.0
6906,58.0,68.0,72.0
6907,57.0,75.0,80.0
6908,43.0,76.0,73.0
6909,55.0,75.0,83.0
6910,63.0,103.0,82.0
6911,73.0,116.0,64.0
6912,51.0,92.0,55.0
6913,35.0,72.0,78.0
6914,26.0,56.0,66.0
6915,26.0,47.0,54.0
6916,21.0,48.0,36.0
6917,23.0,52.0,30.0
6918,21.0,56.0,37.0
6919,22.0,70.0,45.0
6920,21.0,68.0,51.0
6921,27.0,56.0,97.0
6922,26.0,56.0,128.0
6923,31.0,45.0,105.0
6924,36.0,47.0,104.0
6925,30.0,43.0,61.0
6926,51.0,52.0,50.0
6927,46.0,79.0,40.0
6928,49.0,92.0,52.0
6929,44.0,102.0,57.0
6930,42.0,82.0,60.0
6931,36.0,78.0,63.0
6932,34.0,102.0,74.0
6933,42.0,128.0,92.0
6934,54.0,128.0,178.0
6935,47.0,96.0,136.0
6936,34.0,96.0,106.0
6937,24.0,140.0,104.0
6938,25.0,119.0,73.0
6939,21.0,91.0,72.0
6940,25.0,57.0,44.0
6941,25.0,75.0,23.0
6942,29.0,102.0,27.0
6943,37.0,81.0,27.0
6944,36.0,80.0,30.0
6945,46.0,117.0,36.0
6946,41.0,202.0,31.0
6947,55.0,142.0,41.0
6948,44.0,106.0,36.0
6949,56.0,92.0,35.0
6950,54.0,73.0,51.0
6951,44.0,88.0,94.0
6952,44.0,97.0,82.0
6953,39.0,78.0,67.0
6954,50.0,72.0,50.0
6955,59.0,75.0,54.0
6956,36.0,102.0,53.0
6957,25.0,121.0,86.0
6958,22.0,103.0,66.0
6959,20.0,124.0,62.0
6960,18.0,144.0,43.0
6961,17.0,117.0,29.0
6962,17.0,126.0,18.0
6963,18.0,69.0,23.0
6964,18.0,68.0,28.0
6965,20.0,65.0,17.0
6966,25.0,57.0,18.0
6967,24.0,51.0,21.0
6968,25.0,66.0,26.0
6969,33.0,70.0,30.0
6970,25.0,154.0,27.0
6971,32.0,114.0,38.0
6972,46.0,83.0,36.0
6973,43.0,83.0,37.0
6974,37.0,84.0,40.0
6975,29.0,81.0,45.0
6976,31.0,84.0,50.0
6977,28.0,90.0,41.0
6978,27.0,139.0,46.0
6979,28.0,138.0,50.0
6980,25.0,109.0,36.0
6981,30.0,154.0,35.0
6982,25.0,158.0,33.0
6983,25.0,138.0,29.0
6984,28.0,157.0,21.0
6985,31.0,158.0,14.0
6986,31.0,127.0,13.0
6987,32.0,104.0,16.0
6988,31.0,77.0,25.0
6989,31.0,70.0,28.0
6990,41.0,69.0,28.0
6991,53.0,159.0,31.0
6992,48.0,172.0,28.0
6993,54.0,170.0,33.0
6994,48.0,158.0,31.0
6995,43.0,222.0,25.0
6996,47.0,189.0,44.0
6997,64.0,170.0,56.0
6998,58.0,140.0,44.0
6999,58.0,69.0,32.0
7000,57.0,70.0,45.0
7001,52.0,67.0,48.0
7002,52.0,68.0,53.0
7003,53.0,89.0,51.0
7004,61.0,110.0,34.0
7005,65.0,121.0,28.0
7006,76.0,114.0,27.0
7007,85.0,110.0,22.0
7008,70.0,120.0,32.0
7009,65.0,133.0,23.0
7010,70.0,114.0,14.0
7011,62.0,218.0,37.0
7012,58.0,268.0,36.0
7013,50.0,258.0,26.0
7014,47.0,242.0,22.0
7015,70.0,240.0,30.0
7016,116.0,178.0,30.0
7017,149.0,210.0,23.0
7018,129.0,293.0,24.0
7019,152.0,250.0,27.0
7020,96.0,176.0,28.0
7021,80.0,132.0,40.0
7022,56.0,95.0,53.0
7023,70.0,65.0,58.0
7024,67.0,65.0,50.0
7025,65.0,82.0,51.0
7026,50.0,65.0,48.0
7027,79.0,72.0,48.0
7028,79.0,125.0,59.0
7029,66.0,123.0,69.0
7030,68.0,140.0,61.0
7031,89.0,165.0,58.0
7032,95.0,199.0,63.0
7033,101.0,222.0,52.0
7034,68.0,153.0,34.0
7035,68.0,155.0,37.0
7036,48.0,204.0,40.0
7037,36.0,204.0,34.0
7038,47.0,192.0,24.0
7039,93.0,233.0,30.0
7040,97.0,171.0,28.0
7041,99.0,149.0,34.0
7042,122.0,259.0,33.0
7043,133.0,289.0,41.0
7044,168.0,185.0,36.0
7045,103.0,115.0,39.0
7046,80.0,114.0,32.0
7047,66.0,128.0,34.0
7048,54.0,118.0,28.0
7049,53.0,109.0,27.0
7050,70.0,101.0,20.0
7051,75.0,90.0,21.0
7052,63.0,89.0,20.0
7053,63.0,69.0,27.0
7054,84.0,93.0,16.0
7055,127.0,125.0,26.0
7056,106.0,112.0,25.0
7057,61.0,75.0,18.0
7058,59.0,74.0,15.0
7059,34.0,64.0,13.0
7060,44.0,53.0,14.0
7061,43.0,42.0,11.0
7062,39.0,43.0,9.0
7063,45.0,46.0,12.0
7064,69.0,49.0,22.0
7065,83.0,60.0,26.0
7066,144.0,54.0,23.0
7067,163.0,58.0,22.0
7068,143.0,61.0,32.0
7069,126.0,74.0,37.0
7070,157.0,84.0,32.0
7071,127.0,99.0,47.0
7072,93.0,87.0,62.0
7073,91.0,83.0,65.0
7074,83.0,72.0,63.0
7075,57.0,61.0,65.0
7076,46.0,65.0,87.0
7077,52.0,80.0,99.0
7078,59.0,101.0,104.0
7079,56.0,73.0,91.0
7080,51.0,64.0,95.0
7081,42.0,74.0,114.0
7082,35.0,62.0,84.0
7083,31.0,56.0,67.0
7084,30.0,63.0,60.0
7085,33.0,49.0,37.0
7086,29.0,43.0,35.0
7087,32.0,50.0,39.0
7088,37.0,61.0,64.0
7089,33.0,56.0,71.0
7090,40.0,134.0,73.0
7091,36.0,153.0,78.0
7092,46.0,135.0,81.0
7093,49.0,122.0,73.0
7094,67.0,71.0,55.0
7095,72.0,80.0,58.0
7096,65.0,73.0,64.0
7097,42.0,72.0,55.0
7098,42.0,87.0,62.0
7099,39.0,80.0,54.0
7100,37.0,104.0,62.0
7101,44.0,134.0,68.0
7102,50.0,161.0,86.0
7103,60.0,146.0,85.0
7104,54.0,133.0,91.0
7105,43.0,102.0,96.0
7106,42.0,82.0,72.0
7107,34.0,55.0,64.0
7108,36.0,59.0,41.0
7109,37.0,50.0,40.0
7110,49.0,40.0,38.0
7111,46.0,46.0,40.0
7112,53.0,70.0,46.0
7113,69.0,83.0,48.0
7114,64.0,90.0,52.0
7115,70.0,100.0,52.0
7116,75.0,102.0,51.0
7117,80.0,98.0,57.0
7118,72.0,86.0,55.0
7119,70.0,83.0,59.0
7120,76.0,106.0,72.0
7121,108.0,104.0,62.0
7122,93.0,94.0,67.0
7123,84.0,105.0,61.0
7124,79.0,116.0,74.0
7125,72.0,126.0,91.0
7126,74.0,139.0,93.0
7127,98.0,104.0,100.0
7128,137.0,109.0,104.0
7129,92.0,77.0,116.0
7130,71.0,69.0,111.0
7131,64.0,59.0,119.0
7132,233.0,56.0,86.0
7133,128.0,49.0,49.0
7134,68.0,58.0,41.0
7135,45.0,64.0,25.0
7136,41.0,73.0,19.0
7137,37.0,82.0,25.0
7138,37.0,77.0,34.0
7139,39.0,72.0,50.0
7140,35.0,75.0,53.0
7141,35.0,83.0,79.0
7142,45.0,77.0,70.0
7143,26.0,89.0,60.0
7144,33.0,93.0,62.0
7145,42.0,103.0,63.0
7146,104.0,95.0,63.0
7147,65.0,99.0,66.0
7148,63.0,98.0,67.0
7149,63.0,126.0,89.0
7150,76.0,116.0,122.0
7151,76.0,82.0,112.0
7152,60.0,70.0,109.0
7153,57.0,52.0,98.0
7154,95.0,57.0,62.0
7155,94.0,46.0,55.0
7156,76.0,39.0,42.0
7157,43.0,41.0,32.0
7158,40.0,41.0,34.0
7159,40.0,36.0,20.0
7160,52.0,50.0,34.0
7161,62.0,50.0,71.0
7162,78.0,71.0,90.0
7163,86.0,92.0,113.0
7164,84.0,65.0,123.0
7165,72.0,67.0,102.0
7166,61.0,55.0,92.0
7167,71.0,52.0,69.0
7168,67.0,61.0,72.0
7169,62.0,103.0,76.0
7170,54.0,121.0,67.0
7171,51.0,105.0,64.0
7172,46.0,101.0,77.0
7173,52.0,98.0,81.0
7174,81.0,113.0,90.0
7175,60.0,106.0,127.0
7176,55.0,70.0,134.0
7177,40.0,57.0,119.0
7178,41.0,50.0,116.0
7179,40.0,44.0,63.0
7180,32.0,44.0,49.0
7181,34.0,34.0,31.0
7182,28.0,34.0,28.0
7183,48.0,38.0,31.0
7184,50.0,54.0,29.0
7185,61.0,63.0,34.0
7186,69.0,69.0,39.0
7187,71.0,87.0,53.0
7188,57.0,101.0,54.0
7189,68.0,95.0,48.0
7190,62.0,90.0,48.0
7191,52.0,100.0,44.0
7192,58.0,119.0,45.0
7193,57.0,102.0,35.0
7194,57.0,105.0,31.0
7195,54.0,90.0,34.0
7196,64.0,95.0,50.0
7197,71.0,121.0,57.0
7198,77.0,133.0,56.0
7199,84.0,91.0,65.0
7200,99.0,87.0,65.0
7201,96.0,52.0,71.0
7202,87.0,44.0,43.0
7203,60.0,50.0,32.0
7204,47.0,42.0,29.0
7205,38.0,41.0,23.0
7206,44.0,36.0,19.0
7207,42.0,39.0,21.0
7208,85.0,46.0,29.0
7209,85.0,53.0,36.0
7210,100.0,62.0,
7211,110.0,64.0,43.0
7212,155.0,60.0,34.0
7213,126.0,65.0,23.0
7214,81.0,74.0,25.0
7215,51.0,84.0,28.0
7216,49.0,73.0,36.0
7217,54.0,88.0,29.0
7218,52.0,79.0,26.0
7219,50.0,84.0,30.0
7220,52.0,74.0,40.0
7221,50.0,86.0,26.0
7222,44.0,111.0,47.0
7223,57.0,91.0,55.0
7224,55.0,59.0,57.0
7225,45.0,51.0,67.0
7226,37.0,50.0,57.0
7227,38.0,45.0,27.0
7228,41.0,37.0,46.0
7229,36.0,30.0,57.0
7230,40.0,34.0,40.0
7231,43.0,35.0,26.0
7232,54.0,44.0,27.0
7233,109.0,38.0,34.0
7234,201.0,42.0,51.0
7235,115.0,47.0,64.0
7236,76.0,50.0,81.0
7237,56.0,50.0,65.0
7238,46.0,46.0,53.0
7239,41.0,62.0,62.0
7240,55.0,44.0,61.0
7241,72.0,57.0,55.0
7242,82.0,50.0,63.0
7243,91.0,62.0,59.0
7244,70.0,62.0,64.0
7245,70.0,62.0,68.0
7246,79.0,82.0,55.0
7247,57.0,86.0,59.0
7248,51.0,47.0,61.0
7249,70.0,38.0,47.0
7250,78.0,286.0,35.0
7251,,113.0,31.0
7252,,29.0,22.0
7253,54.0,24.0,30.0
7254,61.0,21.0,28.0
7255,78.0,23.0,30.0
7256,70.0,20.0,44.0
7257,54.0,21.0,49.0
7258,53.0,22.0,60.0
7259,61.0,27.0,51.0
7260,47.0,31.0,56.0
7261,45.0,35.0,53.0
7262,53.0,32.0,55.0
7263,55.0,38.0,68.0
7264,68.0,39.0,64.0
7265,77.0,42.0,92.0
7266,48.0,39.0,87.0
7267,49.0,37.0,67.0
7268,48.0,38.0,73.0
7269,54.0,,82.0
7270,62.0,,74.0
7271,69.0,,66.0
7272,75.0,,79.0
7273,52.0,,49.0
7274,42.0,,35.0
7275,33.0,,39.0
7276,31.0,,22.0
7277,29.0,,23.0
7278,26.0,,24.0
7279,34.0,,35.0
7280,28.0,70.0,32.0
7281,32.0,32.0,43.0
7282,31.0,38.0,47.0
7283,38.0,27.0,45.0
7284,33.0,31.0,52.0
7285,37.0,32.0,55.0
7286,34.0,39.0,52.0
7287,43.0,43.0,59.0
7288,46.0,46.0,76.0
7289,66.0,48.0,73.0
7290,62.0,,75.0
7291,45.0,48.0,89.0
7292,33.0,43.0,95.0
7293,23.0,40.0,112.0
7294,23.0,46.0,125.0
7295,26.0,36.0,143.0
7296,23.0,48.0,143.0
7297,,,140.0
7298,13.0,44.0,69.0
7299,18.0,53.0,35.0
7300,18.0,45.0,30.0
7301,17.0,45.0,33.0
7302,15.0,41.0,31.0
7303,14.0,46.0,31.0
7304,17.0,44.0,43.0
7305,17.0,55.0,47.0
7306,22.0,68.0,53.0
7307,22.0,50.0,57.0
7308,21.0,34.0,42.0
7309,29.0,66.0,42.0
7310,30.0,66.0,41.0
7311,25.0,56.0,59.0
7312,22.0,65.0,50.0
7313,25.0,73.0,51.0
7314,21.0,68.0,57.0
7315,33.0,60.0,65.0
7316,44.0,63.0,71.0
7317,37.0,60.0,62.0
7318,39.0,66.0,86.0
7319,47.0,88.0,97.0
7320,38.0,88.0,96.0
7321,32.0,88.0,100.0
7322,32.0,91.0,58.0
7323,25.0,98.0,50.0
7324,26.0,87.0,40.0
7325,21.0,63.0,46.0
7326,20.0,71.0,37.0
7327,19.0,51.0,35.0
7328,44.0,61.0,43.0
7329,46.0,95.0,52.0
7330,34.0,119.0,52.0
7331,53.0,98.0,67.0
7332,73.0,92.0,70.0
7333,111.0,71.0,57.0
7334,57.0,75.0,55.0
7335,77.0,81.0,58.0
7336,67.0,83.0,59.0
7337,73.0,69.0,62.0
7338,60.0,71.0,61.0
7339,,66.0,65.0
7340,60.0,71.0,88.0
7341,60.0,68.0,64.0
7342,57.0,68.0,82.0
7343,70.0,87.0,59.0
7344,59.0,87.0,47.0
7345,55.0,98.0,36.0
7346,30.0,99.0,31.0
7347,45.0,107.0,41.0
7348,29.0,81.0,39.0
7349,32.0,70.0,38.0
7350,37.0,90.0,35.0
7351,34.0,91.0,38.0
7352,23.0,101.0,43.0
7353,30.0,119.0,36.0
7354,32.0,136.0,35.0
7355,33.0,148.0,35.0
7356,45.0,144.0,38.0
7357,63.0,82.0,35.0
7358,72.0,101.0,40.0
7359,62.0,71.0,45.0
7360,72.0,68.0,49.0
7361,64.0,70.0,36.0
7362,86.0,61.0,41.0
7363,79.0,72.0,43.0
7364,91.0,71.0,49.0
7365,118.0,83.0,54.0
7366,188.0,116.0,52.0
7367,64.0,144.0,42.0
7368,41.0,104.0,43.0
7369,46.0,121.0,33.0
7370,36.0,83.0,28.0
7371,36.0,61.0,90.0
7372,37.0,57.0,85.0
7373,39.0,47.0,29.0
7374,41.0,42.0,19.0
7375,40.0,53.0,20.0
7376,43.0,49.0,20.0
7377,43.0,67.0,22.0
7378,64.0,98.0,25.0
7379,83.0,93.0,28.0
7380,76.0,82.0,25.0
7381,111.0,83.0,29.0
7382,143.0,58.0,37.0
7383,123.0,57.0,29.0
7384,124.0,76.0,36.0
7385,133.0,64.0,42.0
7386,125.0,65.0,40.0
7387,92.0,62.0,36.0
7388,106.0,54.0,38.0
7389,129.0,58.0,37.0
7390,181.0,69.0,53.0
7391,100.0,99.0,48.0
7392,106.0,100.0,46.0
7393,66.0,101.0,37.0
7394,77.0,59.0,32.0
7395,75.0,55.0,28.0
7396,58.0,52.0,
7397,65.0,43.0,23.0
7398,,38.0,22.0
7399,94.0,41.0,32.0
7400,36.0,44.0,44.0
7401,33.0,63.0,48.0
7402,39.0,64.0,57.0
7403,48.0,67.0,55.0
7404,42.0,58.0,54.0
7405,39.0,44.0,69.0
7406,39.0,36.0,67.0
7407,58.0,39.0,58.0
7408,57.0,48.0,81.0
7409,70.0,64.0,82.0
7410,84.0,54.0,98.0
7411,86.0,50.0,64.0
7412,69.0,50.0,71.0
7413,57.0,60.0,91.0
7414,63.0,63.0,108.0
7415,64.0,73.0,96.0
7416,72.0,85.0,92.0
7417,91.0,67.0,69.0
7418,77.0,46.0,52.0
7419,66.0,40.0,56.0
7420,56.0,47.0,48.0
7421,66.0,33.0,42.0
7422,98.0,37.0,93.0
7423,136.0,38.0,108.0
7424,114.0,51.0,108.0
7425,128.0,78.0,105.0
7426,113.0,124.0,91.0
7427,73.0,75.0,84.0
7428,67.0,48.0,84.0
7429,44.0,50.0,74.0
7430,39.0,55.0,74.0
7431,38.0,70.0,68.0
7432,60.0,66.0,70.0
7433,65.0,72.0,67.0
7434,57.0,60.0,93.0
7435,61.0,68.0,127.0
7436,64.0,64.0,124.0
7437,75.0,101.0,108.0
7438,101.0,104.0,137.0
7439,125.0,95.0,138.0
7440,161.0,96.0,106.0
7441,155.0,91.0,88.0
7442,92.0,57.0,87.0
7443,90.0,47.0,108.0
7444,52.0,48.0,92.0
7445,37.0,37.0,76.0
7446,40.0,38.0,64.0
7447,37.0,41.0,71.0
7448,51.0,92.0,83.0
7449,71.0,111.0,126.0
7450,86.0,153.0,149.0
7451,100.0,166.0,99.0
7452,92.0,159.0,81.0
7453,68.0,145.0,76.0
7454,75.0,129.0,66.0
7455,60.0,129.0,70.0
7456,62.0,126.0,68.0
7457,54.0,95.0,73.0
7458,50.0,76.0,74.0
7459,55.0,81.0,77.0
7460,67.0,108.0,86.0
7461,53.0,120.0,72.0
7462,44.0,126.0,84.0
7463,47.0,109.0,132.0
7464,41.0,97.0,141.0
7465,31.0,109.0,161.0
7466,24.0,71.0,132.0
7467,29.0,49.0,112.0
7468,28.0,43.0,91.0
7469,26.0,38.0,79.0
7470,27.0,51.0,63.0
7471,24.0,53.0,64.0
7472,28.0,51.0,56.0
7473,30.0,51.0,65.0
7474,24.0,96.0,70.0
7475,54.0,111.0,64.0
7476,71.0,85.0,62.0
7477,58.0,89.0,67.0
7478,62.0,85.0,
7479,51.0,84.0,195.0
7480,42.0,88.0,67.0
7481,48.0,93.0,69.0
7482,46.0,137.0,124.0
7483,50.0,130.0,67.0
7484,46.0,105.0,71.0
7485,54.0,126.0,88.0
7486,49.0,145.0,88.0
7487,60.0,89.0,79.0
7488,51.0,80.0,55.0
7489,39.0,70.0,42.0
7490,30.0,54.0,37.0
7491,25.0,51.0,32.0
7492,22.0,40.0,42.0
7493,20.0,37.0,27.0
7494,26.0,42.0,32.0
7495,25.0,36.0,38.0
7496,33.0,40.0,42.0
7497,51.0,54.0,33.0
7498,50.0,71.0,39.0
7499,53.0,89.0,45.0
7500,52.0,98.0,45.0
7501,50.0,57.0,42.0
7502,42.0,45.0,40.0
7503,50.0,58.0,42.0
7504,51.0,61.0,45.0
7505,45.0,54.0,58.0
7506,41.0,64.0,57.0
7507,53.0,72.0,60.0
7508,73.0,71.0,55.0
7509,129.0,57.0,60.0
7510,100.0,61.0,61.0
7511,65.0,59.0,49.0
7512,44.0,60.0,24.0
7513,48.0,89.0,27.0
7514,34.0,49.0,27.0
7515,33.0,33.0,24.0
7516,31.0,30.0,33.0
7517,27.0,28.0,26.0
7518,33.0,27.0,20.0
7519,26.0,24.0,16.0
7520,39.0,20.0,14.0
7521,48.0,22.0,13.0
7522,47.0,21.0,16.0
7523,48.0,26.0,21.0
7524,49.0,27.0,23.0
7525,50.0,28.0,26.0
7526,57.0,30.0,27.0
7527,50.0,34.0,30.0
7528,71.0,29.0,18.0
7529,57.0,31.0,22.0
7530,69.0,23.0,36.0
7531,91.0,24.0,46.0
7532,84.0,29.0,58.0
7533,71.0,32.0,62.0
7534,81.0,30.0,59.0
7535,103.0,28.0,70.0
7536,121.0,25.0,66.0
7537,71.0,24.0,79.0
7538,62.0,24.0,68.0
7539,40.0,21.0,78.0
7540,34.0,22.0,73.0
7541,31.0,22.0,55.0
7542,43.0,23.0,49.0
7543,47.0,21.0,45.0
7544,47.0,23.0,50.0
7545,46.0,22.0,58.0
7546,49.0,25.0,49.0
7547,56.0,29.0,46.0
7548,73.0,24.0,49.0
7549,96.0,29.0,48.0
7550,102.0,25.0,50.0
7551,69.0,25.0,46.0
7552,82.0,30.0,48.0
7553,76.0,42.0,48.0
7554,92.0,45.0,47.0
7555,85.0,33.0,44.0
7556,107.0,27.0,47.0
7557,85.0,43.0,50.0
7558,83.0,29.0,59.0
7559,74.0,28.0,64.0
7560,80.0,47.0,56.0
7561,49.0,28.0,76.0
7562,56.0,23.0,78.0
7563,48.0,22.0,80.0
7564,33.0,30.0,58.0
7565,31.0,24.0,51.0
7566,31.0,19.0,42.0
7567,31.0,22.0,48.0
7568,26.0,20.0,47.0
7569,31.0,19.0,74.0
7570,33.0,22.0,129.0
7571,39.0,23.0,130.0
7572,40.0,20.0,126.0
7573,35.0,23.0,77.0
7574,35.0,25.0,51.0
7575,32.0,23.0,45.0
7576,28.0,20.0,47.0
7577,26.0,22.0,50.0
7578,21.0,20.0,46.0
7579,28.0,19.0,54.0
7580,39.0,21.0,49.0
7581,44.0,21.0,60.0
7582,38.0,24.0,70.0
7583,46.0,29.0,85.0
7584,45.0,40.0,107.0
7585,37.0,35.0,91.0
7586,39.0,24.0,73.0
7587,35.0,22.0,68.0
7588,30.0,21.0,45.0
7589,38.0,22.0,36.0
7590,46.0,20.0,28.0
7591,30.0,18.0,24.0
7592,38.0,19.0,33.0
7593,46.0,21.0,37.0
7594,64.0,20.0,47.0
7595,31.0,20.0,59.0
7596,27.0,21.0,45.0
7597,47.0,23.0,52.0
7598,40.0,35.0,49.0
7599,41.0,26.0,47.0
7600,55.0,34.0,44.0
7601,49.0,33.0,58.0
7602,56.0,35.0,56.0
7603,35.0,36.0,55.0
7604,31.0,40.0,48.0
7605,36.0,38.0,56.0
7606,36.0,41.0,59.0
7607,34.0,31.0,58.0
7608,,32.0,76.0
7609,44.0,22.0,60.0
7610,36.0,25.0,35.0
7611,36.0,21.0,31.0
7612,40.0,22.0,22.0
7613,33.0,24.0,18.0
7614,36.0,23.0,17.0
7615,34.0,21.0,14.0
7616,39.0,25.0,17.0
7617,71.0,23.0,28.0
7618,122.0,21.0,55.0
7619,105.0,27.0,62.0
7620,121.0,24.0,67.0
7621,106.0,39.0,38.0
7622,105.0,42.0,48.0
7623,85.0,39.0,39.0
7624,75.0,40.0,42.0
7625,115.0,42.0,32.0
7626,97.0,50.0,41.0
7627,63.0,58.0,52.0
7628,63.0,90.0,67.0
7629,52.0,117.0,64.0
7630,50.0,120.0,77.0
7631,43.0,98.0,67.0
7632,175.0,87.0,62.0
7633,47.0,58.0,58.0
7634,41.0,46.0,35.0
7635,44.0,39.0,36.0
7636,43.0,51.0,20.0
7637,36.0,55.0,23.0
7638,42.0,50.0,22.0
7639,38.0,42.0,20.0
7640,57.0,54.0,23.0
7641,78.0,61.0,32.0
7642,87.0,68.0,38.0
7643,104.0,102.0,34.0
7644,100.0,108.0,31.0
7645,86.0,83.0,31.0
7646,90.0,83.0,46.0
7647,77.0,74.0,35.0
7648,76.0,88.0,62.0
7649,83.0,100.0,45.0
7650,70.0,97.0,52.0
7651,71.0,114.0,68.0
7652,56.0,124.0,65.0
7653,55.0,133.0,77.0
7654,55.0,121.0,68.0
7655,42.0,115.0,61.0
7656,35.0,91.0,48.0
7657,37.0,104.0,52.0
7658,,114.0,53.0
7659,30.0,114.0,49.0
7660,26.0,70.0,50.0
7661,34.0,60.0,41.0
7662,32.0,75.0,35.0
7663,27.0,79.0,43.0
7664,32.0,75.0,42.0
7665,33.0,98.0,46.0
7666,34.0,145.0,60.0
7667,38.0,175.0,71.0
7668,43.0,161.0,61.0
7669,41.0,138.0,58.0
7670,49.0,,54.0
7671,42.0,178.0,57.0
7672,44.0,118.0,47.0
7673,45.0,98.0,46.0
7674,47.0,114.0,49.0
7675,40.0,132.0,50.0
7676,34.0,125.0,57.0
7677,39.0,158.0,57.0
7678,40.0,131.0,54.0
7679,35.0,196.0,64.0
7680,28.0,169.0,45.0
7681,27.0,152.0,36.0
7682,34.0,207.0,25.0
7683,36.0,245.0,26.0
7684,35.0,144.0,21.0
7685,27.0,105.0,26.0
7686,26.0,91.0,18.0
7687,30.0,115.0,16.0
7688,27.0,141.0,25.0
7689,29.0,138.0,34.0
7690,30.0,138.0,35.0
7691,32.0,152.0,44.0
7692,28.0,119.0,58.0
7693,42.0,132.0,50.0
7694,47.0,168.0,41.0
7695,42.0,132.0,31.0
7696,43.0,92.0,39.0
7697,53.0,72.0,43.0
7698,49.0,88.0,41.0
7699,75.0,166.0,43.0
7700,73.0,153.0,40.0
7701,76.0,144.0,53.0
7702,89.0,152.0,58.0
7703,59.0,197.0,44.0
7704,34.0,218.0,70.0
7705,32.0,264.0,80.0
7706,10.0,142.0,69.0
7707,49.0,133.0,39.0
7708,,272.0,26.0
7709,79.0,147.0,26.0
7710,19.0,129.0,27.0
7711,21.0,100.0,30.0
7712,21.0,93.0,34.0
7713,19.0,102.0,32.0
7714,26.0,107.0,37.0
7715,27.0,79.0,35.0
7716,26.0,54.0,34.0
7717,38.0,50.0,31.0
7718,28.0,40.0,31.0
7719,,62.0,48.0
7720,29.0,77.0,50.0
7721,25.0,98.0,39.0
7722,19.0,90.0,35.0
7723,25.0,91.0,37.0
7724,25.0,83.0,41.0
7725,21.0,82.0,45.0
7726,21.0,73.0,58.0
7727,19.0,102.0,59.0
7728,15.0,84.0,42.0
7729,17.0,74.0,31.0
7730,14.0,63.0,28.0
7731,14.0,61.0,34.0
7732,13.0,53.0,28.0
7733,12.0,50.0,27.0
7734,15.0,47.0,19.0
7735,15.0,49.0,21.0
7736,13.0,61.0,18.0
7737,11.0,68.0,28.0
7738,10.0,59.0,39.0
7739,15.0,62.0,49.0
7740,21.0,58.0,34.0
7741,20.0,59.0,27.0
7742,29.0,63.0,40.0
7743,27.0,60.0,48.0
7744,25.0,73.0,39.0
7745,27.0,92.0,38.0
7746,28.0,81.0,31.0
7747,28.0,67.0,28.0
7748,27.0,69.0,43.0
7749,29.0,81.0,53.0
7750,25.0,100.0,40.0
7751,31.0,97.0,48.0
7752,21.0,108.0,59.0
7753,18.0,90.0,54.0
7754,19.0,96.0,56.0
7755,19.0,89.0,74.0
7756,18.0,100.0,94.0
7757,17.0,103.0,100.0
7758,17.0,118.0,90.0
7759,20.0,117.0,39.0
7760,17.0,119.0,28.0
7761,12.0,134.0,51.0
7762,15.0,95.0,136.0
7763,16.0,99.0,198.0
7764,13.0,95.0,188.0
7765,12.0,58.0,139.0
7766,13.0,78.0,84.0
7767,17.0,95.0,61.0
7768,20.0,112.0,62.0
7769,25.0,61.0,72.0
7770,22.0,51.0,70.0
7771,24.0,55.0,71.0
7772,23.0,52.0,76.0
7773,19.0,49.0,90.0
7774,19.0,60.0,122.0
7775,21.0,57.0,130.0
7776,17.0,54.0,138.0
7777,13.0,49.0,123.0
7778,15.0,50.0,72.0
7779,14.0,29.0,93.0
7780,10.0,33.0,71.0
7781,10.0,31.0,45.0
7782,13.0,34.0,36.0
7783,12.0,34.0,49.0
7784,11.0,36.0,63.0
7785,16.0,50.0,47.0
7786,13.0,47.0,81.0
7787,11.0,46.0,101.0
7788,13.0,60.0,90.0
7789,17.0,66.0,
7790,18.0,72.0,
7791,17.0,66.0,35.0
7792,20.0,69.0,17.0
7793,26.0,66.0,20.0
7794,26.0,55.0,22.0
7795,31.0,53.0,32.0
7796,27.0,57.0,54.0
7797,42.0,45.0,72.0
7798,24.0,40.0,78.0
7799,19.0,39.0,68.0
7800,15.0,41.0,77.0
7801,15.0,35.0,86.0
7802,20.0,35.0,95.0
7803,18.0,33.0,54.0
7804,15.0,30.0,37.0
7805,17.0,32.0,38.0
7806,17.0,28.0,39.0
7807,19.0,28.0,43.0
7808,14.0,35.0,62.0
7809,17.0,58.0,97.0
7810,24.0,77.0,134.0
7811,31.0,60.0,74.0
7812,23.0,49.0,65.0
7813,29.0,37.0,54.0
7814,29.0,34.0,43.0
7815,33.0,39.0,52.0
7816,34.0,37.0,56.0
7817,41.0,53.0,62.0
7818,48.0,73.0,51.0
7819,84.0,64.0,49.0
7820,108.0,56.0,58.0
7821,74.0,67.0,81.0
7822,52.0,63.0,92.0
7823,21.0,46.0,96.0
7824,21.0,44.0,100.0
7825,24.0,40.0,95.0
7826,21.0,39.0,92.0
7827,22.0,36.0,79.0
7828,22.0,31.0,69.0
7829,20.0,25.0,66.0
7830,25.0,32.0,153.0
7831,22.0,39.0,204.0
7832,21.0,48.0,189.0
7833,28.0,57.0,144.0
7834,25.0,63.0,147.0
7835,20.0,61.0,152.0
7836,32.0,78.0,94.0
7837,30.0,62.0,50.0
7838,29.0,48.0,39.0
7839,24.0,59.0,34.0
7840,57.0,93.0,42.0
7841,72.0,94.0,41.0
7842,99.0,99.0,73.0
7843,89.0,87.0,62.0
7844,100.0,95.0,61.0
7845,115.0,112.0,58.0
7846,122.0,122.0,74.0
7847,104.0,132.0,79.0
7848,149.0,105.0,91.0
7849,74.0,95.0,82.0
7850,60.0,101.0,106.0
7851,62.0,71.0,66.0
7852,61.0,80.0,54.0
7853,66.0,67.0,46.0
7854,58.0,48.0,49.0
7855,57.0,60.0,54.0
7856,48.0,95.0,44.0
7857,53.0,111.0,51.0
7858,63.0,169.0,84.0
7859,57.0,138.0,124.0
7860,43.0,82.0,108.0
7861,,67.0,108.0
7862,,92.0,84.0
7863,,62.0,66.0
7864,167.0,74.0,71.0
7865,142.0,69.0,75.0
7866,106.0,73.0,67.0
7867,125.0,82.0,51.0
7868,84.0,84.0,53.0
7869,73.0,86.0,47.0
7870,70.0,79.0,68.0
7871,39.0,66.0,81.0
7872,74.0,63.0,82.0
7873,32.0,62.0,58.0
7874,27.0,57.0,44.0
7875,32.0,56.0,33.0
7876,32.0,41.0,24.0
7877,35.0,46.0,27.0
7878,30.0,46.0,27.0
7879,43.0,50.0,28.0
7880,52.0,64.0,27.0
7881,64.0,67.0,34.0
7882,68.0,65.0,34.0
7883,77.0,72.0,46.0
7884,77.0,65.0,47.0
7885,74.0,65.0,47.0
7886,68.0,68.0,50.0
7887,50.0,59.0,63.0
7888,47.0,54.0,81.0
7889,43.0,69.0,70.0
7890,34.0,80.0,65.0
7891,40.0,85.0,48.0
7892,32.0,94.0,41.0
7893,34.0,107.0,48.0
7894,25.0,109.0,90.0
7895,21.0,134.0,84.0
7896,21.0,153.0,58.0
7897,19.0,148.0,53.0
7898,14.0,150.0,48.0
7899,21.0,108.0,43.0
7900,25.0,76.0,35.0
7901,21.0,67.0,44.0
7902,19.0,150.0,68.0
7903,36.0,88.0,81.0
7904,41.0,52.0,82.0
7905,54.0,35.0,95.0
7906,88.0,32.0,107.0
7907,135.0,36.0,122.0
7908,79.0,33.0,164.0
7909,71.0,40.0,205.0
7910,88.0,34.0,128.0
7911,91.0,33.0,125.0
7912,98.0,32.0,111.0
7913,93.0,40.0,96.0
7914,105.0,50.0,64.0
7915,105.0,36.0,57.0
7916,100.0,27.0,63.0
7917,116.0,29.0,85.0
7918,112.0,28.0,72.0
7919,144.0,28.0,72.0
7920,161.0,26.0,125.0
7921,159.0,25.0,144.0
7922,215.0,24.0,202.0
7923,201.0,24.0,164.0
7924,198.0,23.0,132.0
7925,175.0,30.0,134.0
7926,162.0,33.0,116.0
7927,139.0,31.0,65.0
7928,148.0,32.0,66.0
7929,140.0,31.0,63.0
7930,142.0,35.0,53.0
7931,106.0,36.0,49.0
7932,104.0,41.0,44.0
7933,96.0,39.0,50.0
7934,68.0,55.0,47.0
7935,47.0,67.0,68.0
7936,48.0,75.0,78.0
7937,72.0,85.0,71.0
7938,51.0,86.0,76.0
7939,68.0,87.0,67.0
7940,91.0,81.0,74.0
7941,81.0,93.0,78.0
7942,126.0,124.0,81.0
7943,137.0,108.0,70.0
7944,146.0,123.0,67.0
7945,201.0,130.0,81.0
7946,181.0,94.0,49.0
7947,161.0,79.0,65.0
7948,124.0,68.0,117.0
7949,135.0,67.0,111.0
7950,157.0,50.0,105.0
7951,160.0,53.0,86.0
7952,170.0,61.0,100.0
7953,200.0,57.0,112.0
7954,205.0,60.0,108.0
7955,308.0,47.0,119.0
7956,176.0,33.0,175.0
7957,146.0,27.0,143.0
7958,87.0,29.0,104.0
7959,77.0,27.0,110.0
7960,57.0,41.0,128.0
7961,79.0,65.0,133.0
7962,70.0,82.0,159.0
7963,78.0,88.0,110.0
7964,98.0,93.0,112.0
7965,109.0,86.0,109.0
7966,67.0,85.0,98.0
7967,68.0,92.0,125.0
7968,78.0,80.0,156.0
7969,67.0,68.0,307.0
7970,56.0,61.0,201.0
7971,41.0,53.0,288.0
7972,41.0,52.0,294.0
7973,40.0,40.0,220.0
7974,37.0,27.0,196.0
7975,45.0,29.0,146.0
7976,107.0,26.0,128.0
7977,129.0,26.0,181.0
7978,181.0,26.0,100.0
7979,163.0,25.0,118.0
7980,249.0,36.0,178.0
7981,188.0,,
7982,142.0,54.0,
7983,110.0,43.0,78.0
7984,187.0,54.0,81.0
7985,157.0,46.0,49.0
7986,129.0,34.0,44.0
7987,109.0,56.0,43.0
7988,159.0,43.0,54.0
7989,135.0,30.0,42.0
7990,141.0,35.0,36.0
7991,211.0,38.0,61.0
7992,169.0,43.0,55.0
7993,226.0,50.0,43.0
7994,292.0,56.0,32.0
7995,303.0,67.0,27.0
7996,210.0,70.0,24.0
7997,201.0,68.0,17.0
7998,199.0,57.0,12.0
7999,219.0,50.0,9.0
8000,202.0,53.0,15.0
8001,273.0,54.0,18.0
8002,273.0,55.0,21.0
8003,246.0,62.0,29.0
8004,125.0,66.0,28.0
8005,149.0,83.0,38.0
8006,100.0,87.0,32.0
8007,59.0,108.0,30.0
8008,60.0,197.0,28.0
8009,64.0,224.0,27.0
8010,58.0,224.0,23.0
8011,58.0,174.0,20.0
8012,58.0,153.0,29.0
8013,73.0,130.0,55.0
8014,82.0,167.0,48.0
8015,74.0,207.0,46.0
8016,57.0,223.0,44.0
8017,,,33.0
8018,40.0,210.0,31.0
8019,44.0,196.0,19.0
8020,35.0,223.0,25.0
8021,35.0,96.0,18.0
8022,38.0,110.0,14.0
8023,36.0,80.0,14.0
8024,40.0,88.0,26.0
8025,44.0,82.0,44.0
8026,36.0,73.0,45.0
8027,45.0,83.0,42.0
8028,50.0,15.0,36.0
8029,55.0,,39.0
8030,61.0,103.0,41.0
8031,66.0,59.0,48.0
8032,61.0,59.0,46.0
8033,58.0,49.0,47.0
8034,62.0,66.0,58.0
8035,68.0,116.0,60.0
8036,62.0,124.0,46.0
8037,39.0,130.0,46.0
8038,39.0,144.0,43.0
8039,53.0,134.0,51.0
8040,54.0,152.0,62.0
8041,39.0,193.0,50.0
8042,33.0,168.0,50.0
8043,43.0,127.0,43.0
8044,33.0,88.0,38.0
8045,40.0,70.0,54.0
8046,46.0,56.0,74.0
8047,57.0,55.0,94.0
8048,56.0,74.0,82.0
8049,65.0,57.0,79.0
8050,66.0,58.0,129.0
8051,75.0,79.0,166.0
8052,64.0,114.0,135.0
8053,76.0,131.0,49.0
8054,89.0,97.0,27.0
8055,114.0,99.0,20.0
8056,148.0,107.0,32.0
8057,155.0,94.0,28.0
8058,106.0,83.0,27.0
8059,100.0,135.0,24.0
8060,125.0,153.0,30.0
8061,134.0,147.0,34.0
8062,68.0,138.0,31.0
8063,64.0,153.0,44.0
8064,69.0,180.0,43.0
8065,65.0,170.0,41.0
8066,52.0,203.0,55.0
8067,55.0,162.0,55.0
8068,44.0,112.0,47.0
8069,46.0,85.0,32.0
8070,38.0,78.0,22.0
8071,39.0,92.0,25.0
8072,42.0,89.0,18.0
8073,45.0,94.0,19.0
8074,61.0,98.0,19.0
8075,86.0,100.0,18.0
8076,102.0,97.0,19.0
8077,100.0,87.0,11.0
8078,96.0,86.0,8.0
8079,56.0,73.0,10.0
8080,85.0,79.0,11.0
8081,92.0,75.0,8.0
8082,68.0,74.0,8.0
8083,74.0,72.0,7.0
8084,70.0,88.0,6.0
8085,72.0,90.0,5.0
8086,50.0,121.0,4.0
8087,49.0,124.0,3.0
8088,56.0,140.0,4.0
8089,43.0,130.0,5.0
8090,34.0,88.0,3.0
8091,26.0,88.0,5.0
8092,24.0,122.0,8.0
8093,21.0,94.0,7.0
8094,19.0,90.0,4.0
8095,19.0,65.0,4.0
8096,25.0,84.0,7.0
8097,19.0,107.0,5.0
8098,27.0,185.0,5.0
8099,25.0,150.0,5.0
8100,29.0,121.0,4.0
8101,27.0,91.0,9.0
8102,29.0,57.0,18.0
8103,34.0,55.0,16.0
8104,66.0,78.0,14.0
8105,45.0,134.0,11.0
8106,45.0,122.0,7.0
8107,43.0,125.0,9.0
8108,53.0,131.0,9.0
8109,50.0,142.0,6.0
8110,54.0,145.0,6.0
8111,77.0,114.0,6.0
8112,85.0,132.0,8.0
8113,63.0,144.0,21.0
8114,34.0,147.0,7.0
8115,28.0,116.0,6.0
8116,26.0,97.0,5.0
8117,24.0,147.0,8.0
8118,22.0,120.0,24.0
8119,18.0,151.0,9.0
8120,20.0,114.0,17.0
8121,31.0,167.0,17.0
8122,29.0,249.0,20.0
8123,52.0,233.0,18.0
8124,61.0,177.0,16.0
8125,59.0,96.0,64.0
8126,68.0,104.0,78.0
8127,72.0,91.0,76.0
8128,82.0,110.0,68.0
8129,87.0,85.0,79.0
8130,95.0,88.0,108.0
8131,120.0,102.0,108.0
8132,115.0,129.0,105.0
8133,125.0,141.0,108.0
8134,176.0,160.0,106.0
8135,187.0,149.0,87.0
8136,124.0,124.0,87.0
8137,112.0,109.0,99.0
8138,127.0,111.0,91.0
8139,120.0,133.0,67.0
8140,153.0,101.0,76.0
8141,178.0,77.0,90.0
8142,178.0,75.0,78.0
8143,191.0,69.0,59.0
8144,162.0,76.0,54.0
8145,142.0,89.0,67.0
8146,162.0,76.0,72.0
8147,169.0,102.0,73.0
8148,72.0,82.0,47.0
8149,,42.0,29.0
8150,131.0,36.0,23.0
8151,79.0,36.0,10.0
8152,85.0,37.0,11.0
8153,100.0,34.0,19.0
8154,119.0,33.0,25.0
8155,128.0,35.0,33.0
8156,126.0,43.0,31.0
8157,180.0,32.0,44.0
8158,240.0,38.0,47.0
8159,177.0,44.0,33.0
8160,203.0,44.0,42.0
8161,238.0,42.0,22.0
8162,182.0,31.0,10.0
8163,85.0,38.0,12.0
8164,51.0,31.0,18.0
8165,57.0,34.0,16.0
8166,49.0,37.0,18.0
8167,50.0,36.0,13.0
8168,59.0,36.0,13.0
8169,48.0,27.0,12.0
8170,72.0,32.0,9.0
8171,51.0,39.0,7.0
8172,62.0,41.0,9.0
8173,71.0,41.0,11.0
8174,75.0,39.0,8.0
8175,115.0,39.0,7.0
8176,124.0,45.0,10.0
8177,116.0,62.0,9.0
8178,80.0,86.0,6.0
8179,90.0,91.0,8.0
8180,101.0,71.0,17.0
8181,118.0,84.0,32.0
8182,143.0,96.0,14.0
8183,180.0,82.0,8.0
8184,216.0,92.0,53.0
8185,158.0,86.0,20.0
8186,135.0,85.0,8.0
8187,72.0,70.0,4.0
8188,55.0,65.0,
8189,50.0,60.0,
8190,46.0,74.0,
8191,50.0,64.0,
8192,57.0,85.0,
8193,77.0,115.0,
8194,84.0,106.0,2.0
8195,80.0,141.0,4.0
8196,71.0,189.0,4.0
8197,58.0,151.0,5.0
8198,57.0,149.0,7.0
8199,62.0,94.0,10.0
8200,65.0,108.0,12.0
8201,61.0,146.0,19.0
8202,88.0,208.0,38.0
8203,124.0,194.0,55.0
8204,143.0,252.0,56.0
8205,182.0,266.0,49.0
8206,252.0,199.0,30.0
8207,303.0,179.0,19.0
8208,248.0,203.0,21.0
8209,238.0,208.0,13.0
8210,186.0,264.0,8.0
8211,113.0,391.0,4.0
8212,68.0,297.0,6.0
8213,51.0,159.0,15.0
8214,58.0,176.0,16.0
8215,50.0,181.0,15.0
8216,71.0,152.0,15.0
8217,63.0,204.0,20.0
8218,59.0,223.0,14.0
8219,58.0,213.0,17.0
8220,66.0,341.0,29.0
8221,62.0,185.0,34.0
8222,53.0,128.0,35.0
8223,55.0,93.0,33.0
8224,71.0,74.0,65.0
8225,103.0,58.0,67.0
8226,112.0,68.0,95.0
8227,115.0,96.0,72.0
8228,121.0,95.0,74.0
8229,144.0,84.0,100.0
8230,218.0,79.0,148.0
8231,216.0,72.0,134.0
8232,240.0,76.0,120.0
8233,118.0,58.0,183.0
8234,65.0,62.0,165.0
8235,50.0,51.0,118.0
8236,42.0,44.0,102.0
8237,41.0,44.0,87.0
8238,40.0,55.0,95.0
8239,40.0,43.0,104.0
8240,53.0,52.0,127.0
8241,56.0,51.0,102.0
8242,74.0,47.0,97.0
8243,69.0,45.0,116.0
8244,62.0,54.0,123.0
8245,67.0,52.0,63.0
8246,65.0,48.0,37.0
8247,68.0,50.0,29.0
8248,105.0,43.0,25.0
8249,135.0,41.0,19.0
8250,127.0,44.0,51.0
8251,113.0,45.0,108.0
8252,97.0,60.0,136.0
8253,118.0,89.0,153.0
8254,112.0,73.0,139.0
8255,119.0,82.0,161.0
8256,185.0,95.0,203.0
8257,166.0,111.0,350.0
8258,188.0,86.0,398.0
8259,166.0,90.0,437.0
8260,96.0,70.0,450.0
8261,67.0,44.0,322.0
8262,48.0,57.0,182.0
8263,47.0,85.0,181.0
8264,54.0,99.0,162.0
8265,85.0,145.0,117.0
8266,65.0,116.0,216.0
8267,57.0,139.0,289.0
8268,58.0,152.0,230.0
8269,51.0,138.0,107.0
8270,44.0,161.0,53.0
8271,40.0,126.0,60.0
8272,39.0,163.0,91.0
8273,47.0,114.0,94.0
8274,60.0,113.0,121.0
8275,54.0,115.0,127.0
8276,62.0,124.0,117.0
8277,77.0,114.0,93.0
8278,100.0,136.0,84.0
8279,119.0,175.0,94.0
8280,102.0,169.0,60.0
8281,69.0,146.0,37.0
8282,85.0,118.0,31.0
8283,71.0,82.0,
8284,79.0,94.0,23.0
8285,79.0,100.0,20.0
8286,72.0,99.0,17.0
8287,63.0,121.0,20.0
8288,82.0,160.0,26.0
8289,82.0,198.0,41.0
8290,87.0,261.0,74.0
8291,94.0,212.0,60.0
8292,117.0,209.0,37.0
8293,71.0,153.0,25.0
8294,55.0,120.0,38.0
8295,62.0,129.0,40.0
8296,70.0,98.0,36.0
8297,68.0,105.0,49.0
8298,90.0,103.0,64.0
8299,111.0,101.0,66.0
8300,121.0,97.0,81.0
8301,157.0,49.0,102.0
8302,161.0,56.0,101.0
8303,195.0,55.0,116.0
8304,217.0,40.0,129.0
8305,268.0,43.0,112.0
8306,179.0,33.0,99.0
8307,136.0,32.0,51.0
8308,68.0,38.0,45.0
8309,70.0,37.0,37.0
8310,141.0,32.0,51.0
8311,134.0,41.0,47.0
8312,114.0,54.0,74.0
8313,137.0,55.0,74.0
8314,186.0,76.0,134.0
8315,151.0,80.0,95.0
8316,153.0,75.0,78.0
8317,119.0,116.0,68.0
8318,113.0,85.0,72.0
8319,150.0,92.0,77.0
8320,147.0,100.0,59.0
8321,130.0,60.0,59.0
8322,127.0,56.0,60.0
8323,122.0,62.0,48.0
8324,160.0,49.0,63.0
8325,227.0,58.0,104.0
8326,270.0,68.0,151.0
8327,257.0,58.0,182.0
8328,156.0,44.0,231.0
8329,181.0,30.0,256.0
8330,102.0,40.0,205.0
8331,63.0,34.0,97.0
8332,77.0,34.0,91.0
8333,105.0,28.0,59.0
8334,116.0,29.0,82.0
8335,127.0,39.0,102.0
8336,81.0,29.0,92.0
8337,66.0,30.0,148.0
8338,68.0,29.0,235.0
8339,58.0,32.0,231.0
8340,56.0,35.0,183.0
8341,45.0,44.0,103.0
8342,42.0,42.0,109.0
8343,35.0,37.0,110.0
8344,40.0,42.0,86.0
8345,39.0,40.0,95.0
8346,29.0,32.0,86.0
8347,35.0,41.0,96.0
8348,68.0,30.0,117.0
8349,113.0,35.0,104.0
8350,131.0,37.0,98.0
8351,127.0,39.0,141.0
8352,138.0,36.0,198.0
8353,108.0,42.0,228.0
8354,116.0,32.0,149.0
8355,96.0,40.0,104.0
8356,122.0,32.0,85.0
8357,117.0,36.0,75.0
8358,108.0,36.0,74.0
8359,91.0,42.0,63.0
8360,120.0,62.0,69.0
8361,123.0,49.0,121.0
8362,151.0,58.0,119.0
8363,167.0,66.0,145.0
8364,144.0,72.0,137.0
8365,102.0,81.0,84.0
8366,84.0,73.0,46.0
8367,73.0,79.0,50.0
8368,68.0,65.0,86.0
8369,84.0,74.0,96.0
8370,75.0,71.0,84.0
8371,67.0,87.0,67.0
8372,75.0,109.0,58.0
8373,97.0,138.0,85.0
8374,160.0,88.0,84.0
8375,130.0,93.0,122.0
8376,131.0,67.0,95.0
8377,118.0,60.0,50.0
8378,69.0,43.0,29.0
8379,64.0,42.0,24.0
8380,58.0,36.0,27.0
8381,63.0,38.0,20.0
8382,61.0,36.0,15.0
8383,91.0,37.0,14.0
8384,77.0,39.0,22.0
8385,107.0,47.0,24.0
8386,164.0,56.0,24.0
8387,163.0,59.0,30.0
8388,,68.0,39.0
8389,129.0,66.0,49.0
8390,59.0,73.0,53.0
8391,42.0,49.0,56.0
8392,57.0,63.0,48.0
8393,54.0,50.0,44.0
8394,75.0,50.0,57.0
8395,68.0,49.0,58.0
8396,105.0,73.0,66.0
8397,101.0,79.0,93.0
8398,93.0,57.0,124.0
8399,76.0,70.0,83.0
8400,55.0,74.0,66.0
8401,77.0,99.0,62.0
8402,86.0,142.0,48.0
8403,,232.0,37.0
8404,95.0,184.0,32.0
8405,44.0,127.0,23.0
8406,35.0,101.0,24.0
8407,38.0,90.0,27.0
8408,43.0,86.0,44.0
8409,37.0,120.0,46.0
8410,33.0,152.0,64.0
8411,42.0,155.0,72.0
8412,42.0,174.0,63.0
8413,45.0,131.0,47.0
8414,44.0,102.0,50.0
8415,39.0,83.0,59.0
8416,34.0,69.0,64.0
8417,43.0,78.0,62.0
8418,69.0,69.0,54.0
8419,78.0,72.0,66.0
8420,76.0,98.0,112.0
8421,55.0,115.0,129.0
8422,54.0,130.0,134.0
8423,64.0,100.0,180.0
8424,46.0,183.0,85.0
8425,46.0,238.0,63.0
8426,40.0,155.0,47.0
8427,51.0,182.0,65.0
8428,51.0,130.0,45.0
8429,40.0,199.0,34.0
8430,,163.0,37.0
8431,27.0,116.0,46.0
8432,29.0,125.0,55.0
8433,24.0,181.0,59.0
8434,17.0,167.0,60.0
8435,50.0,255.0,70.0
8436,40.0,207.0,69.0
8437,49.0,250.0,63.0
8438,52.0,128.0,61.0
8439,38.0,116.0,62.0
8440,27.0,88.0,58.0
8441,32.0,68.0,70.0
8442,29.0,80.0,74.0
8443,33.0,98.0,69.0
8444,35.0,92.0,92.0
8445,24.0,124.0,159.0
8446,28.0,136.0,154.0
8447,50.0,114.0,89.0
8448,44.0,164.0,60.0
8449,35.0,196.0,44.0
8450,37.0,191.0,40.0
8451,29.0,103.0,30.0
8452,28.0,88.0,27.0
8453,23.0,107.0,28.0
8454,19.0,108.0,30.0
8455,19.0,98.0,21.0
8456,14.0,103.0,16.0
8457,9.0,135.0,32.0
8458,9.0,138.0,61.0
8459,17.0,103.0,69.0
8460,26.0,101.0,44.0
8461,34.0,119.0,37.0
8462,46.0,123.0,41.0
8463,39.0,112.0,44.0
8464,28.0,96.0,38.0
8465,45.0,102.0,46.0
8466,62.0,98.0,51.0
8467,69.0,114.0,59.0
8468,96.0,141.0,79.0
8469,99.0,177.0,57.0
8470,99.0,104.0,48.0
8471,88.0,97.0,31.0
8472,86.0,84.0,22.0
8473,83.0,86.0,26.0
8474,116.0,82.0,23.0
8475,80.0,65.0,33.0
8476,56.0,54.0,27.0
8477,67.0,54.0,14.0
8478,76.0,49.0,12.0
8479,69.0,80.0,15.0
8480,125.0,91.0,20.0
8481,164.0,87.0,29.0
8482,216.0,166.0,31.0
8483,156.0,197.0,42.0
8484,128.0,106.0,43.0
8485,129.0,85.0,46.0
8486,66.0,74.0,65.0
8487,35.0,92.0,73.0
8488,28.0,127.0,66.0
8489,34.0,133.0,65.0
8490,77.0,96.0,65.0
8491,73.0,84.0,71.0
8492,89.0,112.0,68.0
8493,73.0,145.0,69.0
8494,74.0,209.0,62.0
8495,81.0,213.0,61.0
8496,94.0,228.0,51.0
8497,60.0,138.0,62.0
8498,50.0,92.0,62.0
8499,50.0,66.0,66.0
8500,43.0,61.0,66.0
8501,36.0,51.0,63.0
8502,22.0,51.0,46.0
8503,20.0,50.0,38.0
8504,25.0,47.0,55.0
8505,40.0,72.0,70.0
8506,62.0,148.0,83.0
8507,64.0,170.0,124.0
8508,68.0,117.0,137.0
8509,60.0,91.0,78.0
8510,66.0,109.0,52.0
8511,91.0,95.0,47.0
8512,55.0,109.0,28.0
8513,72.0,121.0,37.0
8514,64.0,110.0,43.0
8515,71.0,111.0,43.0
8516,72.0,129.0,36.0
8517,81.0,176.0,38.0
8518,78.0,225.0,46.0
8519,71.0,261.0,43.0
8520,80.0,278.0,46.0
8521,73.0,285.0,45.0
8522,89.0,223.0,42.0
8523,65.0,190.0,50.0
8524,56.0,116.0,44.0
8525,44.0,62.0,39.0
8526,50.0,60.0,24.0
8527,62.0,72.0,18.0
8528,71.0,50.0,31.0
8529,92.0,43.0,20.0
8530,119.0,45.0,17.0
8531,125.0,50.0,26.0
8532,115.0,57.0,27.0
8533,227.0,58.0,37.0
8534,168.0,68.0,34.0
8535,115.0,63.0,51.0
8536,138.0,78.0,78.0
8537,163.0,98.0,69.0
8538,145.0,97.0,43.0
8539,137.0,102.0,32.0
8540,120.0,93.0,44.0
8541,126.0,111.0,62.0
8542,120.0,105.0,64.0
8543,71.0,101.0,59.0
8544,48.0,82.0,55.0
8545,122.0,84.0,44.0
8546,158.0,112.0,39.0
8547,91.0,84.0,32.0
8548,617.0,69.0,34.0
8549,,46.0,28.0
8550,117.0,35.0,24.0
8551,56.0,46.0,32.0
8552,47.0,59.0,31.0
8553,44.0,63.0,34.0
8554,44.0,78.0,34.0
8555,46.0,75.0,42.0
8556,45.0,77.0,24.0
8557,40.0,86.0,17.0
8558,48.0,65.0,21.0
8559,53.0,81.0,21.0
8560,46.0,87.0,20.0
8561,41.0,75.0,11.0
8562,45.0,78.0,27.0
8563,66.0,66.0,33.0
8564,86.0,74.0,31.0
8565,93.0,84.0,28.0
8566,68.0,76.0,27.0
8567,61.0,69.0,37.0
8568,60.0,83.0,25.0
8569,49.0,74.0,29.0
8570,39.0,65.0,28.0
8571,38.0,60.0,20.0
8572,31.0,60.0,21.0
8573,39.0,54.0,18.0
8574,32.0,59.0,25.0
8575,28.0,67.0,30.0
8576,32.0,65.0,23.0
8577,30.0,66.0,22.0
8578,34.0,56.0,27.0
8579,29.0,52.0,30.0
8580,30.0,54.0,34.0
8581,42.0,48.0,44.0
8582,51.0,48.0,57.0
8583,56.0,129.0,70.0
8584,57.0,82.0,71.0
8585,65.0,84.0,63.0
8586,53.0,48.0,53.0
8587,61.0,43.0,56.0
8588,63.0,42.0,81.0
8589,56.0,67.0,105.0
8590,75.0,77.0,112.0
8591,85.0,69.0,114.0
8592,64.0,63.0,112.0
8593,55.0,66.0,117.0
8594,91.0,77.0,96.0
8595,67.0,103.0,88.0
8596,68.0,113.0,58.0
8597,48.0,101.0,31.0
8598,61.0,99.0,45.0
8599,81.0,95.0,36.0
8600,74.0,86.0,31.0
8601,69.0,70.0,36.0
8602,58.0,62.0,41.0
8603,75.0,62.0,64.0
8604,55.0,45.0,60.0
8605,39.0,33.0,67.0
8606,32.0,32.0,81.0
8607,28.0,28.0,57.0
8608,28.0,37.0,53.0
8609,34.0,38.0,86.0
8610,45.0,35.0,86.0
8611,57.0,43.0,91.0
8612,64.0,42.0,87.0
8613,51.0,46.0,107.0
8614,47.0,51.0,135.0
8615,55.0,45.0,166.0
8616,70.0,42.0,144.0
8617,60.0,32.0,95.0
8618,59.0,34.0,57.0
8619,66.0,34.0,25.0
8620,64.0,31.0,19.0
8621,72.0,33.0,23.0
8622,87.0,36.0,24.0
8623,128.0,28.0,24.0
8624,107.0,42.0,17.0
8625,144.0,41.0,21.0
8626,182.0,46.0,20.0
8627,199.0,57.0,22.0
8628,165.0,65.0,20.0
8629,145.0,68.0,17.0
8630,157.0,79.0,14.0
8631,109.0,77.0,14.0
8632,97.0,72.0,13.0
8633,78.0,65.0,36.0
8634,79.0,75.0,43.0
8635,76.0,83.0,42.0
8636,96.0,94.0,45.0
8637,77.0,104.0,46.0
8638,80.0,99.0,56.0
8639,89.0,128.0,52.0
8640,112.0,135.0,47.0
8641,85.0,97.0,51.0
8642,64.0,95.0,50.0
8643,47.0,78.0,57.0
8644,52.0,117.0,50.0
8645,50.0,81.0,52.0
8646,79.0,75.0,60.0
8647,136.0,135.0,69.0
8648,130.0,124.0,77.0
8649,129.0,108.0,94.0
8650,147.0,108.0,84.0
8651,149.0,151.0,88.0
8652,123.0,104.0,92.0
8653,57.0,66.0,83.0
8654,53.0,47.0,53.0
8655,51.0,49.0,60.0
8656,71.0,51.0,66.0
8657,84.0,53.0,92.0
8658,69.0,69.0,100.0
8659,69.0,83.0,86.0
8660,62.0,111.0,73.0
8661,78.0,120.0,77.0
8662,98.0,83.0,79.0
8663,116.0,108.0,65.0
8664,82.0,104.0,81.0
8665,82.0,98.0,114.0
8666,87.0,105.0,95.0
8667,84.0,71.0,96.0
8668,57.0,49.0,116.0
8669,57.0,37.0,101.0
8670,62.0,34.0,112.0
8671,97.0,35.0,107.0
8672,96.0,40.0,125.0
8673,112.0,43.0,164.0
8674,139.0,62.0,153.0
8675,184.0,94.0,144.0
8676,222.0,73.0,205.0
8677,206.0,56.0,150.0
8678,166.0,36.0,116.0
8679,115.0,53.0,84.0
8680,23.0,58.0,80.0
8681,,61.0,79.0
8682,109.0,79.0,75.0
8683,112.0,85.0,86.0
8684,104.0,89.0,99.0
8685,99.0,103.0,138.0
8686,123.0,116.0,128.0
8687,94.0,164.0,133.0
8688,94.0,143.0,147.0
8689,73.0,118.0,131.0
8690,78.0,111.0,116.0
8691,86.0,129.0,103.0
8692,107.0,84.0,98.0
8693,119.0,70.0,107.0
8694,105.0,74.0,93.0
8695,123.0,107.0,133.0
8696,106.0,100.0,141.0
8697,135.0,125.0,138.0
8698,202.0,158.0,149.0
8699,150.0,251.0,126.0
8700,183.0,176.0,88.0
8701,157.0,76.0,265.0
8702,151.0,50.0,238.0
8703,101.0,44.0,118.0
8704,82.0,48.0,65.0
8705,56.0,40.0,43.0
8706,61.0,48.0,38.0
8707,121.0,72.0,38.0
8708,151.0,85.0,36.0
8709,96.0,91.0,72.0
8710,99.0,102.0,66.0
8711,62.0,116.0,75.0
8712,51.0,116.0,117.0
8713,56.0,156.0,84.0
8714,50.0,153.0,90.0
8715,57.0,157.0,86.0
8716,57.0,194.0,74.0
8717,52.0,179.0,68.0
8718,81.0,114.0,49.0
8719,62.0,114.0,93.0
8720,79.0,120.0,99.0
8721,114.0,111.0,103.0
8722,122.0,145.0,121.0
8723,115.0,129.0,159.0
8724,102.0,130.0,159.0
8725,97.0,149.0,125.0
8726,61.0,130.0,79.0
8727,68.0,106.0,54.0
8728,107.0,87.0,34.0
8729,95.0,78.0,34.0
8730,95.0,83.0,35.0
8731,91.0,68.0,29.0
8732,98.0,84.0,35.0
8733,107.0,100.0,55.0
8734,142.0,148.0,90.0
8735,162.0,178.0,129.0
8736,110.0,170.0,138.0
8737,89.0,125.0,138.0
8738,113.0,176.0,149.0
8739,85.0,116.0,144.0
8740,100.0,96.0,105.0
8741,152.0,93.0,90.0
8742,114.0,79.0,113.0
8743,107.0,92.0,114.0
8744,118.0,122.0,136.0
8745,134.0,84.0,104.0
8746,168.0,73.0,110.0
8747,196.0,79.0,120.0
8748,169.0,92.0,147.0
8749,159.0,84.0,137.0
8750,94.0,60.0,132.0
8751,79.0,50.0,85.0
8752,64.0,54.0,98.0
8753,61.0,82.0,110.0
8754,71.0,91.0,88.0
8755,78.0,88.0,78.0
8756,72.0,82.0,80.0
8757,,129.0,172.0
8758,152.0,193.0,124.0
8759,188.0,390.0,143.0
8760,166.0,418.0,160.0
