hour_of_year,co_2022,co_2023,co_2024
1,,3.67,4.21
2,3.28,3.9,4.21
3,3.25,4.28,4.37
4,3.02,3.15,3.35
5,2.73,2.32,3.53
6,2.65,1.95,2.9
7,1.98,1.77,2.37
8,1.64,1.95,2.11
9,1.25,1.52,1.81
10,1.09,1.43,1.8
11,1.08,1.32,1.59
12,1.01,1.03,1.57
13,1.0,0.96,1.59
14,1.02,0.89,1.52
15,0.99,0.95,1.58
16,0.99,0.98,1.56
17,1.03,0.92,1.51
18,1.04,0.97,1.53
19,1.14,1.09,1.6
20,1.27,1.34,1.75
21,1.8,1.49,1.6
22,1.92,1.78,1.46
23,2.3,1.8,1.45
24,2.38,1.92,1.45
25,2.45,1.91,1.44
26,1.79,1.86,1.42
27,1.57,1.53,1.41
28,1.34,1.26,1.4
29,1.14,1.11,1.39
30,1.06,1.25,1.4
31,1.0,1.1,1.43
32,0.99,1.04,1.48
33,1.05,1.06,1.66
34,1.1,1.32,1.56
35,1.12,1.61,1.64
36,1.09,1.36,1.71
37,1.11,1.58,1.72
38,1.12,1.27,1.87
39,1.14,1.2,1.84
40,1.14,1.17,1.72
41,1.16,1.15,1.87
42,1.16,1.13,1.86
43,1.17,1.5,1.91
44,1.2,1.88,2.08
45,1.24,2.67,2.15
46,1.21,2.59,2.27
47,1.22,3.08,2.59
48,1.24,2.54,2.77
49,1.19,1.98,2.83
50,1.15,1.6,2.63
51,1.05,1.48,2.71
52,1.03,1.14,2.58
53,1.02,0.99,1.94
54,1.12,0.87,1.95
55,1.25,1.05,1.93
56,1.39,1.1,1.86
57,2.13,1.34,1.86
58,1.71,1.85,1.87
59,1.46,1.51,1.84
60,1.41,1.42,1.91
61,1.3,1.41,1.76
62,1.24,1.22,1.94
63,1.21,1.1,2.15
64,1.2,1.1,1.88
65,1.18,1.11,1.71
66,1.18,1.06,1.64
67,1.24,1.16,1.7
68,1.29,1.31,1.72
69,1.37,1.18,1.56
70,1.32,1.22,1.62
71,1.21,1.59,1.56
72,1.26,2.42,1.54
73,1.32,1.96,1.45
74,1.35,1.82,1.42
75,1.38,1.4,1.41
76,1.42,1.32,1.43
77,1.43,1.27,1.44
78,1.28,1.25,1.42
79,1.49,1.3,1.45
80,1.92,1.71,1.49
81,2.28,2.31,1.63
82,2.34,2.85,1.67
83,1.71,1.7,1.78
84,1.53,1.28,1.76
85,1.59,1.2,1.72
86,1.58,1.3,1.7
87,1.6,1.18,1.73
88,1.7,1.12,1.73
89,1.74,1.12,1.77
90,1.8,1.06,1.78
91,2.22,1.13,1.83
92,2.36,1.35,1.87
93,4.15,1.48,1.75
94,4.29,1.34,1.83
95,3.71,2.02,1.92
96,3.93,1.93,1.93
97,3.33,1.75,1.79
98,2.6,1.65,1.77
99,2.27,1.45,1.64
100,1.81,1.4,1.5
101,1.56,1.35,1.45
102,1.53,1.32,1.45
103,1.68,1.32,1.58
104,2.0,1.59,1.58
105,2.81,2.5,1.77
106,3.65,3.14,1.75
107,2.64,1.84,1.68
108,2.21,1.39,1.61
109,1.26,1.13,1.57
110,1.24,1.51,1.56
111,1.4,1.31,1.76
112,1.39,1.35,1.7
113,1.35,1.25,1.67
114,1.35,1.16,1.71
115,1.55,1.2,1.76
116,1.73,1.25,2.01
117,1.76,1.27,1.95
118,1.99,1.37,1.97
119,2.56,1.3,2.07
120,2.28,1.23,2.72
121,2.34,1.34,2.52
122,2.23,1.51,2.32
123,1.96,1.42,2.25
124,1.75,1.41,2.14
125,1.67,1.35,2.17
126,1.64,1.28,2.0
127,1.76,1.26,2.03
128,2.19,1.38,2.38
129,2.95,1.8,2.82
130,3.76,1.35,2.8
131,2.58,1.34,2.35
132,1.45,1.43,1.84
133,1.28,1.35,1.64
134,1.38,1.41,1.72
135,1.46,1.63,1.92
136,1.76,1.73,1.98
137,1.6,1.48,1.9
138,1.55,1.33,1.91
139,1.98,1.4,2.01
140,2.26,1.46,2.36
141,1.95,1.55,2.62
142,1.68,1.87,3.58
143,1.53,2.61,2.7
144,1.54,2.41,2.91
145,1.5,2.31,3.04
146,1.31,2.3,3.01
147,1.36,2.13,2.99
148,1.4,1.78,2.57
149,1.42,1.6,2.36
150,1.34,1.45,2.3
151,1.32,1.54,2.07
152,1.39,1.89,1.93
153,1.42,2.23,1.82
154,1.43,2.64,1.86
155,1.52,2.45,1.92
156,1.63,1.57,1.79
157,1.6,1.78,1.81
158,1.51,1.58,1.78
159,1.66,1.3,1.85
160,1.79,1.24,1.74
161,1.8,1.21,1.73
162,1.88,1.22,1.75
163,2.0,1.27,1.74
164,2.09,1.3,1.6
165,1.85,1.33,1.56
166,1.95,1.38,1.52
167,1.97,1.4,1.61
168,1.99,1.41,1.65
169,2.03,1.43,1.66
170,2.05,1.74,1.66
171,2.13,1.76,1.71
172,1.98,1.48,1.72
173,1.73,1.28,1.57
174,1.73,1.17,1.62
175,1.82,1.18,1.75
176,1.96,1.23,2.18
177,2.2,1.36,2.96
178,2.34,1.36,3.41
179,2.03,1.33,2.81
180,2.18,1.29,2.32
181,2.22,1.32,1.86
182,2.13,1.26,2.07
183,2.34,1.21,2.07
184,2.31,1.23,1.84
185,2.45,1.16,1.8
186,2.37,1.2,1.8
187,2.5,1.2,1.68
188,3.78,1.27,1.76
189,5.02,1.32,1.71
190,5.63,1.3,1.65
191,6.02,1.28,1.55
192,5.06,1.16,
193,4.84,1.08,1.53
194,4.11,1.05,1.51
195,3.41,1.03,1.47
196,2.66,1.01,1.39
197,2.46,1.05,1.39
198,2.16,1.03,1.41
199,2.13,1.07,1.46
200,2.25,1.12,1.55
201,2.32,1.42,1.82
202,2.3,1.33,1.82
203,2.26,1.34,
204,1.58,1.25,
205,1.51,1.27,
206,1.97,,
207,1.65,1.28,
208,1.5,1.3,
209,1.44,1.26,
210,1.38,1.22,
211,1.44,1.27,
212,1.43,1.48,
213,1.51,1.45,
214,1.43,1.54,
215,1.49,1.98,
216,1.32,1.93,
217,1.27,1.98,
218,1.18,1.84,
219,1.18,1.73,
220,1.2,1.73,
221,1.2,1.65,
222,1.21,1.59,
223,1.22,1.56,
224,1.27,1.89,
225,1.33,2.88,
226,1.38,2.98,
227,1.47,2.22,
228,1.58,1.77,
229,1.72,1.46,
230,1.78,1.43,
231,1.55,1.35,
232,1.56,1.45,
233,1.56,1.51,
234,1.55,1.46,
235,1.62,1.41,
236,1.72,1.86,
237,1.49,1.84,
238,1.45,2.65,
239,1.36,2.94,
240,1.29,2.45,
241,1.22,2.02,
242,1.24,2.01,
243,1.34,1.83,
244,1.39,1.33,
245,1.34,1.23,
246,1.38,1.31,
247,1.23,1.33,
248,1.39,1.82,
249,1.52,4.27,
250,1.56,4.22,
251,1.58,2.31,
252,1.52,1.43,
253,1.45,1.4,
254,1.67,1.5,
255,1.58,1.23,
256,1.48,1.37,
257,1.45,1.34,
258,1.38,1.34,
259,1.47,1.58,
260,1.52,2.41,
261,1.46,3.01,
262,1.44,3.2,
263,1.39,3.59,
264,,3.46,
265,,,
266,,2.19,
267,,1.87,
268,,1.42,
269,,1.32,
270,,,
271,,1.27,
272,,1.4,
273,,1.63,
274,,,
275,2.04,1.19,
276,1.85,1.21,
277,1.62,1.15,
278,1.9,1.18,
279,2.17,1.13,
280,2.03,1.13,
281,2.13,1.16,
282,2.14,1.15,
283,2.54,1.22,
284,3.89,1.32,
285,3.84,1.25,
286,3.59,1.21,
287,2.93,1.18,
288,3.29,1.12,
289,3.34,1.14,
290,2.7,1.16,
291,2.38,1.09,
292,,1.08,
293,1.87,1.07,
294,1.82,1.07,
295,1.84,1.08,
296,2.57,1.4,
297,3.88,1.56,
298,4.07,1.31,
299,2.44,1.28,
300,1.59,1.23,
301,1.54,1.25,
302,1.62,1.33,
303,1.73,1.26,
304,1.74,1.3,
305,1.69,1.33,
306,1.75,1.3,
307,1.94,1.33,
308,2.63,1.32,
309,3.86,1.27,
310,3.47,1.38,
311,3.34,1.54,
312,3.61,1.69,
313,3.26,1.85,
314,2.77,1.64,
315,2.22,1.58,
316,2.14,1.51,
317,1.78,1.57,
318,1.75,1.53,
319,1.92,1.59,
320,2.33,1.86,
321,3.35,2.15,
322,4.21,1.91,
323,2.91,1.6,
324,2.19,1.42,
325,1.85,1.46,
326,1.55,1.64,
327,1.66,1.67,
328,1.95,1.45,
329,2.05,1.32,
330,2.14,1.31,
331,2.51,1.35,
332,3.75,1.41,
333,3.93,1.48,
334,3.9,1.57,
335,4.17,2.07,
336,4.54,1.93,
337,3.52,1.83,
338,2.99,2.19,
339,2.06,2.04,
340,1.68,2.03,
341,1.62,1.69,
342,1.48,1.44,
343,1.42,1.6,
344,1.4,1.66,
345,1.43,1.86,
346,1.55,2.01,
347,1.39,1.81,
348,1.3,1.65,
349,1.27,1.51,
350,1.26,1.55,
351,1.28,1.65,
352,1.27,1.6,
353,1.3,1.47,
354,1.27,1.54,
355,1.33,1.62,
356,1.35,1.79,
357,1.46,2.52,
358,1.52,3.1,
359,1.46,3.4,
360,1.43,3.14,
361,1.47,2.81,
362,1.69,2.17,
363,1.72,1.9,
364,1.63,1.7,
365,1.5,1.61,
366,1.52,1.66,
367,1.62,1.48,
368,1.79,1.38,
369,2.27,2.35,
370,2.01,2.37,
371,1.49,1.45,
372,1.39,1.23,
373,1.47,1.2,
374,1.49,1.17,
375,1.47,1.16,
376,1.48,1.14,
377,1.5,1.15,
378,1.52,1.14,
379,1.68,1.39,
380,2.09,1.72,
381,3.32,1.55,
382,2.94,1.79,
383,3.11,1.6,
384,3.51,2.05,
385,3.06,2.24,
386,2.49,2.18,
387,2.08,1.95,
388,1.75,1.68,
389,1.6,1.56,
390,1.65,1.53,
391,1.78,1.5,
392,2.25,2.01,
393,3.67,3.68,
394,4.79,2.86,
395,3.52,2.37,
396,2.01,1.83,
397,1.58,1.49,
398,1.83,1.66,
399,1.89,1.6,3.72
400,1.71,1.54,2.84
401,1.6,1.75,2.66
402,1.53,1.66,2.48
403,1.65,1.78,2.41
404,1.92,2.16,2.47
405,1.82,1.78,2.45
406,1.85,1.68,2.84
407,1.99,1.89,3.0
408,2.38,2.1,3.11
409,2.42,1.97,3.21
410,2.2,1.95,3.0
411,2.1,1.73,2.76
412,2.18,,2.61
413,1.84,1.71,2.39
414,1.8,1.8,2.34
415,1.95,1.82,2.29
416,2.81,1.98,2.92
417,4.12,3.37,5.24
418,4.77,3.55,5.31
419,3.48,2.39,4.7
420,2.11,1.91,4.05
421,2.07,1.46,2.95
422,2.46,1.48,2.24
423,2.12,1.33,1.78
424,2.08,1.29,2.19
425,2.03,1.3,2.64
426,1.84,1.36,2.5
427,2.02,1.47,2.99
428,2.43,1.58,4.31
429,2.96,1.47,3.46
430,3.63,1.51,4.97
431,3.97,1.42,4.71
432,3.2,1.43,4.71
433,3.63,1.87,3.82
434,2.68,1.7,3.43
435,2.29,1.71,2.61
436,2.19,1.67,2.01
437,1.8,1.53,1.98
438,1.76,1.32,1.86
439,1.77,1.16,1.98
440,2.3,1.19,2.56
441,2.79,1.31,5.28
442,2.29,1.33,6.52
443,1.86,1.37,3.5
444,1.41,1.39,2.1
445,1.37,1.31,1.81
446,1.35,1.36,1.82
447,,1.27,1.78
448,1.33,1.25,1.72
449,1.35,1.25,1.7
450,1.37,1.22,1.69
451,2.09,1.28,1.73
452,2.45,1.31,1.7
453,1.75,1.32,1.65
454,1.65,1.34,1.63
455,1.67,1.3,1.64
456,1.54,1.31,1.64
457,1.58,1.27,1.58
458,1.48,1.22,1.56
459,1.39,1.19,1.56
460,1.64,1.17,1.56
461,1.59,1.16,1.57
462,1.7,1.25,1.58
463,1.38,1.41,1.6
464,1.43,1.6,1.63
465,1.51,3.17,1.66
466,1.51,2.64,1.73
467,1.52,1.92,1.74
468,1.52,1.63,1.77
469,1.55,1.53,1.77
470,1.66,1.76,1.73
471,1.61,1.74,1.7
472,1.6,1.74,1.69
473,1.56,1.69,1.71
474,1.61,1.7,1.76
475,1.63,1.68,1.81
476,1.71,1.81,1.82
477,1.6,1.87,1.8
478,1.55,1.78,1.83
479,1.51,1.62,1.87
480,1.52,1.54,1.86
481,1.46,1.48,1.79
482,1.45,1.5,1.78
483,1.56,1.48,1.8
484,1.52,1.45,1.78
485,1.6,1.4,1.73
486,1.6,1.43,1.72
487,1.76,1.47,1.75
488,1.84,1.8,1.77
489,1.86,2.02,1.86
490,1.96,2.36,1.84
491,1.84,1.86,1.93
492,2.06,1.52,1.91
493,1.98,1.48,1.95
494,2.11,1.68,1.97
495,2.08,1.86,2.0
496,2.05,1.73,2.05
497,2.17,1.66,2.07
498,2.33,1.69,2.14
499,2.41,1.61,2.17
500,2.4,1.5,2.23
501,2.26,1.59,
502,2.09,1.61,
503,1.98,1.57,
504,1.83,1.59,
505,1.74,1.51,
506,1.67,1.45,
507,1.63,1.49,2.29
508,1.53,1.43,2.11
509,1.51,1.41,2.16
510,1.5,1.37,2.23
511,1.52,1.28,1.99
512,1.52,1.33,2.05
513,1.59,1.5,2.02
514,1.6,1.39,2.33
515,1.81,1.45,2.67
516,2.06,1.39,2.73
517,2.02,1.35,2.45
518,2.17,1.35,2.7
519,2.23,1.36,2.55
520,2.33,1.34,2.58
521,2.17,1.35,3.05
522,2.05,1.35,2.81
523,1.57,1.36,2.84
524,1.84,1.38,2.94
525,1.82,1.39,3.23
526,1.7,1.41,3.31
527,1.65,1.4,3.65
528,1.59,1.29,3.68
529,1.5,1.28,3.49
530,1.5,1.24,3.01
531,1.62,1.26,3.19
532,1.66,1.25,2.69
533,1.66,1.26,2.48
534,1.65,1.27,2.5
535,1.67,1.31,2.64
536,1.66,1.46,3.08
537,1.53,2.06,4.93
538,1.54,1.66,5.64
539,1.72,1.59,4.36
540,1.87,1.49,2.86
541,1.92,1.45,2.39
542,1.78,1.58,2.46
543,1.65,1.55,2.43
544,1.71,1.5,2.66
545,1.74,1.55,2.63
546,1.81,1.57,2.43
547,1.85,1.63,2.47
548,1.85,1.78,2.35
549,,1.67,2.18
550,1.9,1.54,2.12
551,1.83,1.47,1.96
552,1.8,1.42,1.94
553,1.79,1.39,1.99
554,1.8,1.42,2.01
555,1.8,1.45,1.98
556,1.77,1.42,2.01
557,2.0,1.4,1.98
558,2.02,1.4,2.06
559,2.01,1.48,2.22
560,2.23,1.79,2.38
561,2.38,2.6,3.08
562,2.24,2.6,2.79
563,2.31,1.89,2.52
564,2.44,1.78,2.53
565,2.66,1.62,2.33
566,2.52,1.64,2.46
567,2.36,1.51,2.34
568,2.81,1.39,2.25
569,2.81,1.31,2.04
570,3.07,1.29,
571,3.55,1.35,2.29
572,4.56,1.41,2.29
573,5.54,1.41,2.08
574,4.33,1.33,2.03
575,3.7,1.29,2.0
576,2.94,1.3,2.02
577,1.66,1.28,2.02
578,1.91,1.21,1.9
579,1.74,1.19,1.84
580,1.64,1.22,1.86
581,1.69,1.2,1.86
582,1.75,1.24,1.79
583,1.87,1.25,1.87
584,2.35,1.4,2.4
585,3.69,2.1,4.26
586,3.66,1.82,3.27
587,2.82,1.62,2.34
588,2.12,1.71,2.12
589,1.77,1.54,2.15
590,2.03,1.75,2.04
591,1.93,1.6,1.83
592,1.82,1.47,1.75
593,1.8,1.39,1.74
594,1.7,1.37,1.71
595,1.74,1.39,1.82
596,1.86,1.46,1.95
597,1.63,1.29,2.03
598,1.66,1.27,1.98
599,1.69,1.27,2.29
600,1.62,1.23,2.12
601,1.58,1.17,1.94
602,1.51,1.15,2.0
603,1.5,1.14,2.14
604,1.46,1.15,2.1
605,1.47,1.15,1.93
606,1.51,1.17,1.7
607,1.57,1.22,1.81
608,1.57,1.42,2.17
609,1.7,1.6,2.94
610,1.74,1.5,2.82
611,1.81,1.49,1.82
612,1.83,1.44,1.91
613,1.77,1.45,2.03
614,1.81,1.37,2.07
615,1.76,1.26,2.06
616,1.7,1.26,2.25
617,1.73,1.24,2.27
618,1.77,1.27,2.28
619,1.83,1.34,2.36
620,1.95,1.36,2.39
621,1.88,1.27,2.23
622,1.93,1.27,2.39
623,2.0,1.24,2.14
624,1.94,1.22,2.06
625,1.79,1.21,1.97
626,1.7,1.2,1.72
627,1.64,1.2,1.72
628,1.6,1.18,1.69
629,1.58,1.18,1.66
630,1.58,1.19,1.7
631,1.8,1.21,1.73
632,1.89,1.31,1.71
633,1.94,1.45,1.73
634,1.9,1.54,1.81
635,1.97,1.63,1.83
636,1.99,1.61,1.82
637,1.91,1.63,1.83
638,2.04,1.73,1.83
639,1.98,1.6,1.86
640,1.85,1.62,1.85
641,1.92,1.73,1.87
642,1.99,1.79,1.94
643,2.0,1.85,1.87
644,2.13,1.87,1.88
645,1.95,1.89,1.91
646,2.05,1.93,1.88
647,1.83,1.97,1.83
648,1.86,1.9,1.81
649,1.71,1.67,1.75
650,1.73,1.6,1.75
651,1.72,1.74,1.77
652,1.68,1.88,1.82
653,1.66,1.99,1.8
654,1.62,2.01,2.03
655,1.65,2.18,1.99
656,1.62,2.23,2.04
657,1.7,2.74,2.29
658,1.71,2.99,2.32
659,1.75,2.39,1.86
660,1.69,2.28,1.91
661,1.71,2.32,1.82
662,1.67,2.07,1.78
663,1.74,1.95,1.75
664,1.76,1.94,1.74
665,1.88,2.24,1.75
666,1.87,2.43,1.73
667,2.0,,1.74
668,2.18,2.81,1.77
669,2.1,3.88,1.81
670,2.07,,1.86
671,2.07,4.67,1.8
672,2.09,4.36,1.83
673,2.12,3.81,1.77
674,1.84,3.05,1.76
675,1.67,2.76,1.83
676,1.67,2.62,1.74
677,1.83,2.48,1.8
678,1.74,2.18,1.84
679,1.65,1.9,1.96
680,1.8,2.08,2.23
681,1.75,2.28,3.63
682,1.86,2.41,2.78
683,1.84,2.24,2.24
684,2.01,1.78,2.03
685,1.71,1.87,2.16
686,1.57,1.9,2.43
687,1.58,1.78,2.1
688,1.61,1.67,1.9
689,1.64,1.59,1.85
690,1.62,1.43,1.81
691,1.65,1.45,1.87
692,1.84,1.62,1.97
693,1.87,1.64,1.93
694,1.94,,1.89
695,2.07,1.65,1.9
696,2.42,,1.94
697,2.42,1.5,1.9
698,2.44,1.74,1.89
699,2.16,1.93,1.97
700,2.15,1.71,1.87
701,2.13,1.6,1.79
702,2.17,1.48,1.82
703,2.0,1.58,1.93
704,2.24,2.13,2.27
705,2.59,3.45,2.79
706,2.48,3.56,3.13
707,1.91,2.47,2.3
708,1.77,1.65,2.11
709,1.87,1.84,2.14
710,1.86,1.99,2.28
711,1.88,1.64,2.31
712,,1.56,2.23
713,2.02,1.46,2.13
714,1.9,1.44,2.06
715,1.9,1.5,2.08
716,1.81,1.54,2.23
717,1.85,1.52,2.12
718,1.95,1.54,2.17
719,1.99,1.54,2.08
720,2.08,1.49,2.54
721,1.98,1.52,2.79
722,2.16,1.47,2.64
723,2.12,1.51,2.3
724,2.04,1.51,2.12
725,1.86,1.41,2.22
726,1.91,1.4,2.28
727,2.28,1.42,2.18
728,2.71,1.54,2.7
729,4.0,1.78,4.21
730,3.26,1.8,4.17
731,2.41,1.9,2.64
732,2.34,1.89,2.6
733,2.38,1.83,2.28
734,1.97,1.85,2.2
735,1.75,1.71,2.0
736,1.96,1.67,1.84
737,1.85,1.66,1.81
738,1.86,1.79,1.81
739,1.97,1.68,1.85
740,2.57,1.75,1.97
741,2.57,1.64,1.89
742,2.14,1.57,1.86
743,1.99,1.5,1.98
744,2.84,1.46,1.94
745,,,
746,2.67,1.42,1.89
747,2.44,1.39,1.89
748,2.21,1.37,1.95
749,2.19,1.41,1.86
750,2.36,1.44,1.83
751,2.23,1.4,1.98
752,2.72,1.46,2.35
753,4.26,1.73,3.28
754,4.4,1.75,3.7
755,2.36,1.8,2.87
756,2.05,1.85,2.52
757,1.89,1.83,2.31
758,2.28,1.98,2.28
759,2.17,1.83,2.52
760,1.97,1.87,2.45
761,1.88,1.78,2.18
762,1.82,1.73,2.11
763,1.88,1.78,2.05
764,2.11,1.93,2.15
765,2.22,1.82,2.23
766,2.3,1.72,2.19
767,2.13,1.58,2.68
768,2.31,1.56,2.94
769,2.99,1.65,2.75
770,2.7,1.69,2.65
771,2.31,1.67,2.5
772,2.11,1.64,2.25
773,2.01,1.62,2.14
774,1.99,1.62,2.2
775,2.16,1.61,2.42
776,3.01,1.71,3.07
777,3.99,1.88,4.67
778,4.17,1.87,4.78
779,2.93,2.01,3.12
780,2.28,2.17,2.1
781,2.22,2.08,2.09
782,2.31,2.13,2.21
783,2.3,1.92,2.27
784,2.18,1.8,2.09
785,2.14,1.73,1.95
786,2.04,1.84,1.86
787,2.19,1.85,1.96
788,2.33,1.99,2.45
789,2.11,1.91,2.88
790,2.12,1.79,2.62
791,2.17,1.84,2.21
792,2.33,2.35,2.45
793,2.19,2.3,2.26
794,1.95,2.1,2.29
795,1.83,2.24,1.67
796,1.79,2.17,1.67
797,1.79,1.63,1.67
798,1.74,1.53,1.64
799,1.78,1.53,1.65
800,1.84,1.99,1.71
801,1.97,3.18,1.72
802,1.93,3.18,1.73
803,1.91,1.96,1.74
804,1.95,1.8,1.71
805,2.0,1.82,1.69
806,2.27,1.88,1.69
807,2.04,1.7,1.69
808,2.08,1.55,1.69
809,2.13,1.48,1.73
810,2.11,1.46,1.75
811,2.06,1.58,1.76
812,2.12,1.79,1.86
813,1.95,1.53,2.09
814,1.88,1.42,2.13
815,1.76,1.38,2.08
816,1.75,1.36,2.71
817,1.73,1.41,2.29
818,1.72,1.41,2.41
819,1.81,1.38,2.37
820,1.75,1.4,2.37
821,1.72,1.45,2.17
822,1.71,1.54,2.29
823,1.71,1.58,1.78
824,1.76,1.72,2.08
825,1.9,2.17,2.14
826,2.13,2.0,2.09
827,2.04,1.93,1.76
828,1.91,1.65,1.68
829,1.89,1.75,1.67
830,1.73,1.81,1.67
831,1.7,1.63,1.68
832,1.71,1.57,1.67
833,1.73,1.53,1.69
834,1.87,1.62,1.71
835,1.94,1.55,1.78
836,1.94,1.69,1.75
837,2.03,1.95,1.77
838,1.95,2.18,1.82
839,1.82,2.3,1.84
840,1.8,2.27,1.75
841,1.79,2.31,1.72
842,1.85,2.32,1.74
843,1.79,2.56,1.73
844,1.76,2.04,1.78
845,1.78,2.12,1.76
846,1.74,1.86,1.82
847,1.75,1.81,1.91
848,1.95,2.03,1.95
849,2.75,2.09,2.04
850,2.46,2.17,2.13
851,1.92,1.88,1.88
852,2.03,1.63,1.87
853,1.94,1.64,1.9
854,1.92,1.75,1.85
855,1.92,1.82,1.8
856,1.87,,1.77
857,1.82,1.56,1.78
858,1.83,1.59,1.76
859,1.81,1.58,1.8
860,1.8,1.67,1.83
861,1.85,1.75,1.84
862,1.96,1.91,1.82
863,1.91,2.24,1.88
864,1.97,2.59,1.88
865,2.12,2.55,1.84
866,2.06,2.49,1.81
867,1.99,2.38,1.93
868,1.93,2.13,1.93
869,1.95,1.98,1.93
870,2.0,1.86,1.92
871,2.03,1.74,2.05
872,2.28,1.84,2.58
873,2.55,2.05,3.25
874,2.41,2.32,3.01
875,2.43,1.87,2.21
876,2.07,1.79,2.0
877,2.02,1.82,2.04
878,2.02,1.75,1.98
879,2.13,1.91,1.84
880,2.27,1.86,1.86
881,2.15,1.71,1.81
882,2.16,1.61,1.8
883,2.23,1.58,1.86
884,2.16,1.65,1.9
885,2.14,1.69,1.88
886,2.15,1.76,1.92
887,2.15,2.4,1.88
888,2.21,2.6,1.86
889,2.22,2.72,1.78
890,2.28,1.82,1.76
891,2.28,1.87,1.83
892,2.26,1.79,1.99
893,2.15,1.75,2.05
894,2.23,1.75,2.13
895,2.53,1.82,2.22
896,2.6,2.28,2.37
897,2.66,3.72,2.97
898,2.52,3.64,2.38
899,2.68,2.51,2.51
900,2.32,2.11,2.46
901,2.2,2.08,2.53
902,2.13,2.43,2.6
903,1.93,2.33,2.7
904,1.93,1.96,2.56
905,1.86,1.83,2.3
906,1.91,1.78,2.08
907,1.88,1.77,2.27
908,1.93,1.86,2.64
909,2.12,1.79,2.89
910,2.4,1.77,2.78
911,2.62,1.7,2.65
912,2.26,1.69,2.79
913,2.71,1.62,2.91
914,2.31,1.64,2.75
915,2.06,1.59,2.45
916,2.12,1.54,2.42
917,1.95,1.53,2.46
918,2.03,1.55,2.55
919,2.05,1.56,2.63
920,2.53,1.62,3.12
921,4.59,1.77,4.53
922,3.2,1.76,4.19
923,2.34,1.78,2.36
924,2.05,1.86,2.36
925,1.91,1.85,2.22
926,1.97,1.86,2.11
927,1.99,1.66,1.97
928,2.0,1.57,1.92
929,2.0,1.56,1.9
930,1.94,1.57,1.96
931,1.97,1.62,1.96
932,2.13,1.84,2.01
933,2.37,1.84,1.93
934,2.6,1.78,1.91
935,3.17,1.79,1.93
936,3.3,1.7,1.95
937,2.98,1.67,1.94
938,2.9,1.74,1.99
939,2.74,1.67,2.01
940,2.58,1.68,1.97
941,2.54,1.65,2.05
942,2.42,1.71,2.09
943,2.74,1.74,2.14
944,2.92,1.92,2.53
945,4.14,2.46,4.0
946,3.96,2.08,4.11
947,2.55,1.81,2.25
948,2.23,1.67,2.04
949,1.99,1.56,2.11
950,2.14,1.61,2.28
951,2.2,1.54,2.26
952,2.05,1.56,2.13
953,2.02,1.54,2.13
954,2.01,1.54,2.08
955,2.04,1.56,2.08
956,2.24,1.72,2.18
957,2.25,1.7,2.1
958,2.11,1.71,2.07
959,2.0,1.58,2.12
960,1.98,1.67,2.14
961,1.93,1.6,2.02
962,1.84,1.7,1.99
963,1.87,1.68,2.03
964,1.84,1.64,2.07
965,,1.7,2.01
966,2.12,1.63,2.11
967,2.15,1.59,2.21
968,2.51,1.55,2.42
969,3.34,1.64,2.76
970,3.5,1.6,2.46
971,2.99,1.51,2.43
972,2.26,1.52,2.27
973,2.15,1.51,1.99
974,2.19,1.51,2.13
975,2.14,1.55,2.41
976,2.12,1.54,2.42
977,2.0,1.53,2.26
978,2.03,1.54,2.24
979,2.05,1.57,2.18
980,2.3,1.71,2.19
981,2.12,1.68,2.76
982,2.04,1.63,3.07
983,2.01,1.56,2.79
984,1.97,1.55,3.36
985,1.94,1.49,3.3
986,,1.5,3.09
987,1.83,1.53,2.56
988,1.84,1.55,2.25
989,1.8,1.48,2.38
990,1.83,1.51,2.32
991,1.91,1.64,2.46
992,2.23,2.06,2.13
993,4.94,2.46,2.34
994,3.36,1.84,2.17
995,2.37,1.68,2.0
996,2.29,1.61,1.99
997,2.2,1.71,1.95
998,2.3,1.72,1.9
999,2.5,1.71,1.92
1000,2.4,1.7,1.93
1001,2.22,1.71,1.92
1002,2.1,1.76,1.87
1003,2.15,1.71,1.88
1004,2.31,,1.9
1005,2.29,1.63,1.87
1006,,1.66,1.92
1007,2.34,1.76,1.9
1008,2.75,1.66,1.87
1009,2.48,1.59,1.85
1010,2.25,1.57,1.87
1011,2.42,1.62,1.87
1012,2.58,1.61,1.88
1013,2.53,1.63,1.85
1014,2.31,1.68,1.81
1015,2.5,1.66,1.82
1016,2.99,1.69,1.97
1017,4.01,1.68,2.28
1018,4.3,1.73,2.16
1019,2.64,1.65,2.21
1020,2.76,1.61,2.2
1021,2.24,1.67,2.15
1022,2.14,1.8,2.06
1023,,1.71,1.95
1024,1.88,1.63,1.93
1025,,1.59,1.92
1026,1.89,1.56,1.92
1027,,1.58,2.0
1028,1.87,1.64,2.01
1029,1.88,1.65,1.88
1030,1.87,1.68,1.84
1031,1.86,1.7,1.86
1032,1.87,1.7,1.81
1033,1.87,1.83,1.83
1034,,1.81,1.79
1035,1.9,1.77,1.77
1036,1.93,1.87,1.75
1037,2.01,1.85,1.75
1038,1.92,1.77,1.74
1039,2.0,1.85,1.77
1040,2.11,2.35,2.04
1041,,3.63,2.35
1042,2.1,3.09,2.26
1043,1.92,2.1,2.44
1044,1.92,2.21,2.38
1045,1.96,2.28,2.21
1046,1.92,2.35,2.14
1047,1.92,2.15,1.99
1048,1.92,2.01,1.92
1049,1.89,1.82,1.92
1050,1.9,1.76,1.91
1051,1.94,1.68,1.95
1052,1.91,1.71,1.99
1053,2.0,1.82,1.91
1054,2.13,1.86,1.9
1055,2.1,2.09,1.92
1056,2.08,1.99,1.96
1057,2.32,2.43,1.89
1058,2.28,2.15,1.85
1059,2.25,1.94,1.85
1060,2.39,1.75,1.9
1061,2.27,1.7,1.94
1062,2.24,1.84,1.94
1063,3.1,1.98,2.06
1064,3.14,2.27,2.45
1065,3.96,3.03,3.38
1066,3.85,3.34,3.29
1067,2.53,2.74,2.34
1068,2.33,1.61,2.2
1069,2.23,1.56,2.13
1070,2.66,1.52,2.14
1071,2.49,1.53,2.52
1072,2.21,1.53,2.7
1073,2.11,1.57,2.65
1074,2.0,1.63,2.64
1075,2.0,1.69,2.58
1076,2.21,1.75,2.59
1077,2.13,1.66,2.45
1078,2.17,1.8,2.38
1079,2.17,1.84,2.48
1080,2.27,1.76,2.46
1081,2.38,1.65,2.56
1082,1.99,1.6,2.77
1083,2.0,1.64,2.5
1084,2.02,1.72,2.47
1085,2.12,1.79,2.64
1086,2.22,1.8,2.56
1087,2.46,1.87,2.61
1088,2.98,2.25,2.82
1089,4.54,3.22,3.5
1090,3.41,3.04,3.67
1091,2.42,2.15,3.47
1092,2.45,1.94,3.09
1093,2.44,1.73,3.16
1094,2.91,1.87,3.1
1095,2.6,1.81,2.92
1096,2.28,1.83,2.63
1097,2.13,1.67,2.56
1098,2.08,1.69,2.73
1099,2.08,1.85,2.88
1100,2.15,2.27,3.44
1101,2.13,2.87,3.28
1102,2.13,3.15,3.15
1103,2.12,3.17,2.72
1104,2.17,3.4,2.69
1105,2.37,2.71,2.78
1106,2.04,2.69,2.6
1107,2.02,2.5,2.75
1108,2.03,2.32,2.67
1109,2.19,1.98,2.95
1110,2.3,1.88,2.83
1111,2.39,1.76,2.81
1112,2.78,1.62,2.91
1113,3.78,1.79,3.31
1114,3.79,1.7,2.88
1115,3.0,1.68,3.02
1116,3.06,1.67,3.04
1117,2.65,1.64,2.79
1118,2.79,1.68,2.93
1119,2.88,1.59,2.52
1120,2.74,1.61,2.39
1121,2.39,1.61,2.46
1122,2.3,1.63,2.53
1123,2.37,1.64,2.71
1124,2.65,1.84,2.8
1125,2.57,1.72,2.99
1126,2.98,1.67,3.07
1127,3.16,1.62,2.85
1128,3.64,1.6,3.0
1129,3.43,1.53,2.73
1130,2.74,1.52,2.3
1131,2.97,1.49,2.42
1132,2.49,1.48,2.1
1133,2.34,1.46,1.82
1134,2.23,1.48,1.82
1135,,1.48,1.85
1136,2.48,1.54,1.99
1137,4.37,1.72,2.07
1138,4.4,1.71,2.06
1139,2.33,1.71,2.04
1140,2.11,1.67,2.2
1141,2.03,1.67,2.11
1142,2.18,1.67,2.18
1143,1.99,1.63,2.26
1144,1.98,1.59,2.33
1145,1.97,1.57,2.35
1146,1.95,1.6,2.48
1147,1.96,1.63,2.46
1148,1.99,1.74,2.18
1149,1.95,1.57,2.13
1150,2.03,1.59,2.1
1151,1.97,1.55,2.11
1152,1.99,1.54,2.03
1153,2.0,1.52,1.98
1154,1.86,1.51,1.92
1155,1.87,1.5,1.91
1156,1.86,1.52,1.9
1157,1.86,1.5,1.88
1158,1.9,1.52,1.85
1159,1.92,1.54,1.85
1160,1.96,1.64,1.87
1161,2.23,1.68,1.88
1162,2.09,1.74,1.9
1163,2.15,1.76,1.92
1164,2.14,1.73,2.01
1165,2.07,1.72,1.99
1166,2.21,1.75,2.02
1167,2.01,1.69,2.06
1168,1.99,1.71,2.08
1169,2.03,1.71,2.18
1170,,1.77,2.16
1171,2.08,1.75,2.16
1172,2.19,1.78,2.1
1173,2.0,1.93,2.17
1174,1.97,1.89,2.16
1175,1.94,1.88,2.07
1176,1.95,1.84,2.17
1177,1.93,2.0,2.26
1178,1.92,2.28,2.21
1179,1.86,2.08,2.26
1180,1.83,2.05,2.34
1181,1.9,2.01,2.35
1182,2.0,1.95,2.35
1183,2.05,1.88,2.5
1184,2.04,2.06,3.18
1185,2.21,2.15,4.78
1186,2.19,2.16,3.92
1187,2.2,1.92,3.21
1188,2.28,1.73,2.93
1189,2.11,1.73,2.58
1190,1.99,1.8,2.73
1191,1.99,1.92,2.73
1192,1.97,1.88,2.88
1193,1.96,1.86,2.52
1194,1.94,1.82,2.37
1195,1.94,1.83,2.4
1196,1.96,2.0,2.56
1197,2.0,2.07,2.51
1198,1.99,2.12,2.73
1199,1.98,2.66,3.81
1200,2.09,3.42,3.64
1201,2.1,3.26,3.66
1202,2.0,2.9,3.04
1203,1.96,2.34,2.41
1204,2.01,2.18,2.51
1205,2.08,2.01,2.22
1206,2.1,1.92,2.17
1207,2.1,2.15,2.23
1208,2.2,2.44,3.25
1209,2.46,3.7,5.57
1210,2.35,3.06,4.4
1211,2.18,2.05,2.37
1212,2.22,2.05,2.09
1213,2.28,1.96,2.16
1214,2.36,2.03,2.56
1215,2.36,2.01,2.54
1216,2.29,2.07,2.28
1217,2.21,1.94,2.17
1218,2.15,1.93,2.08
1219,2.26,1.93,2.16
1220,2.41,2.18,2.37
1221,2.42,2.24,2.34
1222,2.49,2.18,2.41
1223,2.52,1.9,2.94
1224,2.72,2.58,3.27
1225,2.89,2.81,2.74
1226,2.55,2.36,2.79
1227,2.71,2.17,2.6
1228,2.49,2.2,2.41
1229,2.48,2.03,2.32
1230,2.3,2.01,2.16
1231,2.52,2.07,2.3
1232,2.85,2.67,2.9
1233,5.69,4.13,5.69
1234,4.66,3.68,5.24
1235,2.98,2.23,2.45
1236,2.41,2.11,2.25
1237,2.36,1.99,2.2
1238,2.79,2.25,2.42
1239,2.58,2.3,2.67
1240,2.4,2.07,2.69
1241,2.25,2.01,2.44
1242,2.21,2.01,2.17
1243,2.16,1.99,2.11
1244,2.51,2.18,2.33
1245,2.5,2.17,2.46
1246,2.57,2.14,2.3
1247,2.64,2.36,3.22
1248,2.75,2.69,3.87
1249,2.86,2.13,2.83
1250,2.67,2.39,2.59
1251,2.69,2.27,2.67
1252,2.54,2.17,2.28
1253,2.56,2.11,2.41
1254,2.65,1.96,2.21
1255,2.7,2.07,2.4
1256,2.85,2.38,2.57
1257,6.26,3.35,3.81
1258,5.52,3.3,2.76
1259,3.35,2.36,2.22
1260,2.13,1.76,1.99
1261,2.01,1.62,2.01
1262,1.97,1.62,1.97
1263,1.96,1.61,1.92
1264,2.04,1.61,1.9
1265,2.04,1.6,1.93
1266,2.03,1.68,1.9
1267,2.06,1.77,1.98
1268,2.36,2.07,2.29
1269,2.72,2.36,2.25
1270,3.01,2.51,2.2
1271,2.75,2.17,2.08
1272,2.16,1.74,2.12
1273,2.31,2.17,2.05
1274,2.42,2.2,1.99
1275,2.6,2.18,2.14
1276,2.51,2.09,2.29
1277,2.33,1.8,2.31
1278,2.42,1.68,2.22
1279,2.41,1.69,2.3
1280,3.07,1.73,2.46
1281,4.62,2.03,2.8
1282,2.73,2.14,2.37
1283,2.58,1.99,2.15
1284,2.32,1.71,2.11
1285,2.2,1.63,2.06
1286,2.24,1.7,2.02
1287,2.17,1.73,2.03
1288,2.22,1.75,2.04
1289,2.29,1.69,2.06
1290,2.31,1.7,2.06
1291,2.43,1.77,2.06
1292,2.47,1.95,2.06
1293,2.41,1.81,2.04
1294,2.35,1.76,2.04
1295,2.27,1.81,2.05
1296,2.16,1.82,2.19
1297,2.09,1.99,2.07
1298,2.07,1.97,2.0
1299,2.04,1.83,1.97
1300,2.03,1.99,1.96
1301,2.03,2.08,1.96
1302,2.06,2.13,1.98
1303,2.14,2.12,2.16
1304,2.21,2.5,2.19
1305,2.77,3.14,2.2
1306,2.55,2.7,2.26
1307,2.58,2.39,2.27
1308,2.59,2.42,2.1
1309,2.58,2.37,2.02
1310,2.94,2.19,1.98
1311,2.87,1.98,1.99
1312,2.79,1.87,1.98
1313,2.65,1.8,1.98
1314,2.53,1.78,1.98
1315,2.46,1.78,1.97
1316,2.53,1.92,2.06
1317,2.42,1.89,2.15
1318,2.39,1.95,2.25
1319,2.24,1.95,2.12
1320,2.15,1.83,2.14
1321,2.13,1.82,2.27
1322,2.14,1.76,2.13
1323,2.12,1.73,2.13
1324,2.08,1.7,2.27
1325,2.05,1.7,2.27
1326,2.04,1.7,2.22
1327,2.08,1.73,2.26
1328,2.14,1.77,2.28
1329,2.22,1.82,2.68
1330,2.32,1.94,2.56
1331,2.33,1.95,2.17
1332,2.33,1.97,2.17
1333,2.33,2.09,2.09
1334,2.35,2.06,2.21
1335,2.35,2.0,2.34
1336,2.34,1.81,2.36
1337,2.4,1.72,2.32
1338,2.41,1.7,2.32
1339,2.45,1.74,2.29
1340,2.38,1.77,2.43
1341,2.4,1.85,2.55
1342,2.4,1.84,2.69
1343,2.36,1.91,2.77
1344,2.29,1.79,3.4
1345,2.22,1.81,2.87
1346,2.14,1.78,2.62
1347,2.09,1.95,2.48
1348,2.1,1.85,2.52
1349,2.15,1.84,2.3
1350,2.14,1.76,2.25
1351,2.19,1.79,2.3
1352,2.28,1.77,2.94
1353,2.33,1.82,5.16
1354,2.5,1.82,4.26
1355,2.59,1.8,2.7
1356,2.61,1.87,2.3
1357,2.74,1.86,2.16
1358,2.8,1.9,2.58
1359,2.73,1.96,2.59
1360,2.61,1.9,2.45
1361,2.58,1.86,2.48
1362,2.61,1.86,2.49
1363,2.72,1.84,2.54
1364,2.73,1.84,3.01
1365,2.79,2.05,2.76
1366,2.81,2.4,3.29
1367,2.81,2.15,3.5
1368,2.71,2.42,3.37
1369,2.61,2.44,3.28
1370,2.25,2.27,2.78
1371,2.27,2.08,2.67
1372,2.32,1.97,2.56
1373,2.35,1.95,2.31
1374,2.38,2.0,2.37
1375,2.41,1.95,2.31
1376,2.36,2.23,2.87
1377,2.58,4.07,3.59
1378,2.44,4.18,2.41
1379,2.45,2.2,2.31
1380,2.35,2.11,2.1
1381,2.35,2.19,2.09
1382,2.25,2.05,2.05
1383,2.2,1.9,1.99
1384,2.25,1.9,1.99
1385,2.23,1.87,2.0
1386,2.25,1.85,2.01
1387,2.25,1.83,2.35
1388,2.28,1.93,3.26
1389,2.42,1.85,3.77
1390,2.37,1.91,4.01
1391,2.39,1.87,3.47
1392,2.34,1.85,3.43
1393,2.31,1.87,2.96
1394,2.41,2.1,2.62
1395,2.52,2.07,2.58
1396,2.44,1.95,2.3
1397,2.34,2.08,2.25
1398,2.34,2.02,2.23
1399,2.51,2.21,2.25
1400,2.96,2.74,2.69
1401,4.0,3.9,4.04
1402,3.35,3.06,3.24
1403,2.54,2.29,2.5
1404,2.45,1.78,2.03
1405,2.4,1.91,1.95
1406,2.51,2.3,2.04
1407,2.24,2.26,1.98
1408,2.18,2.14,2.05
1409,2.14,2.08,2.04
1410,2.09,1.99,1.99
1411,2.14,1.93,2.1
1412,2.27,2.01,2.07
1413,2.31,2.14,2.05
1414,2.31,2.15,2.03
1415,,2.19,2.03
1416,2.18,2.0,2.05
1417,,,2.09
1418,2.08,2.14,2.12
1419,2.25,2.01,2.08
1420,2.13,2.18,2.05
1421,2.23,2.14,2.01
1422,2.37,2.12,2.02
1423,2.45,2.18,2.02
1424,2.9,2.72,2.07
1425,3.83,3.45,2.32
1426,2.78,3.9,2.18
1427,2.55,2.4,2.11
1428,2.6,1.9,2.14
1429,2.79,1.72,2.16
1430,2.63,1.73,2.29
1431,2.29,1.66,2.29
1432,2.23,1.67,2.29
1433,2.18,2.0,2.3
1434,2.13,1.88,2.28
1435,2.19,1.89,2.32
1436,2.3,2.13,2.41
1437,2.27,2.68,2.36
1438,2.34,2.25,2.36
1439,2.28,3.06,2.34
1440,2.22,2.89,2.32
1441,2.23,2.51,
1442,2.15,2.14,2.19
1443,2.15,1.96,2.2
1444,2.19,1.93,2.21
1445,2.21,1.85,2.28
1446,2.23,1.66,2.47
1447,2.4,1.65,2.55
1448,2.81,1.72,2.97
1449,3.42,1.79,2.98
1450,3.11,1.86,2.49
1451,2.72,1.8,2.55
1452,2.64,1.75,2.63
1453,2.61,1.73,2.84
1454,2.66,1.72,2.86
1455,2.41,1.72,2.77
1456,2.36,1.74,2.6
1457,2.27,1.71,2.41
1458,2.24,1.71,2.26
1459,2.27,1.75,2.27
1460,2.37,1.79,2.6
1461,2.43,1.96,2.56
1462,2.5,2.25,2.49
1463,2.41,1.91,2.4
1464,2.32,1.73,2.65
1465,2.21,1.7,2.93
1466,2.28,1.76,2.79
1467,2.16,1.73,2.64
1468,2.16,1.71,2.68
1469,2.24,1.64,2.53
1470,2.23,1.65,2.53
1471,2.36,1.69,2.66
1472,2.62,1.81,3.06
1473,3.57,2.29,4.12
1474,2.97,1.88,3.81
1475,2.51,1.81,2.49
1476,2.7,1.82,2.2
1477,2.6,1.89,2.19
1478,2.57,1.92,2.78
1479,2.4,1.91,2.4
1480,2.38,1.95,2.2
1481,2.32,1.89,2.12
1482,2.28,1.84,2.15
1483,2.32,1.82,2.13
1484,2.45,1.93,2.12
1485,2.37,1.89,2.14
1486,,2.05,2.35
1487,2.36,2.01,2.37
1488,,2.0,2.47
1489,2.22,1.81,2.51
1490,2.17,1.79,2.48
1491,2.16,2.03,2.47
1492,2.12,2.12,2.48
1493,2.11,1.98,2.54
1494,2.12,2.04,2.44
1495,2.13,2.17,2.37
1496,2.37,2.41,2.4
1497,3.28,2.85,2.71
1498,2.39,2.61,2.7
1499,2.59,2.07,2.48
1500,2.63,2.04,2.26
1501,2.66,1.95,2.35
1502,2.72,2.07,2.56
1503,2.48,2.01,2.68
1504,2.38,2.0,2.47
1505,2.22,1.96,2.34
1506,2.22,1.9,2.31
1507,2.34,1.86,2.31
1508,2.59,1.86,2.28
1509,2.58,2.02,2.35
1510,2.58,1.85,2.38
1511,2.54,1.8,2.44
1512,2.51,1.79,2.53
1513,2.35,1.79,2.52
1514,2.39,1.82,2.44
1515,2.39,1.82,2.22
1516,2.44,1.81,2.21
1517,2.4,1.87,2.24
1518,2.38,1.92,4.33
1519,2.52,1.99,2.41
1520,2.77,2.07,2.49
1521,3.44,2.11,3.14
1522,3.07,2.08,3.15
1523,2.73,1.95,2.83
1524,2.68,2.06,2.43
1525,2.73,2.14,2.68
1526,2.77,2.12,3.01
1527,,2.09,2.79
1528,2.5,2.03,2.67
1529,2.42,1.98,2.6
1530,2.35,1.93,2.5
1531,2.34,1.87,2.4
1532,2.34,1.88,2.4
1533,2.51,1.95,2.41
1534,2.51,1.99,2.47
1535,2.61,2.1,2.65
1536,2.52,1.98,2.35
1537,2.44,1.86,2.28
1538,2.39,1.84,2.34
1539,2.42,1.84,2.34
1540,2.37,1.9,2.3
1541,2.35,1.93,2.38
1542,2.35,1.97,2.32
1543,2.41,1.97,2.39
1544,2.55,2.14,2.58
1545,2.76,2.82,3.34
1546,2.88,2.43,3.23
1547,2.92,2.19,2.54
1548,2.68,2.09,2.38
1549,2.45,2.06,2.3
1550,2.57,2.36,2.29
1551,2.6,2.37,2.24
1552,2.57,2.24,2.17
1553,2.42,2.15,2.15
1554,2.38,2.11,2.15
1555,2.34,2.07,2.24
1556,2.42,2.09,2.21
1557,2.67,2.11,2.13
1558,3.23,2.04,2.11
1559,,2.04,2.08
1560,3.42,1.98,2.16
1561,3.13,1.92,2.16
1562,3.08,1.86,2.09
1563,3.07,1.86,2.05
1564,2.74,1.88,2.16
1565,2.46,1.89,2.24
1566,2.44,1.99,2.26
1567,2.62,2.08,2.24
1568,2.53,2.11,2.53
1569,2.51,3.26,3.28
1570,2.27,2.76,2.9
1571,2.2,2.25,2.49
1572,2.18,2.18,2.57
1573,2.24,2.18,2.45
1574,2.33,,2.68
1575,2.28,2.3,2.78
1576,2.26,2.22,2.52
1577,2.28,2.08,2.3
1578,2.28,1.98,2.22
1579,2.37,1.92,2.21
1580,2.4,2.07,2.27
1581,2.41,1.97,2.25
1582,2.43,2.04,2.41
1583,2.24,2.03,2.25
1584,2.16,1.92,2.22
1585,2.14,1.9,2.17
1586,2.1,1.86,2.16
1587,2.1,1.85,2.17
1588,2.09,1.82,2.12
1589,2.17,1.8,2.12
1590,2.16,1.84,2.12
1591,2.3,1.9,2.16
1592,2.48,2.11,2.88
1593,3.08,2.34,3.32
1594,2.69,2.21,3.05
1595,2.57,2.26,2.34
1596,2.56,2.19,2.45
1597,2.63,2.32,2.51
1598,2.82,2.35,2.44
1599,2.65,2.25,2.5
1600,2.56,2.3,2.59
1601,2.48,2.2,2.55
1602,2.44,2.01,2.49
1603,2.4,1.96,2.51
1604,2.51,2.08,2.56
1605,2.38,2.01,2.51
1606,2.39,2.08,2.45
1607,2.36,1.91,2.5
1608,2.32,1.93,2.47
1609,2.3,1.92,2.57
1610,2.23,1.89,2.49
1611,2.19,,2.59
1612,2.14,1.86,2.61
1613,2.16,1.86,2.72
1614,2.19,1.88,2.46
1615,2.38,1.9,2.59
1616,2.37,2.11,2.91
1617,2.91,2.51,3.39
1618,2.49,2.21,2.43
1619,2.64,2.16,2.09
1620,2.56,2.31,2.08
1621,2.41,2.37,2.11
1622,2.55,2.46,2.21
1623,2.36,,2.12
1624,2.3,2.29,2.18
1625,2.27,2.29,2.15
1626,2.24,2.22,2.15
1627,2.3,2.14,2.18
1628,2.42,2.18,2.34
1629,2.31,2.18,2.17
1630,2.29,2.19,2.26
1631,,2.25,2.23
1632,2.26,2.08,2.28
1633,2.33,1.94,2.2
1634,2.49,1.91,2.16
1635,2.52,1.89,2.27
1636,2.42,1.89,2.05
1637,2.59,1.9,2.06
1638,2.64,1.93,2.0
1639,2.72,1.96,2.06
1640,3.27,2.07,2.06
1641,4.88,2.36,2.11
1642,3.8,2.4,2.14
1643,2.92,2.33,2.25
1644,2.9,2.36,2.2
1645,3.28,2.38,2.18
1646,3.3,2.26,2.2
1647,2.81,2.08,2.13
1648,2.6,2.04,2.13
1649,2.41,1.97,2.16
1650,2.35,1.92,2.14
1651,2.33,1.95,2.12
1652,2.44,2.0,2.15
1653,2.4,1.92,2.12
1654,2.36,1.99,2.15
1655,2.39,2.05,2.11
1656,2.4,2.03,2.06
1657,2.46,2.01,2.02
1658,2.36,2.09,2.01
1659,2.28,2.16,1.98
1660,2.25,2.13,1.99
1661,2.36,2.2,1.98
1662,2.51,2.27,1.98
1663,2.64,2.28,1.99
1664,3.14,2.48,2.0
1665,4.54,2.88,2.02
1666,3.39,2.61,2.02
1667,3.17,2.21,2.02
1668,2.87,2.03,2.03
1669,2.57,2.29,2.03
1670,2.61,2.41,2.05
1671,2.48,2.42,2.05
1672,2.33,2.32,2.06
1673,2.26,2.32,2.05
1674,2.38,2.08,2.07
1675,2.43,2.07,2.05
1676,2.43,2.12,2.08
1677,2.36,2.27,2.1
1678,2.31,2.72,2.1
1679,2.25,3.05,2.11
1680,,2.89,2.1
1681,2.17,3.03,2.07
1682,2.16,2.68,2.05
1683,2.17,2.95,2.03
1684,2.17,2.94,2.03
1685,2.17,2.55,2.03
1686,2.19,2.41,2.09
1687,2.22,2.39,2.21
1688,,2.3,2.49
1689,2.27,2.63,3.01
1690,2.28,2.41,2.51
1691,2.32,2.16,2.48
1692,2.36,1.86,2.49
1693,2.32,1.96,2.43
1694,2.29,1.9,2.44
1695,2.28,1.87,2.33
1696,2.25,1.84,2.31
1697,2.24,1.85,2.25
1698,2.22,1.87,2.19
1699,2.18,1.9,2.21
1700,2.2,1.89,2.23
1701,2.18,1.95,2.23
1702,2.19,1.95,2.19
1703,2.17,1.9,2.22
1704,2.16,1.95,2.17
1705,2.17,1.84,2.14
1706,2.18,1.83,2.11
1707,2.37,1.77,2.12
1708,2.24,1.82,2.11
1709,2.25,1.81,2.13
1710,2.31,1.83,2.15
1711,2.4,1.89,2.22
1712,2.43,1.92,2.71
1713,2.45,2.03,3.31
1714,2.49,2.0,2.56
1715,2.53,2.06,2.29
1716,2.47,1.94,2.38
1717,2.41,1.9,2.51
1718,2.35,1.93,2.66
1719,2.31,1.93,2.73
1720,2.27,1.91,2.66
1721,2.25,1.94,2.45
1722,2.25,1.98,2.29
1723,2.22,1.99,2.38
1724,2.35,2.1,2.55
1725,2.48,2.0,2.7
1726,2.59,1.99,2.83
1727,2.39,1.95,2.63
1728,2.37,1.96,2.64
1729,2.31,1.89,2.74
1730,2.4,1.89,2.84
1731,2.42,1.89,2.79
1732,2.35,1.88,2.69
1733,2.42,1.88,2.62
1734,2.51,1.88,2.63
1735,2.61,1.89,2.64
1736,3.06,1.94,3.21
1737,3.86,2.2,4.62
1738,3.33,2.13,3.96
1739,2.74,2.16,2.84
1740,2.76,2.31,2.32
1741,2.81,2.22,2.28
1742,3.22,2.31,2.43
1743,2.93,2.2,2.24
1744,2.75,2.18,2.22
1745,2.63,2.13,2.22
1746,2.58,2.11,2.23
1747,2.63,2.12,2.26
1748,2.74,2.13,2.34
1749,2.71,2.11,2.83
1750,2.76,2.0,2.49
1751,3.06,2.01,2.23
1752,3.63,1.98,2.15
1753,3.41,1.94,2.14
1754,3.24,1.9,2.4
1755,3.05,1.91,2.47
1756,2.59,1.91,2.62
1757,2.15,1.94,2.5
1758,2.15,1.9,2.46
1759,2.21,1.91,2.51
1760,2.21,1.99,3.04
1761,2.57,2.3,5.24
1762,2.38,2.33,3.73
1763,2.28,2.32,3.51
1764,2.33,2.28,2.6
1765,2.29,2.25,2.64
1766,2.44,2.46,2.52
1767,2.31,2.23,2.57
1768,2.3,2.14,2.4
1769,2.38,2.16,2.35
1770,2.38,2.14,2.2
1771,2.49,2.22,2.36
1772,2.63,2.43,2.56
1773,2.68,2.28,2.38
1774,2.84,2.11,2.46
1775,2.53,2.05,2.43
1776,2.53,2.09,2.51
1777,2.36,2.04,2.4
1778,2.27,2.01,2.36
1779,2.27,2.08,2.34
1780,2.36,2.05,2.36
1781,2.55,2.0,2.44
1782,2.53,1.99,2.32
1783,2.7,2.09,2.24
1784,3.32,2.27,2.49
1785,4.48,2.88,3.15
1786,3.3,2.71,3.37
1787,2.66,2.4,2.83
1788,2.43,2.49,2.64
1789,2.82,2.6,2.57
1790,2.77,2.61,2.62
1791,2.41,2.43,2.4
1792,2.34,2.17,2.29
1793,2.3,2.12,2.22
1794,2.3,2.04,2.24
1795,2.33,2.09,2.25
1796,2.45,2.21,2.33
1797,2.41,2.33,2.34
1798,2.37,2.58,2.53
1799,2.39,2.71,2.31
1800,2.45,3.08,2.28
1801,2.38,3.12,2.26
1802,2.5,2.81,2.23
1803,2.59,2.68,2.22
1804,2.63,2.4,2.3
1805,2.59,2.16,2.27
1806,2.66,1.95,2.26
1807,2.77,1.89,2.28
1808,3.67,1.91,2.36
1809,4.87,1.97,2.47
1810,4.77,1.96,2.54
1811,2.48,1.95,2.41
1812,2.26,1.99,2.35
1813,2.22,2.03,2.33
1814,2.21,2.02,2.34
1815,2.22,1.98,2.38
1816,2.24,1.96,2.66
1817,2.25,1.99,2.36
1818,2.26,1.99,2.57
1819,2.29,2.03,2.35
1820,2.41,2.11,2.34
1821,2.69,2.13,2.59
1822,2.79,2.05,2.42
1823,3.05,1.99,2.58
1824,3.3,1.93,2.63
1825,3.54,1.91,2.41
1826,3.41,1.86,2.29
1827,3.21,1.86,2.31
1828,3.09,1.86,2.23
1829,2.94,1.83,2.24
1830,2.4,1.83,2.26
1831,2.21,1.84,2.35
1832,2.22,1.89,2.31
1833,2.31,1.92,2.46
1834,2.43,1.96,2.48
1835,2.45,1.92,2.37
1836,2.4,1.89,2.35
1837,2.35,1.91,2.43
1838,2.38,1.93,2.36
1839,2.28,1.95,2.28
1840,2.3,1.96,2.25
1841,2.29,1.94,2.23
1842,2.3,1.95,2.24
1843,2.31,1.98,2.25
1844,2.36,1.96,2.28
1845,2.38,1.97,2.36
1846,2.31,1.97,2.32
1847,2.32,1.97,2.29
1848,2.27,2.0,2.25
1849,2.25,2.01,2.18
1850,2.27,1.93,2.18
1851,2.26,1.97,2.18
1852,2.22,2.0,2.18
1853,2.2,1.99,2.23
1854,2.24,1.93,2.15
1855,2.3,1.92,2.15
1856,2.37,1.91,2.16
1857,2.43,1.96,2.15
1858,2.39,1.94,2.15
1859,2.31,2.02,2.26
1860,2.3,1.97,2.25
1861,2.26,1.94,2.25
1862,2.26,1.95,2.32
1863,2.27,1.94,2.29
1864,2.28,1.93,2.32
1865,2.32,1.96,2.31
1866,2.27,1.91,2.32
1867,2.28,1.93,2.37
1868,2.36,1.91,2.39
1869,2.3,1.92,2.32
1870,2.32,1.91,2.29
1871,2.32,1.89,2.18
1872,2.28,1.89,2.16
1873,2.27,1.9,2.1
1874,2.26,1.89,2.08
1875,2.25,1.87,2.07
1876,2.25,1.89,2.06
1877,,1.94,2.06
1878,2.3,1.93,2.05
1879,2.31,1.95,2.07
1880,2.42,1.95,2.16
1881,2.49,1.98,2.36
1882,2.69,2.02,2.34
1883,2.59,1.97,2.31
1884,2.53,1.99,2.23
1885,2.46,2.02,2.2
1886,2.36,2.1,2.22
1887,2.3,2.24,2.2
1888,2.3,2.23,2.29
1889,2.3,2.2,2.28
1890,2.3,2.19,2.27
1891,2.31,2.17,2.32
1892,2.33,2.21,2.34
1893,2.35,2.17,2.32
1894,2.33,2.16,2.24
1895,2.34,2.22,2.22
1896,2.39,2.43,2.22
1897,2.37,2.61,2.19
1898,2.36,2.64,2.19
1899,2.39,2.63,2.21
1900,2.32,2.55,2.24
1901,2.31,2.49,2.24
1902,2.34,2.39,2.24
1903,2.38,2.18,2.26
1904,2.4,2.5,2.33
1905,2.48,3.23,2.56
1906,2.48,2.89,2.42
1907,2.54,2.42,2.43
1908,2.59,2.56,2.45
1909,2.58,2.49,2.59
1910,2.66,2.66,2.72
1911,2.57,2.52,2.77
1912,2.25,2.46,2.71
1913,2.36,2.37,2.61
1914,2.5,2.24,2.56
1915,2.36,2.15,2.53
1916,2.43,2.22,2.55
1917,2.69,2.41,2.6
1918,2.77,2.52,2.58
1919,3.07,2.47,2.49
1920,2.57,2.52,2.39
1921,2.51,3.01,2.3
1922,2.36,2.89,2.32
1923,2.25,2.77,2.35
1924,2.3,2.46,2.34
1925,2.31,2.46,2.35
1926,2.28,2.34,2.34
1927,2.27,2.36,2.43
1928,2.38,2.93,2.91
1929,2.85,3.88,3.63
1930,2.38,3.62,3.03
1931,2.3,2.93,2.88
1932,2.31,2.66,2.68
1933,2.31,2.7,2.9
1934,2.33,2.58,2.77
1935,2.28,2.43,2.55
1936,2.27,2.34,2.53
1937,2.28,2.16,2.48
1938,2.28,2.03,2.43
1939,2.38,1.94,2.39
1940,2.47,2.07,2.45
1941,2.46,2.04,2.5
1942,2.45,2.07,2.48
1943,2.42,2.07,2.49
1944,2.38,2.08,2.74
1945,2.35,2.05,2.6
1946,2.31,2.06,2.53
1947,2.28,2.02,2.56
1948,2.25,2.08,2.7
1949,2.25,2.08,2.59
1950,2.24,2.1,2.57
1951,2.28,2.12,2.53
1952,2.36,2.35,2.76
1953,2.59,2.38,3.82
1954,2.43,2.43,2.91
1955,2.44,2.52,2.38
1956,2.39,2.48,2.19
1957,2.37,2.59,2.2
1958,2.52,2.61,2.18
1959,2.39,2.45,2.14
1960,2.4,2.3,2.16
1961,2.4,2.15,2.16
1962,2.42,2.06,2.18
1963,2.53,2.08,2.21
1964,2.63,2.12,2.31
1965,2.49,2.09,2.5
1966,2.44,2.15,2.5
1967,2.34,2.21,2.63
1968,2.31,2.44,2.64
1969,2.31,2.65,2.67
1970,2.36,2.51,2.28
1971,2.31,2.43,2.18
1972,2.33,2.51,2.13
1973,2.41,2.39,2.13
1974,2.52,2.46,2.13
1975,2.44,2.57,2.16
1976,2.89,2.74,2.22
1977,3.56,3.59,2.23
1978,2.95,3.58,2.26
1979,2.43,1.95,2.27
1980,2.35,1.93,2.22
1981,2.34,,2.22
1982,2.34,1.93,2.2
1983,2.31,1.93,2.2
1984,2.31,1.93,2.21
1985,2.33,1.95,2.2
1986,2.33,1.95,2.19
1987,2.37,2.02,2.19
1988,2.58,2.06,2.2
1989,2.75,2.07,2.26
1990,3.2,2.11,2.21
1991,3.34,2.28,2.19
1992,3.82,2.26,2.22
1993,3.59,2.66,2.23
1994,3.19,2.5,2.22
1995,2.95,2.69,2.2
1996,2.64,2.47,2.22
1997,2.77,2.24,2.2
1998,2.73,2.11,2.2
1999,2.92,2.12,2.21
2000,3.5,2.12,2.23
2001,4.1,2.29,2.24
2002,3.68,2.12,2.23
2003,2.73,2.01,2.28
2004,2.44,1.98,2.34
2005,2.53,1.98,2.36
2006,2.43,2.01,2.44
2007,2.47,2.06,2.45
2008,2.41,2.08,2.45
2009,2.38,2.14,2.42
2010,2.4,1.99,2.36
2011,2.39,1.98,2.36
2012,2.47,1.99,2.32
2013,2.65,2.02,2.49
2014,2.84,2.01,2.65
2015,,2.09,2.88
2016,2.73,2.08,3.06
2017,2.55,2.06,3.21
2018,2.73,2.05,3.03
2019,2.59,2.03,2.61
2020,2.81,2.1,2.44
2021,2.81,2.1,2.5
2022,2.94,2.1,2.5
2023,3.04,2.14,2.5
2024,3.42,2.13,2.6
2025,3.63,2.29,2.67
2026,3.59,2.2,2.29
2027,3.07,2.11,2.16
2028,2.89,2.12,2.15
2029,2.99,2.15,2.17
2030,2.72,2.23,2.16
2031,2.48,2.24,2.19
2032,2.46,2.25,2.13
2033,2.44,2.23,2.22
2034,2.41,2.19,2.23
2035,2.43,2.12,2.27
2036,,2.17,2.26
2037,2.65,2.14,2.24
2038,2.72,2.24,2.22
2039,2.56,2.18,2.22
2040,2.74,2.16,2.21
2041,2.69,2.14,2.23
2042,2.7,2.14,2.14
2043,2.8,2.07,2.12
2044,,2.06,2.17
2045,3.12,2.03,2.25
2046,3.18,2.06,2.28
2047,2.75,2.18,2.43
2048,2.93,2.36,2.63
2049,2.95,2.83,2.91
2050,3.0,2.6,2.48
2051,2.84,2.51,2.27
2052,2.86,2.52,2.23
2053,2.76,2.38,2.19
2054,2.73,2.41,2.18
2055,2.61,2.25,2.16
2056,2.62,2.25,2.14
2057,2.62,2.13,2.14
2058,,2.09,2.14
2059,2.55,2.13,2.17
2060,2.58,2.18,2.19
2061,2.66,2.15,2.23
2062,2.79,2.17,2.22
2063,2.84,2.11,2.18
2064,2.62,2.12,2.19
2065,2.53,2.12,2.17
2066,2.51,2.09,2.17
2067,2.52,2.04,2.15
2068,2.57,2.04,2.16
2069,2.56,2.04,2.17
2070,2.59,2.03,2.18
2071,2.69,2.04,2.23
2072,3.12,2.14,2.55
2073,4.09,2.35,2.53
2074,3.65,2.26,2.41
2075,3.0,2.21,2.35
2076,3.13,2.14,2.22
2077,3.08,2.12,2.33
2078,2.98,2.15,2.38
2079,2.87,2.09,2.29
2080,2.78,2.12,2.3
2081,2.7,2.12,2.29
2082,2.6,2.11,2.3
2083,2.64,2.12,2.31
2084,2.66,2.14,2.27
2085,2.65,2.14,2.26
2086,2.72,2.18,2.26
2087,2.67,2.21,2.26
2088,2.6,2.22,2.21
2089,2.54,2.2,2.24
2090,2.56,2.27,2.23
2091,2.58,2.27,2.2
2092,2.54,2.12,2.17
2093,,2.07,2.19
2094,2.69,2.09,2.19
2095,2.92,2.32,2.21
2096,3.04,2.26,2.27
2097,3.21,2.47,2.34
2098,3.25,2.25,2.24
2099,3.08,2.35,2.31
2100,3.13,2.58,2.4
2101,3.28,2.64,2.3
2102,3.45,2.64,2.17
2103,3.0,2.46,2.19
2104,,2.52,2.18
2105,2.74,2.45,2.21
2106,2.67,2.38,2.17
2107,2.65,2.31,2.18
2108,,2.42,2.19
2109,2.96,2.27,2.23
2110,2.96,2.26,2.24
2111,3.43,2.21,2.18
2112,3.85,2.22,2.2
2113,3.12,2.16,2.21
2114,2.94,2.15,2.19
2115,2.96,2.16,2.19
2116,2.9,2.15,2.19
2117,2.83,2.18,2.28
2118,2.92,2.39,2.31
2119,2.5,2.44,2.34
2120,2.42,2.63,2.54
2121,2.77,3.05,2.6
2122,2.64,2.71,2.43
2123,2.63,2.54,2.41
2124,2.51,2.56,2.48
2125,2.43,2.56,2.51
2126,2.47,2.7,2.65
2127,2.39,2.73,2.5
2128,2.4,2.59,2.47
2129,2.4,2.55,2.34
2130,2.44,2.55,2.24
2131,2.42,2.56,2.26
2132,2.5,2.71,2.26
2133,2.79,2.77,2.42
2134,3.81,2.88,2.46
2135,2.93,3.02,2.35
2136,,3.51,2.3
2137,2.37,3.66,2.31
2138,2.36,3.67,2.34
2139,2.43,3.39,2.26
2140,2.51,3.1,2.26
2141,2.49,2.97,2.32
2142,2.51,3.1,2.38
2143,2.71,3.22,2.41
2144,3.4,3.55,2.55
2145,3.69,4.26,2.75
2146,3.16,3.49,2.45
2147,2.61,2.83,2.41
2148,2.87,2.8,2.46
2149,2.79,2.82,2.61
2150,2.8,3.1,2.74
2151,2.6,2.93,2.53
2152,2.54,2.72,2.48
2153,2.52,2.56,2.45
2154,2.52,2.44,2.39
2155,2.57,2.41,2.36
2156,2.67,2.43,2.3
2157,2.6,2.72,2.32
2158,2.55,2.96,2.33
2159,2.51,2.74,2.34
2160,2.48,2.69,2.34
2161,,,2.33
2162,2.48,2.68,2.27
2163,2.48,2.59,2.29
2164,2.46,2.67,2.38
2165,2.47,2.48,2.41
2166,2.48,2.25,2.41
2167,2.5,2.46,2.42
2168,2.56,2.51,2.51
2169,2.84,2.97,2.65
2170,2.7,2.78,2.52
2171,2.65,2.52,2.39
2172,2.63,2.33,2.43
2173,2.63,2.21,2.53
2174,2.69,2.21,2.54
2175,2.54,,2.47
2176,,2.26,2.39
2177,2.57,2.19,2.3
2178,2.57,2.18,2.25
2179,2.58,2.15,2.23
2180,2.75,2.18,2.23
2181,2.7,2.19,2.48
2182,2.64,2.21,2.52
2183,2.64,2.21,2.5
2184,2.73,2.15,2.47
2185,2.65,2.14,
2186,2.6,2.16,2.57
2187,2.59,2.13,2.63
2188,2.61,2.14,2.49
2189,2.6,2.14,2.4
2190,2.56,2.19,2.39
2191,2.58,2.2,2.53
2192,2.66,2.22,2.88
2193,2.78,2.26,3.38
2194,2.67,2.24,3.23
2195,2.81,2.23,2.66
2196,2.89,2.26,2.39
2197,2.75,2.28,2.49
2198,2.66,2.35,2.94
2199,2.62,2.42,2.79
2200,2.62,2.37,2.66
2201,2.62,2.33,2.47
2202,2.64,2.29,2.57
2203,,2.19,2.59
2204,,2.21,2.75
2205,2.59,2.28,3.03
2206,2.58,2.42,3.18
2207,2.62,2.42,3.84
2208,,2.51,3.5
2209,2.59,2.72,2.75
2210,2.57,2.64,2.19
2211,2.53,2.58,2.13
2212,2.55,2.63,2.18
2213,2.53,2.46,2.18
2214,2.56,2.41,2.17
2215,,2.43,2.2
2216,2.67,2.92,2.2
2217,2.75,3.51,2.21
2218,2.8,2.91,2.24
2219,2.83,2.46,2.25
2220,2.76,2.38,2.21
2221,2.74,2.41,2.18
2222,2.63,2.72,2.19
2223,2.6,2.45,2.21
2224,2.54,2.29,2.24
2225,2.54,2.31,2.24
2226,2.54,2.3,2.24
2227,2.54,2.36,2.22
2228,2.57,2.35,2.21
2229,2.61,2.46,2.21
2230,2.66,2.43,2.21
2231,2.68,2.38,2.19
2232,2.61,2.27,2.23
2233,2.56,2.28,2.15
2234,2.52,2.31,2.12
2235,2.5,2.33,2.14
2236,2.51,2.31,2.15
2237,2.56,2.34,2.12
2238,2.59,2.51,2.12
2239,2.66,2.51,2.14
2240,3.43,2.92,2.31
2241,2.84,3.71,2.27
2242,2.8,4.25,2.2
2243,2.86,4.86,2.17
2244,3.0,4.26,2.19
2245,3.21,3.45,2.25
2246,3.04,3.21,2.33
2247,2.87,2.95,2.38
2248,2.78,2.76,2.37
2249,2.73,2.58,2.27
2250,2.75,2.56,2.25
2251,2.76,2.69,2.29
2252,2.69,2.8,2.35
2253,2.73,3.03,2.3
2254,2.79,2.92,2.23
2255,2.73,3.67,2.22
2256,2.79,3.27,2.23
2257,2.67,3.37,2.21
2258,2.62,3.1,2.22
2259,2.72,3.01,2.16
2260,2.75,2.74,2.12
2261,2.81,2.68,2.15
2262,2.88,2.77,2.23
2263,3.4,2.94,2.34
2264,4.68,2.89,2.66
2265,2.94,3.34,3.25
2266,3.15,3.3,2.5
2267,2.71,2.17,2.33
2268,2.52,2.41,2.58
2269,2.48,2.23,2.56
2270,2.47,2.15,2.34
2271,2.48,2.14,2.3
2272,2.47,2.12,2.24
2273,2.47,2.13,2.2
2274,2.5,2.12,2.21
2275,2.51,2.16,2.22
2276,2.58,2.2,2.25
2277,2.61,2.26,2.3
2278,3.01,2.22,2.27
2279,3.37,2.21,2.19
2280,3.46,2.2,2.21
2281,,2.15,2.3
2282,3.0,2.08,2.21
2283,2.8,2.12,2.25
2284,2.6,2.04,2.26
2285,2.6,2.09,2.29
2286,2.7,2.1,2.39
2287,3.11,2.11,2.54
2288,4.14,2.38,2.72
2289,3.83,2.4,2.85
2290,2.89,2.39,2.7
2291,,2.43,2.83
2292,2.52,2.36,2.68
2293,2.51,2.36,2.82
2294,2.49,2.47,2.62
2295,2.48,2.3,2.31
2296,2.49,2.34,2.24
2297,2.53,2.39,2.24
2298,2.54,2.44,2.29
2299,2.62,2.48,2.27
2300,2.67,2.44,2.3
2301,2.63,2.49,2.31
2302,2.6,2.4,2.37
2303,2.53,2.41,2.3
2304,2.52,2.39,2.3
2305,2.48,2.34,2.34
2306,2.47,2.38,2.33
2307,2.46,2.4,2.35
2308,2.46,2.38,2.41
2309,2.49,2.34,2.48
2310,2.48,2.27,2.44
2311,2.49,2.27,2.6
2312,2.64,2.31,2.72
2313,2.56,2.41,2.81
2314,2.53,2.38,2.75
2315,2.51,2.39,2.69
2316,2.52,2.37,2.66
2317,2.65,2.44,2.77
2318,2.58,2.5,2.93
2319,2.58,2.48,2.5
2320,2.6,2.39,2.53
2321,2.62,2.45,2.39
2322,2.58,2.43,2.34
2323,2.57,2.43,2.29
2324,2.55,2.37,2.4
2325,2.53,2.38,2.51
2326,2.55,2.43,2.57
2327,2.6,2.52,2.69
2328,2.54,2.62,2.64
2329,2.6,2.62,2.96
2330,2.56,2.45,2.75
2331,2.53,2.41,2.57
2332,2.51,2.34,2.76
2333,2.57,2.35,2.66
2334,2.67,2.24,2.59
2335,2.77,2.44,2.51
2336,3.05,2.32,2.5
2337,2.94,2.39,2.73
2338,2.9,2.35,2.5
2339,2.99,2.38,2.71
2340,2.96,2.44,2.53
2341,2.84,2.47,2.33
2342,2.59,2.61,2.28
2343,2.63,2.64,2.28
2344,2.6,2.54,2.26
2345,2.63,2.45,2.29
2346,2.65,2.52,2.26
2347,2.7,2.44,2.27
2348,2.69,2.4,2.27
2349,2.66,2.36,2.25
2350,2.63,2.31,2.25
2351,2.59,2.35,2.24
2352,2.56,2.37,2.28
2353,2.61,2.33,2.23
2354,2.59,2.26,2.22
2355,2.58,2.21,2.21
2356,2.59,2.21,2.23
2357,2.65,2.21,2.2
2358,2.89,2.21,2.26
2359,3.08,2.18,2.32
2360,3.46,2.23,2.63
2361,3.47,2.26,2.87
2362,3.17,2.18,2.32
2363,3.14,2.22,2.34
2364,3.09,2.2,2.88
2365,3.16,2.22,2.84
2366,3.18,2.21,2.85
2367,2.85,2.24,2.62
2368,2.73,2.3,2.6
2369,2.74,2.26,2.57
2370,2.73,2.19,2.52
2371,2.73,2.21,2.47
2372,2.78,2.23,2.51
2373,2.75,2.21,2.41
2374,2.85,2.21,2.36
2375,2.96,2.23,2.38
2376,2.99,2.22,2.42
2377,2.59,2.23,2.41
2378,2.7,2.22,2.39
2379,2.74,2.15,2.44
2380,3.05,2.13,2.47
2381,3.0,2.12,2.44
2382,3.04,2.12,2.47
2383,3.22,2.18,2.44
2384,3.47,2.23,2.64
2385,3.66,2.31,2.94
2386,3.05,2.37,2.91
2387,2.92,2.4,2.89
2388,2.88,2.27,2.87
2389,2.79,2.17,2.78
2390,2.56,2.23,2.7
2391,2.53,2.23,2.48
2392,2.67,2.26,2.36
2393,2.67,2.34,2.33
2394,2.68,2.33,2.33
2395,2.8,2.35,2.32
2396,2.72,2.38,2.39
2397,2.67,2.35,2.43
2398,2.71,2.22,2.46
2399,3.04,2.27,2.51
2400,2.92,2.15,2.64
2401,2.84,2.14,2.51
2402,2.84,2.16,2.45
2403,2.84,2.13,2.28
2404,2.88,2.1,2.29
2405,2.89,2.13,2.19
2406,3.09,2.2,2.19
2407,3.34,2.43,2.22
2408,3.29,2.41,2.25
2409,2.63,2.52,2.36
2410,2.58,2.49,2.23
2411,2.55,2.52,2.2
2412,2.53,2.59,2.2
2413,2.52,2.53,2.2
2414,2.53,2.41,2.2
2415,2.53,2.35,2.19
2416,2.57,2.25,2.19
2417,2.56,2.23,2.18
2418,2.58,2.19,2.2
2419,2.6,2.21,2.23
2420,2.67,2.23,2.3
2421,3.17,2.25,2.46
2422,3.26,2.2,2.53
2423,2.72,2.24,2.54
2424,,2.24,2.37
2425,2.72,2.17,2.31
2426,2.75,2.19,2.27
2427,2.65,2.17,2.27
2428,,2.14,2.23
2429,2.56,2.12,2.23
2430,2.59,2.21,2.19
2431,2.84,2.2,2.19
2432,3.25,2.28,2.31
2433,3.47,2.35,2.51
2434,3.37,2.31,2.25
2435,3.36,2.31,2.22
2436,2.95,2.41,2.26
2437,3.01,2.43,2.3
2438,2.92,2.33,2.32
2439,2.85,2.3,2.22
2440,2.73,2.24,2.2
2441,2.71,2.2,2.23
2442,2.73,2.19,2.21
2443,2.78,2.19,2.24
2444,2.92,2.23,2.3
2445,2.86,2.31,2.3
2446,2.85,2.22,2.26
2447,2.87,2.23,2.23
2448,3.05,2.24,2.21
2449,2.97,2.25,2.2
2450,3.09,2.17,2.19
2451,3.03,2.2,2.21
2452,3.04,2.21,2.19
2453,3.08,2.25,2.2
2454,3.05,2.24,2.31
2455,2.57,2.26,2.38
2456,2.66,2.32,2.42
2457,2.65,2.43,2.66
2458,2.61,2.43,2.68
2459,2.6,2.48,2.68
2460,2.56,2.69,2.62
2461,2.55,2.6,2.37
2462,2.55,2.42,2.28
2463,2.53,2.29,2.26
2464,2.54,2.25,2.28
2465,2.54,2.23,2.24
2466,2.58,2.25,2.27
2467,2.58,2.26,2.3
2468,2.67,2.3,2.3
2469,3.15,2.3,2.26
2470,2.83,2.33,2.28
2471,2.66,2.47,2.29
2472,2.65,2.42,2.29
2473,2.68,2.46,2.31
2474,2.63,2.44,2.3
2475,2.62,2.62,2.3
2476,2.68,2.57,2.28
2477,2.68,2.61,2.28
2478,2.68,2.55,2.3
2479,2.68,2.67,2.32
2480,2.7,2.8,2.47
2481,2.68,3.1,2.5
2482,2.67,3.48,2.51
2483,2.69,2.78,2.59
2484,2.66,2.58,2.7
2485,2.68,2.8,2.92
2486,2.68,2.88,2.89
2487,2.69,2.73,2.64
2488,2.69,2.56,2.53
2489,2.68,2.44,2.4
2490,2.69,2.53,2.35
2491,2.68,2.64,2.35
2492,2.67,2.7,2.35
2493,2.7,2.65,2.41
2494,2.69,2.37,2.43
2495,2.71,2.73,2.45
2496,2.67,2.76,2.48
2497,2.63,2.73,2.41
2498,2.62,2.59,2.41
2499,2.62,2.55,2.46
2500,2.62,2.43,2.5
2501,2.65,2.11,2.53
2502,2.63,2.06,2.52
2503,2.65,2.14,2.53
2504,2.73,2.18,2.59
2505,2.79,2.18,2.6
2506,2.79,2.13,2.61
2507,2.79,2.13,2.57
2508,2.79,2.12,2.61
2509,2.84,2.1,2.79
2510,2.83,2.12,2.74
2511,2.87,2.12,2.57
2512,2.86,2.11,2.6
2513,2.82,2.12,2.57
2514,2.75,2.11,2.52
2515,2.74,2.12,2.49
2516,2.74,2.16,2.43
2517,2.77,2.49,2.49
2518,2.9,2.35,2.57
2519,2.83,2.42,2.48
2520,2.84,2.44,2.49
2521,2.76,2.51,2.43
2522,2.75,2.55,2.37
2523,2.72,2.45,2.36
2524,2.75,2.44,2.36
2525,2.8,2.76,2.37
2526,2.87,2.43,2.4
2527,2.91,2.22,2.43
2528,3.07,2.18,2.46
2529,3.0,2.19,2.65
2530,2.9,2.17,2.74
2531,2.85,2.16,2.78
2532,3.0,2.15,2.87
2533,3.17,2.14,3.01
2534,3.05,2.15,3.09
2535,2.89,2.18,2.94
2536,2.84,2.18,2.82
2537,2.83,2.16,2.77
2538,2.81,2.15,2.67
2539,2.75,2.17,2.55
2540,2.74,2.18,2.56
2541,2.75,2.18,2.66
2542,2.79,2.21,2.67
2543,2.77,2.17,2.58
2544,2.79,2.15,2.55
2545,2.74,2.14,2.53
2546,2.7,2.13,2.47
2547,2.69,2.14,2.44
2548,2.7,2.14,2.45
2549,2.7,2.15,2.44
2550,2.71,2.14,2.53
2551,2.79,2.19,2.67
2552,2.9,2.37,2.92
2553,3.03,2.52,3.01
2554,2.89,2.43,2.97
2555,2.9,2.39,2.79
2556,2.96,2.45,2.77
2557,3.0,2.42,2.68
2558,2.96,2.52,2.68
2559,2.93,2.33,2.66
2560,2.83,2.35,2.58
2561,2.79,2.26,2.52
2562,2.78,2.27,2.51
2563,2.75,2.32,2.52
2564,2.77,2.39,2.54
2565,2.76,2.27,2.48
2566,2.81,2.23,2.45
2567,2.79,2.22,2.41
2568,2.79,2.24,2.38
2569,2.75,2.2,2.37
2570,2.79,2.2,2.37
2571,2.72,2.19,2.32
2572,2.71,2.19,2.31
2573,2.73,2.17,2.31
2574,2.74,2.23,2.33
2575,2.88,2.24,2.42
2576,2.94,2.4,2.58
2577,3.04,2.52,2.88
2578,3.19,2.42,2.63
2579,2.89,2.46,2.67
2580,2.7,2.51,2.65
2581,2.68,2.58,2.59
2582,2.67,2.63,2.68
2583,2.67,2.48,2.56
2584,2.65,2.43,2.59
2585,2.67,2.37,2.55
2586,2.66,2.33,2.54
2587,2.66,2.35,2.63
2588,2.66,2.35,2.61
2589,2.71,2.33,2.56
2590,2.68,2.42,2.57
2591,2.67,2.42,2.56
2592,2.66,2.33,2.5
2593,2.66,2.27,2.48
2594,2.65,2.26,2.55
2595,2.65,2.21,2.56
2596,2.64,2.21,2.48
2597,2.64,2.2,2.44
2598,2.63,2.22,2.46
2599,2.68,2.29,2.54
2600,2.76,2.54,2.78
2601,2.78,2.58,3.29
2602,2.75,2.42,2.85
2603,2.7,2.45,2.67
2604,2.7,2.49,2.71
2605,2.66,2.55,2.99
2606,2.68,2.63,3.05
2607,2.65,2.46,2.94
2608,2.66,2.41,2.92
2609,2.68,2.32,3.03
2610,2.69,2.29,2.59
2611,2.7,2.32,2.87
2612,2.67,2.39,3.03
2613,2.71,2.31,2.38
2614,2.69,2.32,2.32
2615,2.69,2.29,2.38
2616,2.64,2.29,2.7
2617,2.64,2.26,2.82
2618,2.63,2.24,2.47
2619,2.64,2.24,2.53
2620,2.69,2.24,2.44
2621,2.74,2.21,2.36
2622,2.83,2.23,2.47
2623,2.86,2.26,2.63
2624,2.95,2.47,2.88
2625,3.04,2.57,3.17
2626,2.96,2.54,2.9
2627,3.04,2.48,2.66
2628,3.06,2.54,2.83
2629,3.03,2.56,2.8
2630,2.99,2.57,2.9
2631,2.97,2.47,2.69
2632,2.94,2.44,2.6
2633,2.89,2.4,2.57
2634,2.86,2.36,2.48
2635,2.82,2.37,2.47
2636,2.85,0.65,2.55
2637,2.91,2.45,2.6
2638,2.9,2.52,2.43
2639,2.87,2.5,2.5
2640,2.88,2.5,2.44
2641,2.84,2.46,2.49
2642,2.8,2.41,2.45
2643,2.8,2.35,2.39
2644,2.79,2.34,2.4
2645,2.84,2.31,2.4
2646,2.78,2.31,2.38
2647,2.79,2.42,2.34
2648,2.84,2.77,2.39
2649,2.84,2.98,2.45
2650,2.84,2.45,2.52
2651,2.95,2.49,2.55
2652,3.0,2.23,2.64
2653,3.01,2.34,2.6
2654,2.91,2.31,2.59
2655,2.74,2.14,2.55
2656,2.73,2.13,2.52
2657,2.73,2.18,2.59
2658,2.74,2.15,2.6
2659,2.77,2.2,2.48
2660,2.81,2.29,2.48
2661,2.81,2.29,2.57
2662,2.74,2.29,2.7
2663,2.74,2.14,2.71
2664,2.74,2.15,2.51
2665,2.69,2.16,2.41
2666,2.67,2.16,2.45
2667,2.66,2.27,2.47
2668,2.66,2.45,2.39
2669,2.66,2.51,2.45
2670,2.66,2.47,2.44
2671,2.71,2.27,2.41
2672,2.84,2.23,2.39
2673,2.9,2.27,2.43
2674,2.98,2.24,2.44
2675,2.93,2.33,2.44
2676,2.9,2.36,2.44
2677,2.81,2.41,2.51
2678,2.79,2.36,2.52
2679,2.72,2.35,2.47
2680,2.71,2.24,2.47
2681,2.73,2.24,2.43
2682,2.73,2.22,2.41
2683,2.72,2.29,2.43
2684,2.72,2.27,2.47
2685,2.7,2.26,2.48
2686,2.72,2.26,2.49
2687,2.71,2.24,2.43
2688,2.69,2.27,2.5
2689,2.68,2.31,2.4
2690,2.69,2.35,2.3
2691,2.66,2.55,2.29
2692,2.65,2.43,2.27
2693,2.64,2.41,2.29
2694,2.66,2.37,2.28
2695,2.74,2.35,2.32
2696,2.8,2.33,2.38
2697,2.88,2.22,2.58
2698,2.89,2.19,2.54
2699,2.93,2.24,2.42
2700,2.96,2.25,2.41
2701,2.98,2.24,2.42
2702,2.99,2.28,2.5
2703,2.92,2.23,2.47
2704,2.78,2.26,2.53
2705,2.74,2.22,2.58
2706,2.71,2.19,2.62
2707,2.75,2.24,2.64
2708,2.78,2.28,2.7
2709,2.79,2.22,2.6
2710,2.89,2.17,2.51
2711,2.93,2.22,2.45
2712,2.8,2.31,2.42
2713,,2.34,2.43
2714,2.77,2.31,2.39
2715,2.71,2.25,2.36
2716,2.75,2.18,2.36
2717,2.73,2.27,2.41
2718,2.71,2.32,2.41
2719,2.75,2.38,2.47
2720,2.8,2.45,2.63
2721,2.81,2.62,2.9
2722,2.87,2.58,2.71
2723,2.97,2.56,2.62
2724,2.94,2.55,2.57
2725,2.96,2.48,2.63
2726,2.98,2.57,2.64
2727,2.86,2.44,2.73
2728,2.78,2.49,2.74
2729,2.75,2.23,2.63
2730,2.8,2.22,2.59
2731,2.86,2.24,2.62
2732,2.9,,2.75
2733,2.93,2.26,2.67
2734,2.89,2.25,2.62
2735,2.9,2.19,2.59
2736,2.78,2.17,2.53
2737,2.79,2.19,2.6
2738,2.74,2.19,2.46
2739,2.75,2.16,2.44
2740,2.75,2.13,2.4
2741,2.76,2.12,2.44
2742,2.72,2.21,2.48
2743,2.77,2.2,2.47
2744,3.07,2.26,2.66
2745,2.93,2.26,2.84
2746,2.97,2.26,2.64
2747,2.87,2.36,2.62
2748,2.85,2.33,2.63
2749,3.03,1.24,2.53
2750,2.89,0.62,2.56
2751,2.89,0.66,2.45
2752,2.87,0.62,2.41
2753,2.88,0.54,2.39
2754,2.85,0.49,2.39
2755,2.99,,2.41
2756,2.88,0.53,2.48
2757,2.95,0.54,2.48
2758,2.81,0.5,2.43
2759,2.81,0.55,2.42
2760,2.63,0.55,2.41
2761,,0.6,2.41
2762,2.74,0.66,2.4
2763,2.39,0.61,2.39
2764,2.35,0.6,2.37
2765,2.35,0.65,2.36
2766,2.4,0.63,2.39
2767,2.59,0.64,2.41
2768,2.89,0.96,2.52
2769,2.64,1.19,2.86
2770,2.57,0.86,2.64
2771,2.47,0.83,2.64
2772,2.46,0.82,2.72
2773,2.68,0.76,2.7
2774,2.52,0.77,2.75
2775,2.54,0.61,2.58
2776,2.47,0.63,2.54
2777,2.44,0.6,2.48
2778,2.48,0.67,2.46
2779,2.56,0.78,2.47
2780,2.56,0.85,2.65
2781,2.61,0.78,2.64
2782,2.7,0.85,2.64
2783,2.61,0.8,2.62
2784,2.46,0.67,2.68
2785,2.37,0.71,2.57
2786,2.37,0.76,2.47
2787,2.36,0.84,2.45
2788,2.38,0.72,2.45
2789,2.42,0.69,2.5
2790,2.4,0.74,2.52
2791,2.49,0.8,2.53
2792,2.8,0.97,2.7
2793,2.59,1.14,2.97
2794,2.53,1.17,2.97
2795,2.51,1.03,2.84
2796,2.5,0.56,2.94
2797,2.57,0.38,2.95
2798,2.48,0.46,2.82
2799,2.43,0.38,2.78
2800,2.47,0.42,2.66
2801,2.43,0.39,2.56
2802,2.48,0.42,2.53
2803,2.59,0.41,2.55
2804,2.53,0.43,2.53
2805,2.51,0.49,2.53
2806,2.48,0.54,2.63
2807,2.43,0.48,2.65
2808,2.41,0.41,2.69
2809,2.45,0.38,2.65
2810,2.43,0.36,2.53
2811,2.41,0.34,2.52
2812,2.46,0.36,2.51
2813,2.5,0.41,2.56
2814,2.49,0.41,2.59
2815,2.58,0.65,2.56
2816,2.87,1.16,2.55
2817,2.61,0.97,2.59
2818,2.65,0.6,2.57
2819,2.67,0.54,2.71
2820,2.67,0.72,2.82
2821,2.95,0.82,2.9
2822,2.72,0.84,2.82
2823,2.61,0.75,2.74
2824,2.55,0.8,2.59
2825,2.51,0.56,2.42
2826,2.5,0.39,2.41
2827,2.53,0.56,2.41
2828,2.51,0.54,2.46
2829,2.54,0.58,2.54
2830,2.56,0.72,2.64
2831,2.58,0.7,2.57
2832,2.55,0.89,2.59
2833,2.52,0.33,2.66
2834,2.51,0.31,2.66
2835,2.51,0.31,2.65
2836,2.49,0.28,2.62
2837,2.51,0.37,2.62
2838,2.57,0.37,2.63
2839,2.62,0.29,2.66
2840,2.68,0.33,2.71
2841,2.76,0.3,2.74
2842,2.78,0.38,2.71
2843,2.83,0.39,2.41
2844,2.94,0.32,2.39
2845,3.09,0.3,2.34
2846,3.1,0.31,2.33
2847,2.99,0.29,2.44
2848,2.8,0.29,2.38
2849,2.57,0.29,2.35
2850,2.46,0.29,2.34
2851,2.74,0.3,2.35
2852,2.79,0.36,2.38
2853,3.09,0.44,2.39
2854,2.94,0.5,2.36
2855,2.73,0.66,2.37
2856,2.69,0.7,2.38
2857,2.67,0.84,2.38
2858,2.74,0.8,2.36
2859,2.71,0.9,2.33
2860,2.72,0.7,2.32
2861,2.7,0.78,2.4
2862,2.78,0.75,2.44
2863,2.75,0.72,2.56
2864,2.86,0.82,2.62
2865,2.88,0.71,2.85
2866,2.96,0.48,2.72
2867,3.04,0.35,2.73
2868,2.91,0.37,2.68
2869,2.84,0.36,2.69
2870,2.78,0.37,2.62
2871,2.75,0.37,2.54
2872,2.62,0.34,2.53
2873,2.59,0.34,2.51
2874,2.56,0.34,2.47
2875,2.57,0.33,2.49
2876,2.58,0.38,2.51
2877,2.56,0.48,2.48
2878,2.55,0.61,2.49
2879,2.52,0.63,2.44
2880,2.48,0.88,2.42
2881,,,2.41
2882,2.5,0.83,2.4
2883,2.5,0.61,2.38
2884,2.49,0.66,2.36
2885,2.48,0.74,2.37
2886,2.51,0.55,2.37
2887,2.49,0.6,2.39
2888,2.51,0.72,2.45
2889,2.52,0.8,2.68
2890,2.56,0.48,2.56
2891,2.62,0.35,2.6
2892,2.63,0.42,2.55
2893,2.61,0.49,2.48
2894,2.59,0.58,2.54
2895,2.54,0.46,2.45
2896,2.52,0.4,2.43
2897,2.52,0.36,2.45
2898,2.53,0.34,2.45
2899,2.54,0.41,2.47
2900,2.56,0.4,2.52
2901,2.53,0.42,2.53
2902,2.55,0.44,2.53
2903,2.52,0.51,2.49
2904,2.52,0.42,2.46
2905,2.51,0.4,
2906,2.49,0.41,2.41
2907,2.5,0.39,2.39
2908,2.5,0.38,2.37
2909,2.53,0.42,2.38
2910,2.54,0.41,2.38
2911,2.61,0.53,2.39
2912,2.98,0.7,2.43
2913,2.81,0.82,2.44
2914,2.83,0.73,2.47
2915,2.87,0.79,2.49
2916,2.87,0.77,2.5
2917,3.02,0.73,2.56
2918,2.9,0.7,2.54
2919,2.86,0.59,2.54
2920,2.78,0.57,2.54
2921,2.73,0.54,2.48
2922,2.63,0.54,2.44
2923,2.64,0.53,2.45
2924,2.6,0.48,2.46
2925,2.72,0.49,2.49
2926,2.79,0.49,2.53
2927,2.63,0.51,2.52
2928,2.6,0.55,2.53
2929,2.58,0.44,2.5
2930,2.56,0.39,2.48
2931,2.58,0.39,2.46
2932,2.58,0.37,2.49
2933,2.57,0.37,2.48
2934,2.66,0.36,2.51
2935,2.81,0.39,2.63
2936,3.37,0.48,2.92
2937,3.13,0.67,3.06
2938,2.77,0.56,3.1
2939,3.02,0.58,3.02
2940,3.2,0.49,2.52
2941,3.06,0.53,2.34
2942,2.79,0.51,2.37
2943,2.8,0.45,2.32
2944,2.72,0.44,2.33
2945,2.63,0.45,2.36
2946,2.58,0.44,2.35
2947,2.68,0.49,2.41
2948,2.59,0.54,2.55
2949,2.64,0.49,2.54
2950,2.57,0.48,2.53
2951,2.55,0.45,2.58
2952,2.53,0.44,2.54
2953,2.52,0.43,2.5
2954,2.5,0.43,2.43
2955,2.5,0.42,2.43
2956,2.51,0.43,2.45
2957,2.51,0.43,2.4
2958,2.53,0.42,2.41
2959,2.62,0.48,2.45
2960,2.99,0.57,2.53
2961,2.93,0.71,2.7
2962,2.99,0.68,2.65
2963,2.99,0.59,2.6
2964,2.93,0.68,2.72
2965,2.99,0.93,2.61
2966,2.8,0.96,2.65
2967,2.72,0.8,2.57
2968,,0.78,2.58
2969,2.6,0.72,2.52
2970,2.62,0.66,2.48
2971,2.68,0.61,2.5
2972,2.64,0.69,2.59
2973,2.68,0.59,2.49
2974,2.72,0.71,2.55
2975,2.71,0.63,2.46
2976,2.66,0.68,2.43
2977,2.63,0.73,2.49
2978,2.72,0.78,2.41
2979,2.82,0.55,2.37
2980,2.78,0.56,2.36
2981,2.63,0.5,2.36
2982,2.64,0.59,2.35
2983,2.8,0.65,2.36
2984,3.08,0.77,2.38
2985,2.98,0.79,2.46
2986,3.02,0.71,2.49
2987,3.06,0.66,2.51
2988,2.97,0.56,2.67
2989,2.96,0.7,2.65
2990,2.88,0.73,2.61
2991,2.81,0.71,2.54
2992,2.72,0.67,2.52
2993,2.67,0.51,2.47
2994,2.64,0.49,2.47
2995,2.65,0.6,2.47
2996,2.63,0.51,2.47
2997,2.65,0.68,2.52
2998,2.72,0.71,2.52
2999,2.72,0.72,2.51
3000,2.79,0.58,2.49
3001,2.73,0.8,2.44
3002,,0.48,2.43
3003,2.61,0.63,2.44
3004,2.68,0.93,2.44
3005,2.71,0.87,2.44
3006,2.7,0.85,2.42
3007,2.82,0.99,2.44
3008,3.31,1.14,2.52
3009,3.09,1.13,2.56
3010,2.83,1.41,2.54
3011,2.95,1.01,2.54
3012,2.83,1.07,2.54
3013,2.82,1.0,2.53
3014,2.69,0.94,2.52
3015,2.66,1.41,2.5
3016,2.61,0.89,2.52
3017,2.6,0.81,2.48
3018,2.64,0.63,2.48
3019,2.7,0.61,2.46
3020,2.6,0.6,2.46
3021,2.66,0.82,2.46
3022,2.69,0.87,2.48
3023,2.71,0.99,2.44
3024,2.67,0.87,2.42
3025,2.54,0.95,2.38
3026,2.65,0.94,2.37
3027,2.74,1.08,2.36
3028,,1.03,2.38
3029,2.69,0.85,2.38
3030,,0.82,2.37
3031,3.09,0.89,2.41
3032,3.27,0.87,2.54
3033,3.36,0.82,2.76
3034,2.95,0.81,2.64
3035,2.73,0.82,2.76
3036,2.85,0.69,2.81
3037,2.73,0.71,2.8
3038,2.87,0.67,2.78
3039,2.83,0.62,2.72
3040,,0.62,2.68
3041,,0.59,2.56
3042,2.53,0.62,2.5
3043,2.55,0.52,2.46
3044,2.55,0.53,2.53
3045,2.7,0.55,2.55
3046,2.72,0.57,2.66
3047,2.72,0.6,2.6
3048,2.74,0.47,2.56
3049,2.78,0.5,2.49
3050,2.69,0.49,2.52
3051,2.66,0.46,2.49
3052,2.64,0.52,2.46
3053,2.66,0.48,2.49
3054,2.69,0.47,2.52
3055,2.79,0.51,2.72
3056,2.78,0.55,3.05
3057,2.8,0.72,3.12
3058,2.82,0.59,2.97
3059,2.92,0.68,2.65
3060,3.0,0.64,3.05
3061,3.1,0.69,2.89
3062,2.98,0.97,2.85
3063,2.87,0.8,2.58
3064,2.76,0.7,2.56
3065,2.66,0.67,2.52
3066,2.62,0.65,2.54
3067,2.61,0.62,2.54
3068,2.61,0.61,2.57
3069,2.69,0.61,2.55
3070,2.83,0.61,2.54
3071,2.76,0.51,2.6
3072,2.74,0.45,2.59
3073,2.69,0.42,2.57
3074,2.67,0.46,2.57
3075,2.65,0.5,2.54
3076,2.64,0.55,2.53
3077,2.63,0.54,2.53
3078,2.68,0.62,2.57
3079,2.75,0.68,2.7
3080,3.02,0.68,3.04
3081,2.96,0.78,3.69
3082,3.02,0.74,3.0
3083,3.06,0.66,2.96
3084,3.12,0.63,2.84
3085,3.3,0.76,2.83
3086,3.14,0.79,2.73
3087,3.06,0.73,2.43
3088,2.88,0.68,2.31
3089,2.78,0.6,2.61
3090,2.74,0.62,2.54
3091,2.77,0.67,2.53
3092,2.7,0.77,2.54
3093,2.71,0.72,2.59
3094,2.74,0.71,2.75
3095,2.66,0.66,2.67
3096,2.64,0.62,2.84
3097,2.62,0.52,3.04
3098,2.57,0.44,2.83
3099,2.58,0.45,2.83
3100,2.59,0.43,2.64
3101,2.59,0.44,2.66
3102,2.6,0.46,2.58
3103,2.63,0.56,2.6
3104,2.81,0.71,2.94
3105,2.99,0.87,3.32
3106,2.97,0.77,2.62
3107,2.87,0.71,2.33
3108,2.93,0.66,2.3
3109,2.85,0.78,2.28
3110,2.68,0.78,2.29
3111,2.67,0.65,2.27
3112,2.77,0.61,2.37
3113,2.77,0.45,2.47
3114,2.89,0.43,2.45
3115,3.18,0.68,2.46
3116,3.02,0.75,2.51
3117,2.93,0.75,2.49
3118,3.07,0.85,2.56
3119,2.63,0.69,2.47
3120,2.57,0.53,2.41
3121,2.54,0.64,2.48
3122,2.51,0.56,2.6
3123,2.52,0.52,2.61
3124,2.49,0.51,2.59
3125,2.49,0.51,2.73
3126,2.51,0.52,2.77
3127,2.58,0.62,2.56
3128,2.77,0.69,2.64
3129,2.81,1.07,2.82
3130,2.77,0.85,2.91
3131,2.59,0.92,2.75
3132,2.56,0.86,2.75
3133,2.68,0.9,2.72
3134,2.56,0.94,2.68
3135,2.55,0.81,2.67
3136,2.54,0.79,2.65
3137,2.52,0.79,2.63
3138,2.56,0.73,2.56
3139,2.59,0.66,2.58
3140,2.54,0.65,2.6
3141,2.54,0.56,2.54
3142,2.54,0.58,2.56
3143,2.5,0.66,2.57
3144,2.48,0.59,2.63
3145,2.46,0.54,2.62
3146,2.51,0.52,2.58
3147,2.56,0.51,2.57
3148,2.52,0.52,2.55
3149,2.53,0.52,2.55
3150,2.57,0.51,2.55
3151,2.67,0.53,2.56
3152,3.02,0.57,2.59
3153,2.85,0.86,2.61
3154,2.86,0.65,2.67
3155,3.06,0.72,2.72
3156,2.96,0.68,2.76
3157,3.04,0.6,2.77
3158,2.67,0.74,2.71
3159,,0.68,2.62
3160,2.52,0.69,2.6
3161,2.51,0.73,2.56
3162,2.55,0.68,2.57
3163,2.61,0.75,2.56
3164,2.51,1.12,2.56
3165,2.55,0.82,2.62
3166,2.59,0.61,2.67
3167,2.56,0.56,2.65
3168,,0.6,2.63
3169,,0.6,2.56
3170,2.54,0.57,2.53
3171,2.54,0.61,2.51
3172,2.55,0.6,2.5
3173,2.54,0.63,2.55
3174,2.53,0.59,2.5
3175,2.61,0.63,2.46
3176,2.8,0.65,2.47
3177,2.67,0.71,2.52
3178,2.76,0.72,2.54
3179,2.83,0.68,2.6
3180,2.92,0.58,2.69
3181,3.14,0.56,2.73
3182,2.95,0.61,2.69
3183,2.8,0.55,2.67
3184,2.68,0.6,2.62
3185,2.59,0.65,2.58
3186,2.6,0.69,2.57
3187,2.7,0.64,2.66
3188,2.64,0.74,2.75
3189,2.59,0.7,2.79
3190,2.59,0.64,2.82
3191,2.56,0.76,2.83
3192,2.6,0.83,2.7
3193,2.6,0.8,2.85
3194,2.65,0.67,2.83
3195,2.64,0.52,2.84
3196,2.59,0.43,2.84
3197,2.56,0.41,2.63
3198,2.62,0.4,2.66
3199,2.59,0.4,2.87
3200,2.62,0.42,3.26
3201,2.71,0.45,3.53
3202,2.77,0.47,2.73
3203,2.86,0.49,2.25
3204,2.94,0.47,2.24
3205,2.94,0.54,2.24
3206,2.95,0.52,2.25
3207,2.88,0.68,2.23
3208,2.72,0.88,2.25
3209,2.6,0.64,2.25
3210,2.57,0.6,2.25
3211,2.55,0.74,2.26
3212,2.55,0.86,2.31
3213,2.63,0.94,2.48
3214,2.64,0.66,2.52
3215,2.58,0.91,2.48
3216,2.56,0.84,2.39
3217,2.55,0.51,2.37
3218,2.56,0.43,2.51
3219,2.55,0.42,2.5
3220,2.56,0.49,2.51
3221,2.56,0.45,2.55
3222,2.62,0.56,2.51
3223,2.71,0.64,2.66
3224,2.8,1.05,2.64
3225,2.8,1.3,2.71
3226,2.65,0.57,2.76
3227,2.68,0.66,2.72
3228,2.75,0.74,2.6
3229,2.76,0.68,2.51
3230,2.79,0.64,2.43
3231,2.64,0.61,2.38
3232,2.58,0.54,2.37
3233,2.53,0.5,2.39
3234,2.53,0.47,2.41
3235,2.5,0.49,2.44
3236,2.53,0.53,2.47
3237,2.59,0.53,2.4
3238,2.58,0.5,2.39
3239,2.57,0.5,2.42
3240,2.59,0.51,2.37
3241,2.59,0.49,2.34
3242,2.61,0.47,2.34
3243,2.62,0.46,2.31
3244,2.62,0.53,2.31
3245,2.66,0.48,2.33
3246,2.73,0.43,2.37
3247,3.1,0.5,2.45
3248,3.73,0.78,2.54
3249,3.54,0.96,2.64
3250,2.91,0.63,2.67
3251,2.94,0.56,2.66
3252,3.11,0.75,2.63
3253,3.07,0.68,2.6
3254,2.67,0.74,2.61
3255,2.57,0.64,2.57
3256,2.56,0.57,2.51
3257,2.57,0.54,2.48
3258,2.59,0.53,2.52
3259,2.64,0.51,2.54
3260,2.59,0.59,2.56
3261,2.61,0.55,2.56
3262,2.63,0.63,2.56
3263,2.57,0.7,2.56
3264,2.57,0.91,2.58
3265,2.57,0.78,2.55
3266,2.57,0.54,2.55
3267,2.6,0.52,2.53
3268,2.63,0.76,2.54
3269,2.61,0.65,2.55
3270,2.64,0.53,2.55
3271,2.81,0.71,2.6
3272,3.3,0.96,2.68
3273,3.36,0.82,2.9
3274,3.01,0.65,2.91
3275,3.32,0.72,2.9
3276,3.27,0.75,2.68
3277,3.16,0.74,2.32
3278,2.83,0.81,2.33
3279,2.63,0.7,2.27
3280,2.61,0.64,2.28
3281,2.62,0.6,2.28
3282,2.68,0.6,2.3
3283,2.76,0.6,2.31
3284,2.6,0.64,2.7
3285,2.64,0.56,2.71
3286,2.71,0.55,2.83
3287,2.69,0.52,2.74
3288,2.65,0.56,2.58
3289,2.64,0.59,2.51
3290,2.66,0.56,2.57
3291,2.75,0.59,2.56
3292,2.72,0.59,2.6
3293,2.65,0.63,2.55
3294,2.65,0.72,2.53
3295,2.77,0.71,2.51
3296,3.15,0.75,2.49
3297,3.03,1.03,2.61
3298,3.14,0.91,2.52
3299,3.1,0.92,2.61
3300,3.19,0.75,2.68
3301,3.34,0.68,2.61
3302,3.2,0.69,2.73
3303,3.03,0.62,2.65
3304,2.88,0.59,2.54
3305,2.77,0.61,2.56
3306,2.75,0.65,2.56
3307,2.88,0.69,2.58
3308,2.76,0.67,2.61
3309,2.62,0.59,2.58
3310,2.57,0.7,2.6
3311,2.52,0.84,2.48
3312,2.68,0.84,2.52
3313,2.66,0.75,2.53
3314,2.71,0.73,2.49
3315,2.72,0.56,2.46
3316,2.67,0.52,2.42
3317,2.71,0.54,2.42
3318,2.8,0.58,2.42
3319,3.02,0.59,2.46
3320,3.77,1.1,2.6
3321,3.42,0.85,2.55
3322,3.16,0.72,2.54
3323,3.21,0.72,2.63
3324,3.24,0.87,2.67
3325,3.55,0.89,2.63
3326,3.08,0.87,2.65
3327,2.88,0.74,2.44
3328,2.75,0.68,2.42
3329,2.69,0.68,2.39
3330,2.77,0.67,2.35
3331,2.77,0.71,2.34
3332,2.7,0.75,2.38
3333,2.71,0.68,2.46
3334,2.72,0.78,2.45
3335,2.8,0.65,2.41
3336,2.74,0.59,2.44
3337,2.72,0.61,2.43
3338,2.76,0.62,2.44
3339,2.79,0.63,2.43
3340,2.8,0.61,2.45
3341,2.85,0.66,2.44
3342,2.98,0.74,2.45
3343,3.24,0.74,2.48
3344,3.28,0.78,2.52
3345,2.78,0.87,2.51
3346,2.64,0.92,2.5
3347,2.59,0.78,2.52
3348,2.57,0.79,2.62
3349,2.58,0.68,2.5
3350,2.57,0.55,2.4
3351,2.57,0.64,2.34
3352,2.57,0.72,2.34
3353,2.59,0.58,2.33
3354,2.69,0.69,2.33
3355,2.77,0.52,2.32
3356,2.76,0.7,2.34
3357,,0.91,2.37
3358,3.79,1.07,2.43
3359,2.76,0.89,2.37
3360,2.76,0.67,2.4
3361,2.78,0.69,2.44
3362,2.75,0.81,2.48
3363,2.71,0.73,2.48
3364,2.71,0.67,2.49
3365,2.78,0.8,2.5
3366,2.79,0.92,2.51
3367,2.81,0.93,2.55
3368,2.92,1.01,2.6
3369,3.01,0.88,2.67
3370,3.2,0.66,2.72
3371,3.26,0.54,2.73
3372,3.29,0.43,2.81
3373,3.2,0.46,2.92
3374,3.07,0.55,2.95
3375,2.95,0.59,2.73
3376,2.86,0.67,2.61
3377,2.77,0.61,2.52
3378,2.69,0.61,2.49
3379,2.64,0.56,2.51
3380,2.69,0.58,2.52
3381,2.73,0.58,2.51
3382,2.78,0.67,2.51
3383,,0.69,2.53
3384,,0.69,2.55
3385,2.78,0.58,2.57
3386,2.76,0.53,2.58
3387,2.68,0.52,2.59
3388,2.65,0.51,2.57
3389,2.63,0.56,2.56
3390,2.64,0.58,2.57
3391,2.63,0.67,2.62
3392,2.64,0.89,2.62
3393,2.66,1.19,2.76
3394,2.71,0.79,2.79
3395,2.68,0.7,2.82
3396,2.67,0.71,2.91
3397,2.67,0.73,3.12
3398,2.66,0.74,3.07
3399,2.66,0.62,2.85
3400,2.62,0.53,2.68
3401,2.63,0.5,2.59
3402,2.64,0.5,2.56
3403,2.61,0.51,2.56
3404,,0.55,2.58
3405,2.62,0.52,2.53
3406,2.61,0.53,2.59
3407,2.6,0.5,2.64
3408,2.57,0.56,2.64
3409,2.54,0.49,2.55
3410,2.52,0.47,2.54
3411,2.5,0.59,2.57
3412,2.5,0.58,2.76
3413,2.51,0.42,2.66
3414,2.54,0.5,2.61
3415,2.64,0.64,2.69
3416,2.88,0.63,2.84
3417,2.97,0.89,2.86
3418,2.76,0.89,2.83
3419,2.67,0.75,2.84
3420,2.66,0.85,2.81
3421,2.75,0.7,2.79
3422,2.62,0.67,2.9
3423,2.63,0.53,2.69
3424,2.63,0.52,2.6
3425,2.71,0.5,2.54
3426,2.82,0.5,2.47
3427,2.95,0.51,2.45
3428,2.79,0.55,2.45
3429,2.77,0.57,2.4
3430,2.85,0.54,2.27
3431,2.82,0.52,2.26
3432,2.74,0.48,2.26
3433,2.75,0.5,2.27
3434,2.61,0.48,2.25
3435,2.57,0.46,2.34
3436,2.64,0.53,2.41
3437,2.68,0.56,2.68
3438,2.6,0.51,2.74
3439,2.66,0.6,2.72
3440,2.96,0.64,2.94
3441,2.9,0.75,2.99
3442,2.69,0.7,2.98
3443,2.73,0.82,2.92
3444,2.82,0.77,2.86
3445,3.03,0.62,2.78
3446,2.85,0.57,2.8
3447,2.82,0.49,2.68
3448,2.84,0.5,2.64
3449,2.91,0.48,2.57
3450,2.99,0.49,2.52
3451,3.07,0.51,2.54
3452,3.11,0.54,2.74
3453,3.44,0.56,2.64
3454,3.44,0.52,2.68
3455,4.02,0.5,2.68
3456,3.29,0.48,2.7
3457,3.33,0.47,2.57
3458,3.05,0.44,2.56
3459,2.88,0.45,2.53
3460,3.03,0.44,2.6
3461,3.1,0.43,2.59
3462,2.97,0.49,2.6
3463,2.99,0.5,2.7
3464,3.06,0.57,2.96
3465,3.01,0.82,3.2
3466,2.92,0.66,2.89
3467,2.77,0.58,2.57
3468,2.66,0.62,2.36
3469,2.81,0.56,2.36
3470,2.73,0.54,2.33
3471,2.64,0.49,2.3
3472,2.61,0.48,2.3
3473,2.66,0.48,2.43
3474,2.67,0.47,2.42
3475,2.79,0.51,2.48
3476,2.72,0.51,2.55
3477,2.63,0.49,2.54
3478,2.65,0.45,2.6
3479,2.66,0.46,2.61
3480,2.65,0.46,2.57
3481,2.57,0.42,2.56
3482,2.55,0.46,2.56
3483,2.52,0.44,2.54
3484,2.51,0.43,2.54
3485,2.5,0.45,2.51
3486,2.53,0.46,2.52
3487,2.67,0.53,2.54
3488,3.05,0.7,2.67
3489,2.69,0.69,2.66
3490,2.68,0.68,2.79
3491,2.66,0.66,2.75
3492,2.61,0.69,2.88
3493,2.73,0.5,3.02
3494,2.63,0.47,2.81
3495,2.65,0.45,2.8
3496,2.64,0.44,2.68
3497,2.6,0.46,2.6
3498,2.6,0.46,2.51
3499,2.67,0.49,2.53
3500,2.61,0.49,2.56
3501,2.64,0.48,2.59
3502,2.67,0.51,2.71
3503,2.73,0.5,2.72
3504,2.67,0.5,2.68
3505,2.59,0.48,2.65
3506,2.54,0.48,2.64
3507,2.53,0.5,2.61
3508,2.54,0.5,2.59
3509,2.56,0.48,2.61
3510,2.58,0.48,2.63
3511,2.6,0.5,2.64
3512,2.81,0.54,2.7
3513,2.83,0.59,2.67
3514,2.82,0.75,2.71
3515,,0.73,2.64
3516,,0.66,2.41
3517,,0.58,2.35
3518,,0.53,2.66
3519,,0.54,2.58
3520,,0.52,2.53
3521,,0.52,2.49
3522,,0.54,2.49
3523,,0.53,2.49
3524,,0.53,2.52
3525,,0.54,2.53
3526,,0.54,2.5
3527,,0.52,2.52
3528,,0.56,2.54
3529,,0.55,2.57
3530,,0.51,2.65
3531,,0.5,2.73
3532,,0.5,2.7
3533,,0.46,2.62
3534,,0.47,2.62
3535,,0.46,2.63
3536,,0.43,2.81
3537,,0.47,2.91
3538,,0.46,2.99
3539,,0.46,2.9
3540,,0.48,2.88
3541,,0.49,2.81
3542,,0.42,2.74
3543,,0.45,2.72
3544,,0.53,2.7
3545,,0.47,2.66
3546,,0.46,2.62
3547,,0.47,2.64
3548,,0.5,2.59
3549,,0.5,2.77
3550,,0.55,2.6
3551,,0.52,2.57
3552,,0.52,2.62
3553,,0.46,2.57
3554,,0.47,2.43
3555,,0.44,2.41
3556,,0.44,2.41
3557,,0.46,2.42
3558,,0.51,2.45
3559,,0.7,2.53
3560,,0.56,2.66
3561,,0.91,2.62
3562,,0.63,2.56
3563,,0.53,2.64
3564,3.45,0.61,2.9
3565,2.98,0.71,2.81
3566,2.77,0.66,2.82
3567,2.66,0.6,2.69
3568,2.51,0.58,2.62
3569,2.38,0.59,2.53
3570,2.37,0.57,2.49
3571,2.35,0.61,2.51
3572,2.36,0.63,2.61
3573,2.36,0.62,2.63
3574,2.4,0.67,2.78
3575,2.42,0.65,2.72
3576,2.42,0.75,2.66
3577,2.38,0.81,2.59
3578,2.34,0.86,2.49
3579,2.32,1.0,2.46
3580,2.29,0.66,2.43
3581,2.27,0.64,2.42
3582,2.31,0.69,2.41
3583,2.44,0.97,2.42
3584,2.71,1.12,2.48
3585,2.54,1.26,2.61
3586,2.57,0.71,2.68
3587,2.64,0.59,2.67
3588,2.71,0.59,2.67
3589,2.79,0.9,2.67
3590,2.63,0.73,2.68
3591,2.56,0.58,2.68
3592,2.45,0.56,2.69
3593,,0.54,2.66
3594,2.37,0.55,2.62
3595,2.38,0.55,2.6
3596,2.35,0.56,2.61
3597,2.35,0.53,2.56
3598,2.3,0.51,2.54
3599,2.28,0.53,2.51
3600,2.28,0.52,2.51
3601,2.25,0.49,2.52
3602,2.24,0.46,2.52
3603,2.24,0.47,2.51
3604,2.24,0.47,2.5
3605,2.23,0.53,2.51
3606,2.24,0.46,2.5
3607,2.3,0.58,2.5
3608,2.55,0.59,2.52
3609,2.47,0.81,2.61
3610,2.48,0.84,2.65
3611,2.46,0.81,2.65
3612,2.47,0.92,2.68
3613,,0.83,2.69
3614,2.34,0.67,2.69
3615,2.32,0.52,2.68
3616,2.28,0.49,2.66
3617,2.27,0.46,2.62
3618,2.31,0.48,2.59
3619,2.4,0.51,2.61
3620,2.34,0.54,2.65
3621,2.28,0.49,2.64
3622,2.28,0.49,2.66
3623,2.27,0.5,2.71
3624,2.25,0.45,2.75
3625,,,2.69
3626,2.23,0.45,2.61
3627,2.22,0.43,2.56
3628,2.22,0.41,2.54
3629,2.22,0.4,2.52
3630,2.23,0.41,2.51
3631,2.35,0.43,2.49
3632,2.66,0.49,2.49
3633,2.56,0.64,2.56
3634,2.55,0.58,2.65
3635,2.51,0.65,2.7
3636,2.44,0.66,2.71
3637,2.51,0.57,2.71
3638,2.33,0.64,2.7
3639,2.29,0.57,2.62
3640,2.29,0.51,2.56
3641,2.28,0.48,2.52
3642,2.32,0.48,2.51
3643,2.34,0.53,2.49
3644,2.29,0.59,2.5
3645,2.26,0.57,2.49
3646,2.28,0.55,2.51
3647,2.28,0.53,2.52
3648,2.2,0.52,2.51
3649,2.21,0.48,
3650,2.2,0.45,2.5
3651,2.19,0.44,2.48
3652,2.18,0.45,2.45
3653,2.19,0.47,2.43
3654,2.22,0.44,2.42
3655,2.31,0.44,2.42
3656,2.49,0.49,2.43
3657,2.4,0.76,2.45
3658,2.36,0.76,2.5
3659,2.4,0.66,2.53
3660,2.41,0.62,2.6
3661,2.43,0.58,2.61
3662,,0.65,2.6
3663,,0.53,2.56
3664,,0.51,2.55
3665,,0.52,2.54
3666,,0.5,2.51
3667,,0.52,2.5
3668,,0.59,2.52
3669,,0.56,2.54
3670,,0.7,2.56
3671,,0.75,2.59
3672,,0.67,2.56
3673,,0.67,2.54
3674,,0.51,2.52
3675,,0.53,2.49
3676,,0.47,2.48
3677,,0.45,2.47
3678,,0.44,2.45
3679,,0.41,2.43
3680,,0.46,2.44
3681,,0.47,2.46
3682,,0.5,2.48
3683,,0.5,2.5
3684,,0.49,2.54
3685,,0.52,2.57
3686,,0.54,2.58
3687,,0.51,2.58
3688,1.89,0.5,2.59
3689,2.78,0.48,2.59
3690,2.67,0.52,2.6
3691,2.59,0.49,2.58
3692,2.61,0.51,2.57
3693,2.55,0.62,2.58
3694,2.56,0.64,2.62
3695,2.59,0.53,2.69
3696,2.36,0.54,2.75
3697,2.34,0.5,2.74
3698,2.33,0.46,2.68
3699,2.34,0.48,2.64
3700,2.33,0.47,2.63
3701,2.44,0.5,2.59
3702,2.55,0.51,2.56
3703,2.83,0.54,2.52
3704,3.24,0.51,2.51
3705,2.77,0.52,2.54
3706,2.79,0.49,2.6
3707,2.87,0.5,2.67
3708,2.76,0.53,2.74
3709,2.61,0.6,2.79
3710,2.57,0.63,2.85
3711,2.5,0.54,2.84
3712,2.42,0.51,2.8
3713,2.38,0.5,2.79
3714,2.32,0.53,2.73
3715,2.3,0.48,2.61
3716,2.34,0.46,2.57
3717,2.39,0.5,2.59
3718,2.55,0.56,2.63
3719,2.71,0.59,2.63
3720,2.58,0.57,2.66
3721,2.42,0.56,2.64
3722,2.36,0.53,2.58
3723,2.35,0.49,2.53
3724,2.35,0.48,2.47
3725,2.34,0.47,2.47
3726,2.36,0.52,2.52
3727,2.5,0.55,2.56
3728,2.68,0.64,2.71
3729,2.55,0.69,2.85
3730,2.47,0.69,2.87
3731,2.46,0.64,2.94
3732,2.38,0.63,2.92
3733,2.59,0.7,2.86
3734,2.71,0.62,2.85
3735,2.65,0.52,2.81
3736,2.49,0.52,2.77
3737,2.36,0.5,2.76
3738,2.33,0.52,2.71
3739,2.29,0.55,2.66
3740,2.31,0.58,2.61
3741,2.4,0.53,2.54
3742,2.39,0.56,2.57
3743,2.43,0.55,2.55
3744,2.4,0.47,2.47
3745,2.37,0.5,2.44
3746,2.36,0.6,2.52
3747,2.4,0.64,2.57
3748,2.45,0.65,2.58
3749,2.44,0.82,2.59
3750,2.5,0.65,2.58
3751,2.82,0.64,2.64
3752,3.38,0.97,2.79
3753,2.88,1.0,3.03
3754,2.93,0.78,3.04
3755,2.91,0.67,2.9
3756,2.94,0.87,2.89
3757,3.08,0.74,2.88
3758,3.08,0.66,2.9
3759,2.62,0.58,2.86
3760,2.5,0.52,2.77
3761,2.46,0.5,2.68
3762,2.41,0.49,2.61
3763,2.47,0.48,2.58
3764,2.46,0.56,2.59
3765,2.48,0.5,
3766,2.49,0.51,
3767,2.4,0.49,
3768,2.39,0.51,
3769,2.39,0.48,
3770,2.37,0.45,
3771,2.36,0.55,2.92
3772,2.4,0.45,2.63
3773,2.41,0.55,2.67
3774,2.44,0.52,2.6
3775,2.56,0.55,2.59
3776,3.09,0.65,2.72
3777,3.03,0.95,2.84
3778,3.02,0.84,2.8
3779,3.03,1.01,2.79
3780,3.07,0.9,2.84
3781,3.18,0.72,2.82
3782,2.8,0.67,2.83
3783,2.6,0.54,2.79
3784,2.37,0.52,2.68
3785,2.32,0.49,2.59
3786,2.35,0.46,2.54
3787,2.38,0.49,2.53
3788,2.34,0.58,2.57
3789,2.32,0.52,2.56
3790,2.33,0.52,2.57
3791,2.34,0.52,2.45
3792,2.33,0.53,2.38
3793,2.32,0.51,2.29
3794,2.31,0.59,2.45
3795,2.31,0.58,2.38
3796,2.3,0.6,2.53
3797,2.31,0.6,2.59
3798,2.32,0.57,2.62
3799,2.35,0.49,2.67
3800,2.64,0.55,2.74
3801,2.5,0.72,2.81
3802,2.52,0.8,2.82
3803,2.67,0.78,2.76
3804,2.82,0.68,2.72
3805,2.84,0.64,2.67
3806,2.57,0.68,2.65
3807,2.43,0.64,2.63
3808,2.36,0.63,2.57
3809,2.34,0.63,2.56
3810,2.42,0.64,2.55
3811,2.34,0.63,2.54
3812,2.33,0.62,2.57
3813,2.36,0.61,2.59
3814,2.31,0.56,2.62
3815,2.31,0.57,2.66
3816,2.26,0.61,2.67
3817,2.24,0.59,2.63
3818,2.24,0.48,2.59
3819,2.24,0.49,2.57
3820,2.25,0.55,2.56
3821,2.24,0.77,2.56
3822,2.25,0.7,2.56
3823,2.33,0.63,2.57
3824,2.64,0.71,2.59
3825,2.54,0.97,2.62
3826,2.54,0.82,2.71
3827,2.51,0.81,2.73
3828,2.47,1.0,2.76
3829,2.52,1.15,2.77
3830,2.34,0.82,2.76
3831,2.32,0.58,2.74
3832,2.3,0.49,2.76
3833,2.32,0.48,2.74
3834,2.4,0.46,2.68
3835,2.29,0.48,2.62
3836,2.31,0.59,2.59
3837,2.34,0.56,2.59
3838,2.32,0.6,2.64
3839,2.31,0.64,2.68
3840,2.27,0.66,2.66
3841,2.27,0.6,2.65
3842,2.28,0.55,2.61
3843,2.28,0.51,2.59
3844,2.28,0.53,2.6
3845,2.28,0.55,2.6
3846,2.35,0.64,2.61
3847,2.48,0.7,2.61
3848,2.61,0.78,2.6
3849,2.69,0.75,2.62
3850,2.73,0.78,2.63
3851,2.69,0.78,2.63
3852,2.65,0.74,2.67
3853,2.78,0.8,2.7
3854,2.68,0.77,2.69
3855,2.62,0.62,2.66
3856,2.56,0.58,2.63
3857,2.44,0.54,2.59
3858,2.44,0.66,2.56
3859,2.37,0.51,2.52
3860,2.39,0.5,2.52
3861,2.41,0.53,2.52
3862,2.35,0.66,2.57
3863,2.33,0.64,2.63
3864,2.33,0.54,2.65
3865,2.34,0.58,2.7
3866,2.37,0.52,2.73
3867,2.36,0.63,2.68
3868,2.36,0.62,2.63
3869,2.39,0.54,2.59
3870,2.44,0.58,2.6
3871,2.47,0.56,2.64
3872,2.55,0.57,2.71
3873,2.64,0.61,2.8
3874,2.69,0.7,2.85
3875,2.78,0.73,2.9
3876,2.81,0.74,2.23
3877,2.79,0.7,
3878,2.76,0.65,0.84
3879,2.6,0.61,0.54
3880,2.36,0.63,0.51
3881,2.27,0.58,0.51
3882,2.29,0.55,0.49
3883,2.3,0.55,0.58
3884,2.29,0.54,0.66
3885,2.35,0.53,0.59
3886,2.42,0.61,0.8
3887,2.31,0.6,0.67
3888,2.29,0.58,0.74
3889,2.31,0.53,0.62
3890,2.32,0.52,0.56
3891,2.32,0.52,0.55
3892,2.31,0.54,0.64
3893,2.32,0.63,0.56
3894,2.32,0.55,0.6
3895,2.33,0.54,0.74
3896,2.36,0.72,1.05
3897,2.36,0.84,1.12
3898,2.47,0.72,0.88
3899,2.5,0.9,0.83
3900,2.55,0.97,0.82
3901,2.5,0.97,1.01
3902,2.35,1.12,0.92
3903,2.3,1.04,0.64
3904,2.26,0.91,0.51
3905,2.25,0.66,0.49
3906,2.27,0.56,0.44
3907,2.24,0.57,0.45
3908,,0.6,0.52
3909,2.26,0.55,0.5
3910,2.26,0.56,0.54
3911,2.26,0.6,0.55
3912,2.24,0.69,0.46
3913,2.25,0.55,0.44
3914,2.26,0.56,0.43
3915,2.25,0.57,0.4
3916,2.25,0.64,0.39
3917,2.25,0.61,0.41
3918,2.26,0.56,0.45
3919,2.32,0.63,0.53
3920,2.57,0.74,0.56
3921,2.51,0.85,0.8
3922,2.51,1.16,0.86
3923,2.48,0.79,1.09
3924,2.67,0.91,1.13
3925,2.8,0.92,0.82
3926,2.49,1.15,0.67
3927,2.31,0.98,0.52
3928,2.3,0.68,0.5
3929,2.32,0.47,0.46
3930,2.35,0.43,0.45
3931,2.37,0.49,0.46
3932,2.32,0.71,0.51
3933,2.3,0.59,0.49
3934,2.28,0.74,0.51
3935,2.28,0.85,0.57
3936,2.25,0.72,0.43
3937,2.25,0.69,0.37
3938,2.23,0.64,0.37
3939,2.23,0.7,0.35
3940,2.23,0.72,0.33
3941,2.27,0.69,0.34
3942,2.32,0.8,0.35
3943,2.4,0.91,0.41
3944,2.57,1.25,0.53
3945,2.58,1.42,0.77
3946,2.58,1.27,0.73
3947,2.67,1.13,0.89
3948,2.85,0.94,0.84
3949,2.84,0.94,0.61
3950,2.52,1.18,0.49
3951,2.32,0.93,0.41
3952,2.29,0.66,0.38
3953,2.3,0.6,0.36
3954,2.34,0.59,0.38
3955,2.32,0.67,0.41
3956,2.3,0.71,0.49
3957,2.29,0.65,0.45
3958,2.27,0.8,0.54
3959,2.25,0.84,0.44
3960,2.24,1.1,0.37
3961,2.22,0.93,0.34
3962,2.23,0.77,0.33
3963,2.22,0.67,0.36
3964,2.22,0.63,0.33
3965,2.22,0.66,0.31
3966,2.23,0.66,0.32
3967,2.29,0.77,0.38
3968,2.58,0.96,0.5
3969,2.39,1.2,0.6
3970,2.45,0.97,0.69
3971,2.49,0.9,0.87
3972,2.47,0.77,0.85
3973,2.32,0.9,0.56
3974,2.29,0.83,0.51
3975,2.28,0.72,0.43
3976,2.29,0.7,0.43
3977,2.29,0.74,0.39
3978,2.33,0.79,0.38
3979,2.29,0.77,0.4
3980,2.29,0.83,0.45
3981,2.27,0.7,0.43
3982,2.28,0.71,0.46
3983,2.25,0.78,0.39
3984,2.24,0.67,0.39
3985,2.23,0.62,0.35
3986,2.22,0.58,0.32
3987,2.23,0.69,0.34
3988,2.23,0.78,0.34
3989,2.24,0.78,0.33
3990,2.25,0.65,0.33
3991,2.38,0.63,0.37
3992,2.53,0.88,0.47
3993,2.45,0.95,0.58
3994,2.44,1.0,0.57
3995,2.52,0.98,0.75
3996,2.41,1.02,0.68
3997,2.32,0.97,0.53
3998,2.27,1.05,0.45
3999,2.26,0.9,0.43
4000,2.26,0.87,0.41
4001,2.26,0.83,0.38
4002,2.28,0.82,0.36
4003,2.3,0.72,0.35
4004,2.3,0.72,0.36
4005,2.29,0.66,0.38
4006,2.27,0.72,0.36
4007,2.29,0.7,0.38
4008,2.26,0.69,0.37
4009,2.27,0.69,0.37
4010,2.26,0.69,0.36
4011,2.28,0.69,0.34
4012,2.29,0.66,0.34
4013,2.31,0.62,0.36
4014,2.32,0.63,0.36
4015,2.36,0.62,0.39
4016,2.43,0.7,0.4
4017,2.46,0.71,0.41
4018,2.61,0.78,0.48
4019,2.71,0.88,0.56
4020,2.64,0.95,0.61
4021,2.48,1.01,0.49
4022,2.31,1.0,0.44
4023,2.3,0.9,0.36
4024,2.3,0.83,0.38
4025,2.29,0.73,0.36
4026,2.28,0.66,0.34
4027,2.26,0.6,0.34
4028,2.29,0.57,0.36
4029,2.3,0.6,0.43
4030,2.28,0.67,0.41
4031,2.31,0.68,0.39
4032,2.27,0.68,0.36
4033,2.25,0.67,0.36
4034,2.26,0.68,0.34
4035,2.24,0.71,0.32
4036,2.25,0.8,0.32
4037,2.27,0.83,0.34
4038,2.28,0.93,0.35
4039,2.3,0.96,0.36
4040,2.34,0.97,0.46
4041,2.36,0.88,0.54
4042,2.41,0.78,0.49
4043,2.54,0.62,0.54
4044,2.47,0.7,0.57
4045,2.34,0.8,0.48
4046,2.33,0.68,0.46
4047,2.32,0.58,0.41
4048,2.29,0.58,0.39
4049,2.26,0.54,0.38
4050,2.29,0.54,0.36
4051,2.29,0.57,0.38
4052,2.31,0.63,0.4
4053,2.32,0.71,0.37
4054,2.39,1.01,0.44
4055,2.38,0.92,0.35
4056,2.34,0.89,0.33
4057,2.3,0.82,0.32
4058,2.28,1.02,0.31
4059,2.28,0.89,0.29
4060,2.27,0.91,0.29
4061,2.28,0.83,0.3
4062,2.29,0.87,0.3
4063,2.3,0.81,0.36
4064,2.35,1.05,0.53
4065,2.33,1.37,0.72
4066,2.37,1.38,0.54
4067,2.41,1.16,0.49
4068,2.37,1.07,0.49
4069,2.33,1.17,0.45
4070,2.25,1.04,0.53
4071,2.29,0.75,0.47
4072,2.25,0.64,0.43
4073,2.25,0.62,0.41
4074,2.25,0.59,0.39
4075,2.26,0.58,0.39
4076,2.26,0.6,0.41
4077,2.28,0.62,0.41
4078,2.25,0.79,0.41
4079,2.31,0.81,
4080,2.26,0.74,0.41
4081,2.23,0.72,0.37
4082,2.22,0.66,0.33
4083,2.24,0.7,0.32
4084,2.25,0.83,0.31
4085,2.25,0.8,0.32
4086,2.24,0.77,0.34
4087,2.31,0.77,0.41
4088,2.57,1.15,0.51
4089,2.38,1.22,0.8
4090,2.38,1.12,0.6
4091,2.43,1.02,0.58
4092,2.34,1.08,0.67
4093,2.38,1.08,0.47
4094,2.26,0.93,0.64
4095,2.25,0.81,0.52
4096,2.25,0.77,0.59
4097,2.28,0.73,0.59
4098,2.29,0.71,0.53
4099,2.32,0.72,0.53
4100,2.3,0.68,0.57
4101,2.31,0.66,0.5
4102,2.29,0.75,0.46
4103,2.27,0.83,0.39
4104,2.26,0.82,0.38
4105,2.24,1.12,0.36
4106,2.25,1.32,0.33
4107,2.25,0.96,0.32
4108,2.24,0.93,0.32
4109,2.27,0.93,0.33
4110,2.29,0.92,0.33
4111,2.36,0.94,0.32
4112,2.56,1.35,0.32
4113,2.45,1.5,0.33
4114,2.47,1.18,
4115,2.42,0.97,
4116,2.34,1.08,
4117,2.36,1.11,
4118,2.29,0.95,
4119,2.27,0.81,
4120,2.27,0.73,
4121,2.3,0.63,
4122,2.34,0.58,
4123,2.31,0.64,
4124,2.31,0.68,
4125,2.3,0.68,
4126,2.34,0.77,
4127,2.29,0.84,
4128,2.27,0.77,
4129,2.25,0.7,
4130,2.23,0.66,
4131,2.27,0.73,
4132,2.26,0.7,
4133,2.29,0.81,
4134,2.3,0.68,
4135,2.38,0.59,
4136,2.54,0.64,
4137,2.43,0.72,
4138,2.41,0.83,1.04
4139,2.37,0.87,0.67
4140,2.31,1.07,0.49
4141,2.34,0.89,0.42
4142,2.27,0.79,0.3
4143,2.25,0.82,0.31
4144,2.24,0.7,0.32
4145,2.28,0.66,0.19
4146,2.26,0.64,0.29
4147,2.26,0.63,0.23
4148,2.31,0.65,0.23
4149,2.26,0.67,0.18
4150,2.29,0.69,0.17
4151,2.27,0.68,0.23
4152,2.24,0.66,0.19
4153,2.22,0.68,0.06
4154,2.24,0.64,
4155,2.26,0.61,0.09
4156,2.28,0.73,0.12
4157,2.33,0.74,0.15
4158,2.36,0.75,0.19
4159,2.46,0.77,0.2
4160,2.67,1.0,0.26
4161,2.68,1.16,0.16
4162,2.63,1.21,0.1
4163,2.77,1.09,0.31
4164,2.73,1.06,0.12
4165,2.49,1.04,0.05
4166,2.29,0.95,0.15
4167,2.27,0.83,0.33
4168,2.26,0.79,0.29
4169,2.31,0.68,0.43
4170,2.27,0.65,0.51
4171,2.31,0.6,0.55
4172,2.29,0.63,0.36
4173,2.35,0.59,0.17
4174,2.35,0.64,0.26
4175,2.44,0.6,0.56
4176,2.3,0.61,0.5
4177,2.27,0.59,0.54
4178,2.25,0.6,0.72
4179,2.26,0.58,0.15
4180,2.27,0.56,
4181,2.29,0.62,0.22
4182,2.32,0.62,0.24
4183,2.42,0.59,0.23
4184,2.69,0.63,0.19
4185,2.75,0.72,0.18
4186,2.62,0.79,0.16
4187,2.53,0.77,0.42
4188,2.77,0.88,0.15
4189,2.72,0.89,0.18
4190,2.42,0.87,0.08
4191,2.31,0.77,0.12
4192,2.32,0.64,
4193,2.31,0.58,0.15
4194,2.29,0.6,0.1
4195,2.3,0.58,0.12
4196,2.3,0.55,0.3
4197,2.31,0.58,0.35
4198,2.31,0.58,0.45
4199,2.33,0.57,0.35
4200,2.31,0.6,0.42
4201,2.35,0.56,0.18
4202,2.39,0.57,0.15
4203,2.36,0.59,0.09
4204,2.32,0.57,
4205,2.35,0.54,0.1
4206,2.38,0.56,0.18
4207,2.41,0.56,0.06
4208,2.48,0.58,0.41
4209,2.56,0.62,0.73
4210,2.51,0.66,0.61
4211,2.6,0.83,0.55
4212,2.61,0.91,0.22
4213,2.61,0.83,0.12
4214,2.5,0.68,0.49
4215,2.37,0.59,0.42
4216,2.35,0.55,0.23
4217,2.3,0.52,0.2
4218,2.28,0.51,0.22
4219,2.29,0.51,0.22
4220,2.29,0.52,0.13
4221,2.33,0.53,0.24
4222,2.32,0.57,0.16
4223,2.32,0.62,0.2
4224,2.31,0.6,0.17
4225,2.31,0.57,0.1
4226,2.33,0.57,
4227,2.32,0.55,
4228,2.3,0.56,
4229,2.3,0.6,
4230,2.3,0.66,0.07
4231,2.31,0.68,0.23
4232,2.33,0.74,0.36
4233,2.32,0.82,0.4
4234,2.39,0.85,0.31
4235,2.45,0.86,0.37
4236,2.52,1.05,0.59
4237,2.5,0.87,0.46
4238,2.39,0.7,0.37
4239,2.34,0.57,0.23
4240,2.32,0.54,0.13
4241,2.3,0.53,0.14
4242,2.28,0.56,0.11
4243,2.29,0.53,0.14
4244,2.3,0.52,0.22
4245,2.32,0.53,0.2
4246,2.33,0.51,0.22
4247,2.34,0.51,0.28
4248,2.31,0.56,0.21
4249,2.3,0.58,0.18
4250,2.28,0.54,0.15
4251,2.3,0.55,0.15
4252,2.33,0.55,0.17
4253,2.31,0.6,0.22
4254,2.33,0.58,0.18
4255,2.41,0.59,0.23
4256,2.72,0.64,0.49
4257,2.53,0.89,0.47
4258,2.66,0.87,0.46
4259,2.73,0.95,0.39
4260,2.62,1.05,0.54
4261,2.6,0.94,0.67
4262,2.41,0.75,0.67
4263,2.36,0.58,0.52
4264,2.35,0.55,0.47
4265,2.41,0.54,0.43
4266,2.36,0.57,0.31
4267,2.39,0.55,0.31
4268,2.32,0.57,0.35
4269,2.39,0.54,0.23
4270,2.35,0.53,0.22
4271,2.33,0.54,0.26
4272,2.29,,0.28
4273,2.26,0.54,0.18
4274,2.26,0.54,0.18
4275,2.24,0.56,0.18
4276,2.26,0.56,0.17
4277,2.27,0.55,0.15
4278,2.28,0.57,0.18
4279,2.37,0.61,0.27
4280,2.69,0.66,0.39
4281,2.57,0.81,0.46
4282,2.63,0.9,0.43
4283,2.6,0.92,0.46
4284,2.5,0.97,0.5
4285,2.49,0.76,0.65
4286,2.38,0.67,0.57
4287,2.35,0.55,0.34
4288,2.34,0.54,0.28
4289,2.35,0.53,0.27
4290,2.37,0.53,0.25
4291,2.32,0.57,0.27
4292,2.32,0.56,0.3
4293,2.37,0.56,0.29
4294,2.35,0.57,0.27
4295,2.39,0.57,0.28
4296,2.34,0.58,0.29
4297,2.33,0.53,0.2
4298,2.32,0.52,0.2
4299,2.28,0.53,0.21
4300,2.25,0.52,0.2
4301,2.32,0.52,0.29
4302,2.44,0.53,0.42
4303,2.55,0.54,0.44
4304,2.86,0.65,0.5
4305,2.83,0.78,0.77
4306,2.61,0.77,0.7
4307,2.58,0.74,0.54
4308,2.76,0.67,0.82
4309,2.46,0.61,0.83
4310,2.44,0.63,0.65
4311,2.43,0.56,0.5
4312,2.39,0.54,0.46
4313,2.42,0.55,0.4
4314,2.38,,0.42
4315,2.36,0.57,0.45
4316,2.47,0.63,0.49
4317,2.49,0.6,0.43
4318,2.49,0.57,0.56
4319,2.45,0.58,0.56
4320,2.56,0.55,0.43
4321,2.53,0.53,0.38
4322,2.48,0.53,0.35
4323,2.36,0.52,0.39
4324,2.31,0.52,0.36
4325,2.34,0.51,0.33
4326,2.42,0.51,0.33
4327,2.5,0.52,0.39
4328,2.74,0.57,0.44
4329,2.63,0.61,0.51
4330,2.59,0.66,0.51
4331,2.53,0.65,0.7
4332,2.51,0.59,0.72
4333,2.72,0.56,0.93
4334,2.62,0.55,0.76
4335,2.61,0.55,0.58
4336,2.5,0.58,0.46
4337,2.46,0.61,0.43
4338,2.43,0.59,0.37
4339,2.44,0.6,0.34
4340,2.52,0.61,0.37
4341,2.45,0.6,0.37
4342,2.51,0.66,0.5
4343,2.49,0.63,0.41
4344,2.48,0.59,0.36
4345,,,0.33
4346,2.29,0.55,0.3
4347,2.27,0.54,0.31
4348,2.27,0.54,0.31
4349,2.38,0.54,0.32
4350,2.52,0.58,0.29
4351,2.66,0.54,0.31
4352,3.35,0.57,0.41
4353,3.04,0.6,0.37
4354,2.99,0.6,0.33
4355,2.68,0.66,0.33
4356,2.57,0.71,0.39
4357,2.7,0.78,0.43
4358,2.62,0.76,0.51
4359,2.57,0.77,0.48
4360,2.52,0.71,0.54
4361,2.52,0.63,0.51
4362,2.46,0.62,0.49
4363,2.44,0.57,0.44
4364,2.45,0.59,0.36
4365,2.51,0.59,0.38
4366,2.56,0.58,0.45
4367,2.56,0.61,0.46
4368,2.47,0.58,0.31
4369,2.45,0.56,
4370,2.42,0.56,0.31
4371,2.4,0.55,0.31
4372,2.41,0.55,0.27
4373,2.44,0.55,0.27
4374,2.49,0.56,0.29
4375,2.49,0.54,0.4
4376,2.51,0.56,0.45
4377,2.61,0.6,0.49
4378,2.71,0.65,0.58
4379,2.79,0.65,0.53
4380,2.77,0.65,0.46
4381,2.84,0.69,0.38
4382,2.73,0.74,0.42
4383,2.6,0.72,0.41
4384,2.65,0.63,0.4
4385,2.83,0.6,0.46
4386,2.67,0.63,0.45
4387,2.57,0.69,0.52
4388,2.71,0.7,0.48
4389,2.63,0.7,0.47
4390,2.64,0.85,0.57
4391,2.71,0.87,0.51
4392,2.55,0.67,0.45
4393,2.47,0.65,0.35
4394,2.4,0.57,0.37
4395,2.37,0.55,0.29
4396,2.35,0.53,0.3
4397,2.34,0.55,0.35
4398,2.32,0.56,0.34
4399,2.34,0.61,0.56
4400,2.38,0.79,0.68
4401,2.44,0.78,0.57
4402,2.48,0.81,0.71
4403,2.5,0.84,0.68
4404,2.5,0.87,0.87
4405,2.54,0.89,0.93
4406,2.61,0.9,0.77
4407,2.58,0.79,0.41
4408,2.45,0.74,0.37
4409,2.46,0.78,0.34
4410,2.46,0.74,0.36
4411,2.43,0.73,0.36
4412,2.38,0.68,0.35
4413,2.4,0.62,0.4
4414,2.38,0.68,0.4
4415,2.37,0.68,0.39
4416,2.31,0.6,0.35
4417,2.29,0.66,0.34
4418,2.28,0.54,0.33
4419,2.27,0.54,0.31
4420,2.28,0.53,0.31
4421,2.3,0.56,0.28
4422,2.3,0.54,0.32
4423,2.48,0.54,0.35
4424,2.73,0.62,0.43
4425,2.53,0.76,0.5
4426,2.64,0.76,0.5
4427,2.65,0.79,0.66
4428,2.69,0.83,0.8
4429,2.77,0.89,0.72
4430,2.5,0.89,0.71
4431,2.33,0.76,0.63
4432,2.33,0.65,0.45
4433,2.36,0.57,0.38
4434,2.35,0.57,0.38
4435,2.34,0.61,0.37
4436,2.34,0.65,0.33
4437,2.34,0.61,0.38
4438,2.32,0.69,0.41
4439,2.33,0.56,0.38
4440,2.3,0.54,0.35
4441,2.28,0.53,0.34
4442,2.28,0.54,0.33
4443,2.28,0.54,0.31
4444,2.29,0.54,0.36
4445,2.3,0.52,0.34
4446,2.31,0.52,0.35
4447,2.4,0.54,0.44
4448,2.58,0.6,0.55
4449,2.53,0.69,0.55
4450,2.5,0.7,0.59
4451,2.52,0.73,0.58
4452,2.65,0.76,0.78
4453,2.73,0.81,0.86
4454,2.55,0.82,0.83
4455,2.44,0.65,0.65
4456,2.35,0.58,0.57
4457,2.38,0.57,0.56
4458,2.34,0.55,0.53
4459,2.36,0.57,0.46
4460,2.34,0.6,0.42
4461,2.36,0.61,0.45
4462,2.37,0.59,0.38
4463,2.33,0.57,0.4
4464,2.3,0.55,0.43
4465,2.29,0.56,0.42
4466,2.29,0.56,0.41
4467,2.31,0.55,0.35
4468,2.31,0.55,0.38
4469,2.29,0.59,0.35
4470,2.33,0.6,0.33
4471,2.5,0.64,0.37
4472,2.83,0.67,0.44
4473,2.69,0.74,0.61
4474,2.73,0.76,0.68
4475,2.62,0.75,0.75
4476,2.73,0.8,0.82
4477,2.79,0.77,0.81
4478,2.58,0.73,0.7
4479,2.5,0.67,0.63
4480,2.4,0.64,0.59
4481,2.38,0.63,0.53
4482,2.34,0.6,0.53
4483,2.4,0.65,0.57
4484,2.39,0.7,0.54
4485,2.35,0.67,0.49
4486,2.39,0.66,0.5
4487,2.4,0.67,0.53
4488,2.33,0.64,0.48
4489,2.3,0.65,0.41
4490,2.31,0.6,0.4
4491,2.31,0.66,0.4
4492,2.3,0.66,0.38
4493,2.33,0.63,0.44
4494,2.37,0.6,0.61
4495,2.46,0.6,0.51
4496,2.68,0.62,0.55
4497,2.5,0.63,0.49
4498,2.53,0.65,0.53
4499,2.57,0.73,0.54
4500,2.69,0.76,0.67
4501,2.83,0.78,0.54
4502,2.57,0.7,0.44
4503,2.43,0.61,0.34
4504,,0.56,0.29
4505,,0.57,0.25
4506,,0.57,0.27
4507,,0.57,0.29
4508,,0.6,0.31
4509,,0.6,0.36
4510,,0.61,0.37
4511,,0.6,0.49
4512,,0.6,0.6
4513,,0.56,0.4
4514,,0.56,0.31
4515,,0.56,0.31
4516,,0.54,0.46
4517,,0.53,0.39
4518,,0.52,0.4
4519,,0.53,0.42
4520,,0.57,0.48
4521,,0.64,0.51
4522,,0.72,0.36
4523,,0.74,0.3
4524,,0.83,0.29
4525,,0.77,0.46
4526,,0.73,0.55
4527,,0.67,0.51
4528,,0.63,0.41
4529,,0.57,0.36
4530,,0.65,0.41
4531,,0.62,0.47
4532,,0.68,0.48
4533,,0.71,0.51
4534,,0.86,0.56
4535,,0.92,0.72
4536,,0.89,0.61
4537,,0.76,0.81
4538,,0.68,1.02
4539,,0.66,0.94
4540,,0.65,0.81
4541,,0.66,0.66
4542,,0.62,0.7
4543,,0.63,0.92
4544,,0.69,1.2
4545,,0.72,0.9
4546,3.47,0.75,0.7
4547,2.97,0.74,0.49
4548,2.86,0.73,0.48
4549,2.76,0.81,0.73
4550,2.5,0.81,0.57
4551,2.39,0.76,0.43
4552,2.34,0.74,0.39
4553,2.28,0.68,0.38
4554,2.26,0.64,0.42
4555,2.24,0.58,0.36
4556,2.27,0.58,0.37
4557,2.43,0.61,0.43
4558,2.34,0.68,0.49
4559,2.3,0.6,0.48
4560,2.25,0.6,0.47
4561,2.27,0.6,0.38
4562,2.24,0.6,0.54
4563,2.25,0.59,0.49
4564,2.25,0.56,0.54
4565,2.26,0.55,0.84
4566,2.27,0.56,0.83
4567,2.34,0.59,0.59
4568,2.42,0.68,0.93
4569,2.39,0.71,0.99
4570,2.26,0.82,0.85
4571,2.29,0.83,0.83
4572,2.31,0.83,0.88
4573,2.32,0.97,0.78
4574,2.3,0.8,0.52
4575,2.27,0.67,0.44
4576,2.24,0.59,0.51
4577,2.21,0.58,0.35
4578,2.2,0.58,0.34
4579,2.23,0.58,0.41
4580,2.24,0.6,0.38
4581,2.27,0.62,0.34
4582,2.29,0.6,0.33
4583,2.3,0.59,0.31
4584,2.33,0.6,0.46
4585,2.24,0.57,0.34
4586,2.23,0.57,0.35
4587,2.23,0.6,0.3
4588,2.24,0.59,0.29
4589,2.26,0.58,0.3
4590,2.26,0.6,0.36
4591,2.4,0.61,0.35
4592,2.75,0.65,0.5
4593,2.6,0.74,0.61
4594,2.55,0.79,0.58
4595,2.44,0.9,0.65
4596,2.34,0.91,0.6
4597,2.43,1.0,0.4
4598,2.4,0.89,0.34
4599,1.81,0.75,0.32
4600,1.81,0.69,0.32
4601,1.78,0.68,0.33
4602,1.74,0.63,0.4
4603,1.74,0.63,0.53
4604,1.73,0.62,0.7
4605,1.73,0.63,0.73
4606,1.72,0.69,0.63
4607,1.72,0.64,0.67
4608,1.7,0.59,0.44
4609,1.68,0.58,0.45
4610,1.68,0.59,0.34
4611,1.7,0.59,0.33
4612,1.74,0.58,0.3
4613,1.71,0.55,0.27
4614,1.76,0.57,0.29
4615,1.96,0.58,0.3
4616,2.31,0.63,0.34
4617,2.26,0.7,0.47
4618,2.11,0.72,0.49
4619,1.88,0.72,0.46
4620,1.99,0.76,0.41
4621,2.06,0.87,0.37
4622,1.81,0.89,0.33
4623,1.78,0.77,0.36
4624,1.73,0.78,0.42
4625,1.75,0.7,0.3
4626,1.75,0.63,0.29
4627,1.73,0.63,0.3
4628,1.73,0.62,0.35
4629,1.74,0.65,0.35
4630,1.76,0.69,0.4
4631,1.72,0.64,0.42
4632,1.68,0.66,0.43
4633,1.68,0.67,0.29
4634,1.66,0.61,0.3
4635,1.67,0.59,0.35
4636,1.68,0.6,0.29
4637,1.7,0.59,0.31
4638,1.73,0.59,0.31
4639,1.79,0.61,0.35
4640,1.91,0.71,0.42
4641,1.95,0.81,0.51
4642,2.04,0.85,0.65
4643,2.04,0.89,0.57
4644,2.06,1.01,0.53
4645,2.03,1.07,0.64
4646,1.85,0.97,0.6
4647,1.77,0.81,0.56
4648,1.72,0.69,0.59
4649,1.73,0.68,0.43
4650,1.71,0.61,0.39
4651,1.72,0.64,0.37
4652,1.73,0.61,0.38
4653,1.7,0.68,0.4
4654,1.72,0.66,0.41
4655,1.66,0.73,0.31
4656,1.68,0.61,0.34
4657,1.72,0.55,0.34
4658,1.71,0.55,0.34
4659,1.69,0.54,0.33
4660,1.71,0.57,0.29
4661,1.78,0.57,0.27
4662,1.8,0.61,0.26
4663,1.79,0.67,0.35
4664,2.02,0.74,0.52
4665,1.97,0.8,0.51
4666,1.99,0.84,0.43
4667,2.15,0.92,0.52
4668,1.97,0.93,0.65
4669,1.72,1.08,0.6
4670,1.61,0.93,0.6
4671,1.55,0.78,0.44
4672,1.54,0.76,0.39
4673,1.54,0.71,0.53
4674,1.57,0.66,0.32
4675,1.57,0.6,0.3
4676,1.57,0.63,0.39
4677,1.58,0.61,0.42
4678,1.55,0.72,0.55
4679,1.54,0.68,0.45
4680,1.55,0.59,0.39
4681,1.55,0.54,0.36
4682,1.58,0.56,0.29
4683,1.63,0.57,0.3
4684,1.68,0.58,0.33
4685,1.66,0.61,
4686,1.77,0.62,
4687,1.81,0.62,0.3
4688,1.94,0.68,0.29
4689,1.81,0.7,0.29
4690,1.95,0.78,0.4
4691,1.93,0.83,0.3
4692,1.73,0.85,0.36
4693,1.63,0.84,0.42
4694,1.45,0.83,0.5
4695,1.3,0.79,0.41
4696,1.26,0.67,0.35
4697,1.26,0.66,0.29
4698,1.14,0.57,0.33
4699,1.06,0.58,0.22
4700,1.04,0.59,0.26
4701,1.16,0.6,0.27
4702,1.08,0.6,0.33
4703,,0.65,0.28
4704,,0.6,0.3
4705,,0.57,0.3
4706,,0.54,0.26
4707,,0.56,0.28
4708,,0.56,0.34
4709,,0.58,0.36
4710,,0.57,0.39
4711,,0.58,0.43
4712,,0.6,0.52
4713,,0.6,0.56
4714,,0.61,0.63
4715,,0.65,0.61
4716,,0.72,0.61
4717,,0.76,0.69
4718,,0.72,0.65
4719,,0.59,0.52
4720,,0.53,0.47
4721,,0.51,0.4
4722,,0.5,0.42
4723,,0.49,0.39
4724,,0.49,0.39
4725,,0.5,0.37
4726,,0.58,0.44
4727,,0.54,0.45
4728,,0.57,0.35
4729,,0.59,0.34
4730,,0.57,0.28
4731,,0.56,0.36
4732,,0.54,0.32
4733,,0.55,0.32
4734,,0.56,0.33
4735,,0.56,0.38
4736,,0.6,0.51
4737,,0.64,0.6
4738,,0.68,0.62
4739,,0.75,0.52
4740,,0.82,0.58
4741,,0.85,0.62
4742,,0.72,0.55
4743,,0.58,0.54
4744,,0.56,0.46
4745,,0.55,0.45
4746,,0.53,0.4
4747,,0.54,0.43
4748,,0.54,0.47
4749,,0.56,0.41
4750,,0.58,0.44
4751,,0.6,0.43
4752,,0.56,0.3
4753,,0.55,0.28
4754,,0.55,0.23
4755,,0.55,0.21
4756,,0.53,0.22
4757,,0.56,0.22
4758,,0.58,0.27
4759,,0.59,0.32
4760,,0.66,0.47
4761,,0.76,0.56
4762,,0.86,0.54
4763,,0.94,0.47
4764,,0.93,0.47
4765,,0.93,0.47
4766,,0.77,0.47
4767,,0.63,0.56
4768,,0.57,0.56
4769,,0.55,0.49
4770,,0.54,0.51
4771,,0.54,0.61
4772,,0.55,0.62
4773,,0.54,0.53
4774,,0.62,0.63
4775,,0.57,0.7
4776,,0.54,0.51
4777,,0.54,0.54
4778,,0.54,0.34
4779,,0.57,0.35
4780,,0.57,0.34
4781,,0.58,0.38
4782,,0.56,0.34
4783,,0.59,0.34
4784,,0.71,0.41
4785,,0.77,0.45
4786,,0.84,0.57
4787,,0.84,0.73
4788,,0.9,0.88
4789,,0.98,0.98
4790,,0.85,0.63
4791,,0.78,0.47
4792,,0.59,0.47
4793,,0.58,0.46
4794,,0.53,0.51
4795,,0.55,0.53
4796,,0.55,0.42
4797,,0.57,0.48
4798,,0.59,0.54
4799,,0.56,0.61
4800,,0.56,0.65
4801,,0.55,0.54
4802,,0.54,0.62
4803,,0.54,0.45
4804,,0.52,0.47
4805,,0.52,0.46
4806,,0.53,0.53
4807,,0.61,0.58
4808,,0.68,0.86
4809,,0.72,0.89
4810,,0.81,0.79
4811,,0.81,0.61
4812,,0.91,0.64
4813,,,0.62
4814,,,0.43
4815,,0.68,0.37
4816,,0.55,0.31
4817,,0.55,0.35
4818,,0.55,0.32
4819,,0.54,0.34
4820,,0.53,0.29
4821,,0.54,0.33
4822,,0.59,0.45
4823,,0.56,0.54
4824,,0.55,0.48
4825,,0.55,0.39
4826,,0.54,0.35
4827,,0.55,0.34
4828,,0.56,0.24
4829,,0.57,0.52
4830,,0.58,0.38
4831,,0.6,0.4
4832,,0.71,0.49
4833,,0.83,0.58
4834,,0.78,0.5
4835,,0.73,0.52
4836,,0.82,0.47
4837,,0.95,0.59
4838,,0.87,0.49
4839,,0.67,0.38
4840,,0.57,0.29
4841,,0.57,0.26
4842,,0.55,0.24
4843,,0.57,0.28
4844,,0.59,0.25
4845,,0.62,0.3
4846,,0.62,0.37
4847,,0.61,0.35
4848,,0.57,0.32
4849,,0.56,0.26
4850,,0.56,0.24
4851,,0.54,0.28
4852,,0.54,0.3
4853,,0.54,0.38
4854,,0.56,0.42
4855,,0.57,0.43
4856,,0.63,0.44
4857,,0.64,0.44
4858,,0.65,0.29
4859,,0.61,0.42
4860,,0.68,0.46
4861,,0.74,0.47
4862,,0.76,0.44
4863,,0.62,0.32
4864,,0.56,0.34
4865,,0.57,0.29
4866,,0.55,0.24
4867,,0.62,0.24
4868,,0.67,0.23
4869,,0.68,0.24
4870,,0.71,0.29
4871,,0.66,0.31
4872,,0.6,0.36
4873,,0.56,0.31
4874,,0.57,0.26
4875,,0.59,0.45
4876,,0.6,0.36
4877,,0.61,0.4
4878,,0.67,0.43
4879,,0.65,0.46
4880,,0.69,0.43
4881,,0.7,0.47
4882,,0.68,0.61
4883,,0.71,0.59
4884,,0.71,0.63
4885,,0.67,0.58
4886,,0.58,0.45
4887,,0.54,0.26
4888,,0.53,0.24
4889,,0.52,0.22
4890,,0.53,0.22
4891,,0.61,0.22
4892,,0.54,0.22
4893,,0.54,0.25
4894,,0.56,0.26
4895,,0.53,0.26
4896,,0.54,0.3
4897,,0.53,0.25
4898,,0.55,0.28
4899,,0.55,0.26
4900,,0.55,0.26
4901,,0.58,0.24
4902,,0.54,0.28
4903,,0.59,0.31
4904,,0.67,0.42
4905,,0.86,0.41
4906,,0.95,0.47
4907,,0.85,0.61
4908,,0.75,0.58
4909,,0.63,0.57
4910,,0.58,0.41
4911,,0.55,0.33
4912,,0.55,0.37
4913,,0.56,0.36
4914,,0.55,0.34
4915,,0.57,0.29
4916,,0.58,0.34
4917,,0.64,0.36
4918,,0.66,0.33
4919,,0.66,0.37
4920,,0.62,0.34
4921,,0.55,0.27
4922,,0.57,0.25
4923,,0.56,0.22
4924,,0.55,0.24
4925,,0.57,0.29
4926,,0.55,0.28
4927,,0.6,0.31
4928,,0.66,0.55
4929,,0.66,0.77
4930,,0.69,0.8
4931,,0.72,0.57
4932,,0.94,0.5
4933,,0.69,0.43
4934,,0.55,0.43
4935,,0.54,0.46
4936,,0.54,0.44
4937,,0.54,0.43
4938,,0.54,0.61
4939,,0.56,0.58
4940,,0.54,0.7
4941,,0.54,0.78
4942,,0.55,0.59
4943,,0.57,0.75
4944,,0.57,0.37
4945,,0.54,0.32
4946,,0.53,0.36
4947,,0.53,0.41
4948,,0.53,0.51
4949,,0.57,0.41
4950,,0.6,0.43
4951,,0.62,0.48
4952,,0.65,0.58
4953,,0.75,0.59
4954,,0.81,0.59
4955,,0.92,0.72
4956,,0.94,0.6
4957,,0.89,0.66
4958,,0.74,0.9
4959,,0.66,0.9
4960,,0.63,0.82
4961,,0.55,0.74
4962,,0.55,0.73
4963,,0.54,0.76
4964,,,0.9
4965,,0.56,0.71
4966,,0.6,0.84
4967,,0.64,1.1
4968,,0.54,0.86
4969,,0.51,0.94
4970,,0.52,0.94
4971,,0.52,0.93
4972,,0.53,0.57
4973,,0.53,0.6
4974,,0.55,0.51
4975,,0.56,0.6
4976,,0.65,0.75
4977,,0.73,0.89
4978,,0.8,0.75
4979,,0.86,0.81
4980,,0.82,0.78
4981,,0.79,0.97
4982,,0.73,0.93
4983,,0.67,0.93
4984,,0.57,1.01
4985,,0.57,0.83
4986,,0.54,0.68
4987,,0.55,0.51
4988,,0.53,0.62
4989,,0.58,0.75
4990,,0.58,0.75
4991,,0.54,0.74
4992,,0.54,0.65
4993,,0.52,0.58
4994,,0.54,0.58
4995,,0.53,0.43
4996,,0.52,0.53
4997,,0.52,0.43
4998,,0.56,0.62
4999,,0.62,0.64
5000,,0.69,0.72
5001,,0.81,0.68
5002,,0.89,0.83
5003,,0.94,0.73
5004,,1.01,0.57
5005,,0.84,0.55
5006,,0.66,0.68
5007,,0.56,0.55
5008,,0.52,0.46
5009,,0.52,0.49
5010,,0.53,0.45
5011,,0.54,0.44
5012,,0.55,0.4
5013,,0.58,0.48
5014,,0.56,0.41
5015,,0.56,0.42
5016,,0.58,0.42
5017,,0.56,0.37
5018,,0.56,0.4
5019,,0.55,0.33
5020,,0.59,0.38
5021,,0.58,0.4
5022,,0.67,0.52
5023,,0.64,0.47
5024,,0.69,0.46
5025,,0.69,0.52
5026,,0.78,0.52
5027,,0.82,0.49
5028,,0.87,0.47
5029,,0.79,0.47
5030,,0.7,0.47
5031,,0.61,0.46
5032,,0.58,0.38
5033,,0.56,0.35
5034,,0.54,0.32
5035,,0.54,0.35
5036,,0.55,0.33
5037,,0.57,0.4
5038,,0.57,0.36
5039,,0.56,0.36
5040,,0.55,0.41
5041,,0.54,0.41
5042,,0.55,0.47
5043,,0.59,0.36
5044,,0.57,0.43
5045,,0.59,0.43
5046,,0.59,0.41
5047,,0.59,0.45
5048,,0.61,0.52
5049,,0.68,0.59
5050,,0.73,0.57
5051,,0.67,0.57
5052,,0.61,0.66
5053,,0.58,0.66
5054,,0.54,0.57
5055,,0.53,0.48
5056,,0.53,0.38
5057,,0.54,0.3
5058,,0.54,0.31
5059,,0.53,0.35
5060,,0.55,0.36
5061,,0.54,0.34
5062,,0.59,0.32
5063,,0.57,0.36
5064,,0.56,0.33
5065,,0.54,0.24
5066,,0.55,0.24
5067,,0.56,0.23
5068,,0.55,0.24
5069,,0.54,0.24
5070,,0.55,0.25
5071,,0.58,0.25
5072,,0.62,0.39
5073,,0.78,0.38
5074,,0.81,0.57
5075,,0.82,0.65
5076,,0.83,0.73
5077,,0.86,0.81
5078,,0.66,0.86
5079,,0.59,0.72
5080,,0.57,0.54
5081,,0.55,0.4
5082,,0.56,0.33
5083,,0.6,0.32
5084,,0.58,0.32
5085,,0.59,0.36
5086,,0.62,0.38
5087,,0.6,0.3
5088,,0.56,0.32
5089,,,0.3
5090,,0.55,0.26
5091,,0.54,0.38
5092,,0.54,0.39
5093,,0.54,0.34
5094,,0.53,0.36
5095,,0.56,0.34
5096,,0.66,0.41
5097,,0.75,0.47
5098,,0.84,0.65
5099,,0.97,0.69
5100,,1.01,0.83
5101,,0.8,0.85
5102,,0.62,0.85
5103,,0.61,0.67
5104,,0.62,0.47
5105,,0.58,0.33
5106,,0.56,0.3
5107,,0.58,0.33
5108,,0.57,0.32
5109,,0.59,0.31
5110,,0.59,0.3
5111,,0.56,0.27
5112,,0.57,0.3
5113,,0.55,
5114,,0.54,0.29
5115,,0.53,0.31
5116,,0.53,0.29
5117,,0.53,0.32
5118,,0.57,0.32
5119,,0.59,0.4
5120,,0.65,0.42
5121,,0.69,0.47
5122,,0.74,0.55
5123,,0.74,0.62
5124,,0.74,0.66
5125,,0.77,0.69
5126,,0.66,0.6
5127,,0.6,0.48
5128,,0.57,0.38
5129,,0.56,0.31
5130,,0.55,0.31
5131,,0.57,0.33
5132,,0.57,0.34
5133,,0.59,0.38
5134,,0.58,0.4
5135,,0.6,0.4
5136,,0.56,0.38
5137,,0.53,0.41
5138,,0.55,0.34
5139,,0.54,0.36
5140,,0.56,0.37
5141,,0.54,0.38
5142,,0.54,0.34
5143,,0.57,0.57
5144,,0.63,0.61
5145,,0.79,0.59
5146,,0.83,0.57
5147,,0.78,0.7
5148,,0.74,0.78
5149,,0.89,0.73
5150,,0.8,0.54
5151,,0.74,0.42
5152,,0.66,0.33
5153,,0.61,0.27
5154,,0.61,0.28
5155,,0.63,0.37
5156,,0.6,0.33
5157,,0.62,0.33
5158,,0.63,0.39
5159,,0.63,0.48
5160,,0.62,0.38
5161,,0.58,0.47
5162,,0.56,0.36
5163,,0.57,0.39
5164,,0.59,0.3
5165,,0.57,0.31
5166,,0.59,0.48
5167,,0.65,0.53
5168,,0.74,0.62
5169,,0.87,0.94
5170,,0.85,0.68
5171,,0.77,0.51
5172,,0.85,0.46
5173,,0.98,0.65
5174,,0.82,0.42
5175,,0.72,0.35
5176,,0.65,0.32
5177,,0.63,0.29
5178,,0.57,0.28
5179,,0.57,0.29
5180,,0.56,0.34
5181,,0.59,0.32
5182,,0.61,0.43
5183,,0.64,0.42
5184,,0.67,0.49
5185,,0.64,0.45
5186,,0.58,0.36
5187,,0.63,0.3
5188,,0.62,0.4
5189,,0.62,0.47
5190,,0.62,0.51
5191,,0.63,0.45
5192,,0.73,0.48
5193,,0.89,0.53
5194,,0.91,0.43
5195,,0.89,0.22
5196,,0.94,0.5
5197,,0.9,0.43
5198,,0.81,0.4
5199,,0.78,0.35
5200,,0.67,0.33
5201,,0.61,0.28
5202,,0.56,0.25
5203,,0.59,0.27
5204,,0.59,0.29
5205,,0.61,0.33
5206,,0.62,0.38
5207,,0.62,0.42
5208,,0.63,0.39
5209,,0.64,0.43
5210,,0.61,0.33
5211,,0.6,0.33
5212,,0.61,0.37
5213,,0.65,0.41
5214,,0.67,0.4
5215,,0.69,0.5
5216,,0.69,0.61
5217,,0.72,0.61
5218,,0.71,0.77
5219,,0.72,0.86
5220,,0.74,0.91
5221,,0.85,0.72
5222,,0.74,0.49
5223,,0.66,0.38
5224,,0.63,0.34
5225,,0.6,0.3
5226,,0.59,0.33
5227,,0.56,0.33
5228,,0.56,0.36
5229,,0.57,0.34
5230,,0.64,0.36
5231,,0.6,0.35
5232,,0.64,0.36
5233,,0.66,0.35
5234,,0.65,0.28
5235,,0.63,0.21
5236,,0.63,0.17
5237,,0.6,0.15
5238,,0.62,0.14
5239,,0.66,0.22
5240,,0.73,0.23
5241,,0.76,0.3
5242,,0.87,0.25
5243,,0.95,0.16
5244,,1.01,0.16
5245,,1.04,0.55
5246,,0.92,0.79
5247,,0.86,0.68
5248,,0.8,0.68
5249,,0.71,0.66
5250,,0.61,0.64
5251,,0.61,0.65
5252,,0.6,0.65
5253,,0.6,0.68
5254,,0.63,0.7
5255,,0.61,0.74
5256,,0.61,0.71
5257,,0.58,0.66
5258,,0.56,0.69
5259,,0.59,0.94
5260,,0.57,0.85
5261,,0.58,0.93
5262,,0.62,0.94
5263,,0.6,0.91
5264,,0.65,1.32
5265,,0.71,1.57
5266,,0.82,1.15
5267,,0.9,0.91
5268,,0.93,0.79
5269,,1.05,0.75
5270,,0.95,0.81
5271,,0.81,0.89
5272,,0.69,0.8
5273,,0.67,0.77
5274,,0.59,0.76
5275,,0.61,0.84
5276,,0.63,0.8
5277,,0.63,0.93
5278,,0.62,1.04
5279,,0.58,0.94
5280,,0.59,0.75
5281,,0.63,0.68
5282,,0.62,0.77
5283,,0.58,0.82
5284,,0.58,0.8
5285,,0.6,0.86
5286,,0.64,0.8
5287,,0.65,0.89
5288,,0.68,1.25
5289,,0.75,1.29
5290,,0.81,1.25
5291,,0.9,1.06
5292,,0.98,0.61
5293,,1.01,0.63
5294,,0.93,0.67
5295,,0.89,0.72
5296,,0.76,0.75
5297,,0.78,0.78
5298,,0.82,0.75
5299,,0.75,0.88
5300,,0.86,0.78
5301,,0.93,0.82
5302,,1.11,0.89
5303,,0.73,0.93
5304,,0.74,0.8
5305,,0.64,0.82
5306,,0.61,0.8
5307,,0.62,0.78
5308,,0.66,0.73
5309,,0.73,0.76
5310,,0.72,0.73
5311,,0.71,0.75
5312,,0.77,0.83
5313,,0.87,0.86
5314,,0.91,0.85
5315,,0.98,0.95
5316,,1.0,0.87
5317,,1.18,0.82
5318,,0.95,0.76
5319,,0.77,0.71
5320,,0.79,0.7
5321,,0.69,0.69
5322,,0.69,0.71
5323,,0.7,0.75
5324,,0.66,0.75
5325,,0.67,0.78
5326,,0.72,0.8
5327,,0.63,0.78
5328,,0.64,0.75
5329,,0.64,0.68
5330,,0.64,0.67
5331,,0.64,0.67
5332,,0.67,0.68
5333,,0.64,0.67
5334,,0.65,0.67
5335,,0.67,0.7
5336,,0.72,0.79
5337,,0.8,0.79
5338,,0.86,0.9
5339,,0.93,1.06
5340,,1.02,0.94
5341,,1.03,0.77
5342,,0.91,0.7
5343,,0.81,0.65
5344,,0.66,0.65
5345,,0.62,0.65
5346,,0.7,0.65
5347,,0.68,0.64
5348,,0.67,0.66
5349,,0.72,0.66
5350,,0.65,0.73
5351,,0.65,0.78
5352,,0.62,0.8
5353,,0.62,0.81
5354,,0.62,0.73
5355,,0.62,0.73
5356,,0.64,0.68
5357,,0.65,0.79
5358,,0.62,0.79
5359,,0.62,0.91
5360,,0.69,0.88
5361,,0.7,1.01
5362,,0.73,0.87
5363,,0.79,0.83
5364,,0.9,0.85
5365,,0.93,0.82
5366,,0.8,0.99
5367,,0.72,0.87
5368,,0.65,0.81
5369,,0.65,0.68
5370,,0.61,0.65
5371,,0.62,0.64
5372,,0.61,0.65
5373,,0.63,0.68
5374,,0.63,0.75
5375,,0.61,0.81
5376,,0.63,0.86
5377,,0.6,0.72
5378,,0.63,0.65
5379,,0.64,0.68
5380,,0.62,0.63
5381,,0.57,0.62
5382,,0.55,0.71
5383,,0.56,0.74
5384,,0.58,0.81
5385,,0.6,0.88
5386,,0.62,1.04
5387,,0.64,1.02
5388,,0.75,1.09
5389,,0.81,1.06
5390,,0.7,0.98
5391,,0.59,0.86
5392,,0.56,0.71
5393,,0.54,0.71
5394,,0.53,0.68
5395,,0.54,0.71
5396,,0.55,0.68
5397,,0.57,0.72
5398,,0.58,0.74
5399,,0.59,0.7
5400,,0.57,0.71
5401,,0.57,0.66
5402,,0.56,0.65
5403,,0.54,0.64
5404,,0.54,0.66
5405,,0.54,0.7
5406,,0.58,0.72
5407,,0.6,0.78
5408,,0.65,0.86
5409,,0.69,0.96
5410,,0.72,1.08
5411,,0.84,1.03
5412,,0.82,1.08
5413,,0.82,1.31
5414,,0.69,1.16
5415,,0.61,0.9
5416,,0.58,0.71
5417,,0.57,0.69
5418,,0.55,0.67
5419,,0.58,0.69
5420,,0.6,0.69
5421,,0.61,0.69
5422,,0.61,0.71
5423,,0.59,0.75
5424,,0.59,0.7
5425,,0.56,0.68
5426,,0.57,0.66
5427,,0.57,0.67
5428,,0.55,0.68
5429,,0.54,0.66
5430,,0.54,0.71
5431,,0.61,0.73
5432,,0.72,0.81
5433,,0.73,0.84
5434,,0.77,0.9
5435,,0.79,0.99
5436,,0.87,1.08
5437,,0.72,1.16
5438,,0.64,1.06
5439,,0.59,1.02
5440,,0.57,0.96
5441,,0.59,0.85
5442,,0.61,0.75
5443,,0.6,0.74
5444,,0.61,0.76
5445,,0.68,0.88
5446,,0.79,0.83
5447,,0.62,0.78
5448,,0.61,0.72
5449,,0.64,0.71
5450,,0.6,0.69
5451,,0.61,0.67
5452,,0.63,0.74
5453,,0.63,0.7
5454,,0.67,0.83
5455,,0.74,0.86
5456,,0.99,1.03
5457,,0.98,1.14
5458,,0.83,1.01
5459,,0.9,0.96
5460,,0.81,1.13
5461,,0.67,1.3
5462,,0.62,1.27
5463,,0.62,1.19
5464,,0.61,1.06
5465,,0.59,0.95
5466,,0.59,0.94
5467,,0.58,0.85
5468,,0.6,0.83
5469,,0.65,0.9
5470,,0.62,0.85
5471,,0.66,0.85
5472,,0.62,0.77
5473,,0.62,0.77
5474,,0.62,0.76
5475,,0.63,0.73
5476,,0.59,0.75
5477,,0.58,0.78
5478,,0.6,0.8
5479,,0.71,0.82
5480,,0.91,0.89
5481,,1.07,1.0
5482,,0.77,0.97
5483,,0.8,1.02
5484,,0.8,1.14
5485,,0.84,1.29
5486,,0.69,1.01
5487,,0.61,0.82
5488,,0.6,0.73
5489,0.9,0.58,0.73
5490,0.89,0.59,0.74
5491,0.86,0.6,0.77
5492,0.84,0.63,0.77
5493,0.85,0.66,0.88
5494,0.86,0.66,0.93
5495,0.79,0.66,0.87
5496,0.71,0.65,0.87
5497,0.71,0.61,0.85
5498,0.71,0.62,0.83
5499,0.72,0.58,0.8
5500,0.72,0.58,0.84
5501,0.72,0.61,0.81
5502,0.74,0.62,0.84
5503,0.85,0.67,0.88
5504,1.07,0.67,0.89
5505,1.0,0.74,0.9
5506,0.94,0.89,0.93
5507,0.87,0.9,0.98
5508,0.92,0.96,1.1
5509,1.03,1.06,1.15
5510,1.04,0.77,1.13
5511,0.82,0.69,0.94
5512,0.73,0.6,0.82
5513,0.72,0.58,0.79
5514,0.7,0.59,0.82
5515,0.7,0.6,0.78
5516,0.74,0.62,0.8
5517,0.73,0.66,0.79
5518,0.84,0.72,0.95
5519,0.68,0.65,0.96
5520,0.65,0.62,0.94
5521,0.65,0.61,0.94
5522,0.65,0.64,0.94
5523,0.64,0.63,0.92
5524,0.64,0.61,0.9
5525,0.64,0.62,0.91
5526,0.65,0.61,0.89
5527,0.72,0.61,0.86
5528,0.77,0.67,0.94
5529,0.83,0.72,1.08
5530,0.86,0.75,1.02
5531,0.88,0.81,1.04
5532,0.95,0.89,1.15
5533,0.98,0.94,1.06
5534,1.02,0.98,0.87
5535,0.85,0.8,0.79
5536,0.63,0.71,0.74
5537,0.65,0.6,0.74
5538,0.67,0.6,0.73
5539,0.67,0.59,0.74
5540,0.67,0.59,0.77
5541,0.75,0.6,0.83
5542,0.74,0.64,0.94
5543,0.61,0.68,0.88
5544,0.61,0.69,0.82
5545,0.61,0.74,0.78
5546,0.6,0.73,0.78
5547,0.58,0.68,0.76
5548,0.59,0.66,0.75
5549,0.58,0.67,0.87
5550,0.6,0.64,0.94
5551,0.67,0.65,0.91
5552,0.7,0.72,0.98
5553,0.83,0.76,0.99
5554,1.03,0.76,0.9
5555,0.94,0.76,1.14
5556,0.92,0.82,1.63
5557,0.94,0.66,1.4
5558,0.8,0.65,1.16
5559,0.7,0.61,1.07
5560,0.61,0.59,0.83
5561,0.71,0.59,0.79
5562,0.62,0.57,0.79
5563,0.57,0.58,0.83
5564,0.57,0.59,0.83
5565,0.61,0.59,0.86
5566,0.66,0.68,0.93
5567,0.64,0.68,0.94
5568,0.59,0.63,0.82
5569,0.6,0.64,0.86
5570,0.62,0.69,0.78
5571,0.62,0.72,0.75
5572,0.68,0.73,0.77
5573,0.65,0.73,0.79
5574,0.68,0.74,0.85
5575,0.68,0.82,0.96
5576,0.72,0.99,1.18
5577,0.74,1.01,1.43
5578,0.7,0.9,1.42
5579,0.73,0.87,1.24
5580,0.71,0.95,1.2
5581,0.69,0.73,1.11
5582,0.76,0.64,0.93
5583,0.61,0.61,0.85
5584,0.62,0.64,0.82
5585,0.6,0.63,0.8
5586,0.59,0.62,0.79
5587,0.59,0.66,0.83
5588,0.61,0.67,0.82
5589,0.61,0.69,0.85
5590,0.66,0.65,0.93
5591,0.66,0.65,0.99
5592,0.69,0.65,0.88
5593,0.63,0.66,0.87
5594,0.59,0.62,0.8
5595,0.59,0.63,0.79
5596,0.58,0.69,0.86
5597,0.58,0.65,0.91
5598,0.6,0.62,1.0
5599,0.69,0.63,1.06
5600,0.94,0.7,1.33
5601,1.02,0.77,1.58
5602,0.89,0.86,1.18
5603,0.86,0.78,1.13
5604,0.82,0.69,1.26
5605,0.89,0.68,1.12
5606,0.87,0.6,1.02
5607,0.81,0.61,0.9
5608,0.72,0.69,0.82
5609,0.77,0.62,0.77
5610,0.79,0.68,0.78
5611,0.82,0.66,0.8
5612,0.78,0.63,0.83
5613,0.73,0.66,0.83
5614,0.6,0.64,0.9
5615,0.64,0.63,0.91
5616,0.63,0.67,0.87
5617,0.7,0.6,0.86
5618,0.56,0.57,0.8
5619,0.54,0.58,0.75
5620,0.61,0.56,0.74
5621,0.59,0.55,0.75
5622,0.65,0.57,1.01
5623,0.69,0.58,1.11
5624,0.77,0.7,1.55
5625,0.98,0.69,1.64
5626,1.0,0.71,1.23
5627,0.98,0.73,1.17
5628,0.92,0.71,1.24
5629,0.83,0.69,1.01
5630,0.71,0.65,0.95
5631,0.65,0.67,0.83
5632,0.6,0.64,0.82
5633,0.56,0.62,0.8
5634,0.56,0.63,0.79
5635,0.71,0.64,0.82
5636,0.65,0.67,0.84
5637,0.64,0.65,0.88
5638,0.67,0.63,0.88
5639,0.59,0.63,0.92
5640,,,0.87
5641,0.5,0.63,0.81
5642,0.51,0.63,0.8
5643,0.49,0.6,0.77
5644,0.49,0.58,0.8
5645,0.51,0.57,0.86
5646,0.52,0.58,0.91
5647,0.58,0.65,1.02
5648,0.74,0.72,1.25
5649,0.76,0.71,1.38
5650,0.65,0.71,1.16
5651,0.62,0.75,1.27
5652,0.66,0.77,1.43
5653,0.65,0.65,1.25
5654,0.72,0.62,1.06
5655,0.69,0.61,0.92
5656,0.64,0.59,0.8
5657,0.61,0.59,0.76
5658,0.59,0.59,0.76
5659,0.56,0.62,0.81
5660,0.62,0.63,0.82
5661,0.61,0.63,0.9
5662,0.75,0.62,0.91
5663,0.59,0.61,0.91
5664,0.56,0.61,0.86
5665,0.58,0.58,0.81
5666,0.49,0.58,0.87
5667,0.49,0.57,0.88
5668,0.45,0.58,0.86
5669,0.43,0.56,0.87
5670,0.44,0.63,0.86
5671,0.53,0.65,0.91
5672,0.68,0.74,1.07
5673,0.72,0.83,1.0
5674,0.72,0.79,1.02
5675,0.78,0.74,1.01
5676,0.75,0.88,1.1
5677,0.73,0.69,1.2
5678,0.76,0.72,0.95
5679,0.65,0.65,0.93
5680,0.57,0.62,0.86
5681,0.58,0.61,0.82
5682,0.57,0.6,0.88
5683,0.58,0.64,0.84
5684,0.54,0.64,0.86
5685,0.67,0.68,0.84
5686,0.84,0.65,0.86
5687,0.92,0.68,1.0
5688,0.76,0.66,0.86
5689,0.51,0.68,0.9
5690,0.58,0.69,0.86
5691,0.49,0.71,0.87
5692,0.47,0.72,0.83
5693,0.47,0.72,0.8
5694,0.44,0.71,0.81
5695,0.51,0.75,0.83
5696,0.54,0.86,0.88
5697,0.61,0.98,0.98
5698,0.69,0.98,1.06
5699,0.87,0.98,0.92
5700,0.8,0.79,0.9
5701,0.79,0.86,0.9
5702,0.73,0.74,0.88
5703,0.68,0.67,0.82
5704,0.61,0.65,0.78
5705,0.53,0.63,0.78
5706,0.64,0.62,0.8
5707,0.7,0.62,0.82
5708,0.77,0.63,0.85
5709,0.87,0.63,0.88
5710,1.08,0.62,0.82
5711,0.95,0.65,0.82
5712,0.86,0.63,0.82
5713,0.67,0.66,0.78
5714,0.66,0.72,0.75
5715,0.7,0.74,0.76
5716,0.66,0.8,0.78
5717,0.65,0.78,0.81
5718,0.63,0.8,0.82
5719,0.57,0.77,0.89
5720,0.66,0.8,1.2
5721,0.73,0.85,1.46
5722,0.68,0.87,1.21
5723,0.66,0.85,1.23
5724,0.58,0.81,1.23
5725,0.64,0.72,1.19
5726,0.8,0.66,1.17
5727,0.79,0.63,0.89
5728,0.63,0.62,0.84
5729,0.48,0.59,0.81
5730,0.44,0.58,0.81
5731,0.48,0.59,0.84
5732,0.6,0.6,1.03
5733,0.64,0.62,0.95
5734,0.58,0.72,0.96
5735,0.46,0.71,1.0
5736,0.4,0.67,0.88
5737,0.39,0.65,0.83
5738,0.43,0.61,0.83
5739,0.39,0.56,0.8
5740,0.41,0.7,0.79
5741,0.45,0.74,0.78
5742,0.45,0.73,0.8
5743,0.49,0.84,0.83
5744,0.58,1.11,1.01
5745,0.61,1.3,1.21
5746,0.49,0.82,1.06
5747,0.47,0.74,1.04
5748,0.71,0.66,1.16
5749,0.78,0.73,1.27
5750,0.63,0.79,1.13
5751,0.48,0.65,0.86
5752,0.42,0.62,0.83
5753,0.38,0.58,0.84
5754,0.36,0.58,0.89
5755,0.37,0.61,0.98
5756,0.4,0.74,1.27
5757,0.54,0.68,1.25
5758,0.54,0.65,1.21
5759,0.5,0.75,1.18
5760,0.37,0.76,1.15
5761,0.38,0.66,1.21
5762,0.39,0.56,0.96
5763,0.36,0.61,0.89
5764,0.38,0.77,1.01
5765,0.39,0.8,0.98
5766,0.4,0.73,0.94
5767,0.52,0.83,0.91
5768,1.01,1.17,1.06
5769,0.63,1.46,1.46
5770,0.54,0.91,1.05
5771,0.57,0.93,1.0
5772,0.62,0.93,1.05
5773,0.82,0.75,1.15
5774,0.7,0.83,1.23
5775,0.51,0.67,0.92
5776,0.42,0.64,0.86
5777,0.41,0.64,0.81
5778,0.39,0.68,0.82
5779,0.44,0.77,0.89
5780,0.4,0.96,1.0
5781,0.53,0.89,0.87
5782,0.48,0.77,0.86
5783,0.49,0.79,0.88
5784,0.39,0.94,0.97
5785,0.37,0.83,1.05
5786,0.4,0.83,0.94
5787,0.41,0.76,0.81
5788,0.41,0.75,0.79
5789,0.37,0.76,0.8
5790,0.41,0.73,0.84
5791,0.51,0.83,0.87
5792,0.81,0.98,1.09
5793,0.72,1.19,1.32
5794,0.77,0.99,1.03
5795,0.76,0.62,1.01
5796,0.7,0.63,1.05
5797,0.84,0.68,1.16
5798,0.59,0.81,1.33
5799,0.49,0.68,1.16
5800,0.41,0.66,1.1
5801,0.43,0.61,1.05
5802,0.51,0.6,0.98
5803,0.51,0.62,0.94
5804,0.43,0.72,1.13
5805,0.41,0.71,1.05
5806,0.4,0.67,1.15
5807,0.38,0.66,1.06
5808,0.31,0.64,1.12
5809,0.36,0.61,1.02
5810,0.33,0.63,0.93
5811,0.3,0.64,0.92
5812,0.28,0.65,1.0
5813,0.29,0.66,0.98
5814,0.31,0.74,1.03
5815,0.41,0.86,1.1
5816,0.84,1.11,1.47
5817,0.68,1.29,1.65
5818,0.59,0.98,1.43
5819,0.55,0.82,1.2
5820,0.52,0.76,1.23
5821,0.88,0.84,1.19
5822,0.53,0.8,1.24
5823,0.47,0.66,1.03
5824,0.4,0.66,0.95
5825,0.41,0.64,0.95
5826,0.42,0.64,0.96
5827,0.45,0.67,0.94
5828,0.39,0.79,1.16
5829,0.48,0.73,1.08
5830,0.42,0.77,1.07
5831,0.45,0.72,1.18
5832,0.32,0.66,1.23
5833,,,1.07
5834,0.33,0.7,0.99
5835,0.31,0.68,1.06
5836,0.28,0.73,1.06
5837,0.28,0.75,1.06
5838,0.31,0.78,1.03
5839,0.38,0.82,1.04
5840,0.84,1.11,1.24
5841,0.72,1.25,1.51
5842,0.95,1.2,1.38
5843,1.01,0.94,1.24
5844,0.72,1.01,1.12
5845,0.85,0.83,1.09
5846,0.41,0.78,1.27
5847,0.31,0.67,1.07
5848,,0.66,0.98
5849,0.85,0.66,0.97
5850,1.26,0.68,0.97
5851,1.32,0.72,0.93
5852,1.25,0.8,1.12
5853,1.3,0.75,1.18
5854,1.36,0.76,1.06
5855,1.22,0.78,1.02
5856,1.21,0.67,0.99
5857,1.16,0.72,
5858,1.19,0.66,1.43
5859,1.16,0.67,1.08
5860,1.15,0.66,0.87
5861,1.18,0.67,0.86
5862,1.19,0.64,1.0
5863,1.31,0.63,1.03
5864,1.86,0.79,1.18
5865,1.65,0.9,1.1
5866,1.46,0.77,1.08
5867,1.51,0.67,1.09
5868,1.53,0.7,0.97
5869,1.52,0.71,0.95
5870,1.26,0.77,1.03
5871,1.22,0.74,0.96
5872,1.22,0.73,0.96
5873,1.2,0.72,0.97
5874,1.24,0.7,1.04
5875,1.3,0.69,1.18
5876,1.27,0.69,1.02
5877,1.29,0.73,1.12
5878,1.27,0.71,1.27
5879,1.33,0.74,1.59
5880,1.24,0.75,1.34
5881,1.25,0.67,1.34
5882,1.26,0.68,1.38
5883,1.23,0.7,1.17
5884,1.21,0.71,1.18
5885,1.21,0.75,0.93
5886,1.22,0.76,0.91
5887,1.26,0.8,0.95
5888,1.29,0.84,1.03
5889,1.43,0.86,1.71
5890,1.37,0.76,1.32
5891,1.35,0.75,1.5
5892,1.31,0.69,1.6
5893,1.26,0.76,1.34
5894,1.25,0.84,1.3
5895,1.24,0.77,1.19
5896,1.21,0.76,1.19
5897,1.23,0.73,1.17
5898,1.38,0.71,1.16
5899,1.32,0.68,1.43
5900,1.31,0.68,1.77
5901,1.35,0.73,1.46
5902,1.34,0.75,1.18
5903,1.29,0.72,1.07
5904,1.28,0.69,1.11
5905,1.22,0.68,0.96
5906,1.19,0.69,0.9
5907,1.19,0.69,0.88
5908,1.18,0.63,0.97
5909,1.19,0.63,0.97
5910,1.18,0.63,0.99
5911,1.16,0.66,1.06
5912,1.19,0.73,1.37
5913,1.2,0.87,1.73
5914,1.22,0.94,1.27
5915,1.21,0.99,1.32
5916,1.21,1.01,1.16
5917,1.19,1.09,1.63
5918,1.18,1.1,1.66
5919,1.2,0.93,1.24
5920,1.2,0.81,1.35
5921,1.18,0.76,1.37
5922,1.2,0.75,1.31
5923,1.18,0.8,1.37
5924,1.2,0.77,1.66
5925,1.3,0.75,1.87
5926,1.26,0.8,1.76
5927,1.25,0.83,1.07
5928,1.22,0.77,1.22
5929,1.29,0.66,1.17
5930,1.21,0.64,0.94
5931,1.18,0.66,0.96
5932,1.13,0.62,0.98
5933,1.09,0.6,1.0
5934,1.1,0.63,0.99
5935,1.19,0.66,1.1
5936,1.36,0.77,1.29
5937,1.53,1.0,2.38
5938,1.48,0.9,1.7
5939,1.45,0.99,1.5
5940,1.45,1.1,1.45
5941,1.54,1.14,1.16
5942,1.49,1.06,1.16
5943,1.36,0.84,0.92
5944,1.44,0.77,1.03
5945,1.36,0.66,1.01
5946,1.38,0.63,1.14
5947,1.33,0.66,1.17
5948,1.39,0.71,1.71
5949,1.46,0.7,1.37
5950,1.26,0.69,1.35
5951,1.27,0.63,1.39
5952,1.16,0.66,1.29
5953,1.11,0.65,1.36
5954,1.13,0.61,1.28
5955,1.08,0.6,1.15
5956,1.13,0.6,1.2
5957,1.21,0.63,1.13
5958,1.3,0.63,1.12
5959,1.42,0.64,1.06
5960,1.86,0.72,1.2
5961,1.54,0.87,2.06
5962,1.39,0.8,1.17
5963,1.31,0.89,1.12
5964,1.51,0.88,1.41
5965,1.52,0.91,1.2
5966,1.42,1.29,1.47
5967,1.25,0.97,1.12
5968,1.29,0.67,1.19
5969,1.59,0.65,1.34
5970,1.78,0.65,1.2
5971,1.97,0.68,1.24
5972,1.79,0.8,1.67
5973,1.47,0.66,2.14
5974,1.4,0.64,2.04
5975,1.3,0.63,1.88
5976,1.19,0.6,1.73
5977,1.13,0.59,1.35
5978,1.16,0.58,1.32
5979,1.17,0.58,1.25
5980,1.23,0.59,1.28
5981,1.3,0.59,1.25
5982,1.41,0.6,1.22
5983,1.77,0.63,1.14
5984,2.48,0.7,1.62
5985,2.43,0.87,2.87
5986,1.85,0.82,2.04
5987,1.38,0.74,1.84
5988,1.49,0.86,1.55
5989,1.49,0.93,1.44
5990,1.31,0.83,1.33
5991,1.3,0.66,1.2
5992,1.28,0.64,1.04
5993,1.27,0.68,1.1
5994,1.37,0.64,1.28
5995,1.56,0.68,1.31
5996,1.57,0.72,1.93
5997,1.38,0.71,1.39
5998,1.62,0.65,1.52
5999,1.91,0.68,1.71
6000,1.64,0.7,2.38
6001,1.54,0.66,1.91
6002,1.47,0.62,1.16
6003,1.25,0.62,1.08
6004,1.21,0.62,1.12
6005,1.29,0.61,1.13
6006,1.47,0.62,1.2
6007,1.66,0.72,1.15
6008,3.06,0.78,1.3
6009,3.23,0.84,1.08
6010,1.58,0.84,1.05
6011,1.24,0.76,1.06
6012,1.1,0.93,1.04
6013,1.35,0.95,0.95
6014,1.2,0.86,1.07
6015,1.27,0.76,1.11
6016,1.2,0.72,1.03
6017,1.25,0.64,1.03
6018,1.31,0.63,1.01
6019,1.34,0.67,1.07
6020,1.32,0.76,1.14
6021,1.43,0.69,1.18
6022,1.54,0.7,1.23
6023,1.28,0.69,1.18
6024,1.22,0.63,1.22
6025,1.39,0.61,1.18
6026,1.39,0.62,1.3
6027,1.47,0.64,1.16
6028,1.48,0.64,1.11
6029,1.48,0.65,1.02
6030,1.34,0.69,0.96
6031,1.69,0.69,0.96
6032,2.76,0.75,0.97
6033,2.52,0.8,1.12
6034,2.14,0.84,1.15
6035,1.6,0.91,1.15
6036,1.25,1.02,1.08
6037,1.67,0.85,1.0
6038,1.4,0.7,0.94
6039,1.3,0.66,0.94
6040,1.31,0.61,0.94
6041,1.26,0.63,0.99
6042,1.27,0.63,1.03
6043,1.33,0.68,1.04
6044,1.26,0.63,1.1
6045,1.37,0.7,1.17
6046,1.42,0.69,1.14
6047,1.3,0.64,1.19
6048,1.27,0.68,1.22
6049,1.2,0.63,1.26
6050,1.18,0.64,1.41
6051,1.17,0.67,1.4
6052,1.24,0.66,1.21
6053,1.22,0.66,1.11
6054,1.19,0.68,1.11
6055,1.39,0.68,1.34
6056,1.67,0.74,1.66
6057,1.31,0.81,2.15
6058,1.31,0.79,1.68
6059,1.48,0.76,1.17
6060,1.7,0.97,1.12
6061,1.58,0.9,1.1
6062,1.31,0.7,1.23
6063,1.19,0.62,1.07
6064,1.12,0.59,1.09
6065,1.12,0.58,1.06
6066,1.13,0.6,1.15
6067,1.16,0.59,1.32
6068,1.19,0.64,1.37
6069,1.24,0.67,1.28
6070,1.27,0.72,1.17
6071,1.34,0.69,1.16
6072,1.26,0.71,1.15
6073,1.11,0.63,1.13
6074,1.12,0.63,1.05
6075,1.1,0.62,1.08
6076,1.11,0.61,1.1
6077,1.1,0.62,1.06
6078,1.15,0.65,1.08
6079,1.16,0.67,1.21
6080,1.26,0.88,1.46
6081,1.31,1.06,2.01
6082,1.39,0.84,1.85
6083,1.47,0.97,1.75
6084,1.4,1.05,1.5
6085,1.18,0.98,1.21
6086,1.12,0.81,1.12
6087,1.09,0.66,0.98
6088,1.07,0.65,0.99
6089,1.08,0.63,1.04
6090,1.07,0.63,1.07
6091,1.11,0.65,1.14
6092,1.11,0.74,1.3
6093,1.11,0.69,1.19
6094,1.15,0.67,1.3
6095,1.11,0.68,1.31
6096,1.07,0.66,1.24
6097,1.09,0.62,1.18
6098,1.08,0.64,1.15
6099,1.07,0.64,1.38
6100,1.05,0.62,1.35
6101,1.05,0.63,1.38
6102,1.09,0.64,1.38
6103,1.25,0.71,1.48
6104,1.54,0.78,1.96
6105,1.69,0.92,2.59
6106,1.53,0.89,1.87
6107,1.33,0.97,1.24
6108,1.5,1.17,1.42
6109,1.39,1.1,1.32
6110,1.22,0.92,1.34
6111,1.2,0.74,1.21
6112,1.14,0.67,1.29
6113,1.14,0.67,1.28
6114,1.22,0.63,1.2
6115,1.22,0.67,1.22
6116,1.13,0.75,1.35
6117,1.2,0.68,1.37
6118,1.15,0.69,1.43
6119,1.17,0.72,1.51
6120,1.16,0.7,1.57
6121,1.1,0.66,1.68
6122,1.08,0.63,1.63
6123,1.06,0.65,1.48
6124,1.1,0.63,1.44
6125,1.12,0.64,1.38
6126,1.13,0.67,1.38
6127,1.35,0.7,1.53
6128,1.7,0.8,2.0
6129,1.77,0.97,2.01
6130,1.39,0.87,1.79
6131,1.36,0.84,1.5
6132,1.54,0.84,1.51
6133,1.45,0.93,1.66
6134,1.22,0.92,1.74
6135,1.14,0.81,1.46
6136,1.1,0.73,1.36
6137,1.08,0.7,1.24
6138,1.13,0.66,1.18
6139,1.17,0.67,1.2
6140,1.13,0.74,1.39
6141,1.17,0.69,1.31
6142,1.22,0.7,1.27
6143,1.14,0.69,1.41
6144,1.12,0.65,1.21
6145,1.09,0.63,1.12
6146,1.09,0.64,1.2
6147,1.1,0.66,1.14
6148,1.1,0.64,1.07
6149,1.11,0.64,1.09
6150,1.15,0.67,1.14
6151,1.28,0.69,1.1
6152,1.51,0.83,1.36
6153,1.4,0.95,1.78
6154,1.33,0.92,1.63
6155,1.23,0.76,1.78
6156,1.22,0.84,1.77
6157,1.23,0.9,1.57
6158,1.14,1.12,1.66
6159,1.12,0.9,1.31
6160,1.1,0.78,1.2
6161,1.1,0.77,1.1
6162,1.13,0.75,1.13
6163,1.17,0.72,1.3
6164,1.16,0.77,1.54
6165,1.15,0.76,1.32
6166,1.14,0.72,1.47
6167,1.12,0.78,1.4
6168,1.09,0.71,1.38
6169,1.11,0.68,1.29
6170,1.06,0.67,1.25
6171,1.06,0.68,1.16
6172,1.06,0.69,1.11
6173,1.08,0.7,1.09
6174,1.08,0.67,1.04
6175,1.19,0.69,1.04
6176,1.41,0.87,1.12
6177,1.24,0.93,1.21
6178,1.21,1.03,1.25
6179,1.3,1.07,1.28
6180,1.4,0.93,1.41
6181,1.38,0.99,1.33
6182,1.22,1.12,1.4
6183,1.17,0.85,1.25
6184,1.13,0.82,1.23
6185,1.13,0.75,1.18
6186,1.15,0.68,1.12
6187,1.24,0.74,1.14
6188,1.14,0.88,1.17
6189,1.21,0.85,1.28
6190,1.25,0.78,1.28
6191,1.28,0.81,1.47
6192,1.42,0.76,1.45
6193,1.42,0.69,1.41
6194,1.44,0.74,1.23
6195,1.44,0.68,1.25
6196,1.36,0.64,1.16
6197,1.27,0.6,1.16
6198,1.23,0.6,1.01
6199,1.17,0.6,0.97
6200,1.16,0.63,1.01
6201,1.17,0.66,1.05
6202,1.22,0.71,1.11
6203,1.25,0.71,1.19
6204,1.23,0.73,1.19
6205,1.25,0.71,1.22
6206,1.22,0.86,1.35
6207,1.14,0.86,1.54
6208,1.07,0.78,1.34
6209,1.07,0.77,1.24
6210,1.06,0.76,1.32
6211,1.08,0.76,1.46
6212,1.16,0.8,1.76
6213,1.17,0.9,1.92
6214,1.18,0.88,1.29
6215,1.18,0.88,1.24
6216,1.17,0.82,1.2
6217,1.11,0.76,1.24
6218,1.08,0.68,1.28
6219,1.16,0.69,1.22
6220,1.16,0.72,1.1
6221,1.14,0.73,1.06
6222,1.16,0.77,1.07
6223,1.2,0.8,1.05
6224,1.26,0.86,1.09
6225,1.29,0.93,1.35
6226,1.35,0.92,1.28
6227,1.37,0.78,1.26
6228,1.37,0.81,1.26
6229,1.32,0.83,1.12
6230,1.12,0.69,1.13
6231,1.07,0.66,1.15
6232,1.06,0.65,1.16
6233,1.05,0.66,1.12
6234,1.05,0.68,1.08
6235,1.05,0.7,1.12
6236,1.09,0.74,1.2
6237,1.11,0.74,1.27
6238,1.1,0.71,1.41
6239,1.08,0.66,1.3
6240,1.07,0.67,1.22
6241,1.08,0.63,1.16
6242,1.15,0.61,1.15
6243,1.17,0.61,1.16
6244,1.14,0.61,1.24
6245,1.12,0.65,1.47
6246,1.12,0.72,1.15
6247,1.16,0.82,1.2
6248,1.16,0.91,1.28
6249,1.16,1.1,1.68
6250,1.15,0.89,1.42
6251,1.26,0.87,1.37
6252,1.22,0.88,1.43
6253,1.13,0.84,1.43
6254,1.05,0.84,1.42
6255,1.05,0.73,1.2
6256,1.05,0.72,1.16
6257,1.06,0.74,1.13
6258,1.05,0.7,1.16
6259,1.07,0.72,1.26
6260,1.08,0.77,1.37
6261,1.15,0.71,1.3
6262,1.11,0.76,1.31
6263,1.09,0.77,1.19
6264,1.08,0.77,1.21
6265,1.07,0.65,1.16
6266,1.08,0.68,1.13
6267,1.07,0.66,1.05
6268,1.08,0.67,1.04
6269,1.08,0.69,1.04
6270,1.09,0.67,1.03
6271,1.27,0.72,1.19
6272,1.49,0.99,1.45
6273,1.26,1.03,1.81
6274,1.36,0.9,1.37
6275,1.4,0.78,1.55
6276,1.33,0.88,1.77
6277,1.31,0.94,1.78
6278,1.14,0.86,1.86
6279,1.13,0.78,1.58
6280,1.08,0.73,1.43
6281,1.08,0.72,1.38
6282,1.11,0.71,1.37
6283,1.16,0.75,1.42
6284,1.09,0.81,1.4
6285,1.17,0.8,1.35
6286,1.23,0.74,1.31
6287,1.13,0.73,1.3
6288,1.08,0.77,1.24
6289,1.05,0.7,1.14
6290,1.04,0.72,1.15
6291,1.09,0.68,1.15
6292,1.11,0.72,1.08
6293,1.08,0.73,1.14
6294,1.09,0.76,1.04
6295,1.2,0.91,1.19
6296,1.57,1.16,1.62
6297,1.45,1.38,1.98
6298,1.49,1.01,1.38
6299,1.52,1.0,1.31
6300,1.35,0.98,1.52
6301,1.33,1.08,1.48
6302,1.14,1.23,1.64
6303,1.13,0.95,1.38
6304,1.1,0.9,1.32
6305,1.08,0.88,1.31
6306,1.12,0.77,1.28
6307,1.19,0.76,1.38
6308,1.12,0.82,1.55
6309,1.17,0.89,1.38
6310,1.22,0.82,1.47
6311,1.13,0.82,1.37
6312,1.11,0.78,1.3
6313,1.07,0.73,1.19
6314,1.12,0.65,1.16
6315,1.14,0.63,1.18
6316,1.16,0.63,1.18
6317,1.19,0.75,1.12
6318,1.22,0.67,1.09
6319,1.45,0.7,1.15
6320,1.66,1.02,1.24
6321,1.43,1.09,1.86
6322,1.43,0.85,1.78
6323,1.4,1.04,1.26
6324,1.36,1.11,1.35
6325,1.36,1.06,1.35
6326,1.17,0.86,1.55
6327,1.11,0.73,1.25
6328,1.09,0.68,1.25
6329,1.1,0.67,1.13
6330,1.16,0.68,1.12
6331,1.15,0.72,1.17
6332,1.13,0.83,1.36
6333,1.21,0.77,1.24
6334,1.2,0.78,1.19
6335,1.16,0.73,1.23
6336,1.22,0.75,1.23
6337,1.24,0.71,1.23
6338,1.18,0.68,1.13
6339,1.07,0.71,1.12
6340,1.07,0.7,1.1
6341,1.05,0.7,1.07
6342,1.17,0.7,1.08
6343,1.32,0.72,1.07
6344,1.71,0.89,1.13
6345,1.67,0.96,1.17
6346,1.32,1.09,1.29
6347,1.3,1.17,1.23
6348,1.44,0.99,1.32
6349,1.43,1.06,1.41
6350,1.24,1.01,1.28
6351,1.17,0.8,1.18
6352,1.15,0.77,1.16
6353,1.13,0.74,1.17
6354,1.18,0.73,1.13
6355,1.19,0.75,1.13
6356,1.14,0.79,1.16
6357,1.2,0.78,1.25
6358,1.22,0.87,1.35
6359,1.17,0.79,1.36
6360,1.16,0.92,1.28
6361,1.11,0.88,1.19
6362,1.19,0.77,1.16
6363,1.11,0.77,1.11
6364,1.11,0.86,1.1
6365,1.16,0.93,1.06
6366,1.18,1.0,1.04
6367,1.42,0.98,1.06
6368,1.85,1.31,1.09
6369,1.8,1.33,1.09
6370,1.4,0.76,1.13
6371,1.35,0.96,1.14
6372,1.41,1.04,1.23
6373,1.51,1.08,1.24
6374,1.3,0.92,1.21
6375,1.2,0.81,1.16
6376,1.16,0.8,1.07
6377,1.15,0.76,1.08
6378,1.28,0.73,1.07
6379,1.3,0.7,1.12
6380,1.23,0.72,1.19
6381,1.26,0.74,1.2
6382,1.23,0.81,1.22
6383,1.22,0.97,1.2
6384,1.24,0.87,1.27
6385,1.14,0.85,1.15
6386,1.16,0.8,1.1
6387,1.14,0.79,1.08
6388,1.14,0.8,1.03
6389,1.12,0.82,1.01
6390,1.21,0.81,1.02
6391,1.32,0.91,1.08
6392,1.67,1.05,1.25
6393,1.72,0.96,1.72
6394,1.38,0.85,1.44
6395,1.34,0.83,1.38
6396,1.27,0.81,1.35
6397,1.36,0.85,1.25
6398,1.53,1.03,1.26
6399,1.41,0.89,1.08
6400,1.3,0.84,1.1
6401,1.2,0.76,1.09
6402,1.18,0.7,1.07
6403,1.24,0.69,1.08
6404,1.32,0.71,1.25
6405,1.26,0.73,1.17
6406,1.33,0.69,1.17
6407,1.27,0.75,1.14
6408,1.2,0.77,1.09
6409,1.26,0.81,1.01
6410,1.18,0.73,1.0
6411,1.18,0.74,1.03
6412,1.31,0.74,1.0
6413,1.27,0.75,1.0
6414,1.29,0.8,1.01
6415,1.42,0.79,1.11
6416,1.44,1.03,1.16
6417,1.43,1.17,1.57
6418,1.32,1.04,1.47
6419,1.15,1.14,1.39
6420,1.2,1.04,1.33
6421,1.3,1.0,1.54
6422,1.38,1.02,1.37
6423,1.23,0.76,1.28
6424,1.24,0.72,1.21
6425,1.21,0.7,1.19
6426,1.24,0.69,1.14
6427,1.21,0.7,1.19
6428,1.2,0.73,1.39
6429,1.23,0.74,1.26
6430,1.27,0.78,1.2
6431,1.21,0.8,1.18
6432,1.19,0.75,1.21
6433,1.22,0.72,1.19
6434,1.2,0.72,1.25
6435,1.21,0.71,1.32
6436,1.26,0.69,1.26
6437,1.18,0.69,1.44
6438,1.24,0.74,1.41
6439,1.35,0.77,1.48
6440,2.12,0.88,1.7
6441,1.96,1.06,2.13
6442,1.68,1.02,1.38
6443,1.71,1.07,1.36
6444,1.6,0.91,1.23
6445,1.65,1.01,1.53
6446,1.42,0.97,1.46
6447,1.27,0.76,1.23
6448,1.27,0.64,1.26
6449,1.21,0.08,1.18
6450,1.36,0.63,1.21
6451,1.54,0.69,1.21
6452,1.35,0.73,1.42
6453,1.37,0.67,1.44
6454,1.53,0.69,1.35
6455,1.49,0.7,1.48
6456,1.26,0.71,1.35
6457,1.33,0.71,1.5
6458,1.38,0.69,1.24
6459,1.43,0.71,1.48
6460,1.62,0.69,1.44
6461,1.49,0.73,1.45
6462,1.5,0.78,1.38
6463,1.71,0.82,1.28
6464,2.59,1.15,1.52
6465,2.03,1.07,1.76
6466,1.71,0.91,1.48
6467,1.29,0.75,1.59
6468,1.44,0.75,1.64
6469,1.47,0.86,1.47
6470,1.25,0.89,1.51
6471,1.22,0.84,1.39
6472,1.29,0.79,1.4
6473,1.25,0.7,1.4
6474,1.34,0.8,1.49
6475,1.46,0.77,1.5
6476,1.39,0.83,1.69
6477,1.4,0.8,1.62
6478,1.48,1.02,1.58
6479,1.48,1.19,1.41
6480,1.32,1.03,1.39
6481,1.17,0.85,1.43
6482,1.14,0.87,1.93
6483,1.14,0.83,1.71
6484,1.19,0.92,1.5
6485,1.18,0.95,1.45
6486,1.24,0.95,1.37
6487,1.28,1.11,1.47
6488,1.54,1.45,1.88
6489,1.45,1.59,2.45
6490,1.38,0.99,1.83
6491,1.32,0.76,1.69
6492,1.26,0.85,1.3
6493,1.31,1.1,1.36
6494,1.2,0.95,1.26
6495,1.17,0.81,1.33
6496,1.17,0.79,1.38
6497,1.18,0.78,1.42
6498,1.21,0.8,1.45
6499,1.25,0.81,1.54
6500,1.21,0.89,1.52
6501,1.29,0.9,1.51
6502,1.31,1.01,1.61
6503,1.35,0.85,1.79
6504,1.26,0.78,1.64
6505,1.18,0.71,2.26
6506,1.1,0.68,1.84
6507,1.09,0.67,2.06
6508,1.09,0.65,1.94
6509,1.09,0.68,1.85
6510,1.13,0.7,1.59
6511,1.29,0.79,1.54
6512,1.66,1.01,1.67
6513,1.55,1.18,2.01
6514,1.47,0.99,1.9
6515,1.28,0.87,1.22
6516,1.24,0.93,1.26
6517,1.25,1.18,1.2
6518,1.18,0.95,1.18
6519,1.19,0.78,1.18
6520,1.18,0.72,1.23
6521,1.16,0.72,1.21
6522,1.2,0.72,1.23
6523,1.23,0.74,1.21
6524,1.21,0.85,1.3
6525,1.26,0.81,1.5
6526,1.32,0.77,1.63
6527,1.17,0.81,2.25
6528,1.12,0.76,2.32
6529,1.12,0.69,2.44
6530,1.09,0.69,1.92
6531,1.06,0.71,1.84
6532,1.04,0.72,1.57
6533,1.11,0.71,1.4
6534,1.31,0.73,1.31
6535,1.85,0.75,1.27
6536,3.24,0.83,1.48
6537,2.74,0.92,1.72
6538,1.63,1.03,1.59
6539,1.65,1.06,1.38
6540,1.78,0.95,1.3
6541,1.65,0.88,1.3
6542,1.27,0.77,1.29
6543,1.22,0.74,1.25
6544,1.19,0.73,1.22
6545,1.16,0.71,1.18
6546,1.19,0.7,1.19
6547,1.23,0.69,1.22
6548,1.21,0.72,1.34
6549,1.35,0.72,1.39
6550,1.34,0.72,1.7
6551,1.34,0.74,1.53
6552,1.31,0.71,1.34
6553,,,1.37
6554,1.13,0.7,1.68
6555,1.09,0.69,1.48
6556,1.17,0.68,1.31
6557,1.28,0.67,1.34
6558,1.35,0.68,1.38
6559,1.74,0.68,1.45
6560,2.6,0.71,2.0
6561,2.45,0.73,2.45
6562,1.77,0.79,1.8
6563,1.48,0.76,1.65
6564,1.52,0.78,1.28
6565,1.43,0.72,1.25
6566,1.23,0.7,1.38
6567,1.18,0.67,1.29
6568,1.15,0.67,1.32
6569,1.16,0.68,1.22
6570,1.18,0.68,1.21
6571,1.21,0.69,1.26
6572,1.22,0.77,1.37
6573,1.26,0.73,1.36
6574,1.25,0.72,1.38
6575,1.26,0.69,1.44
6576,1.24,0.7,1.75
6577,1.22,0.69,
6578,1.16,0.65,1.26
6579,1.15,0.63,1.28
6580,1.16,0.62,1.31
6581,1.16,0.64,1.36
6582,1.2,0.65,1.24
6583,1.21,0.66,1.59
6584,1.26,0.75,1.78
6585,1.34,0.95,1.87
6586,1.34,0.86,1.59
6587,1.37,0.9,1.25
6588,1.3,0.86,1.51
6589,1.22,0.76,1.58
6590,1.24,0.74,1.15
6591,1.18,0.7,1.1
6592,1.18,0.68,1.11
6593,1.18,0.71,1.11
6594,1.19,0.68,1.14
6595,1.17,0.7,1.14
6596,1.2,0.84,1.2
6597,1.22,0.78,1.36
6598,1.21,0.74,1.31
6599,1.19,0.74,1.28
6600,1.18,0.71,1.3
6601,1.16,0.69,1.21
6602,1.2,0.67,1.1
6603,1.21,0.66,1.07
6604,1.16,0.66,1.19
6605,1.16,0.66,1.26
6606,1.19,0.66,1.28
6607,1.32,0.7,1.41
6608,1.55,0.85,1.85
6609,1.37,1.1,2.47
6610,1.72,0.92,1.75
6611,1.45,0.92,1.54
6612,1.4,0.98,1.27
6613,1.49,0.96,1.18
6614,1.34,1.03,1.31
6615,1.32,0.9,1.21
6616,1.3,0.78,1.18
6617,1.28,0.72,1.14
6618,1.35,0.73,1.16
6619,1.42,0.79,1.22
6620,1.33,0.85,1.52
6621,1.27,0.83,1.32
6622,1.23,0.78,1.35
6623,1.23,0.76,1.36
6624,1.19,0.81,1.23
6625,1.15,0.81,1.21
6626,1.13,0.7,1.14
6627,1.15,0.71,1.09
6628,1.15,0.74,1.12
6629,1.16,0.68,1.37
6630,1.23,0.73,1.49
6631,1.31,0.77,1.54
6632,1.63,0.83,1.95
6633,1.64,1.08,2.26
6634,1.61,0.97,1.72
6635,1.7,0.95,1.39
6636,1.63,0.95,1.32
6637,1.68,1.01,1.61
6638,1.39,1.13,1.57
6639,1.47,1.04,1.36
6640,1.46,0.96,1.34
6641,1.39,0.76,1.32
6642,1.44,0.74,1.34
6643,1.42,0.78,1.36
6644,1.31,0.86,1.46
6645,1.24,0.96,1.34
6646,1.23,0.97,1.33
6647,1.24,0.98,1.32
6648,1.22,0.79,1.35
6649,1.18,0.75,1.52
6650,1.15,0.72,1.3
6651,1.15,0.74,1.23
6652,1.23,0.75,1.16
6653,1.21,0.76,1.14
6654,1.29,0.78,1.32
6655,1.44,0.82,1.63
6656,1.7,0.9,2.04
6657,1.63,1.12,2.72
6658,1.62,1.08,2.32
6659,1.57,1.02,1.7
6660,1.53,0.99,1.27
6661,1.68,1.04,1.26
6662,1.46,1.11,1.36
6663,1.32,0.92,1.25
6664,1.22,0.88,1.19
6665,1.22,0.78,1.22
6666,1.27,0.95,1.22
6667,1.32,0.91,1.44
6668,1.46,0.83,1.69
6669,1.44,0.85,1.51
6670,1.39,0.85,1.59
6671,1.3,0.86,1.62
6672,1.27,0.81,1.5
6673,1.38,0.88,1.35
6674,1.43,0.83,1.31
6675,1.34,0.79,1.37
6676,1.27,0.74,1.4
6677,1.27,0.75,1.44
6678,1.31,0.77,1.48
6679,1.47,0.72,1.3
6680,1.69,0.72,1.35
6681,1.61,0.77,1.44
6682,1.75,0.77,1.58
6683,1.66,0.84,1.56
6684,1.65,0.78,1.65
6685,1.71,0.79,1.67
6686,1.5,0.82,1.57
6687,1.44,0.78,1.56
6688,1.38,0.93,1.67
6689,1.45,0.97,1.51
6690,1.41,0.87,1.78
6691,1.55,0.82,1.65
6692,1.51,1.17,2.1
6693,1.57,1.1,2.33
6694,1.6,0.93,2.11
6695,1.41,0.81,2.07
6696,1.16,0.79,2.32
6697,1.12,0.88,1.89
6698,1.11,0.88,1.94
6699,1.12,0.88,2.31
6700,1.12,0.83,2.11
6701,1.17,0.75,1.77
6702,1.19,0.69,1.53
6703,1.38,0.66,1.45
6704,1.82,0.71,1.77
6705,1.92,0.76,1.96
6706,1.87,0.86,1.48
6707,1.56,0.91,1.21
6708,1.71,0.93,1.43
6709,1.74,0.94,1.56
6710,1.47,1.06,1.33
6711,1.53,1.18,1.28
6712,1.48,0.95,1.26
6713,1.44,0.92,1.21
6714,1.52,0.94,1.3
6715,1.47,0.98,1.3
6716,1.46,1.06,1.45
6717,1.61,1.03,1.65
6718,1.58,0.92,1.7
6719,1.46,0.89,1.56
6720,1.27,0.91,1.73
6721,1.23,0.89,1.6
6722,1.23,1.01,1.75
6723,1.19,1.01,1.7
6724,1.19,0.94,1.62
6725,1.16,0.9,1.6
6726,1.18,0.96,1.54
6727,1.25,0.93,1.68
6728,1.35,0.85,2.38
6729,1.47,0.9,3.22
6730,1.56,0.94,2.38
6731,1.61,1.09,2.18
6732,1.55,1.08,1.88
6733,1.55,1.05,1.59
6734,1.45,0.89,1.62
6735,1.23,0.87,1.28
6736,1.25,1.0,1.28
6737,1.32,1.04,1.34
6738,1.31,1.03,1.35
6739,1.49,0.97,1.38
6740,1.63,1.02,1.85
6741,1.57,1.12,1.49
6742,1.46,1.08,1.61
6743,1.33,1.11,2.02
6744,1.2,1.13,2.06
6745,1.15,1.12,2.17
6746,1.12,1.05,1.76
6747,1.09,1.06,1.48
6748,1.14,1.08,1.35
6749,1.18,1.02,1.27
6750,1.27,1.03,1.28
6751,1.38,1.0,1.58
6752,1.55,1.01,1.92
6753,1.85,1.29,3.95
6754,1.77,1.13,2.6
6755,1.45,1.09,1.35
6756,1.41,1.16,1.51
6757,1.28,1.33,1.47
6758,1.19,1.39,1.46
6759,1.16,1.29,1.28
6760,1.14,1.33,1.3
6761,1.14,1.47,1.27
6762,1.15,1.57,1.26
6763,1.17,1.61,1.31
6764,1.21,1.73,1.53
6765,1.22,1.5,1.58
6766,1.25,1.69,1.54
6767,1.23,1.7,1.53
6768,1.2,1.67,1.36
6769,1.17,1.57,1.26
6770,1.16,1.52,1.28
6771,1.16,1.53,1.37
6772,1.18,1.56,1.38
6773,1.19,1.59,1.47
6774,1.25,1.62,1.32
6775,1.39,1.63,1.68
6776,1.75,1.72,2.29
6777,1.6,2.19,3.0
6778,1.64,2.39,1.95
6779,1.61,2.17,1.85
6780,1.42,2.04,1.32
6781,1.45,2.18,1.28
6782,1.31,2.19,1.49
6783,1.32,1.84,1.46
6784,1.37,1.89,1.38
6785,1.36,1.78,1.35
6786,1.48,1.67,1.32
6787,1.61,1.86,1.39
6788,1.35,2.16,1.61
6789,1.31,1.53,1.59
6790,1.41,1.36,1.6
6791,1.28,1.21,1.4
6792,1.22,1.17,1.36
6793,1.18,1.07,1.27
6794,1.2,0.91,1.21
6795,1.25,0.92,1.19
6796,1.34,0.88,1.38
6797,1.33,0.88,1.38
6798,1.29,0.91,1.36
6799,2.05,1.0,1.56
6800,2.8,1.12,2.05
6801,2.47,1.57,2.99
6802,1.83,1.27,2.24
6803,1.71,1.24,1.71
6804,1.76,1.09,1.49
6805,1.9,1.27,1.59
6806,1.78,1.25,1.76
6807,1.51,1.16,1.55
6808,1.47,1.36,1.44
6809,1.28,1.21,1.38
6810,1.34,1.01,1.33
6811,1.38,1.08,1.41
6812,1.45,1.21,1.52
6813,1.44,1.17,1.41
6814,1.39,1.14,1.4
6815,1.75,1.14,1.4
6816,1.65,1.12,1.47
6817,1.59,1.09,1.32
6818,1.57,1.05,1.24
6819,1.52,0.98,1.16
6820,1.4,0.98,1.23
6821,1.52,0.96,1.53
6822,1.61,0.98,1.64
6823,2.07,1.1,1.84
6824,2.92,1.48,2.55
6825,2.73,2.22,3.41
6826,1.88,1.59,2.4
6827,1.77,1.27,1.9
6828,1.63,1.08,1.43
6829,1.75,0.95,1.54
6830,1.6,1.15,1.5
6831,1.63,1.49,1.36
6832,1.59,1.33,1.36
6833,1.58,1.05,1.33
6834,1.51,0.93,1.33
6835,1.59,0.97,1.42
6836,1.74,1.16,1.54
6837,2.08,1.2,1.51
6838,1.51,1.22,1.51
6839,1.43,1.39,1.56
6840,1.94,1.29,1.52
6841,1.76,1.46,1.43
6842,1.53,1.42,1.27
6843,1.49,1.41,1.19
6844,1.39,1.21,1.16
6845,1.35,1.2,1.44
6846,1.53,1.18,1.57
6847,1.96,1.06,1.66
6848,3.4,1.65,2.03
6849,3.07,2.5,1.93
6850,2.13,1.78,1.77
6851,1.63,1.06,1.79
6852,1.41,1.06,1.57
6853,1.54,1.13,1.66
6854,1.31,1.22,1.73
6855,1.24,1.08,1.64
6856,1.2,1.06,1.47
6857,1.22,0.95,1.41
6858,1.24,0.91,1.42
6859,1.36,0.96,1.38
6860,1.45,0.97,1.55
6861,1.84,0.94,1.53
6862,2.25,0.93,1.54
6863,2.03,0.97,1.55
6864,2.37,1.03,1.46
6865,1.5,0.93,1.43
6866,1.18,0.75,1.48
6867,1.26,0.82,1.71
6868,1.25,0.93,1.63
6869,1.44,0.82,1.65
6870,1.66,0.77,1.44
6871,2.19,0.87,1.56
6872,3.17,0.93,1.59
6873,3.17,0.92,1.86
6874,1.89,0.98,1.74
6875,1.47,1.16,1.4
6876,1.91,1.15,1.29
6877,1.87,0.96,1.36
6878,1.46,1.02,1.6
6879,1.37,0.99,1.38
6880,1.29,1.08,1.24
6881,1.27,1.16,1.26
6882,1.32,1.14,1.22
6883,1.38,1.16,1.27
6884,1.42,1.21,1.39
6885,1.57,1.16,1.62
6886,1.5,1.12,1.72
6887,1.52,1.15,1.64
6888,1.5,1.19,1.4
6889,1.31,0.96,1.29
6890,1.3,0.96,1.31
6891,1.26,0.96,1.64
6892,1.25,0.94,1.5
6893,1.25,0.86,1.45
6894,1.28,0.83,1.41
6895,1.31,0.84,1.73
6896,1.33,0.86,2.42
6897,1.5,0.9,3.49
6898,1.39,1.09,1.8
6899,1.46,1.1,1.8
6900,1.54,1.02,1.36
6901,1.62,0.85,1.35
6902,1.57,0.9,1.29
6903,1.45,0.95,1.18
6904,1.41,0.93,1.17
6905,1.39,0.93,1.18
6906,1.31,0.89,1.21
6907,1.31,0.99,1.25
6908,1.37,0.97,1.42
6909,1.5,1.04,1.42
6910,1.53,1.03,1.41
6911,1.44,0.97,1.54
6912,1.43,1.01,1.37
6913,1.39,0.96,1.23
6914,1.36,0.85,1.18
6915,1.3,0.95,1.13
6916,1.28,1.01,1.2
6917,1.28,0.99,1.43
6918,1.3,0.99,1.62
6919,1.26,1.03,1.73
6920,1.35,1.13,2.56
6921,1.34,1.18,3.35
6922,1.3,0.99,1.96
6923,1.27,1.01,1.66
6924,1.32,0.94,1.53
6925,1.41,0.93,1.38
6926,1.45,0.97,1.58
6927,1.45,0.9,1.72
6928,1.4,0.9,1.73
6929,1.34,0.93,1.63
6930,1.25,0.97,1.6
6931,1.26,1.03,1.64
6932,1.3,1.16,1.99
6933,1.36,1.15,1.92
6934,1.39,1.1,1.83
6935,1.41,1.07,2.11
6936,1.4,1.2,2.52
6937,1.26,1.41,2.48
6938,1.23,1.33,2.31
6939,1.22,1.28,2.27
6940,1.21,1.09,1.97
6941,1.2,1.09,1.75
6942,1.23,1.1,1.51
6943,1.31,1.14,1.87
6944,1.6,1.62,2.48
6945,1.47,2.05,3.06
6946,1.45,1.29,1.8
6947,1.6,1.1,1.97
6948,1.66,1.07,1.71
6949,1.6,1.09,2.0
6950,1.41,1.09,1.6
6951,1.33,0.9,1.34
6952,1.3,0.91,1.29
6953,1.25,0.91,1.26
6954,1.39,0.86,1.28
6955,1.46,0.89,1.33
6956,1.39,1.13,1.41
6957,1.34,0.99,1.5
6958,1.25,1.11,1.43
6959,1.33,1.0,1.4
6960,1.33,1.08,1.4
6961,1.29,1.18,1.3
6962,1.28,1.3,1.29
6963,1.2,1.21,1.26
6964,1.18,1.05,1.27
6965,1.21,1.09,1.25
6966,1.19,0.99,1.25
6967,1.27,1.2,1.3
6968,1.43,1.72,1.47
6969,1.35,2.4,1.7
6970,1.34,1.75,1.47
6971,1.33,1.27,1.4
6972,1.32,1.25,1.46
6973,1.41,1.19,1.34
6974,1.39,1.25,1.41
6975,1.43,1.45,1.38
6976,1.65,1.46,1.4
6977,1.63,1.39,1.38
6978,1.79,1.3,1.44
6979,1.77,1.37,1.56
6980,1.75,1.58,1.55
6981,1.7,1.3,1.42
6982,1.45,1.58,1.41
6983,1.42,1.92,1.35
6984,1.33,1.82,1.3
6985,1.31,1.97,1.3
6986,1.29,1.62,1.3
6987,1.34,1.26,1.31
6988,1.31,,1.29
6989,1.26,1.17,1.26
6990,1.32,1.19,1.25
6991,1.4,1.32,1.29
6992,1.71,1.8,1.55
6993,1.61,3.14,1.99
6994,1.65,3.07,1.63
6995,1.55,1.63,1.61
6996,1.39,0.96,1.61
6997,1.36,1.28,
6998,1.28,1.28,1.84
6999,1.3,,1.65
7000,1.33,1.04,1.57
7001,1.33,0.94,1.45
7002,1.42,0.95,1.44
7003,1.5,1.06,1.56
7004,1.41,1.21,1.68
7005,1.45,1.14,1.65
7006,1.47,,1.49
7007,1.42,1.35,1.43
7008,1.63,1.3,1.41
7009,1.58,1.43,1.34
7010,1.47,1.36,1.29
7011,1.51,1.23,1.29
7012,1.48,1.18,1.28
7013,1.54,1.18,1.26
7014,1.67,1.13,1.26
7015,2.25,1.25,1.29
7016,3.26,1.64,1.35
7017,3.84,2.52,1.46
7018,1.94,1.47,1.66
7019,1.58,1.12,1.71
7020,1.58,1.08,1.49
7021,1.74,0.99,1.44
7022,1.75,1.1,1.41
7023,1.7,1.36,
7024,1.58,1.21,1.43
7025,1.57,1.12,1.42
7026,1.56,1.12,1.46
7027,1.62,1.06,1.43
7028,1.72,1.22,1.47
7029,1.71,1.31,
7030,1.79,1.31,
7031,2.3,1.65,1.62
7032,2.13,1.99,1.44
7033,2.13,1.89,1.43
7034,1.99,1.76,1.51
7035,1.91,1.65,1.57
7036,1.94,1.38,1.42
7037,1.59,1.28,1.4
7038,1.68,1.24,1.32
7039,2.42,1.31,1.35
7040,3.92,1.44,1.4
7041,4.11,1.72,1.44
7042,2.3,1.37,1.38
7043,1.66,1.2,1.37
7044,1.46,1.15,1.34
7045,1.64,1.08,1.37
7046,1.65,1.07,1.41
7047,1.56,0.95,1.36
7048,1.6,0.92,1.39
7049,1.66,0.9,1.36
7050,1.66,0.9,1.44
7051,1.67,0.86,1.45
7052,1.84,0.97,1.58
7053,1.94,1.08,1.58
7054,1.88,1.08,1.55
7055,2.09,1.1,1.6
7056,2.53,1.06,1.48
7057,2.25,1.01,1.4
7058,2.02,0.96,1.33
7059,1.86,0.93,1.3
7060,1.96,0.9,1.28
7061,1.88,0.87,1.28
7062,1.93,0.9,1.28
7063,2.23,0.97,1.32
7064,2.64,1.0,1.45
7065,4.03,0.96,1.98
7066,2.25,0.93,1.59
7067,1.94,0.92,1.56
7068,1.6,1.03,1.58
7069,1.65,1.07,1.48
7070,1.87,1.02,1.6
7071,1.68,0.98,1.49
7072,1.55,0.93,1.49
7073,1.54,0.9,1.43
7074,1.45,0.83,1.41
7075,1.47,0.84,1.49
7076,1.61,0.89,1.61
7077,1.73,0.9,1.53
7078,1.74,0.92,1.53
7079,2.09,0.93,1.52
7080,2.51,0.97,1.44
7081,2.31,0.95,1.42
7082,2.1,0.8,1.43
7083,1.67,0.79,1.42
7084,1.78,0.85,1.6
7085,1.8,0.78,1.53
7086,1.79,0.81,1.47
7087,1.83,0.81,1.46
7088,1.9,0.89,1.62
7089,1.84,1.15,2.18
7090,1.87,1.06,1.83
7091,1.93,1.13,1.86
7092,1.75,1.09,1.79
7093,1.69,1.06,1.8
7094,1.99,1.23,2.01
7095,2.01,1.09,1.72
7096,1.9,1.13,1.69
7097,1.72,1.07,1.57
7098,1.64,1.03,1.42
7099,1.64,1.06,1.5
7100,1.74,1.32,1.75
7101,1.71,1.43,1.72
7102,1.75,1.28,1.75
7103,1.78,1.07,1.63
7104,1.72,0.98,1.59
7105,2.02,0.89,1.5
7106,1.95,0.87,1.46
7107,1.83,0.84,1.52
7108,1.81,0.83,1.51
7109,1.69,0.83,1.62
7110,1.79,0.83,1.65
7111,2.17,0.87,1.81
7112,3.19,1.05,2.31
7113,2.62,1.33,2.74
7114,2.12,1.08,2.27
7115,2.16,1.04,1.5
7116,2.08,1.2,1.52
7117,2.2,1.18,1.64
7118,1.9,1.25,2.05
7119,1.89,1.18,1.8
7120,1.8,1.01,1.56
7121,1.81,0.88,1.5
7122,1.79,0.88,1.43
7123,2.02,0.96,1.47
7124,2.06,0.96,1.76
7125,2.53,0.95,1.68
7126,2.11,0.99,1.72
7127,2.56,0.9,1.89
7128,2.38,0.84,2.04
7129,2.37,0.82,1.98
7130,2.19,0.8,1.96
7131,1.69,0.81,1.82
7132,1.28,0.8,1.65
7133,1.24,0.79,1.71
7134,1.25,0.79,1.54
7135,1.36,0.81,1.75
7136,1.49,0.92,2.42
7137,1.43,1.14,2.69
7138,1.46,1.11,2.44
7139,1.5,1.14,1.85
7140,1.48,1.14,1.53
7141,1.46,1.11,1.89
7142,1.38,1.16,2.29
7143,1.35,1.07,1.87
7144,1.38,1.04,1.59
7145,1.39,0.99,1.41
7146,1.45,1.0,1.38
7147,1.53,1.02,1.53
7148,1.54,1.15,1.72
7149,1.57,1.06,1.77
7150,1.6,1.0,1.84
7151,1.69,0.98,2.01
7152,1.63,0.92,2.41
7153,1.78,0.91,2.26
7154,1.66,0.86,2.11
7155,1.62,0.83,1.95
7156,1.57,0.82,2.03
7157,1.63,0.84,1.78
7158,1.59,0.82,1.73
7159,1.88,0.87,1.77
7160,3.39,0.95,2.11
7161,2.32,1.25,2.95
7162,2.3,1.15,2.25
7163,2.05,1.24,1.87
7164,1.81,1.23,1.53
7165,1.81,1.21,1.47
7166,1.47,1.37,1.94
7167,1.45,1.3,1.86
7168,1.41,1.25,1.77
7169,1.38,1.23,1.69
7170,1.41,1.24,1.65
7171,1.54,1.24,1.7
7172,1.51,1.29,1.68
7173,1.53,1.16,1.83
7174,1.46,1.09,1.96
7175,1.47,1.01,1.99
7176,1.49,0.99,1.71
7177,1.39,0.9,1.62
7178,1.36,0.91,1.85
7179,1.46,0.88,1.98
7180,1.55,0.81,1.36
7181,1.54,0.8,1.66
7182,1.46,0.8,1.75
7183,1.81,0.79,2.03
7184,2.71,0.92,1.88
7185,2.36,1.02,2.23
7186,1.74,1.08,1.83
7187,1.87,1.02,1.72
7188,1.98,1.0,1.72
7189,2.04,0.97,2.04
7190,2.07,0.9,1.62
7191,1.95,0.87,1.46
7192,1.83,0.9,1.41
7193,1.75,0.91,1.38
7194,1.72,0.95,1.39
7195,1.88,0.93,1.42
7196,1.75,1.07,1.55
7197,1.95,1.11,1.57
7198,1.96,0.95,1.55
7199,2.24,0.97,1.69
7200,2.16,0.87,1.6
7201,2.05,0.88,1.92
7202,2.01,0.85,1.58
7203,1.93,0.88,1.82
7204,1.8,0.86,1.64
7205,1.81,0.88,1.66
7206,1.76,0.88,1.78
7207,2.04,0.96,1.81
7208,2.61,0.98,1.92
7209,3.95,1.04,2.03
7210,2.68,0.95,1.66
7211,1.78,0.98,1.48
7212,1.48,1.07,1.49
7213,1.47,1.13,1.72
7214,1.46,1.04,1.49
7215,1.52,0.93,1.42
7216,1.51,0.88,1.38
7217,1.48,0.9,1.38
7218,1.53,0.89,1.33
7219,1.73,0.91,1.38
7220,1.64,1.1,1.4
7221,1.58,1.16,1.45
7222,1.44,1.22,1.49
7223,1.44,0.99,1.5
7224,1.47,0.96,1.62
7225,1.45,1.05,1.54
7226,1.42,0.95,1.49
7227,1.4,0.93,1.38
7228,1.55,0.92,1.43
7229,1.66,0.88,1.59
7230,1.81,0.86,1.64
7231,2.21,0.93,1.79
7232,2.59,0.96,2.33
7233,3.29,1.02,3.21
7234,2.14,0.98,2.28
7235,1.62,1.01,1.81
7236,1.59,1.06,1.62
7237,1.55,1.08,1.95
7238,1.85,1.11,1.93
7239,1.86,1.1,1.46
7240,1.76,1.07,1.39
7241,1.67,1.02,1.35
7242,1.59,0.97,1.36
7243,1.52,1.0,1.46
7244,1.57,1.05,1.68
7245,1.8,1.03,1.6
7246,1.74,1.05,1.65
7247,1.75,1.12,1.47
7248,1.81,0.91,1.64
7249,2.04,0.82,1.51
7250,1.9,0.86,1.4
7251,1.8,0.86,1.6
7252,1.73,0.84,1.54
7253,1.71,0.83,1.43
7254,1.71,0.83,1.5
7255,1.71,0.84,1.69
7256,1.85,0.92,1.91
7257,1.91,1.17,2.18
7258,1.77,1.22,1.78
7259,1.49,1.17,1.81
7260,1.52,1.1,1.76
7261,1.53,1.15,1.93
7262,1.51,1.25,2.15
7263,1.46,1.16,1.8
7264,1.46,1.17,1.58
7265,1.49,1.15,1.46
7266,1.47,1.14,1.4
7267,1.5,1.31,1.64
7268,1.6,1.31,1.75
7269,1.64,1.2,1.75
7270,1.6,1.14,1.64
7271,1.74,1.07,1.65
7272,1.67,1.02,1.59
7273,1.65,1.02,1.56
7274,1.71,1.02,1.48
7275,1.69,0.96,1.45
7276,1.61,0.89,1.42
7277,1.59,0.91,1.4
7278,1.62,0.89,1.47
7279,1.61,0.89,1.54
7280,1.73,0.97,2.21
7281,1.91,1.18,3.3
7282,2.0,1.1,2.42
7283,1.97,1.14,1.94
7284,1.94,1.22,1.93
7285,1.72,1.22,2.0
7286,1.94,1.32,2.18
7287,1.91,1.14,2.1
7288,1.89,0.93,1.97
7289,1.81,0.93,1.88
7290,1.75,,1.98
7291,1.73,1.02,2.15
7292,2.02,1.07,2.39
7293,1.97,0.98,2.4
7294,1.88,0.96,2.15
7295,1.79,0.93,2.02
7296,1.73,0.92,2.27
7297,,,3.0
7298,1.59,0.81,2.44
7299,1.54,0.8,2.37
7300,1.42,0.88,2.18
7301,1.44,0.96,2.03
7302,1.46,0.87,2.16
7303,1.51,0.85,2.04
7304,1.75,0.98,2.53
7305,2.29,1.17,3.14
7306,2.14,1.05,2.93
7307,2.1,0.96,2.39
7308,1.91,0.94,1.96
7309,1.69,0.96,1.91
7310,1.94,1.1,2.08
7311,1.79,0.99,1.91
7312,1.74,0.95,1.75
7313,1.78,0.92,1.78
7314,1.8,0.93,1.69
7315,1.89,0.95,1.89
7316,1.88,1.04,1.97
7317,1.76,0.97,1.87
7318,1.77,1.04,1.82
7319,1.65,,1.85
7320,1.58,0.95,1.79
7321,1.53,0.89,
7322,1.53,0.88,1.71
7323,1.47,1.08,1.66
7324,1.49,1.06,1.66
7325,1.48,1.04,1.59
7326,1.44,1.09,1.54
7327,1.49,1.0,1.56
7328,1.54,1.36,1.64
7329,1.63,1.75,2.09
7330,,1.46,1.77
7331,1.73,1.03,1.94
7332,1.76,1.04,1.79
7333,1.86,1.04,1.65
7334,1.78,1.02,1.71
7335,1.76,1.01,1.56
7336,1.74,0.98,1.51
7337,1.69,0.96,1.47
7338,1.66,0.98,1.53
7339,1.7,1.02,1.55
7340,,1.06,1.63
7341,1.9,1.11,1.61
7342,1.84,1.09,
7343,1.8,1.06,1.67
7344,1.73,1.21,1.48
7345,1.63,1.18,1.46
7346,1.59,1.33,1.47
7347,1.58,1.26,1.42
7348,1.62,1.12,1.4
7349,1.61,1.15,1.4
7350,1.63,1.22,1.41
7351,1.66,1.17,1.43
7352,2.1,1.7,1.51
7353,3.22,2.06,1.49
7354,1.7,1.84,1.53
7355,1.72,1.38,1.54
7356,1.76,1.04,1.74
7357,1.78,1.11,1.79
7358,2.21,1.13,1.7
7359,2.0,1.07,1.62
7360,1.87,1.03,1.46
7361,1.76,1.0,1.43
7362,1.7,1.02,1.44
7363,1.67,1.04,1.48
7364,1.94,1.23,1.54
7365,1.91,1.44,1.56
7366,1.94,1.3,1.6
7367,1.96,1.36,1.58
7368,1.87,2.03,1.75
7369,1.78,1.92,1.59
7370,1.72,1.51,1.53
7371,1.63,1.6,1.48
7372,1.66,1.42,1.47
7373,1.72,1.32,1.47
7374,1.76,1.25,1.41
7375,1.81,1.32,1.54
7376,2.24,1.66,1.55
7377,3.64,1.59,1.83
7378,3.24,1.97,1.69
7379,2.65,1.24,1.5
7380,2.21,1.2,1.67
7381,2.32,1.19,1.69
7382,2.38,1.42,1.75
7383,2.14,1.53,1.7
7384,1.98,1.34,1.64
7385,1.84,1.17,1.59
7386,1.78,1.13,1.57
7387,1.84,1.12,1.59
7388,2.16,1.24,1.73
7389,2.46,1.35,1.76
7390,2.94,1.46,1.82
7391,3.33,2.27,2.01
7392,3.75,1.82,2.05
7393,1.89,1.73,2.09
7394,1.53,1.6,1.92
7395,1.48,1.74,1.82
7396,1.49,1.67,1.62
7397,1.46,1.63,1.69
7398,1.47,1.46,1.72
7399,1.48,1.35,1.89
7400,1.52,1.27,2.26
7401,1.61,1.32,3.07
7402,1.7,1.28,2.73
7403,1.68,1.22,2.19
7404,1.64,1.21,2.07
7405,1.65,0.96,1.91
7406,1.75,1.1,2.11
7407,1.72,1.21,1.8
7408,1.76,1.12,1.67
7409,1.73,1.04,1.48
7410,1.78,1.0,1.61
7411,1.78,1.06,1.87
7412,1.83,1.16,2.01
7413,1.87,1.2,2.28
7414,2.16,1.28,2.76
7415,2.29,1.5,3.0
7416,2.11,1.32,3.32
7417,2.22,1.38,3.17
7418,2.17,1.23,2.66
7419,2.06,1.15,2.06
7420,2.03,1.11,1.73
7421,1.96,1.08,1.86
7422,1.95,1.07,1.57
7423,2.03,1.17,1.45
7424,2.11,1.8,1.49
7425,2.31,2.58,1.85
7426,2.13,1.83,1.72
7427,1.66,1.51,1.63
7428,1.69,1.23,1.6
7429,1.74,1.13,1.51
7430,1.72,1.29,1.68
7431,1.94,1.39,1.57
7432,1.92,1.27,1.57
7433,1.83,1.28,1.61
7434,2.0,1.29,1.58
7435,2.08,1.28,1.68
7436,1.99,1.32,1.89
7437,1.96,1.56,1.91
7438,2.0,1.29,1.82
7439,2.28,1.54,1.74
7440,3.08,1.63,1.72
7441,2.88,1.56,1.72
7442,2.44,1.31,2.12
7443,2.13,1.32,1.94
7444,2.15,1.24,1.91
7445,2.06,1.18,1.72
7446,1.91,1.11,1.75
7447,2.04,1.35,1.81
7448,2.5,1.81,2.39
7449,4.16,3.41,3.96
7450,2.74,2.46,2.59
7451,2.05,1.49,1.92
7452,2.08,1.03,1.7
7453,,1.22,1.98
7454,,1.46,2.25
7455,,1.43,1.92
7456,,1.52,1.91
7457,,1.36,1.9
7458,0.39,1.31,1.83
7459,0.43,1.5,1.83
7460,0.49,1.58,2.2
7461,0.38,1.57,1.95
7462,0.34,1.77,1.94
7463,0.35,2.38,2.27
7464,0.32,2.29,2.84
7465,0.31,2.13,2.83
7466,0.29,1.85,2.45
7467,0.27,1.73,2.32
7468,0.25,1.78,2.04
7469,0.26,1.39,1.92
7470,0.27,1.4,2.02
7471,0.27,1.46,2.08
7472,0.34,1.87,2.64
7473,0.5,3.19,3.72
7474,0.38,2.55,2.82
7475,0.36,1.71,2.23
7476,0.32,1.3,2.04
7477,0.31,1.33,1.96
7478,0.38,1.7,2.21
7479,0.35,1.65,2.28
7480,0.35,1.58,2.1
7481,0.33,1.6,1.81
7482,0.33,1.49,1.68
7483,0.4,1.57,1.79
7484,0.42,1.6,1.89
7485,0.37,1.5,1.79
7486,0.35,1.48,1.79
7487,0.32,1.41,1.66
7488,0.33,1.38,1.63
7489,0.33,1.71,1.56
7490,0.3,1.67,1.61
7491,0.29,1.17,1.53
7492,0.29,1.13,1.5
7493,0.27,1.13,1.49
7494,0.28,1.16,1.54
7495,0.29,1.21,1.55
7496,0.6,1.47,2.08
7497,1.46,1.91,3.05
7498,0.77,1.69,2.26
7499,0.7,1.43,2.09
7500,0.61,1.35,1.95
7501,0.61,0.97,1.92
7502,0.65,1.06,2.14
7503,0.48,1.03,2.01
7504,0.41,1.09,1.93
7505,0.37,1.13,1.88
7506,0.38,1.11,1.85
7507,0.46,1.25,1.91
7508,0.64,1.4,1.93
7509,0.59,1.42,1.71
7510,0.59,,1.63
7511,0.59,1.33,1.67
7512,0.54,1.33,1.89
7513,0.4,1.28,1.83
7514,0.38,,1.79
7515,0.35,1.0,1.67
7516,0.33,0.98,1.62
7517,0.32,0.96,1.59
7518,0.32,0.97,1.58
7519,0.46,0.97,1.72
7520,0.91,1.02,1.67
7521,1.42,1.25,1.78
7522,1.14,1.13,1.93
7523,0.6,1.19,1.84
7524,0.56,1.17,2.11
7525,0.62,1.27,2.09
7526,0.8,1.46,2.28
7527,0.89,1.29,2.3
7528,0.84,1.32,2.46
7529,0.74,1.31,2.26
7530,0.77,1.24,2.09
7531,0.83,1.38,2.09
7532,0.9,1.59,2.12
7533,0.68,1.4,2.21
7534,0.8,1.21,2.31
7535,0.83,1.16,2.35
7536,1.13,1.14,2.18
7537,1.07,1.05,1.78
7538,0.92,1.03,1.77
7539,0.87,1.0,1.75
7540,0.65,1.03,1.73
7541,0.84,1.0,1.7
7542,0.8,1.05,1.72
7543,0.84,1.17,1.77
7544,1.14,1.11,1.86
7545,2.02,1.04,1.93
7546,1.37,1.16,1.92
7547,0.87,1.19,1.93
7548,0.84,1.26,2.01
7549,0.78,1.3,2.08
7550,1.13,1.33,2.08
7551,0.85,1.4,2.06
7552,0.71,1.29,2.12
7553,0.61,1.34,2.3
7554,0.65,1.38,2.13
7555,0.69,1.23,2.09
7556,0.83,1.15,2.15
7557,0.67,1.2,2.17
7558,0.46,1.22,2.08
7559,0.42,1.27,1.94
7560,0.37,1.16,1.78
7561,0.34,1.06,1.74
7562,0.3,1.16,1.88
7563,0.27,1.19,1.82
7564,0.29,1.13,1.86
7565,0.29,1.11,2.13
7566,0.33,1.12,2.0
7567,0.39,0.98,2.25
7568,0.38,1.01,2.73
7569,0.42,1.05,3.44
7570,0.48,1.15,3.16
7571,0.51,1.13,2.13
7572,0.51,1.12,2.03
7573,0.48,1.13,1.93
7574,0.46,1.14,1.93
7575,0.45,1.21,1.77
7576,0.43,1.44,1.72
7577,0.43,1.52,1.66
7578,0.43,1.6,1.57
7579,0.46,1.71,1.73
7580,0.48,1.55,2.07
7581,0.43,1.46,2.21
7582,0.41,1.53,2.12
7583,0.38,1.33,2.77
7584,0.33,1.17,3.0
7585,0.3,1.07,2.78
7586,0.31,1.04,2.45
7587,0.29,1.32,2.41
7588,0.27,1.23,2.25
7589,0.28,1.19,2.22
7590,0.28,1.08,
7591,0.29,1.05,1.66
7592,0.3,1.27,2.17
7593,0.3,1.54,2.51
7594,0.3,1.58,2.02
7595,0.32,1.46,2.15
7596,0.34,1.32,2.27
7597,0.36,1.3,1.99
7598,0.33,1.4,2.5
7599,0.38,1.5,2.01
7600,0.36,1.54,1.74
7601,0.34,1.59,1.68
7602,0.35,1.46,1.64
7603,0.35,1.57,1.82
7604,0.42,1.55,2.0
7605,0.48,1.31,1.89
7606,0.46,1.27,2.02
7607,0.41,1.27,2.38
7608,0.44,1.31,2.1
7609,0.43,1.19,2.45
7610,0.48,1.11,2.35
7611,0.42,1.08,2.03
7612,0.4,1.07,1.95
7613,0.36,1.05,2.12
7614,0.44,1.09,1.91
7615,0.55,1.1,1.85
7616,1.05,1.27,1.91
7617,1.93,1.61,3.07
7618,1.32,1.57,2.64
7619,0.88,1.44,2.16
7620,0.91,1.45,1.98
7621,0.84,1.39,2.13
7622,0.85,1.53,2.2
7623,1.22,1.41,2.03
7624,0.98,1.46,2.0
7625,0.93,1.58,1.78
7626,1.02,1.64,1.7
7627,0.81,1.89,1.82
7628,0.79,2.08,1.8
7629,0.66,1.84,1.74
7630,0.62,1.59,1.79
7631,0.51,1.47,1.71
7632,0.37,1.28,1.74
7633,0.32,1.11,1.64
7634,0.31,1.07,1.62
7635,0.29,1.08,1.5
7636,0.28,1.09,1.47
7637,0.4,1.12,1.46
7638,0.37,1.13,1.44
7639,0.35,1.08,1.56
7640,0.41,1.24,1.71
7641,0.54,1.68,2.0
7642,0.54,1.58,1.83
7643,0.53,1.48,1.87
7644,0.53,1.49,1.78
7645,0.47,1.52,1.77
7646,0.54,1.63,1.91
7647,0.41,1.61,1.79
7648,0.37,1.55,1.82
7649,0.38,1.46,1.74
7650,0.4,1.54,1.73
7651,0.45,1.75,1.79
7652,0.49,2.04,1.95
7653,,1.68,1.97
7654,0.39,1.69,1.94
7655,,1.62,1.92
7656,0.35,1.55,1.85
7657,0.33,1.44,1.74
7658,0.34,1.38,1.66
7659,0.33,1.38,2.09
7660,0.32,1.36,2.05
7661,0.33,1.28,2.05
7662,0.35,1.28,1.6
7663,0.38,1.29,1.81
7664,0.49,1.36,2.46
7665,0.64,1.91,4.04
7666,0.55,1.87,2.85
7667,0.63,1.44,2.13
7668,0.65,1.42,1.95
7669,0.64,1.44,2.15
7670,0.77,1.65,2.4
7671,0.61,1.48,2.12
7672,0.65,1.49,1.91
7673,0.59,1.42,1.76
7674,0.57,1.35,1.79
7675,0.69,1.5,1.87
7676,0.71,1.92,2.0
7677,0.61,1.84,2.06
7678,0.61,2.32,1.97
7679,0.5,2.62,2.23
7680,0.46,2.55,2.04
7681,0.43,2.51,1.97
7682,0.44,2.05,1.91
7683,0.44,1.99,1.74
7684,0.39,1.72,1.78
7685,0.36,1.45,1.65
7686,0.34,1.44,1.64
7687,0.35,1.57,1.65
7688,0.4,1.85,1.78
7689,0.66,3.35,2.0
7690,0.51,2.48,1.82
7691,0.53,1.69,1.82
7692,0.5,1.38,1.84
7693,0.49,1.19,2.07
7694,0.57,1.5,2.27
7695,0.62,1.55,2.29
7696,0.63,1.68,2.1
7697,0.71,1.84,2.0
7698,0.68,1.84,1.9
7699,0.83,2.23,1.81
7700,0.94,2.11,1.89
7701,0.75,1.77,2.13
7702,0.74,1.86,2.19
7703,0.64,2.62,2.46
7704,0.51,3.3,2.91
7705,0.5,2.91,2.56
7706,0.47,2.5,2.67
7707,0.48,2.47,2.91
7708,0.44,2.19,2.83
7709,0.44,1.61,2.21
7710,0.41,1.53,2.0
7711,0.41,1.56,2.03
7712,0.47,1.74,2.18
7713,0.55,2.5,2.38
7714,0.61,2.13,2.18
7715,0.64,1.55,2.0
7716,0.78,1.43,1.94
7717,0.77,1.34,1.95
7718,0.91,1.29,2.15
7719,0.96,1.26,2.21
7720,1.13,1.23,2.07
7721,1.03,1.22,2.06
7722,0.84,1.23,1.96
7723,0.86,1.16,1.91
7724,0.87,1.2,1.92
7725,1.0,1.31,2.04
7726,0.93,1.37,1.96
7727,0.83,1.37,2.12
7728,0.73,1.24,2.28
7729,0.62,1.26,2.28
7730,0.56,1.27,2.12
7731,0.57,1.2,1.91
7732,0.53,1.13,2.17
7733,0.52,1.12,2.15
7734,0.52,1.11,2.01
7735,0.52,1.1,1.86
7736,0.54,1.14,2.04
7737,0.58,1.19,2.45
7738,0.55,1.24,2.5
7739,0.63,1.19,1.95
7740,0.61,1.17,2.0
7741,0.66,1.32,2.07
7742,0.71,1.43,2.19
7743,0.77,1.56,1.85
7744,0.78,1.57,1.8
7745,0.68,1.64,1.79
7746,0.68,1.54,1.84
7747,0.64,1.39,1.98
7748,0.58,1.43,2.06
7749,0.54,1.6,2.19
7750,0.5,1.75,2.15
7751,0.52,1.84,2.95
7752,0.52,2.27,2.6
7753,0.47,2.46,2.75
7754,0.47,2.25,2.61
7755,0.48,1.97,2.2
7756,0.46,1.67,2.21
7757,0.46,1.51,2.04
7758,0.45,1.28,1.89
7759,0.45,1.25,2.16
7760,0.45,1.44,2.62
7761,0.46,1.68,3.82
7762,0.53,1.55,3.33
7763,0.53,1.06,2.14
7764,0.54,1.11,1.85
7765,0.53,1.1,1.77
7766,0.57,0.99,1.97
7767,0.6,1.01,1.76
7768,0.62,1.17,1.8
7769,0.68,1.14,1.79
7770,0.74,1.13,1.82
7771,0.69,1.13,1.98
7772,0.69,1.13,2.42
7773,0.75,1.1,2.2
7774,0.76,1.08,2.35
7775,0.6,1.06,3.11
7776,0.58,1.0,3.46
7777,0.66,0.99,2.87
7778,0.65,0.96,2.92
7779,0.57,0.93,2.29
7780,0.57,0.92,2.5
7781,0.59,0.92,2.23
7782,0.58,0.92,2.22
7783,0.58,0.96,2.55
7784,0.68,1.04,2.83
7785,0.65,1.12,2.29
7786,0.65,1.11,1.81
7787,0.71,1.07,1.76
7788,0.73,1.08,1.72
7789,0.79,1.09,1.67
7790,0.85,1.22,1.81
7791,0.9,1.17,1.67
7792,0.87,1.09,1.72
7793,0.89,1.06,1.68
7794,0.93,1.08,1.75
7795,0.95,1.19,1.89
7796,0.92,1.21,1.78
7797,0.8,1.17,1.6
7798,0.74,1.27,1.63
7799,0.72,1.31,1.68
7800,0.7,1.07,1.62
7801,0.68,1.01,1.74
7802,0.71,1.04,1.53
7803,0.74,1.09,1.52
7804,0.71,1.05,1.49
7805,0.74,1.05,1.62
7806,0.8,1.06,1.9
7807,0.79,1.08,2.07
7808,0.86,1.06,2.66
7809,1.21,1.33,3.51
7810,1.1,1.12,2.51
7811,1.17,1.15,2.02
7812,0.98,1.15,2.1
7813,0.98,1.13,2.18
7814,1.08,1.24,2.14
7815,1.12,1.16,1.85
7816,1.24,1.14,1.79
7817,1.16,1.14,1.82
7818,1.04,1.15,1.82
7819,1.06,1.28,2.0
7820,1.22,1.44,2.22
7821,1.05,1.43,2.07
7822,1.06,1.39,2.07
7823,0.93,1.27,2.03
7824,0.77,1.19,2.27
7825,0.71,1.09,2.5
7826,0.62,1.12,2.48
7827,0.62,1.08,2.67
7828,0.59,1.08,2.39
7829,0.61,1.27,2.15
7830,0.62,1.24,2.05
7831,0.64,1.22,2.4
7832,0.72,1.27,3.35
7833,0.98,1.59,5.14
7834,1.13,1.55,3.62
7835,0.93,1.55,2.52
7836,0.85,1.41,1.92
7837,0.9,1.3,2.34
7838,0.93,1.47,2.79
7839,1.0,1.43,2.32
7840,1.13,1.42,2.22
7841,1.55,1.41,2.18
7842,1.53,1.36,2.04
7843,1.71,1.52,2.09
7844,1.83,1.6,2.36
7845,1.52,2.04,2.41
7846,1.51,1.65,2.52
7847,1.32,2.0,3.6
7848,1.3,2.19,3.39
7849,1.16,2.13,2.97
7850,1.23,2.02,2.9
7851,1.19,1.79,2.83
7852,1.24,1.62,2.85
7853,1.12,1.6,2.83
7854,1.07,1.48,2.64
7855,1.01,1.44,2.49
7856,1.09,1.97,2.97
7857,1.6,2.78,3.51
7858,1.54,2.37,3.46
7859,1.51,1.7,2.31
7860,1.45,1.46,2.08
7861,1.47,1.45,2.03
7862,1.53,1.63,2.15
7863,1.28,1.69,2.41
7864,1.64,1.59,2.49
7865,1.4,1.51,2.43
7866,1.3,1.37,2.27
7867,1.33,1.38,2.16
7868,1.31,1.38,2.36
7869,0.95,1.46,2.37
7870,0.83,1.19,2.69
7871,0.75,1.15,3.1
7872,0.6,1.12,2.68
7873,,1.09,2.79
7874,0.58,1.08,2.83
7875,0.54,1.07,2.69
7876,0.52,1.09,2.82
7877,0.53,1.03,2.37
7878,0.56,1.04,2.14
7879,0.61,1.03,2.21
7880,,1.07,2.27
7881,,1.17,2.52
7882,,1.23,2.41
7883,,1.21,1.98
7884,,1.26,1.94
7885,,1.25,1.92
7886,,1.2,2.04
7887,,1.42,2.33
7888,,1.43,2.46
7889,,1.6,2.39
7890,,1.6,2.34
7891,,1.68,2.6
7892,,1.97,2.33
7893,,2.66,2.88
7894,,2.74,4.06
7895,,3.12,3.58
7896,,2.67,3.34
7897,0.85,2.81,3.46
7898,0.66,2.66,2.74
7899,0.52,2.01,2.54
7900,0.58,1.93,2.23
7901,0.51,1.59,2.01
7902,0.42,1.67,2.07
7903,0.43,1.69,2.34
7904,0.45,1.53,3.32
7905,0.47,1.25,6.35
7906,0.6,1.26,6.37
7907,0.79,1.45,2.79
7908,0.74,1.44,2.39
7909,0.82,1.38,1.93
7910,,1.41,2.73
7911,0.82,1.46,2.94
7912,,1.27,2.37
7913,0.84,1.35,2.3
7914,0.84,1.32,2.3
7915,0.99,1.25,2.52
7916,,1.21,2.49
7917,,1.26,2.59
7918,,1.16,2.47
7919,3.14,1.16,2.5
7920,2.74,1.18,2.43
7921,2.56,1.11,2.78
7922,2.48,1.1,3.08
7923,1.8,1.05,3.16
7924,1.37,1.06,2.68
7925,1.0,1.04,2.54
7926,1.01,1.02,1.99
7927,0.97,1.08,1.87
7928,1.1,1.17,1.9
7929,1.26,1.35,2.36
7930,1.47,1.27,2.13
7931,,1.32,2.01
7932,0.76,1.37,1.98
7933,0.68,1.48,2.06
7934,0.6,1.59,2.13
7935,0.68,1.42,2.05
7936,0.72,1.43,2.07
7937,0.99,1.45,2.02
7938,0.92,1.46,2.04
7939,1.35,1.57,2.22
7940,2.88,1.55,2.38
7941,2.69,1.4,2.46
7942,,1.35,2.47
7943,2.48,1.39,2.65
7944,2.37,1.28,2.79
7945,2.03,1.13,2.73
7946,1.41,1.1,2.77
7947,1.09,1.13,2.74
7948,1.02,1.15,2.69
7949,0.88,1.19,2.55
7950,0.8,1.21,2.42
7951,0.9,1.2,2.76
7952,1.43,1.41,3.4
7953,3.91,1.64,5.78
7954,3.74,1.56,4.91
7955,1.3,1.52,2.5
7956,0.79,1.52,2.28
7957,0.73,1.53,2.33
7958,0.96,1.76,2.67
7959,0.83,1.58,2.75
7960,0.81,1.51,3.38
7961,0.82,1.47,3.21
7962,0.82,1.58,3.0
7963,0.94,1.6,3.4
7964,1.27,1.58,3.51
7965,1.19,1.38,3.15
7966,1.87,1.33,3.91
7967,2.17,1.25,5.2
7968,1.85,1.23,5.05
7969,2.02,1.21,4.58
7970,1.6,1.19,3.95
7971,1.25,1.16,3.63
7972,1.0,1.18,2.92
7973,0.91,1.2,2.64
7974,1.01,1.21,2.4
7975,1.12,1.19,2.6
7976,1.81,1.3,3.62
7977,3.0,1.78,6.18
7978,4.04,1.79,2.5
7979,2.71,1.61,2.02
7980,1.82,1.72,2.07
7981,1.03,1.76,2.09
7982,0.92,1.94,1.95
7983,1.03,1.96,1.94
7984,0.88,1.96,1.96
7985,0.83,1.99,2.0
7986,0.76,2.03,2.03
7987,1.1,2.39,2.12
7988,3.13,2.65,2.24
7989,3.33,2.66,2.04
7990,2.95,2.71,1.89
7991,3.02,2.86,1.92
7992,2.24,2.88,1.79
7993,1.84,2.11,1.74
7994,1.52,1.58,1.73
7995,1.11,1.48,1.67
7996,0.77,1.42,1.63
7997,0.76,1.65,1.57
7998,0.84,1.66,1.69
7999,0.99,1.78,1.79
8000,1.55,2.22,1.99
8001,3.4,3.71,1.94
8002,3.39,3.89,1.92
8003,1.01,2.23,1.98
8004,0.91,2.34,2.03
8005,0.77,1.67,2.07
8006,0.75,1.78,2.12
8007,0.77,2.16,2.13
8008,0.76,2.32,2.12
8009,0.76,1.69,2.03
8010,0.79,1.99,1.97
8011,0.81,2.72,2.0
8012,0.84,4.73,2.23
8013,0.82,4.05,2.27
8014,0.74,5.37,2.18
8015,0.62,4.68,1.86
8016,0.53,3.69,1.85
8017,,,1.76
8018,0.51,2.41,1.7
8019,0.5,1.75,1.68
8020,0.52,1.6,1.71
8021,0.53,1.54,1.89
8022,0.53,1.49,1.88
8023,0.56,1.64,1.94
8024,0.69,2.15,2.23
8025,0.98,4.53,2.37
8026,0.98,4.48,2.51
8027,1.07,3.63,1.97
8028,1.07,2.81,1.96
8029,1.13,2.6,2.07
8030,1.7,1.99,2.23
8031,1.63,1.43,2.37
8032,1.76,1.41,2.61
8033,1.87,1.5,2.73
8034,2.04,1.51,2.78
8035,2.37,1.73,2.83
8036,2.34,2.61,2.56
8037,2.01,3.01,2.43
8038,1.88,4.08,2.53
8039,1.75,4.12,2.51
8040,1.79,3.93,2.87
8041,1.91,3.21,
8042,1.94,2.83,3.31
8043,1.77,2.58,3.18
8044,1.68,2.43,2.92
8045,1.57,1.91,2.83
8046,1.38,1.99,2.56
8047,1.33,2.13,2.78
8048,1.41,2.02,3.13
8049,1.51,2.72,3.23
8050,1.42,3.45,3.26
8051,1.56,2.28,2.93
8052,1.6,1.62,2.39
8053,1.67,1.81,2.63
8054,1.68,2.48,2.68
8055,1.78,1.89,2.42
8056,1.99,1.69,2.23
8057,2.02,1.62,2.21
8058,2.01,1.7,2.34
8059,2.1,1.55,2.5
8060,2.08,1.77,2.5
8061,1.93,1.86,2.29
8062,2.0,1.91,2.14
8063,1.84,2.02,2.11
8064,2.18,2.37,2.2
8065,1.84,2.8,2.41
8066,1.84,2.26,2.92
8067,2.05,2.18,2.43
8068,2.27,2.55,2.21
8069,2.12,2.02,2.17
8070,2.3,1.73,2.01
8071,2.12,1.84,2.14
8072,2.08,1.81,2.63
8073,2.12,2.09,2.84
8074,2.07,2.37,2.41
8075,1.71,1.68,2.62
8076,1.48,1.53,2.9
8077,1.17,1.32,2.65
8078,1.11,1.31,2.48
8079,1.09,1.28,2.32
8080,1.07,1.26,2.42
8081,0.95,1.25,2.43
8082,0.92,1.27,2.46
8083,0.89,1.43,2.47
8084,0.9,1.71,2.38
8085,0.84,2.29,2.17
8086,0.82,2.8,2.23
8087,0.78,2.08,2.16
8088,0.72,2.14,2.15
8089,0.72,2.23,2.08
8090,0.7,2.41,1.98
8091,0.68,2.05,1.97
8092,0.64,1.69,1.91
8093,0.7,1.65,1.97
8094,0.73,1.48,2.05
8095,0.74,1.57,2.07
8096,0.79,2.23,2.15
8097,0.81,3.39,2.32
8098,0.88,3.93,2.16
8099,0.88,2.86,2.42
8100,0.86,1.51,2.36
8101,0.74,1.54,2.36
8102,0.76,1.57,2.68
8103,0.85,1.56,2.41
8104,0.85,1.56,2.27
8105,0.92,1.49,2.33
8106,0.94,1.48,2.35
8107,1.07,1.75,2.47
8108,0.96,1.78,2.59
8109,1.03,1.62,2.39
8110,1.13,1.79,2.38
8111,1.17,1.97,2.27
8112,1.3,2.02,2.31
8113,1.46,2.12,2.21
8114,1.56,1.98,2.2
8115,1.07,1.75,2.15
8116,1.01,1.68,2.16
8117,1.01,1.58,2.12
8118,0.95,1.68,2.19
8119,0.95,1.87,2.3
8120,1.17,2.29,2.41
8121,2.27,3.42,2.89
8122,1.61,3.49,3.0
8123,1.07,2.38,2.53
8124,0.93,2.08,2.61
8125,1.13,2.16,2.5
8126,1.35,2.58,2.81
8127,1.6,2.21,2.65
8128,1.69,1.72,2.75
8129,1.49,1.62,2.96
8130,1.32,1.67,3.13
8131,1.24,1.83,3.3
8132,1.36,1.92,3.82
8133,1.29,1.67,3.5
8134,1.29,1.5,3.27
8135,1.49,1.55,3.02
8136,1.67,1.52,3.12
8137,1.57,1.62,3.3
8138,1.32,1.87,3.24
8139,1.44,1.51,3.32
8140,1.46,1.41,3.19
8141,1.35,1.47,3.09
8142,1.27,1.37,3.05
8143,1.24,1.47,3.04
8144,1.78,1.27,3.21
8145,3.12,1.51,3.43
8146,2.64,1.38,3.3
8147,1.13,1.38,3.04
8148,1.18,1.43,2.94
8149,1.19,1.23,3.02
8150,1.62,1.3,3.24
8151,1.48,1.26,3.05
8152,1.36,1.29,2.87
8153,1.27,1.33,2.17
8154,1.25,1.47,2.15
8155,1.34,1.53,2.22
8156,1.43,1.65,2.34
8157,1.29,1.46,2.11
8158,1.32,1.29,2.06
8159,1.41,1.28,1.94
8160,1.72,1.23,2.0
8161,1.61,1.21,2.0
8162,1.18,1.18,1.98
8163,1.02,1.18,1.91
8164,1.03,1.15,1.88
8165,1.02,1.14,1.81
8166,0.87,1.17,1.81
8167,0.88,1.2,1.82
8168,0.95,1.26,1.9
8169,1.2,1.42,2.29
8170,1.07,1.46,2.32
8171,1.15,1.41,2.5
8172,1.22,1.47,2.23
8173,1.22,1.54,2.21
8174,1.17,1.7,2.41
8175,1.1,1.7,2.24
8176,1.05,1.68,2.39
8177,0.98,1.75,2.55
8178,0.92,1.84,2.54
8179,0.98,1.97,2.76
8180,1.22,2.01,2.74
8181,1.09,1.81,2.64
8182,1.31,1.72,2.49
8183,1.63,1.69,2.37
8184,2.34,1.89,2.41
8185,2.18,2.06,2.17
8186,1.73,2.09,2.17
8187,1.76,1.91,2.0
8188,1.5,1.78,2.01
8189,1.41,1.92,1.95
8190,1.31,1.68,2.1
8191,1.39,1.61,2.2
8192,1.71,1.86,2.29
8193,2.61,3.48,2.18
8194,2.3,3.75,2.36
8195,1.56,3.16,2.55
8196,1.07,1.48,2.6
8197,0.87,1.44,2.8
8198,1.02,1.59,2.68
8199,0.96,1.63,2.68
8200,0.93,1.78,2.83
8201,1.03,1.82,2.92
8202,1.14,1.89,2.83
8203,1.33,1.92,2.85
8204,1.68,3.98,2.74
8205,1.54,4.12,2.77
8206,1.9,4.46,2.68
8207,2.64,3.81,2.65
8208,2.99,3.48,2.59
8209,2.8,3.45,2.49
8210,2.02,3.31,2.44
8211,1.6,2.49,2.53
8212,1.33,1.9,2.65
8213,1.2,1.85,2.68
8214,1.19,1.53,2.8
8215,1.31,1.69,2.7
8216,1.53,1.91,2.74
8217,3.55,2.65,2.93
8218,2.59,3.19,3.13
8219,1.48,1.97,3.71
8220,1.02,1.57,3.71
8221,0.96,1.37,3.63
8222,1.08,1.32,3.68
8223,1.13,1.34,3.62
8224,1.13,1.63,4.31
8225,1.14,1.64,4.68
8226,1.16,1.58,4.66
8227,1.31,1.37,5.72
8228,1.42,1.35,6.46
8229,1.29,1.38,7.03
8230,1.64,1.34,6.09
8231,2.58,1.21,5.82
8232,3.19,1.16,5.69
8233,2.78,1.13,4.08
8234,2.31,1.12,2.95
8235,1.85,1.11,2.32
8236,1.49,1.11,2.9
8237,1.52,1.1,3.23
8238,1.49,1.12,2.69
8239,1.48,1.11,2.58
8240,1.56,1.11,2.38
8241,2.06,1.12,4.39
8242,2.92,1.14,4.52
8243,1.83,1.17,2.99
8244,1.5,1.2,2.13
8245,1.35,1.22,1.86
8246,1.3,1.26,1.86
8247,1.29,1.27,1.9
8248,1.35,1.27,1.94
8249,1.26,1.32,1.9
8250,1.17,1.33,2.13
8251,1.19,1.34,2.56
8252,1.18,1.35,4.31
8253,1.3,1.35,4.45
8254,1.52,1.36,4.03
8255,1.92,1.69,4.92
8256,1.85,1.55,4.12
8257,2.05,1.56,4.09
8258,1.44,1.73,3.48
8259,1.55,1.44,3.03
8260,1.66,1.41,2.74
8261,1.44,1.44,2.24
8262,1.35,1.42,2.15
8263,1.36,1.53,2.38
8264,1.55,1.82,3.04
8265,1.93,3.16,6.35
8266,1.77,4.06,6.76
8267,1.3,2.62,4.17
8268,1.0,1.76,2.4
8269,0.98,1.87,2.39
8270,1.08,2.09,2.77
8271,1.0,2.08,2.2
8272,0.91,1.96,2.16
8273,0.76,1.86,2.13
8274,0.8,1.76,2.03
8275,0.88,1.69,2.02
8276,0.96,1.77,2.17
8277,0.98,1.67,2.06
8278,0.97,1.64,
8279,0.93,1.58,2.4
8280,0.93,2.0,2.28
8281,0.84,2.07,1.82
8282,1.16,1.86,1.72
8283,1.34,1.67,1.73
8284,1.12,1.61,1.73
8285,0.99,1.61,1.7
8286,0.89,1.56,1.69
8287,1.0,1.69,1.71
8288,1.49,2.08,1.93
8289,3.44,4.17,2.6
8290,2.67,3.11,1.94
8291,1.67,1.81,1.82
8292,1.33,1.64,1.96
8293,1.18,1.89,1.95
8294,1.15,1.89,2.09
8295,1.25,1.56,1.85
8296,1.34,1.45,1.78
8297,1.35,1.42,1.7
8298,1.38,1.37,1.77
8299,1.37,1.47,1.82
8300,1.6,1.58,1.94
8301,1.58,1.45,1.81
8302,2.08,1.47,1.84
8303,2.31,1.48,1.9
8304,2.36,1.48,1.88
8305,1.8,1.31,1.84
8306,1.42,1.32,1.81
8307,1.41,1.36,2.04
8308,1.33,1.27,2.11
8309,1.13,1.25,2.06
8310,1.11,1.31,2.1
8311,1.02,1.3,2.29
8312,1.58,1.33,2.66
8313,3.02,1.52,3.46
8314,3.6,1.59,2.25
8315,3.06,1.61,2.27
8316,0.95,1.62,2.35
8317,0.79,1.51,2.22
8318,1.26,1.73,2.43
8319,1.02,1.69,2.55
8320,0.94,1.64,2.4
8321,0.86,1.68,2.03
8322,0.91,1.71,2.01
8323,1.29,1.91,2.48
8324,2.23,2.05,2.4
8325,3.0,1.84,2.77
8326,3.39,1.82,2.93
8327,3.65,1.9,3.22
8328,3.08,1.6,3.12
8329,2.98,1.38,3.4
8330,2.28,1.3,3.35
8331,2.06,1.26,3.12
8332,1.36,1.3,2.92
8333,0.96,1.26,2.64
8334,0.79,1.25,2.61
8335,0.78,1.3,2.78
8336,0.88,1.33,3.45
8337,1.27,1.61,4.86
8338,1.03,1.84,4.92
8339,0.97,1.75,3.31
8340,0.92,1.54,2.6
8341,0.85,1.42,2.61
8342,0.92,1.47,2.76
8343,0.84,1.36,3.1
8344,0.85,1.39,3.05
8345,0.88,1.39,2.88
8346,0.88,1.43,2.62
8347,1.05,1.47,3.01
8348,1.42,1.52,3.28
8349,1.52,1.5,4.76
8350,1.93,1.45,5.38
8351,1.89,1.46,5.0
8352,1.98,1.39,5.21
8353,1.8,1.37,4.53
8354,1.51,1.34,4.24
8355,1.43,1.28,4.6
8356,1.4,1.25,3.88
8357,1.34,1.23,3.73
8358,1.13,1.21,2.81
8359,1.15,1.27,2.85
8360,1.43,1.3,3.28
8361,2.37,1.57,4.21
8362,2.57,1.6,5.04
8363,1.24,1.85,3.8
8364,0.93,1.7,2.49
8365,1.09,1.5,2.45
8366,1.05,1.52,2.63
8367,0.92,1.55,2.4
8368,0.87,1.55,2.73
8369,0.88,1.56,2.67
8370,0.82,1.79,2.65
8371,0.92,2.18,2.67
8372,1.07,2.76,2.47
8373,1.18,2.88,2.53
8374,1.62,3.06,2.54
8375,1.91,2.97,2.75
8376,1.9,2.92,2.87
8377,1.93,2.21,3.46
8378,1.7,1.84,3.26
8379,1.62,1.51,2.36
8380,1.45,1.49,2.35
8381,1.09,1.45,2.56
8382,1.02,1.39,2.3
8383,1.2,1.3,2.55
8384,1.68,1.33,2.48
8385,2.66,1.47,2.52
8386,2.74,1.54,2.82
8387,1.57,1.3,2.86
8388,1.24,1.29,2.49
8389,1.13,1.26,2.38
8390,1.16,1.25,2.35
8391,1.07,1.27,2.55
8392,1.04,1.26,2.51
8393,1.06,1.23,2.46
8394,1.09,1.28,2.46
8395,1.13,1.52,2.56
8396,1.31,1.5,2.58
8397,1.43,1.55,3.19
8398,1.12,1.75,4.01
8399,1.03,1.72,4.89
8400,0.9,2.32,4.77
8401,0.82,2.81,4.47
8402,0.76,2.43,4.15
8403,0.74,2.36,3.31
8404,0.71,2.26,3.35
8405,0.71,2.03,2.54
8406,0.71,1.62,2.44
8407,0.76,1.67,2.35
8408,0.77,1.9,2.72
8409,0.84,1.9,2.92
8410,0.89,1.71,3.11
8411,0.94,1.42,2.53
8412,0.94,1.33,2.7
8413,0.9,1.28,2.75
8414,0.91,1.29,2.36
8415,0.91,1.36,2.77
8416,0.91,1.4,2.68
8417,0.93,1.42,2.45
8418,0.96,1.63,2.25
8419,1.05,1.75,2.46
8420,1.02,1.66,3.34
8421,1.01,2.4,3.37
8422,0.94,3.19,3.48
8423,0.89,2.31,4.06
8424,0.85,2.46,3.79
8425,0.8,2.31,2.93
8426,0.81,2.48,2.67
8427,0.89,2.34,2.59
8428,0.92,1.85,2.58
8429,0.75,1.53,2.44
8430,0.73,1.47,2.32
8431,0.79,1.53,2.33
8432,0.78,1.95,2.7
8433,0.8,2.58,2.77
8434,0.79,2.93,2.72
8435,0.75,2.04,2.42
8436,0.77,1.61,2.4
8437,0.79,1.52,2.44
8438,0.82,1.7,2.52
8439,0.95,1.61,2.33
8440,1.06,1.55,2.22
8441,1.13,1.38,2.19
8442,1.19,1.37,2.13
8443,1.17,1.39,2.28
8444,1.13,1.44,2.77
8445,1.12,1.51,2.94
8446,1.06,1.41,2.73
8447,1.07,1.38,2.79
8448,0.97,1.4,2.68
8449,1.0,1.34,3.28
8450,1.06,1.29,3.26
8451,1.08,1.29,2.87
8452,1.16,1.45,2.78
8453,1.4,1.54,2.42
8454,1.24,1.54,2.42
8455,1.07,1.61,2.34
8456,1.16,1.97,3.03
8457,1.64,1.88,4.2
8458,1.42,2.23,3.87
8459,1.14,1.81,2.68
8460,1.12,1.8,2.3
8461,1.19,1.87,2.38
8462,1.35,1.5,2.56
8463,1.41,1.31,2.41
8464,1.5,1.31,2.34
8465,1.32,1.35,2.34
8466,1.34,1.35,2.32
8467,1.42,1.43,2.34
8468,1.35,1.52,2.4
8469,1.59,1.55,2.3
8470,1.93,1.68,2.29
8471,1.93,1.62,2.26
8472,2.03,1.58,2.23
8473,2.29,1.87,2.19
8474,2.11,1.79,2.15
8475,1.84,1.89,2.13
8476,1.64,1.86,2.09
8477,1.43,1.73,2.04
8478,1.32,1.64,2.03
8479,1.24,1.98,2.09
8480,1.8,2.3,2.18
8481,2.61,2.45,2.19
8482,3.39,3.11,2.33
8483,1.64,2.4,2.35
8484,1.23,1.93,2.46
8485,0.91,1.46,2.44
8486,1.12,1.78,2.51
8487,0.93,1.75,2.47
8488,0.85,1.72,2.47
8489,0.87,1.98,2.57
8490,0.92,1.93,2.59
8491,0.89,1.61,2.72
8492,0.9,1.81,2.51
8493,0.88,1.84,2.46
8494,0.84,2.02,2.58
8495,0.87,1.86,2.66
8496,0.82,1.91,2.55
8497,0.84,2.39,2.68
8498,0.85,2.18,2.67
8499,0.83,2.38,2.64
8500,0.79,2.1,2.64
8501,0.77,2.0,2.61
8502,0.78,2.08,2.47
8503,0.8,1.89,2.53
8504,0.83,2.01,2.73
8505,0.93,1.66,2.82
8506,0.97,1.64,3.09
8507,1.0,1.65,3.23
8508,1.05,1.65,2.92
8509,1.04,1.69,2.79
8510,1.05,1.5,3.27
8511,1.03,1.57,3.1
8512,1.06,1.5,2.67
8513,1.13,1.6,2.6
8514,1.17,1.77,2.67
8515,1.2,1.87,2.72
8516,1.28,2.2,2.87
8517,1.26,2.54,2.85
8518,1.2,3.09,2.82
8519,1.19,3.03,2.68
8520,1.25,2.62,2.26
8521,1.15,2.6,2.13
8522,1.2,2.39,2.12
8523,1.19,2.51,2.05
8524,1.2,2.18,2.07
8525,1.21,2.05,2.07
8526,1.3,2.27,2.08
8527,1.38,2.37,2.13
8528,1.83,2.47,2.2
8529,2.52,2.77,2.46
8530,2.91,3.14,2.45
8531,2.45,3.19,2.29
8532,1.65,2.8,2.32
8533,1.31,2.59,2.41
8534,1.27,2.36,2.48
8535,1.32,1.91,2.49
8536,1.43,1.95,2.51
8537,1.43,1.93,2.51
8538,1.29,1.96,2.46
8539,1.35,1.93,2.45
8540,1.42,1.88,2.35
8541,1.36,1.62,2.43
8542,1.19,1.67,2.43
8543,1.01,1.54,2.26
8544,0.88,1.59,2.24
8545,0.87,1.41,2.21
8546,0.81,1.35,2.16
8547,0.8,1.39,2.18
8548,0.75,1.35,2.19
8549,0.73,1.34,2.16
8550,0.75,1.4,2.21
8551,0.77,1.41,2.3
8552,0.8,1.45,2.34
8553,0.89,1.56,2.32
8554,0.95,1.58,2.39
8555,1.01,1.63,2.33
8556,1.02,1.58,2.36
8557,1.05,1.71,2.37
8558,1.04,1.69,2.4
8559,1.06,1.74,2.34
8560,1.08,1.71,2.34
8561,1.01,1.85,2.33
8562,1.02,1.85,2.34
8563,0.99,1.9,2.31
8564,1.02,1.99,2.41
8565,1.0,2.09,2.45
8566,1.05,2.05,2.48
8567,1.0,1.98,2.44
8568,0.97,1.9,2.4
8569,0.98,2.05,2.72
8570,0.89,2.08,2.68
8571,0.85,1.93,2.75
8572,0.82,1.88,2.54
8573,0.82,1.8,2.54
8574,0.79,1.91,2.35
8575,0.79,2.01,2.4
8576,0.82,2.1,2.9
8577,0.85,1.32,3.28
8578,0.9,1.31,4.03
8579,0.91,1.29,2.86
8580,0.91,1.29,2.36
8581,0.94,1.26,2.44
8582,0.99,1.25,2.45
8583,0.98,1.26,2.68
8584,1.06,1.26,2.75
8585,1.0,1.28,2.55
8586,1.07,1.3,2.62
8587,1.15,1.58,2.82
8588,1.29,1.75,3.0
8589,1.25,1.69,2.91
8590,1.13,1.71,3.21
8591,1.11,1.85,4.51
8592,1.05,3.39,4.57
8593,1.03,2.41,3.84
8594,1.04,2.39,3.59
8595,1.14,2.72,3.03
8596,1.24,2.5,2.72
8597,1.38,2.22,2.57
8598,1.4,2.24,2.43
8599,1.35,2.43,2.39
8600,1.25,2.06,2.86
8601,1.38,1.6,3.56
8602,1.44,1.4,4.75
8603,1.23,1.28,3.87
8604,1.11,1.29,2.59
8605,1.05,1.3,2.21
8606,1.15,1.3,2.38
8607,1.1,1.3,2.46
8608,1.05,1.32,2.95
8609,1.01,1.32,2.88
8610,1.08,1.42,2.79
8611,1.29,1.51,2.92
8612,1.64,1.53,2.87
8613,1.28,1.44,3.01
8614,1.42,1.49,4.48
8615,2.05,1.4,5.16
8616,2.21,1.36,4.91
8617,2.02,1.31,4.12
8618,1.91,1.31,4.62
8619,1.66,1.27,5.26
8620,1.63,1.28,5.27
8621,1.32,1.35,4.49
8622,1.31,1.26,4.3
8623,1.25,1.26,3.57
8624,1.52,1.28,3.0
8625,2.34,1.37,3.01
8626,2.63,1.43,2.56
8627,1.79,1.46,2.48
8628,1.4,1.49,2.17
8629,1.13,1.49,2.14
8630,1.16,1.55,2.09
8631,1.22,1.59,2.09
8632,1.33,1.66,2.14
8633,1.24,1.71,2.17
8634,1.27,1.76,2.22
8635,1.36,1.84,2.3
8636,1.68,2.13,2.38
8637,1.43,2.15,2.36
8638,1.34,2.07,2.37
8639,1.24,2.16,2.5
8640,1.34,2.56,3.21
8641,1.1,2.38,3.05
8642,0.97,2.33,2.99
8643,1.11,,2.9
8644,1.09,2.22,2.43
8645,1.08,2.12,2.22
8646,1.09,2.08,2.28
8647,1.19,1.92,2.33
8648,1.56,2.21,2.73
8649,2.25,2.86,3.38
8650,2.59,3.4,4.46
8651,1.78,2.22,3.51
8652,1.2,1.85,2.93
8653,1.07,1.72,2.42
8654,1.04,1.83,2.14
8655,1.03,1.73,2.58
8656,1.08,1.64,2.45
8657,1.11,1.63,2.3
8658,1.04,1.6,2.26
8659,1.19,1.73,2.4
8660,1.23,2.21,2.68
8661,1.3,1.97,2.51
8662,1.68,1.7,2.6
8663,2.04,1.56,2.73
8664,1.82,1.7,2.79
8665,1.89,1.89,3.04
8666,1.61,2.05,2.81
8667,1.42,2.0,2.78
8668,1.39,1.81,2.73
8669,1.2,1.71,2.45
8670,1.2,1.62,2.4
8671,1.39,1.47,2.6
8672,1.64,1.5,3.09
8673,2.66,2.0,3.69
8674,3.27,2.16,4.02
8675,1.83,1.61,3.23
8676,1.76,1.57,2.75
8677,1.11,1.47,2.63
8678,1.08,1.56,2.28
8679,1.34,1.55,2.31
8680,1.25,1.53,2.41
8681,1.15,1.52,2.47
8682,1.2,1.5,2.49
8683,1.54,1.6,2.76
8684,1.6,1.71,2.9
8685,2.7,1.74,2.9
8686,3.34,1.63,3.43
8687,2.53,1.6,4.08
8688,2.71,1.56,3.79
8689,2.39,1.73,3.96
8690,1.89,1.82,3.25
8691,1.57,1.82,2.73
8692,1.96,1.65,2.66
8693,1.54,1.57,2.75
8694,1.08,1.55,2.64
8695,1.02,1.59,2.63
8696,0.94,1.92,2.88
8697,1.07,2.36,3.37
8698,1.04,2.87,3.86
8699,0.93,1.86,3.12
8700,0.92,1.51,2.13
8701,1.02,1.58,2.02
8702,1.01,1.58,2.04
8703,0.91,1.56,2.07
8704,0.97,1.52,2.05
8705,1.14,1.54,2.05
8706,1.38,1.56,2.04
8707,1.5,1.73,2.3
8708,1.8,1.9,2.79
8709,1.44,1.91,2.88
8710,1.22,1.73,2.45
8711,1.2,2.12,3.25
8712,1.3,2.22,4.29
8713,1.49,2.13,4.72
8714,1.49,2.05,4.83
8715,1.56,1.83,3.54
8716,1.33,1.98,2.91
8717,1.11,1.81,2.62
8718,1.12,1.64,2.48
8719,1.23,1.83,2.42
8720,1.36,2.27,2.58
8721,1.9,2.6,3.15
8722,2.96,2.8,3.22
8723,1.95,2.07,2.97
8724,1.27,1.69,2.44
8725,1.22,1.57,2.27
8726,1.44,1.55,2.1
8727,1.12,1.61,2.11
8728,1.23,1.64,2.14
8729,1.24,1.59,2.11
8730,1.3,1.53,2.19
8731,1.43,1.69,2.42
8732,1.56,1.84,2.84
8733,1.78,2.09,3.84
8734,2.87,2.5,3.79
8735,3.65,2.35,3.67
8736,2.96,2.54,3.75
8737,2.49,2.52,3.77
8738,2.54,2.97,3.38
8739,1.81,2.22,3.01
8740,1.58,2.06,2.59
8741,1.57,1.93,2.34
8742,1.48,1.71,2.28
8743,1.44,1.71,2.35
8744,1.58,1.89,2.73
8745,1.6,2.16,3.56
8746,1.88,2.43,4.63
8747,1.21,1.94,3.74
8748,1.08,1.59,3.01
8749,0.99,1.51,2.52
8750,1.06,1.46,2.31
8751,1.1,1.52,2.41
8752,1.14,1.67,2.42
8753,1.14,1.66,2.46
8754,1.2,1.8,2.43
8755,1.47,1.97,3.45
8756,1.65,2.72,4.14
8757,2.04,4.46,4.63
8758,3.02,4.46,4.88
8759,3.72,4.74,4.31
8760,3.46,5.65,3.83
