hour_of_year,pm2.5_2022,pm2.5_2023,pm2.5_2024
1,137.0,67.0,351.0
2,113.0,101.0,351.0
3,141.0,143.0,331.0
4,168.0,154.0,286.0
5,139.0,166.0,178.0
6,89.0,168.0,
7,56.0,94.0,264.0
8,55.0,59.0,131.0
9,39.0,57.0,59.0
10,8.0,35.0,24.0
11,2.0,20.0,19.0
12,,29.0,21.0
13,4.0,36.0,14.0
14,,24.0,10.0
15,2.0,9.0,
16,4.0,15.0,
17,5.0,7.0,
18,4.0,12.0,4.0
19,6.0,11.0,14.0
20,8.0,4.0,30.0
21,17.0,18.0,27.0
22,11.0,22.0,27.0
23,22.0,18.0,22.0
24,30.0,24.0,16.0
25,34.0,40.0,13.0
26,45.0,24.0,12.0
27,37.0,13.0,8.0
28,30.0,17.0,14.0
29,17.0,23.0,15.0
30,18.0,23.0,21.0
31,23.0,31.0,16.0
32,23.0,34.0,13.0
33,16.0,37.0,13.0
34,14.0,46.0,14.0
35,11.0,66.0,12.0
36,9.0,46.0,5.0
37,11.0,22.0,3.0
38,12.0,16.0,10.0
39,5.0,,15.0
40,8.0,18.0,14.0
41,8.0,14.0,24.0
42,9.0,5.0,19.0
43,12.0,5.0,22.0
44,11.0,13.0,33.0
45,13.0,33.0,36.0
46,6.0,40.0,24.0
47,5.0,56.0,20.0
48,6.0,60.0,17.0
49,2.0,71.0,14.0
50,6.0,73.0,12.0
51,4.0,71.0,13.0
52,5.0,43.0,11.0
53,5.0,23.0,8.0
54,7.0,10.0,9.0
55,13.0,9.0,13.0
56,12.0,10.0,9.0
57,16.0,5.0,12.0
58,22.0,4.0,5.0
59,26.0,10.0,19.0
60,17.0,15.0,8.0
61,11.0,13.0,8.0
62,5.0,11.0,11.0
63,10.0,16.0,
64,10.0,11.0,
65,9.0,23.0,
66,6.0,38.0,
67,10.0,22.0,7.0
68,18.0,10.0,17.0
69,27.0,20.0,37.0
70,9.0,31.0,34.0
71,13.0,26.0,23.0
72,13.0,19.0,21.0
73,12.0,40.0,17.0
74,7.0,43.0,19.0
75,14.0,38.0,10.0
76,15.0,31.0,6.0
77,8.0,28.0,6.0
78,11.0,35.0,10.0
79,13.0,33.0,11.0
80,15.0,41.0,12.0
81,23.0,44.0,22.0
82,30.0,54.0,19.0
83,30.0,59.0,24.0
84,21.0,37.0,18.0
85,24.0,31.0,18.0
86,27.0,21.0,21.0
87,29.0,13.0,18.0
88,29.0,15.0,15.0
89,34.0,26.0,24.0
90,42.0,19.0,17.0
91,33.0,15.0,25.0
92,25.0,22.0,32.0
93,32.0,33.0,27.0
94,40.0,37.0,34.0
95,63.0,47.0,23.0
96,86.0,22.0,36.0
97,67.0,16.0,22.0
98,70.0,12.0,23.0
99,88.0,19.0,13.0
100,84.0,14.0,5.0
101,73.0,7.0,8.0
102,65.0,12.0,5.0
103,64.0,22.0,2.0
104,57.0,33.0,
105,57.0,42.0,9.0
106,61.0,40.0,28.0
107,64.0,40.0,51.0
108,49.0,43.0,
109,38.0,34.0,
110,24.0,22.0,
111,4.0,29.0,
112,26.0,18.0,3.0
113,9.0,25.0,9.0
114,9.0,39.0,7.0
115,4.0,24.0,17.0
116,8.0,13.0,11.0
117,20.0,21.0,26.0
118,36.0,23.0,35.0
119,40.0,24.0,29.0
120,24.0,29.0,27.0
121,31.0,26.0,32.0
122,35.0,32.0,22.0
123,41.0,27.0,8.0
124,38.0,17.0,15.0
125,49.0,13.0,19.0
126,49.0,12.0,25.0
127,46.0,14.0,27.0
128,47.0,21.0,38.0
129,50.0,19.0,43.0
130,47.0,17.0,50.0
131,51.0,24.0,47.0
132,42.0,34.0,27.0
133,34.0,24.0,16.0
134,38.0,26.0,16.0
135,36.0,34.0,9.0
136,37.0,39.0,3.0
137,17.0,29.0,9.0
138,13.0,19.0,27.0
139,9.0,20.0,24.0
140,11.0,19.0,34.0
141,24.0,32.0,33.0
142,30.0,44.0,51.0
143,28.0,50.0,52.0
144,30.0,44.0,45.0
145,33.0,38.0,51.0
146,27.0,33.0,58.0
147,15.0,16.0,41.0
148,13.0,9.0,22.0
149,8.0,14.0,25.0
150,6.0,16.0,18.0
151,7.0,18.0,18.0
152,8.0,31.0,14.0
153,10.0,30.0,17.0
154,12.0,33.0,18.0
155,14.0,43.0,16.0
156,19.0,40.0,19.0
157,22.0,37.0,25.0
158,35.0,24.0,23.0
159,43.0,25.0,16.0
160,37.0,20.0,16.0
161,24.0,21.0,24.0
162,43.0,29.0,20.0
163,37.0,20.0,8.0
164,23.0,16.0,8.0
165,32.0,33.0,10.0
166,29.0,29.0,9.0
167,26.0,19.0,7.0
168,21.0,19.0,8.0
169,17.0,18.0,8.0
170,6.0,22.0,
171,14.0,22.0,4.0
172,16.0,16.0,
173,21.0,17.0,8.0
174,21.0,21.0,5.0
175,25.0,19.0,7.0
176,26.0,17.0,15.0
177,30.0,11.0,15.0
178,36.0,12.0,30.0
179,38.0,6.0,32.0
180,49.0,,36.0
181,65.0,,34.0
182,58.0,9.0,26.0
183,68.0,9.0,16.0
184,56.0,10.0,17.0
185,49.0,20.0,22.0
186,36.0,21.0,22.0
187,48.0,22.0,14.0
188,41.0,27.0,
189,23.0,35.0,
190,26.0,28.0,18.0
191,30.0,27.0,21.0
192,37.0,25.0,10.0
193,39.0,24.0,6.0
194,39.0,35.0,
195,58.0,25.0,8.0
196,65.0,5.0,15.0
197,69.0,10.0,16.0
198,74.0,13.0,13.0
199,64.0,14.0,14.0
200,71.0,17.0,12.0
201,80.0,15.0,16.0
202,78.0,22.0,24.0
203,45.0,25.0,33.0
204,26.0,26.0,31.0
205,20.0,20.0,22.0
206,19.0,6.0,19.0
207,15.0,,21.0
208,11.0,11.0,22.0
209,13.0,21.0,27.0
210,20.0,21.0,27.0
211,20.0,,22.0
212,16.0,18.0,27.0
213,14.0,31.0,38.0
214,15.0,32.0,47.0
215,16.0,28.0,41.0
216,11.0,29.0,43.0
217,2.0,35.0,37.0
218,,32.0,36.0
219,3.0,22.0,28.0
220,3.0,19.0,37.0
221,3.0,32.0,47.0
222,6.0,29.0,39.0
223,,34.0,38.0
224,5.0,39.0,46.0
225,5.0,48.0,53.0
226,7.0,56.0,58.0
227,10.0,71.0,68.0
228,10.0,61.0,25.0
229,14.0,49.0,3.0
230,12.0,31.0,21.0
231,8.0,16.0,22.0
232,7.0,24.0,31.0
233,8.0,25.0,50.0
234,7.0,31.0,53.0
235,10.0,19.0,38.0
236,14.0,13.0,37.0
237,10.0,20.0,63.0
238,6.0,33.0,91.0
239,5.0,38.0,81.0
240,8.0,37.0,85.0
241,5.0,22.0,69.0
242,10.0,25.0,52.0
243,9.0,27.0,58.0
244,9.0,38.0,63.0
245,8.0,39.0,60.0
246,7.0,41.0,51.0
247,4.0,39.0,47.0
248,4.0,48.0,54.0
249,5.0,46.0,56.0
250,11.0,57.0,54.0
251,11.0,40.0,42.0
252,15.0,34.0,21.0
253,18.0,40.0,24.0
254,28.0,47.0,42.0
255,26.0,56.0,29.0
256,22.0,40.0,15.0
257,15.0,39.0,23.0
258,15.0,39.0,20.0
259,18.0,32.0,7.0
260,14.0,22.0,7.0
261,11.0,21.0,13.0
262,15.0,30.0,34.0
263,20.0,48.0,70.0
264,,58.0,64.0
265,,68.0,50.0
266,,56.0,44.0
267,,41.0,49.0
268,,,55.0
269,,54.0,49.0
270,,41.0,36.0
271,,37.0,40.0
272,,31.0,79.0
273,,16.0,107.0
274,,,108.0
275,38.0,17.0,105.0
276,32.0,15.0,90.0
277,26.0,10.0,65.0
278,24.0,10.0,34.0
279,23.0,7.0,33.0
280,25.0,8.0,29.0
281,22.0,2.0,22.0
282,35.0,,26.0
283,35.0,5.0,32.0
284,,14.0,35.0
285,28.0,13.0,35.0
286,10.0,15.0,30.0
287,13.0,4.0,26.0
288,15.0,,24.0
289,21.0,,25.0
290,34.0,,26.0
291,40.0,,15.0
292,43.0,,14.0
293,46.0,,14.0
294,48.0,3.0,22.0
295,41.0,3.0,21.0
296,45.0,9.0,15.0
297,53.0,7.0,22.0
298,66.0,15.0,31.0
299,66.0,21.0,56.0
300,37.0,17.0,66.0
301,24.0,13.0,9.0
302,13.0,7.0,10.0
303,9.0,8.0,17.0
304,12.0,10.0,27.0
305,15.0,13.0,28.0
306,19.0,23.0,29.0
307,16.0,22.0,25.0
308,16.0,21.0,24.0
309,,10.0,25.0
310,19.0,9.0,37.0
311,25.0,19.0,46.0
312,30.0,15.0,49.0
313,25.0,53.0,52.0
314,44.0,58.0,35.0
315,43.0,39.0,29.0
316,41.0,22.0,35.0
317,52.0,15.0,30.0
318,60.0,12.0,37.0
319,61.0,10.0,34.0
320,57.0,14.0,32.0
321,62.0,17.0,39.0
322,61.0,23.0,33.0
323,54.0,26.0,38.0
324,45.0,28.0,37.0
325,34.0,24.0,29.0
326,31.0,27.0,24.0
327,29.0,24.0,24.0
328,33.0,25.0,22.0
329,26.0,25.0,20.0
330,32.0,22.0,15.0
331,35.0,25.0,16.0
332,26.0,16.0,20.0
333,30.0,17.0,28.0
334,38.0,21.0,40.0
335,41.0,29.0,44.0
336,56.0,38.0,46.0
337,60.0,15.0,29.0
338,67.0,,9.0
339,67.0,,5.0
340,45.0,2.0,
341,31.0,8.0,
342,23.0,8.0,
343,37.0,10.0,
344,45.0,14.0,2.0
345,36.0,16.0,10.0
346,33.0,21.0,25.0
347,40.0,25.0,24.0
348,34.0,22.0,24.0
349,30.0,24.0,30.0
350,20.0,32.0,14.0
351,14.0,44.0,
352,9.0,40.0,
353,15.0,30.0,2.0
354,12.0,24.0,15.0
355,12.0,18.0,32.0
356,19.0,12.0,36.0
357,28.0,18.0,33.0
358,33.0,24.0,29.0
359,28.0,30.0,24.0
360,24.0,23.0,21.0
361,25.0,22.0,11.0
362,20.0,18.0,9.0
363,13.0,21.0,15.0
364,11.0,18.0,5.0
365,9.0,23.0,
366,8.0,30.0,
367,15.0,31.0,
368,12.0,44.0,9.0
369,14.0,59.0,
370,20.0,42.0,10.0
371,31.0,46.0,13.0
372,26.0,38.0,
373,27.0,32.0,
374,22.0,31.0,2.0
375,31.0,27.0,20.0
376,31.0,14.0,28.0
377,29.0,17.0,30.0
378,29.0,13.0,35.0
379,24.0,,39.0
380,22.0,,30.0
381,32.0,10.0,33.0
382,40.0,23.0,37.0
383,33.0,26.0,24.0
384,22.0,40.0,14.0
385,21.0,46.0,
386,38.0,48.0,
387,36.0,36.0,
388,40.0,33.0,
389,45.0,37.0,
390,41.0,31.0,22.0
391,39.0,26.0,13.0
392,48.0,36.0,16.0
393,48.0,46.0,16.0
394,51.0,55.0,31.0
395,39.0,42.0,20.0
396,31.0,37.0,16.0
397,35.0,32.0,35.0
398,25.0,30.0,53.0
399,12.0,35.0,38.0
400,15.0,41.0,
401,29.0,36.0,
402,23.0,21.0,13.0
403,21.0,20.0,22.0
404,19.0,17.0,25.0
405,17.0,22.0,35.0
406,21.0,31.0,41.0
407,29.0,38.0,38.0
408,24.0,47.0,28.0
409,18.0,48.0,29.0
410,22.0,33.0,22.0
411,17.0,39.0,20.0
412,16.0,37.0,31.0
413,15.0,41.0,50.0
414,13.0,45.0,47.0
415,21.0,37.0,44.0
416,34.0,43.0,50.0
417,37.0,35.0,65.0
418,32.0,18.0,70.0
419,36.0,37.0,90.0
420,30.0,31.0,81.0
421,27.0,23.0,48.0
422,30.0,13.0,65.0
423,39.0,10.0,74.0
424,36.0,13.0,80.0
425,34.0,16.0,47.0
426,38.0,14.0,34.0
427,43.0,12.0,23.0
428,55.0,14.0,17.0
429,79.0,34.0,26.0
430,75.0,62.0,43.0
431,48.0,73.0,47.0
432,48.0,62.0,71.0
433,44.0,33.0,65.0
434,50.0,43.0,71.0
435,80.0,30.0,91.0
436,86.0,26.0,104.0
437,81.0,13.0,78.0
438,62.0,14.0,49.0
439,57.0,7.0,42.0
440,70.0,2.0,68.0
441,51.0,4.0,85.0
442,37.0,4.0,93.0
443,35.0,4.0,87.0
444,19.0,9.0,31.0
445,21.0,14.0,14.0
446,12.0,,5.0
447,7.0,11.0,
448,5.0,18.0,
449,9.0,34.0,9.0
450,6.0,30.0,7.0
451,3.0,23.0,13.0
452,7.0,18.0,18.0
453,15.0,35.0,21.0
454,27.0,40.0,17.0
455,29.0,24.0,18.0
456,23.0,20.0,21.0
457,15.0,16.0,16.0
458,8.0,15.0,11.0
459,5.0,17.0,11.0
460,10.0,15.0,10.0
461,12.0,11.0,12.0
462,12.0,10.0,8.0
463,16.0,10.0,12.0
464,16.0,12.0,13.0
465,12.0,10.0,12.0
466,12.0,19.0,15.0
467,17.0,22.0,18.0
468,16.0,23.0,21.0
469,16.0,20.0,14.0
470,12.0,20.0,19.0
471,13.0,19.0,20.0
472,10.0,27.0,19.0
473,11.0,46.0,19.0
474,10.0,24.0,16.0
475,15.0,23.0,12.0
476,16.0,,14.0
477,13.0,19.0,13.0
478,9.0,23.0,28.0
479,14.0,25.0,27.0
480,7.0,16.0,27.0
481,7.0,17.0,29.0
482,,26.0,30.0
483,,17.0,18.0
484,3.0,7.0,10.0
485,3.0,4.0,16.0
486,6.0,10.0,13.0
487,3.0,9.0,8.0
488,7.0,18.0,8.0
489,5.0,18.0,14.0
490,8.0,27.0,15.0
491,10.0,29.0,25.0
492,14.0,42.0,22.0
493,14.0,42.0,27.0
494,12.0,34.0,
495,10.0,32.0,
496,14.0,26.0,
497,11.0,18.0,
498,19.0,18.0,5.0
499,22.0,,5.0
500,24.0,15.0,12.0
501,27.0,19.0,14.0
502,28.0,15.0,11.0
503,30.0,15.0,22.0
504,32.0,9.0,40.0
505,25.0,19.0,52.0
506,26.0,23.0,
507,21.0,11.0,42.0
508,28.0,,49.0
509,35.0,2.0,20.0
510,10.0,7.0,
511,13.0,3.0,14.0
512,12.0,5.0,27.0
513,20.0,2.0,35.0
514,17.0,3.0,33.0
515,15.0,6.0,33.0
516,15.0,11.0,35.0
517,18.0,12.0,25.0
518,11.0,13.0,24.0
519,14.0,9.0,20.0
520,13.0,19.0,27.0
521,9.0,26.0,28.0
522,7.0,15.0,26.0
523,7.0,7.0,42.0
524,,7.0,37.0
525,21.0,,37.0
526,14.0,9.0,49.0
527,13.0,13.0,39.0
528,14.0,23.0,37.0
529,3.0,12.0,55.0
530,5.0,14.0,65.0
531,12.0,9.0,68.0
532,7.0,7.0,67.0
533,5.0,12.0,65.0
534,2.0,8.0,67.0
535,8.0,10.0,67.0
536,5.0,12.0,64.0
537,4.0,14.0,56.0
538,4.0,10.0,56.0
539,5.0,16.0,49.0
540,6.0,21.0,26.0
541,10.0,18.0,18.0
542,4.0,12.0,20.0
543,3.0,12.0,17.0
544,13.0,13.0,26.0
545,11.0,10.0,38.0
546,13.0,12.0,24.0
547,14.0,21.0,19.0
548,13.0,19.0,22.0
549,10.0,18.0,27.0
550,8.0,18.0,32.0
551,10.0,,15.0
552,9.0,23.0,12.0
553,10.0,10.0,10.0
554,22.0,8.0,3.0
555,18.0,13.0,11.0
556,6.0,16.0,14.0
557,11.0,24.0,19.0
558,9.0,23.0,18.0
559,2.0,17.0,18.0
560,,13.0,13.0
561,8.0,13.0,19.0
562,7.0,28.0,20.0
563,9.0,36.0,6.0
564,9.0,19.0,12.0
565,,16.0,25.0
566,8.0,20.0,9.0
567,12.0,13.0,8.0
568,12.0,16.0,7.0
569,21.0,13.0,12.0
570,24.0,,13.0
571,32.0,,15.0
572,42.0,7.0,11.0
573,46.0,10.0,12.0
574,42.0,4.0,12.0
575,60.0,8.0,16.0
576,68.0,,15.0
577,36.0,,13.0
578,22.0,,5.0
579,31.0,,8.0
580,37.0,,3.0
581,34.0,,5.0
582,24.0,3.0,
583,25.0,,7.0
584,24.0,2.0,12.0
585,31.0,12.0,35.0
586,33.0,20.0,23.0
587,50.0,20.0,15.0
588,51.0,18.0,13.0
589,19.0,15.0,12.0
590,15.0,12.0,10.0
591,13.0,13.0,9.0
592,11.0,18.0,5.0
593,14.0,19.0,4.0
594,10.0,22.0,4.0
595,11.0,19.0,12.0
596,19.0,12.0,8.0
597,24.0,8.0,6.0
598,24.0,14.0,14.0
599,15.0,18.0,15.0
600,11.0,11.0,19.0
601,10.0,15.0,28.0
602,25.0,11.0,20.0
603,21.0,9.0,24.0
604,9.0,13.0,17.0
605,10.0,11.0,18.0
606,11.0,10.0,13.0
607,10.0,15.0,11.0
608,11.0,16.0,14.0
609,9.0,15.0,17.0
610,12.0,15.0,15.0
611,15.0,16.0,12.0
612,18.0,12.0,21.0
613,17.0,16.0,19.0
614,23.0,22.0,13.0
615,17.0,24.0,21.0
616,19.0,15.0,28.0
617,20.0,16.0,27.0
618,24.0,12.0,23.0
619,32.0,13.0,20.0
620,22.0,8.0,21.0
621,24.0,14.0,21.0
622,19.0,11.0,29.0
623,11.0,10.0,32.0
624,16.0,5.0,19.0
625,18.0,8.0,12.0
626,20.0,13.0,11.0
627,25.0,13.0,3.0
628,20.0,16.0,8.0
629,15.0,14.0,12.0
630,11.0,14.0,6.0
631,11.0,11.0,7.0
632,7.0,12.0,
633,12.0,17.0,
634,10.0,14.0,
635,10.0,17.0,
636,14.0,17.0,
637,12.0,15.0,5.0
638,18.0,18.0,6.0
639,16.0,26.0,4.0
640,15.0,31.0,
641,22.0,31.0,
642,19.0,19.0,9.0
643,18.0,16.0,10.0
644,16.0,27.0,22.0
645,13.0,28.0,21.0
646,10.0,29.0,24.0
647,19.0,27.0,14.0
648,19.0,23.0,12.0
649,15.0,29.0,10.0
650,6.0,32.0,7.0
651,12.0,53.0,16.0
652,8.0,91.0,10.0
653,3.0,66.0,10.0
654,6.0,49.0,8.0
655,,46.0,8.0
656,6.0,45.0,13.0
657,2.0,44.0,10.0
658,3.0,49.0,23.0
659,5.0,53.0,27.0
660,9.0,41.0,15.0
661,10.0,23.0,15.0
662,9.0,26.0,7.0
663,7.0,21.0,2.0
664,8.0,24.0,9.0
665,2.0,29.0,8.0
666,6.0,48.0,3.0
667,11.0,42.0,5.0
668,22.0,38.0,4.0
669,19.0,46.0,16.0
670,17.0,47.0,17.0
671,18.0,67.0,15.0
672,13.0,82.0,14.0
673,14.0,104.0,19.0
674,17.0,153.0,17.0
675,15.0,141.0,7.0
676,16.0,104.0,8.0
677,13.0,86.0,6.0
678,11.0,86.0,6.0
679,13.0,84.0,
680,16.0,74.0,8.0
681,13.0,64.0,9.0
682,17.0,47.0,17.0
683,19.0,48.0,30.0
684,21.0,42.0,18.0
685,18.0,35.0,12.0
686,18.0,29.0,6.0
687,14.0,22.0,10.0
688,24.0,24.0,3.0
689,25.0,24.0,
690,31.0,14.0,4.0
691,21.0,9.0,4.0
692,15.0,6.0,11.0
693,15.0,,18.0
694,21.0,6.0,20.0
695,27.0,10.0,15.0
696,28.0,21.0,32.0
697,30.0,20.0,35.0
698,34.0,27.0,18.0
699,20.0,21.0,15.0
700,18.0,12.0,11.0
701,21.0,14.0,7.0
702,29.0,18.0,6.0
703,23.0,22.0,7.0
704,25.0,21.0,10.0
705,34.0,30.0,10.0
706,37.0,37.0,18.0
707,29.0,41.0,12.0
708,15.0,31.0,12.0
709,9.0,22.0,5.0
710,12.0,20.0,7.0
711,18.0,18.0,12.0
712,31.0,26.0,12.0
713,31.0,28.0,11.0
714,17.0,24.0,12.0
715,7.0,20.0,10.0
716,11.0,14.0,11.0
717,12.0,12.0,12.0
718,11.0,,21.0
719,14.0,,30.0
720,13.0,,26.0
721,12.0,13.0,36.0
722,11.0,2.0,46.0
723,10.0,,29.0
724,11.0,,33.0
725,9.0,,22.0
726,4.0,,21.0
727,7.0,,24.0
728,16.0,3.0,29.0
729,25.0,5.0,36.0
730,25.0,3.0,34.0
731,22.0,7.0,36.0
732,15.0,7.0,24.0
733,19.0,6.0,10.0
734,14.0,8.0,13.0
735,9.0,6.0,14.0
736,8.0,5.0,19.0
737,8.0,,16.0
738,3.0,4.0,16.0
739,13.0,6.0,18.0
740,15.0,,20.0
741,21.0,4.0,22.0
742,27.0,3.0,19.0
743,33.0,,20.0
744,38.0,5.0,30.0
745,,,
746,48.0,11.0,9.0
747,50.0,6.0,9.0
748,22.0,3.0,8.0
749,15.0,,8.0
750,13.0,,6.0
751,15.0,4.0,12.0
752,18.0,,12.0
753,22.0,4.0,14.0
754,60.0,2.0,8.0
755,60.0,7.0,12.0
756,34.0,10.0,30.0
757,28.0,8.0,36.0
758,25.0,4.0,28.0
759,26.0,,27.0
760,22.0,15.0,33.0
761,20.0,17.0,21.0
762,20.0,30.0,22.0
763,18.0,29.0,25.0
764,15.0,22.0,24.0
765,23.0,19.0,26.0
766,36.0,20.0,23.0
767,25.0,18.0,20.0
768,24.0,4.0,23.0
769,18.0,6.0,25.0
770,12.0,14.0,19.0
771,12.0,8.0,15.0
772,15.0,7.0,25.0
773,17.0,5.0,24.0
774,21.0,5.0,13.0
775,19.0,9.0,10.0
776,20.0,8.0,25.0
777,27.0,9.0,40.0
778,24.0,10.0,38.0
779,30.0,13.0,41.0
780,28.0,13.0,38.0
781,30.0,,39.0
782,25.0,14.0,51.0
783,28.0,19.0,41.0
784,24.0,15.0,44.0
785,17.0,10.0,45.0
786,20.0,9.0,28.0
787,24.0,15.0,26.0
788,26.0,17.0,15.0
789,42.0,36.0,3.0
790,57.0,63.0,3.0
791,53.0,65.0,24.0
792,44.0,38.0,47.0
793,29.0,29.0,36.0
794,13.0,23.0,27.0
795,12.0,25.0,27.0
796,10.0,13.0,28.0
797,3.0,11.0,26.0
798,,2.0,24.0
799,,9.0,20.0
800,,16.0,
801,6.0,15.0,
802,8.0,24.0,
803,9.0,21.0,18.0
804,8.0,17.0,16.0
805,12.0,17.0,16.0
806,8.0,12.0,41.0
807,6.0,10.0,21.0
808,5.0,13.0,19.0
809,6.0,13.0,11.0
810,6.0,4.0,11.0
811,11.0,3.0,5.0
812,4.0,9.0,
813,2.0,10.0,37.0
814,8.0,10.0,15.0
815,7.0,20.0,17.0
816,5.0,19.0,24.0
817,3.0,20.0,26.0
818,9.0,17.0,23.0
819,9.0,14.0,16.0
820,2.0,14.0,17.0
821,5.0,9.0,12.0
822,6.0,7.0,13.0
823,6.0,14.0,14.0
824,,19.0,15.0
825,7.0,26.0,16.0
826,9.0,28.0,22.0
827,,38.0,21.0
828,,31.0,19.0
829,,24.0,11.0
830,,22.0,4.0
831,,20.0,4.0
832,8.0,26.0,7.0
833,7.0,28.0,14.0
834,5.0,18.0,13.0
835,10.0,16.0,3.0
836,13.0,13.0,
837,13.0,14.0,
838,26.0,29.0,3.0
839,19.0,43.0,5.0
840,9.0,54.0,8.0
841,8.0,24.0,7.0
842,,12.0,
843,8.0,6.0,6.0
844,10.0,7.0,8.0
845,8.0,23.0,7.0
846,8.0,27.0,8.0
847,4.0,31.0,10.0
848,10.0,31.0,7.0
849,8.0,27.0,12.0
850,14.0,25.0,13.0
851,21.0,33.0,15.0
852,13.0,41.0,17.0
853,13.0,35.0,12.0
854,15.0,29.0,8.0
855,30.0,24.0,4.0
856,19.0,19.0,3.0
857,20.0,21.0,7.0
858,23.0,8.0,7.0
859,22.0,,5.0
860,9.0,,9.0
861,5.0,6.0,24.0
862,8.0,16.0,
863,17.0,20.0,12.0
864,20.0,27.0,10.0
865,15.0,22.0,4.0
866,9.0,11.0,9.0
867,7.0,8.0,12.0
868,14.0,20.0,8.0
869,15.0,11.0,7.0
870,14.0,13.0,9.0
871,9.0,10.0,8.0
872,15.0,14.0,13.0
873,19.0,11.0,20.0
874,33.0,8.0,27.0
875,25.0,15.0,
876,20.0,20.0,10.0
877,17.0,35.0,9.0
878,19.0,34.0,8.0
879,19.0,22.0,13.0
880,32.0,18.0,15.0
881,20.0,4.0,16.0
882,17.0,11.0,13.0
883,16.0,7.0,5.0
884,10.0,8.0,6.0
885,9.0,8.0,6.0
886,14.0,,12.0
887,14.0,17.0,15.0
888,15.0,18.0,17.0
889,21.0,13.0,20.0
890,35.0,17.0,
891,30.0,13.0,15.0
892,21.0,13.0,18.0
893,16.0,7.0,12.0
894,21.0,11.0,18.0
895,34.0,15.0,10.0
896,24.0,13.0,19.0
897,15.0,24.0,19.0
898,15.0,29.0,22.0
899,6.0,37.0,16.0
900,6.0,35.0,14.0
901,12.0,35.0,13.0
902,11.0,29.0,7.0
903,5.0,32.0,13.0
904,4.0,36.0,19.0
905,8.0,51.0,23.0
906,10.0,50.0,28.0
907,10.0,19.0,15.0
908,9.0,11.0,26.0
909,17.0,4.0,35.0
910,10.0,7.0,56.0
911,16.0,13.0,
912,19.0,11.0,
913,20.0,10.0,48.0
914,23.0,2.0,22.0
915,23.0,3.0,
916,27.0,2.0,27.0
917,22.0,4.0,25.0
918,26.0,3.0,
919,37.0,3.0,45.0
920,14.0,4.0,32.0
921,13.0,,12.0
922,29.0,5.0,15.0
923,27.0,6.0,
924,23.0,7.0,
925,14.0,13.0,26.0
926,11.0,13.0,25.0
927,13.0,6.0,22.0
928,9.0,10.0,13.0
929,14.0,4.0,23.0
930,11.0,8.0,9.0
931,21.0,8.0,7.0
932,16.0,17.0,10.0
933,19.0,18.0,26.0
934,16.0,18.0,34.0
935,21.0,19.0,28.0
936,29.0,24.0,31.0
937,20.0,20.0,38.0
938,11.0,15.0,26.0
939,12.0,20.0,18.0
940,14.0,24.0,30.0
941,13.0,9.0,28.0
942,14.0,14.0,22.0
943,25.0,19.0,30.0
944,30.0,14.0,41.0
945,30.0,16.0,46.0
946,31.0,22.0,57.0
947,30.0,22.0,54.0
948,22.0,23.0,31.0
949,19.0,20.0,24.0
950,16.0,27.0,23.0
951,13.0,21.0,26.0
952,19.0,18.0,40.0
953,18.0,17.0,35.0
954,13.0,14.0,28.0
955,,15.0,25.0
956,,11.0,13.0
957,,16.0,18.0
958,,20.0,40.0
959,,17.0,35.0
960,,11.0,33.0
961,10.0,12.0,35.0
962,8.0,10.0,27.0
963,9.0,14.0,35.0
964,10.0,11.0,27.0
965,6.0,10.0,26.0
966,10.0,7.0,22.0
967,15.0,19.0,25.0
968,24.0,13.0,27.0
969,29.0,11.0,34.0
970,34.0,9.0,37.0
971,44.0,12.0,33.0
972,36.0,12.0,41.0
973,21.0,9.0,34.0
974,24.0,10.0,28.0
975,19.0,10.0,32.0
976,13.0,8.0,33.0
977,23.0,9.0,39.0
978,23.0,7.0,40.0
979,19.0,7.0,31.0
980,20.0,13.0,36.0
981,19.0,16.0,34.0
982,12.0,21.0,34.0
983,9.0,11.0,42.0
984,11.0,13.0,36.0
985,9.0,14.0,35.0
986,4.0,,44.0
987,4.0,,36.0
988,8.0,2.0,38.0
989,8.0,10.0,38.0
990,,12.0,37.0
991,15.0,14.0,36.0
992,19.0,13.0,24.0
993,21.0,8.0,30.0
994,22.0,13.0,5.0
995,28.0,18.0,
996,35.0,16.0,11.0
997,44.0,9.0,5.0
998,36.0,11.0,4.0
999,37.0,10.0,
1000,26.0,9.0,
1001,18.0,10.0,5.0
1002,21.0,17.0,4.0
1003,20.0,21.0,4.0
1004,14.0,,
1005,12.0,8.0,8.0
1006,14.0,9.0,27.0
1007,15.0,16.0,19.0
1008,12.0,22.0,13.0
1009,11.0,17.0,10.0
1010,14.0,16.0,
1011,16.0,21.0,
1012,22.0,23.0,3.0
1013,17.0,21.0,
1014,25.0,14.0,
1015,24.0,9.0,
1016,25.0,10.0,
1017,35.0,4.0,7.0
1018,38.0,8.0,23.0
1019,34.0,14.0,
1020,18.0,15.0,4.0
1021,17.0,22.0,
1022,14.0,19.0,
1023,9.0,27.0,
1024,14.0,31.0,
1025,18.0,22.0,
1026,15.0,7.0,
1027,17.0,9.0,7.0
1028,,3.0,8.0
1029,12.0,6.0,16.0
1030,19.0,14.0,23.0
1031,18.0,18.0,13.0
1032,11.0,11.0,22.0
1033,10.0,5.0,20.0
1034,6.0,7.0,5.0
1035,5.0,7.0,12.0
1036,6.0,6.0,9.0
1037,6.0,4.0,10.0
1038,5.0,6.0,12.0
1039,8.0,14.0,10.0
1040,8.0,20.0,10.0
1041,,46.0,19.0
1042,13.0,59.0,16.0
1043,15.0,38.0,17.0
1044,18.0,21.0,11.0
1045,21.0,16.0,12.0
1046,16.0,17.0,14.0
1047,18.0,15.0,13.0
1048,17.0,29.0,11.0
1049,19.0,19.0,15.0
1050,17.0,14.0,14.0
1051,17.0,13.0,
1052,14.0,17.0,11.0
1053,11.0,17.0,14.0
1054,10.0,14.0,17.0
1055,13.0,17.0,20.0
1056,10.0,14.0,17.0
1057,14.0,19.0,15.0
1058,2.0,,21.0
1059,10.0,7.0,28.0
1060,12.0,15.0,27.0
1061,11.0,17.0,21.0
1062,7.0,12.0,14.0
1063,7.0,11.0,10.0
1064,17.0,17.0,16.0
1065,24.0,28.0,13.0
1066,31.0,38.0,
1067,32.0,46.0,4.0
1068,26.0,46.0,16.0
1069,17.0,27.0,18.0
1070,15.0,22.0,16.0
1071,13.0,16.0,16.0
1072,23.0,,21.0
1073,20.0,,26.0
1074,11.0,19.0,31.0
1075,14.0,19.0,24.0
1076,8.0,,23.0
1077,16.0,6.0,31.0
1078,17.0,25.0,48.0
1079,17.0,33.0,50.0
1080,18.0,37.0,43.0
1081,11.0,29.0,36.0
1082,,30.0,34.0
1083,,28.0,49.0
1084,9.0,23.0,49.0
1085,8.0,22.0,44.0
1086,7.0,28.0,44.0
1087,11.0,26.0,28.0
1088,17.0,27.0,23.0
1089,26.0,40.0,37.0
1090,34.0,53.0,37.0
1091,30.0,73.0,
1092,23.0,60.0,35.0
1093,25.0,35.0,29.0
1094,25.0,46.0,22.0
1095,27.0,43.0,25.0
1096,34.0,40.0,27.0
1097,26.0,41.0,31.0
1098,16.0,42.0,26.0
1099,17.0,30.0,42.0
1100,11.0,10.0,42.0
1101,15.0,16.0,26.0
1102,22.0,38.0,23.0
1103,25.0,56.0,19.0
1104,20.0,57.0,24.0
1105,14.0,51.0,29.0
1106,18.0,14.0,10.0
1107,10.0,41.0,7.0
1108,12.0,55.0,13.0
1109,7.0,62.0,6.0
1110,13.0,34.0,8.0
1111,8.0,24.0,9.0
1112,14.0,17.0,13.0
1113,15.0,14.0,12.0
1114,28.0,10.0,3.0
1115,30.0,15.0,6.0
1116,23.0,15.0,18.0
1117,21.0,14.0,28.0
1118,29.0,10.0,37.0
1119,35.0,15.0,19.0
1120,32.0,5.0,11.0
1121,46.0,2.0,
1122,46.0,,5.0
1123,30.0,8.0,5.0
1124,26.0,11.0,5.0
1125,22.0,16.0,16.0
1126,27.0,19.0,17.0
1127,41.0,20.0,11.0
1128,45.0,12.0,19.0
1129,32.0,9.0,19.0
1130,29.0,15.0,5.0
1131,31.0,7.0,10.0
1132,33.0,5.0,14.0
1133,32.0,,14.0
1134,34.0,3.0,5.0
1135,35.0,6.0,2.0
1136,18.0,,7.0
1137,13.0,4.0,10.0
1138,26.0,6.0,12.0
1139,48.0,8.0,7.0
1140,44.0,7.0,13.0
1141,38.0,,13.0
1142,34.0,10.0,
1143,31.0,5.0,26.0
1144,34.0,5.0,
1145,30.0,3.0,
1146,27.0,6.0,11.0
1147,24.0,8.0,
1148,21.0,12.0,
1149,24.0,8.0,7.0
1150,25.0,11.0,11.0
1151,32.0,9.0,6.0
1152,24.0,17.0,8.0
1153,18.0,20.0,10.0
1154,2.0,34.0,10.0
1155,5.0,25.0,5.0
1156,6.0,14.0,6.0
1157,7.0,11.0,4.0
1158,3.0,10.0,3.0
1159,4.0,8.0,9.0
1160,7.0,11.0,23.0
1161,7.0,12.0,28.0
1162,12.0,16.0,24.0
1163,15.0,17.0,25.0
1164,10.0,14.0,33.0
1165,12.0,17.0,
1166,13.0,18.0,
1167,8.0,20.0,
1168,9.0,26.0,10.0
1169,12.0,38.0,14.0
1170,24.0,28.0,20.0
1171,17.0,22.0,30.0
1172,15.0,27.0,19.0
1173,11.0,17.0,22.0
1174,15.0,15.0,30.0
1175,17.0,22.0,22.0
1176,18.0,49.0,29.0
1177,19.0,34.0,36.0
1178,22.0,19.0,40.0
1179,14.0,33.0,36.0
1180,13.0,35.0,28.0
1181,12.0,37.0,23.0
1182,14.0,39.0,20.0
1183,21.0,33.0,23.0
1184,19.0,30.0,28.0
1185,29.0,25.0,37.0
1186,26.0,26.0,56.0
1187,31.0,31.0,70.0
1188,28.0,21.0,25.0
1189,25.0,12.0,24.0
1190,26.0,17.0,46.0
1191,16.0,28.0,60.0
1192,16.0,21.0,50.0
1193,18.0,28.0,46.0
1194,10.0,29.0,24.0
1195,13.0,17.0,27.0
1196,10.0,14.0,18.0
1197,10.0,16.0,17.0
1198,16.0,32.0,31.0
1199,17.0,33.0,19.0
1200,28.0,34.0,22.0
1201,27.0,19.0,26.0
1202,27.0,8.0,29.0
1203,22.0,12.0,34.0
1204,12.0,9.0,45.0
1205,10.0,6.0,58.0
1206,9.0,8.0,60.0
1207,12.0,16.0,47.0
1208,12.0,14.0,34.0
1209,15.0,19.0,37.0
1210,16.0,20.0,40.0
1211,26.0,27.0,39.0
1212,33.0,21.0,21.0
1213,32.0,16.0,21.0
1214,35.0,17.0,41.0
1215,25.0,15.0,32.0
1216,36.0,7.0,38.0
1217,41.0,16.0,32.0
1218,22.0,14.0,32.0
1219,15.0,11.0,21.0
1220,11.0,6.0,2.0
1221,13.0,4.0,
1222,29.0,6.0,10.0
1223,31.0,19.0,23.0
1224,23.0,31.0,29.0
1225,13.0,41.0,43.0
1226,5.0,41.0,30.0
1227,12.0,26.0,14.0
1228,23.0,28.0,12.0
1229,14.0,26.0,17.0
1230,13.0,18.0,15.0
1231,13.0,19.0,20.0
1232,19.0,28.0,32.0
1233,25.0,34.0,43.0
1234,22.0,36.0,52.0
1235,34.0,28.0,43.0
1236,50.0,26.0,39.0
1237,42.0,28.0,26.0
1238,24.0,21.0,
1239,24.0,21.0,26.0
1240,29.0,35.0,98.0
1241,17.0,56.0,76.0
1242,13.0,54.0,42.0
1243,13.0,28.0,30.0
1244,,21.0,12.0
1245,16.0,11.0,2.0
1246,23.0,11.0,25.0
1247,21.0,19.0,36.0
1248,27.0,17.0,26.0
1249,27.0,17.0,19.0
1250,34.0,25.0,20.0
1251,32.0,37.0,22.0
1252,23.0,31.0,20.0
1253,21.0,28.0,17.0
1254,25.0,24.0,20.0
1255,28.0,19.0,18.0
1256,34.0,22.0,24.0
1257,38.0,34.0,33.0
1258,46.0,51.0,40.0
1259,63.0,56.0,28.0
1260,26.0,39.0,27.0
1261,29.0,31.0,43.0
1262,33.0,27.0,38.0
1263,35.0,27.0,32.0
1264,33.0,26.0,24.0
1265,27.0,29.0,19.0
1266,24.0,19.0,15.0
1267,15.0,14.0,
1268,17.0,16.0,
1269,23.0,6.0,
1270,23.0,,2.0
1271,18.0,13.0,21.0
1272,21.0,8.0,41.0
1273,25.0,12.0,39.0
1274,36.0,23.0,31.0
1275,30.0,36.0,34.0
1276,27.0,34.0,37.0
1277,31.0,35.0,30.0
1278,33.0,41.0,26.0
1279,32.0,19.0,29.0
1280,36.0,16.0,26.0
1281,35.0,21.0,27.0
1282,36.0,27.0,17.0
1283,36.0,31.0,
1284,,42.0,
1285,31.0,41.0,
1286,28.0,31.0,6.0
1287,25.0,34.0,30.0
1288,17.0,29.0,13.0
1289,13.0,25.0,17.0
1290,14.0,12.0,21.0
1291,19.0,6.0,
1292,17.0,,7.0
1293,11.0,,14.0
1294,14.0,2.0,23.0
1295,15.0,7.0,24.0
1296,16.0,13.0,41.0
1297,14.0,,32.0
1298,6.0,18.0,20.0
1299,10.0,21.0,8.0
1300,11.0,22.0,14.0
1301,14.0,26.0,15.0
1302,6.0,35.0,12.0
1303,10.0,28.0,17.0
1304,19.0,28.0,23.0
1305,20.0,32.0,27.0
1306,20.0,32.0,26.0
1307,21.0,33.0,25.0
1308,29.0,31.0,16.0
1309,34.0,28.0,14.0
1310,25.0,29.0,11.0
1311,22.0,34.0,11.0
1312,26.0,41.0,20.0
1313,26.0,42.0,19.0
1314,27.0,39.0,19.0
1315,25.0,37.0,10.0
1316,22.0,28.0,10.0
1317,,20.0,11.0
1318,20.0,9.0,16.0
1319,16.0,14.0,18.0
1320,11.0,22.0,13.0
1321,8.0,15.0,19.0
1322,9.0,19.0,21.0
1323,7.0,20.0,23.0
1324,7.0,10.0,21.0
1325,,8.0,13.0
1326,10.0,15.0,16.0
1327,7.0,15.0,14.0
1328,14.0,14.0,22.0
1329,13.0,14.0,29.0
1330,13.0,18.0,26.0
1331,12.0,20.0,22.0
1332,16.0,22.0,24.0
1333,15.0,27.0,20.0
1334,16.0,31.0,20.0
1335,26.0,38.0,34.0
1336,36.0,48.0,26.0
1337,31.0,44.0,32.0
1338,33.0,41.0,20.0
1339,41.0,21.0,36.0
1340,31.0,18.0,37.0
1341,22.0,12.0,9.0
1342,19.0,8.0,16.0
1343,15.0,19.0,35.0
1344,10.0,17.0,29.0
1345,12.0,15.0,26.0
1346,15.0,9.0,16.0
1347,18.0,12.0,19.0
1348,10.0,10.0,20.0
1349,10.0,17.0,20.0
1350,8.0,11.0,22.0
1351,5.0,13.0,23.0
1352,7.0,18.0,29.0
1353,9.0,16.0,36.0
1354,14.0,18.0,44.0
1355,21.0,19.0,56.0
1356,23.0,20.0,40.0
1357,35.0,41.0,75.0
1358,35.0,37.0,115.0
1359,32.0,30.0,60.0
1360,38.0,40.0,42.0
1361,54.0,45.0,33.0
1362,77.0,38.0,37.0
1363,73.0,31.0,35.0
1364,80.0,20.0,23.0
1365,54.0,18.0,6.0
1366,41.0,17.0,2.0
1367,37.0,18.0,15.0
1368,31.0,22.0,23.0
1369,13.0,19.0,26.0
1370,12.0,16.0,17.0
1371,15.0,13.0,10.0
1372,20.0,13.0,16.0
1373,20.0,14.0,31.0
1374,18.0,14.0,34.0
1375,14.0,17.0,32.0
1376,15.0,22.0,37.0
1377,10.0,25.0,35.0
1378,11.0,30.0,48.0
1379,8.0,32.0,48.0
1380,11.0,33.0,99.0
1381,6.0,34.0,92.0
1382,9.0,18.0,67.0
1383,7.0,39.0,50.0
1384,9.0,48.0,37.0
1385,9.0,14.0,26.0
1386,10.0,7.0,22.0
1387,17.0,19.0,9.0
1388,18.0,14.0,
1389,19.0,9.0,
1390,20.0,5.0,6.0
1391,12.0,14.0,21.0
1392,10.0,22.0,31.0
1393,13.0,20.0,31.0
1394,9.0,18.0,26.0
1395,20.0,27.0,21.0
1396,16.0,31.0,42.0
1397,15.0,28.0,52.0
1398,23.0,17.0,62.0
1399,27.0,25.0,28.0
1400,31.0,36.0,7.0
1401,29.0,50.0,13.0
1402,24.0,65.0,21.0
1403,29.0,65.0,31.0
1404,18.0,52.0,58.0
1405,13.0,49.0,70.0
1406,8.0,57.0,40.0
1407,12.0,60.0,21.0
1408,8.0,58.0,24.0
1409,9.0,45.0,26.0
1410,9.0,39.0,17.0
1411,8.0,24.0,18.0
1412,12.0,11.0,21.0
1413,14.0,23.0,13.0
1414,13.0,16.0,15.0
1415,14.0,16.0,20.0
1416,17.0,15.0,37.0
1417,,,44.0
1418,21.0,26.0,41.0
1419,20.0,24.0,36.0
1420,8.0,22.0,40.0
1421,16.0,25.0,25.0
1422,13.0,25.0,18.0
1423,13.0,29.0,12.0
1424,14.0,34.0,8.0
1425,22.0,44.0,8.0
1426,29.0,46.0,16.0
1427,27.0,58.0,12.0
1428,26.0,66.0,17.0
1429,18.0,65.0,18.0
1430,21.0,73.0,20.0
1431,32.0,78.0,22.0
1432,28.0,24.0,25.0
1433,25.0,,23.0
1434,18.0,,19.0
1435,14.0,,25.0
1436,13.0,,24.0
1437,9.0,,29.0
1438,15.0,,38.0
1439,24.0,8.0,28.0
1440,24.0,,23.0
1441,16.0,4.0,
1442,10.0,18.0,23.0
1443,11.0,26.0,15.0
1444,9.0,23.0,29.0
1445,8.0,29.0,17.0
1446,12.0,24.0,23.0
1447,12.0,19.0,24.0
1448,13.0,9.0,31.0
1449,17.0,14.0,26.0
1450,23.0,31.0,40.0
1451,17.0,49.0,49.0
1452,18.0,49.0,30.0
1453,19.0,46.0,17.0
1454,16.0,53.0,19.0
1455,33.0,71.0,22.0
1456,36.0,74.0,24.0
1457,23.0,46.0,31.0
1458,23.0,20.0,29.0
1459,32.0,6.0,17.0
1460,27.0,11.0,16.0
1461,30.0,23.0,12.0
1462,29.0,19.0,15.0
1463,29.0,26.0,19.0
1464,36.0,24.0,28.0
1465,24.0,63.0,26.0
1466,22.0,46.0,23.0
1467,24.0,18.0,27.0
1468,22.0,13.0,20.0
1469,17.0,12.0,14.0
1470,13.0,14.0,17.0
1471,13.0,10.0,15.0
1472,,5.0,26.0
1473,15.0,7.0,43.0
1474,13.0,13.0,52.0
1475,14.0,17.0,40.0
1476,18.0,19.0,18.0
1477,25.0,10.0,33.0
1478,22.0,18.0,47.0
1479,19.0,19.0,33.0
1480,20.0,11.0,34.0
1481,30.0,23.0,20.0
1482,48.0,21.0,11.0
1483,36.0,17.0,7.0
1484,20.0,16.0,4.0
1485,22.0,14.0,12.0
1486,,24.0,15.0
1487,16.0,29.0,23.0
1488,9.0,27.0,34.0
1489,9.0,22.0,36.0
1490,13.0,31.0,26.0
1491,10.0,15.0,20.0
1492,8.0,5.0,17.0
1493,8.0,6.0,23.0
1494,10.0,11.0,20.0
1495,8.0,12.0,28.0
1496,8.0,18.0,26.0
1497,14.0,28.0,29.0
1498,16.0,42.0,32.0
1499,17.0,38.0,36.0
1500,23.0,29.0,37.0
1501,34.0,26.0,38.0
1502,22.0,33.0,24.0
1503,27.0,36.0,30.0
1504,42.0,24.0,30.0
1505,45.0,26.0,27.0
1506,32.0,22.0,22.0
1507,22.0,26.0,9.0
1508,18.0,13.0,19.0
1509,10.0,8.0,26.0
1510,7.0,11.0,28.0
1511,15.0,12.0,24.0
1512,15.0,7.0,29.0
1513,11.0,7.0,23.0
1514,24.0,2.0,21.0
1515,14.0,,20.0
1516,15.0,8.0,18.0
1517,11.0,14.0,21.0
1518,8.0,19.0,25.0
1519,,13.0,23.0
1520,11.0,12.0,28.0
1521,14.0,8.0,32.0
1522,20.0,13.0,33.0
1523,20.0,16.0,26.0
1524,29.0,22.0,38.0
1525,41.0,22.0,42.0
1526,44.0,20.0,44.0
1527,36.0,15.0,36.0
1528,39.0,22.0,37.0
1529,38.0,26.0,27.0
1530,41.0,22.0,22.0
1531,23.0,20.0,26.0
1532,35.0,15.0,25.0
1533,18.0,6.0,28.0
1534,22.0,11.0,27.0
1535,34.0,7.0,36.0
1536,27.0,24.0,38.0
1537,19.0,25.0,26.0
1538,16.0,23.0,29.0
1539,21.0,17.0,47.0
1540,17.0,18.0,40.0
1541,17.0,17.0,33.0
1542,18.0,16.0,31.0
1543,15.0,18.0,33.0
1544,17.0,16.0,39.0
1545,19.0,17.0,42.0
1546,20.0,22.0,38.0
1547,23.0,21.0,31.0
1548,26.0,28.0,19.0
1549,33.0,23.0,27.0
1550,34.0,33.0,51.0
1551,39.0,42.0,47.0
1552,43.0,48.0,21.0
1553,49.0,43.0,8.0
1554,33.0,26.0,9.0
1555,23.0,18.0,5.0
1556,18.0,19.0,4.0
1557,23.0,15.0,7.0
1558,28.0,6.0,6.0
1559,38.0,11.0,8.0
1560,28.0,26.0,14.0
1561,28.0,32.0,26.0
1562,24.0,28.0,39.0
1563,33.0,27.0,38.0
1564,30.0,25.0,50.0
1565,30.0,24.0,52.0
1566,29.0,21.0,44.0
1567,29.0,29.0,41.0
1568,31.0,26.0,42.0
1569,28.0,27.0,44.0
1570,35.0,26.0,33.0
1571,27.0,35.0,38.0
1572,16.0,39.0,44.0
1573,19.0,46.0,47.0
1574,11.0,52.0,44.0
1575,11.0,60.0,39.0
1576,9.0,74.0,46.0
1577,6.0,61.0,37.0
1578,9.0,51.0,38.0
1579,8.0,34.0,30.0
1580,10.0,21.0,26.0
1581,11.0,22.0,29.0
1582,5.0,19.0,34.0
1583,7.0,22.0,23.0
1584,6.0,18.0,27.0
1585,4.0,14.0,28.0
1586,8.0,15.0,21.0
1587,9.0,10.0,22.0
1588,10.0,11.0,25.0
1589,6.0,10.0,39.0
1590,10.0,11.0,28.0
1591,10.0,14.0,28.0
1592,20.0,17.0,35.0
1593,18.0,19.0,42.0
1594,19.0,24.0,29.0
1595,22.0,19.0,28.0
1596,19.0,30.0,34.0
1597,13.0,34.0,39.0
1598,10.0,43.0,49.0
1599,16.0,59.0,51.0
1600,24.0,58.0,59.0
1601,19.0,52.0,45.0
1602,14.0,54.0,41.0
1603,25.0,44.0,38.0
1604,17.0,35.0,26.0
1605,11.0,28.0,26.0
1606,11.0,9.0,24.0
1607,15.0,4.0,33.0
1608,,20.0,33.0
1609,,12.0,46.0
1610,,7.0,35.0
1611,16.0,,32.0
1612,8.0,12.0,50.0
1613,10.0,12.0,48.0
1614,14.0,15.0,45.0
1615,15.0,15.0,42.0
1616,15.0,21.0,42.0
1617,,23.0,48.0
1618,20.0,22.0,56.0
1619,17.0,26.0,39.0
1620,22.0,30.0,
1621,28.0,35.0,
1622,21.0,42.0,12.0
1623,12.0,51.0,22.0
1624,,55.0,35.0
1625,,62.0,28.0
1626,,55.0,25.0
1627,17.0,43.0,10.0
1628,9.0,19.0,
1629,16.0,15.0,
1630,17.0,16.0,8.0
1631,10.0,26.0,13.0
1632,16.0,27.0,28.0
1633,10.0,18.0,34.0
1634,9.0,12.0,42.0
1635,14.0,13.0,19.0
1636,13.0,12.0,4.0
1637,10.0,8.0,4.0
1638,14.0,11.0,4.0
1639,15.0,13.0,5.0
1640,11.0,12.0,13.0
1641,17.0,17.0,7.0
1642,32.0,25.0,6.0
1643,36.0,28.0,15.0
1644,26.0,30.0,10.0
1645,20.0,34.0,11.0
1646,14.0,40.0,7.0
1647,23.0,39.0,11.0
1648,23.0,43.0,7.0
1649,18.0,44.0,4.0
1650,,27.0,10.0
1651,15.0,10.0,12.0
1652,12.0,,16.0
1653,10.0,8.0,17.0
1654,21.0,11.0,16.0
1655,14.0,22.0,13.0
1656,13.0,19.0,14.0
1657,7.0,23.0,8.0
1658,,43.0,9.0
1659,12.0,25.0,9.0
1660,14.0,26.0,2.0
1661,17.0,21.0,3.0
1662,17.0,22.0,4.0
1663,16.0,21.0,
1664,18.0,29.0,
1665,23.0,28.0,4.0
1666,30.0,32.0,8.0
1667,33.0,37.0,13.0
1668,31.0,42.0,18.0
1669,26.0,39.0,6.0
1670,15.0,50.0,3.0
1671,7.0,59.0,9.0
1672,11.0,49.0,13.0
1673,19.0,34.0,17.0
1674,30.0,38.0,23.0
1675,27.0,34.0,14.0
1676,26.0,23.0,11.0
1677,26.0,23.0,10.0
1678,23.0,22.0,13.0
1679,24.0,36.0,11.0
1680,25.0,44.0,9.0
1681,21.0,36.0,8.0
1682,,35.0,6.0
1683,9.0,36.0,4.0
1684,6.0,42.0,7.0
1685,3.0,43.0,12.0
1686,,38.0,22.0
1687,,46.0,22.0
1688,5.0,41.0,18.0
1689,8.0,36.0,14.0
1690,9.0,11.0,16.0
1691,11.0,18.0,4.0
1692,9.0,40.0,13.0
1693,8.0,49.0,7.0
1694,11.0,40.0,13.0
1695,15.0,29.0,16.0
1696,15.0,24.0,18.0
1697,16.0,17.0,18.0
1698,18.0,18.0,
1699,12.0,24.0,
1700,10.0,,13.0
1701,2.0,,16.0
1702,5.0,,25.0
1703,16.0,,9.0
1704,23.0,,6.0
1705,11.0,4.0,18.0
1706,23.0,17.0,
1707,16.0,19.0,5.0
1708,7.0,13.0,13.0
1709,7.0,9.0,15.0
1710,4.0,15.0,8.0
1711,8.0,20.0,
1712,10.0,16.0,
1713,11.0,9.0,11.0
1714,19.0,,10.0
1715,19.0,9.0,17.0
1716,14.0,4.0,18.0
1717,19.0,9.0,26.0
1718,16.0,11.0,32.0
1719,18.0,14.0,3.0
1720,23.0,14.0,26.0
1721,23.0,10.0,57.0
1722,18.0,15.0,52.0
1723,13.0,16.0,28.0
1724,9.0,14.0,24.0
1725,,15.0,17.0
1726,15.0,17.0,31.0
1727,14.0,21.0,29.0
1728,7.0,15.0,20.0
1729,3.0,5.0,26.0
1730,6.0,7.0,20.0
1731,8.0,9.0,
1732,9.0,9.0,11.0
1733,8.0,7.0,8.0
1734,9.0,6.0,
1735,11.0,7.0,15.0
1736,17.0,13.0,22.0
1737,25.0,11.0,24.0
1738,25.0,14.0,50.0
1739,19.0,9.0,57.0
1740,19.0,5.0,35.0
1741,15.0,4.0,39.0
1742,9.0,13.0,52.0
1743,15.0,10.0,47.0
1744,16.0,12.0,24.0
1745,21.0,12.0,19.0
1746,25.0,8.0,20.0
1747,35.0,4.0,11.0
1748,33.0,6.0,
1749,28.0,11.0,
1750,28.0,15.0,5.0
1751,,31.0,14.0
1752,,26.0,4.0
1753,,9.0,14.0
1754,,7.0,22.0
1755,,8.0,21.0
1756,,9.0,17.0
1757,,3.0,17.0
1758,,4.0,19.0
1759,,2.0,22.0
1760,,7.0,22.0
1761,,8.0,24.0
1762,30.0,8.0,
1763,31.0,12.0,
1764,20.0,16.0,
1765,13.0,23.0,46.0
1766,10.0,,57.0
1767,11.0,26.0,62.0
1768,13.0,32.0,52.0
1769,11.0,31.0,26.0
1770,13.0,15.0,17.0
1771,13.0,22.0,14.0
1772,16.0,26.0,10.0
1773,20.0,19.0,12.0
1774,,20.0,20.0
1775,24.0,18.0,25.0
1776,28.0,15.0,30.0
1777,21.0,10.0,31.0
1778,20.0,17.0,33.0
1779,15.0,15.0,26.0
1780,19.0,14.0,27.0
1781,12.0,14.0,31.0
1782,22.0,8.0,31.0
1783,33.0,8.0,30.0
1784,33.0,10.0,38.0
1785,31.0,10.0,41.0
1786,43.0,13.0,50.0
1787,40.0,24.0,54.0
1788,31.0,33.0,48.0
1789,21.0,41.0,49.0
1790,25.0,41.0,56.0
1791,26.0,50.0,59.0
1792,26.0,44.0,44.0
1793,24.0,45.0,32.0
1794,22.0,33.0,27.0
1795,21.0,18.0,26.0
1796,17.0,14.0,22.0
1797,17.0,9.0,11.0
1798,10.0,4.0,16.0
1799,9.0,8.0,18.0
1800,8.0,20.0,20.0
1801,14.0,25.0,17.0
1802,5.0,16.0,20.0
1803,8.0,14.0,10.0
1804,8.0,15.0,
1805,11.0,20.0,
1806,14.0,23.0,5.0
1807,13.0,7.0,7.0
1808,21.0,,11.0
1809,26.0,,17.0
1810,39.0,,10.0
1811,42.0,,5.0
1812,53.0,,9.0
1813,44.0,,9.0
1814,26.0,,12.0
1815,20.0,,22.0
1816,20.0,,26.0
1817,16.0,,24.0
1818,10.0,,30.0
1819,15.0,18.0,39.0
1820,10.0,23.0,32.0
1821,,14.0,38.0
1822,13.0,13.0,37.0
1823,19.0,9.0,37.0
1824,24.0,8.0,29.0
1825,35.0,4.0,31.0
1826,27.0,2.0,27.0
1827,15.0,5.0,18.0
1828,16.0,2.0,6.0
1829,12.0,3.0,
1830,19.0,3.0,4.0
1831,17.0,5.0,8.0
1832,14.0,7.0,10.0
1833,18.0,8.0,12.0
1834,60.0,10.0,7.0
1835,88.0,12.0,11.0
1836,68.0,17.0,12.0
1837,60.0,19.0,11.0
1838,44.0,22.0,11.0
1839,33.0,18.0,15.0
1840,31.0,12.0,16.0
1841,28.0,18.0,15.0
1842,36.0,27.0,12.0
1843,24.0,16.0,14.0
1844,15.0,16.0,13.0
1845,18.0,13.0,15.0
1846,19.0,10.0,12.0
1847,28.0,4.0,9.0
1848,28.0,4.0,5.0
1849,22.0,2.0,3.0
1850,22.0,2.0,
1851,23.0,8.0,2.0
1852,17.0,5.0,
1853,20.0,4.0,
1854,18.0,4.0,2.0
1855,23.0,3.0,
1856,24.0,4.0,
1857,23.0,6.0,
1858,26.0,5.0,2.0
1859,19.0,9.0,
1860,15.0,3.0,
1861,19.0,5.0,9.0
1862,20.0,10.0,8.0
1863,18.0,10.0,6.0
1864,11.0,23.0,9.0
1865,9.0,25.0,9.0
1866,14.0,31.0,2.0
1867,11.0,27.0,
1868,10.0,12.0,11.0
1869,12.0,7.0,14.0
1870,10.0,12.0,10.0
1871,14.0,9.0,6.0
1872,,12.0,4.0
1873,12.0,10.0,4.0
1874,,15.0,14.0
1875,,13.0,11.0
1876,7.0,8.0,5.0
1877,8.0,4.0,10.0
1878,3.0,5.0,9.0
1879,,4.0,11.0
1880,5.0,6.0,8.0
1881,9.0,8.0,15.0
1882,14.0,3.0,14.0
1883,15.0,9.0,14.0
1884,19.0,8.0,11.0
1885,18.0,8.0,6.0
1886,22.0,10.0,6.0
1887,23.0,16.0,8.0
1888,21.0,17.0,21.0
1889,14.0,17.0,17.0
1890,13.0,18.0,17.0
1891,13.0,20.0,13.0
1892,14.0,19.0,12.0
1893,12.0,16.0,16.0
1894,14.0,21.0,16.0
1895,19.0,30.0,13.0
1896,15.0,23.0,14.0
1897,11.0,21.0,11.0
1898,8.0,,5.0
1899,9.0,4.0,8.0
1900,8.0,13.0,8.0
1901,8.0,12.0,3.0
1902,7.0,11.0,9.0
1903,8.0,15.0,7.0
1904,8.0,20.0,15.0
1905,11.0,30.0,8.0
1906,13.0,33.0,9.0
1907,16.0,,14.0
1908,22.0,25.0,16.0
1909,24.0,18.0,15.0
1910,26.0,18.0,18.0
1911,23.0,23.0,32.0
1912,20.0,32.0,21.0
1913,29.0,29.0,18.0
1914,46.0,33.0,24.0
1915,33.0,44.0,26.0
1916,24.0,27.0,17.0
1917,14.0,14.0,17.0
1918,13.0,10.0,20.0
1919,14.0,11.0,16.0
1920,24.0,18.0,10.0
1921,24.0,27.0,13.0
1922,18.0,26.0,
1923,27.0,18.0,
1924,12.0,16.0,6.0
1925,8.0,15.0,10.0
1926,7.0,19.0,12.0
1927,13.0,12.0,9.0
1928,9.0,18.0,18.0
1929,12.0,23.0,21.0
1930,20.0,31.0,30.0
1931,31.0,31.0,26.0
1932,22.0,33.0,16.0
1933,15.0,40.0,11.0
1934,19.0,33.0,11.0
1935,21.0,30.0,30.0
1936,20.0,37.0,17.0
1937,15.0,39.0,17.0
1938,14.0,42.0,14.0
1939,13.0,32.0,12.0
1940,10.0,16.0,14.0
1941,14.0,12.0,8.0
1942,15.0,10.0,18.0
1943,19.0,14.0,23.0
1944,15.0,13.0,27.0
1945,12.0,13.0,27.0
1946,3.0,10.0,28.0
1947,8.0,7.0,15.0
1948,16.0,12.0,18.0
1949,17.0,13.0,25.0
1950,14.0,12.0,26.0
1951,23.0,20.0,20.0
1952,24.0,21.0,31.0
1953,28.0,23.0,24.0
1954,40.0,22.0,37.0
1955,46.0,30.0,39.0
1956,43.0,35.0,31.0
1957,34.0,43.0,19.0
1958,31.0,50.0,22.0
1959,24.0,54.0,23.0
1960,24.0,48.0,18.0
1961,26.0,49.0,20.0
1962,24.0,33.0,15.0
1963,26.0,15.0,12.0
1964,29.0,17.0,6.0
1965,27.0,11.0,
1966,12.0,15.0,
1967,3.0,8.0,11.0
1968,9.0,14.0,27.0
1969,12.0,13.0,18.0
1970,17.0,18.0,24.0
1971,12.0,18.0,20.0
1972,15.0,19.0,13.0
1973,13.0,19.0,27.0
1974,9.0,12.0,22.0
1975,22.0,15.0,18.0
1976,19.0,21.0,19.0
1977,28.0,26.0,27.0
1978,36.0,34.0,14.0
1979,31.0,43.0,7.0
1980,27.0,37.0,11.0
1981,19.0,44.0,16.0
1982,13.0,55.0,15.0
1983,11.0,42.0,14.0
1984,6.0,30.0,19.0
1985,6.0,19.0,16.0
1986,10.0,17.0,8.0
1987,10.0,,
1988,8.0,4.0,5.0
1989,10.0,,11.0
1990,19.0,2.0,16.0
1991,39.0,21.0,12.0
1992,30.0,35.0,12.0
1993,34.0,27.0,18.0
1994,31.0,21.0,17.0
1995,28.0,27.0,17.0
1996,26.0,40.0,6.0
1997,38.0,31.0,7.0
1998,46.0,25.0,10.0
1999,40.0,,12.0
2000,39.0,,11.0
2001,55.0,,8.0
2002,64.0,13.0,11.0
2003,48.0,15.0,18.0
2004,33.0,11.0,14.0
2005,36.0,7.0,15.0
2006,33.0,14.0,20.0
2007,24.0,31.0,21.0
2008,30.0,34.0,20.0
2009,30.0,22.0,30.0
2010,23.0,19.0,22.0
2011,19.0,8.0,18.0
2012,16.0,3.0,18.0
2013,11.0,,24.0
2014,23.0,8.0,36.0
2015,27.0,23.0,29.0
2016,19.0,27.0,19.0
2017,16.0,20.0,12.0
2018,16.0,13.0,5.0
2019,14.0,38.0,6.0
2020,18.0,43.0,9.0
2021,,35.0,12.0
2022,16.0,30.0,16.0
2023,20.0,30.0,17.0
2024,29.0,36.0,30.0
2025,52.0,32.0,28.0
2026,55.0,38.0,23.0
2027,,40.0,18.0
2028,29.0,34.0,30.0
2029,35.0,39.0,29.0
2030,46.0,32.0,27.0
2031,38.0,39.0,27.0
2032,34.0,52.0,
2033,32.0,45.0,2.0
2034,23.0,34.0,10.0
2035,26.0,23.0,13.0
2036,14.0,14.0,7.0
2037,13.0,12.0,
2038,16.0,7.0,
2039,,12.0,19.0
2040,,25.0,23.0
2041,18.0,29.0,21.0
2042,13.0,27.0,13.0
2043,9.0,26.0,6.0
2044,8.0,22.0,8.0
2045,10.0,24.0,7.0
2046,9.0,22.0,9.0
2047,12.0,30.0,15.0
2048,13.0,28.0,12.0
2049,13.0,32.0,16.0
2050,18.0,38.0,38.0
2051,20.0,33.0,23.0
2052,20.0,29.0,8.0
2053,19.0,25.0,19.0
2054,21.0,27.0,9.0
2055,25.0,37.0,10.0
2056,52.0,48.0,20.0
2057,61.0,52.0,16.0
2058,,45.0,12.0
2059,30.0,40.0,3.0
2060,26.0,29.0,6.0
2061,24.0,15.0,
2062,26.0,7.0,6.0
2063,11.0,17.0,12.0
2064,8.0,29.0,16.0
2065,9.0,25.0,19.0
2066,18.0,24.0,16.0
2067,15.0,33.0,19.0
2068,14.0,27.0,34.0
2069,11.0,30.0,33.0
2070,8.0,24.0,20.0
2071,11.0,23.0,17.0
2072,11.0,30.0,23.0
2073,16.0,21.0,17.0
2074,20.0,22.0,23.0
2075,19.0,21.0,25.0
2076,12.0,22.0,20.0
2077,15.0,21.0,22.0
2078,15.0,12.0,13.0
2079,23.0,,12.0
2080,40.0,5.0,8.0
2081,41.0,,14.0
2082,37.0,,11.0
2083,27.0,,5.0
2084,28.0,,5.0
2085,26.0,6.0,11.0
2086,30.0,4.0,12.0
2087,24.0,6.0,20.0
2088,25.0,7.0,19.0
2089,21.0,8.0,25.0
2090,18.0,,27.0
2091,20.0,4.0,25.0
2092,16.0,15.0,21.0
2093,15.0,4.0,12.0
2094,20.0,10.0,7.0
2095,21.0,15.0,11.0
2096,24.0,11.0,7.0
2097,31.0,13.0,17.0
2098,33.0,20.0,31.0
2099,37.0,22.0,24.0
2100,38.0,19.0,24.0
2101,51.0,16.0,11.0
2102,49.0,14.0,10.0
2103,42.0,16.0,14.0
2104,53.0,27.0,11.0
2105,45.0,25.0,4.0
2106,42.0,11.0,8.0
2107,29.0,11.0,
2108,21.0,10.0,9.0
2109,23.0,21.0,3.0
2110,21.0,29.0,4.0
2111,35.0,31.0,
2112,34.0,32.0,
2113,35.0,22.0,4.0
2114,31.0,15.0,7.0
2115,28.0,14.0,18.0
2116,32.0,17.0,13.0
2117,32.0,11.0,5.0
2118,26.0,13.0,9.0
2119,30.0,13.0,10.0
2120,35.0,,11.0
2121,39.0,19.0,16.0
2122,43.0,24.0,23.0
2123,28.0,30.0,11.0
2124,30.0,35.0,7.0
2125,36.0,35.0,6.0
2126,40.0,24.0,11.0
2127,40.0,24.0,23.0
2128,68.0,36.0,18.0
2129,64.0,24.0,17.0
2130,31.0,21.0,31.0
2131,22.0,22.0,28.0
2132,12.0,33.0,17.0
2133,11.0,30.0,10.0
2134,23.0,31.0,7.0
2135,26.0,37.0,22.0
2136,24.0,54.0,25.0
2137,14.0,54.0,16.0
2138,11.0,47.0,7.0
2139,10.0,38.0,
2140,8.0,42.0,4.0
2141,12.0,49.0,10.0
2142,21.0,55.0,
2143,19.0,56.0,5.0
2144,21.0,52.0,10.0
2145,25.0,55.0,9.0
2146,34.0,57.0,24.0
2147,28.0,49.0,24.0
2148,25.0,35.0,20.0
2149,31.0,37.0,14.0
2150,31.0,53.0,15.0
2151,,56.0,17.0
2152,39.0,50.0,24.0
2153,35.0,57.0,30.0
2154,31.0,70.0,21.0
2155,31.0,64.0,17.0
2156,25.0,43.0,2.0
2157,20.0,29.0,5.0
2158,23.0,30.0,5.0
2159,20.0,39.0,22.0
2160,,34.0,25.0
2161,,,23.0
2162,12.0,20.0,8.0
2163,15.0,12.0,9.0
2164,23.0,17.0,19.0
2165,17.0,26.0,23.0
2166,16.0,24.0,19.0
2167,22.0,24.0,24.0
2168,20.0,26.0,22.0
2169,24.0,31.0,23.0
2170,24.0,41.0,35.0
2171,23.0,35.0,40.0
2172,29.0,31.0,34.0
2173,28.0,26.0,28.0
2174,27.0,36.0,31.0
2175,27.0,41.0,39.0
2176,,39.0,44.0
2177,30.0,38.0,45.0
2178,29.0,32.0,37.0
2179,25.0,23.0,22.0
2180,24.0,24.0,16.0
2181,21.0,23.0,
2182,28.0,24.0,
2183,19.0,24.0,9.0
2184,,,23.0
2185,18.0,21.0,
2186,21.0,19.0,35.0
2187,21.0,13.0,32.0
2188,18.0,17.0,28.0
2189,13.0,17.0,32.0
2190,17.0,13.0,29.0
2191,13.0,17.0,32.0
2192,15.0,20.0,29.0
2193,17.0,14.0,32.0
2194,25.0,21.0,35.0
2195,29.0,21.0,33.0
2196,25.0,31.0,47.0
2197,25.0,31.0,51.0
2198,28.0,37.0,52.0
2199,26.0,44.0,50.0
2200,26.0,47.0,56.0
2201,,46.0,78.0
2202,22.0,58.0,78.0
2203,,36.0,60.0
2204,21.0,21.0,46.0
2205,16.0,22.0,17.0
2206,24.0,12.0,31.0
2207,41.0,17.0,38.0
2208,35.0,26.0,43.0
2209,27.0,24.0,44.0
2210,17.0,20.0,48.0
2211,,19.0,40.0
2212,16.0,15.0,58.0
2213,17.0,17.0,33.0
2214,15.0,17.0,10.0
2215,12.0,23.0,13.0
2216,17.0,27.0,9.0
2217,17.0,36.0,11.0
2218,16.0,48.0,6.0
2219,20.0,45.0,13.0
2220,19.0,46.0,13.0
2221,27.0,53.0,17.0
2222,27.0,62.0,26.0
2223,38.0,59.0,28.0
2224,43.0,42.0,12.0
2225,35.0,41.0,9.0
2226,25.0,36.0,12.0
2227,17.0,27.0,
2228,19.0,17.0,
2229,13.0,14.0,
2230,18.0,22.0,
2231,22.0,18.0,10.0
2232,30.0,18.0,11.0
2233,19.0,15.0,8.0
2234,15.0,7.0,10.0
2235,17.0,9.0,
2236,14.0,18.0,3.0
2237,14.0,21.0,4.0
2238,,24.0,6.0
2239,15.0,23.0,2.0
2240,19.0,30.0,3.0
2241,22.0,34.0,16.0
2242,18.0,33.0,20.0
2243,23.0,38.0,17.0
2244,27.0,45.0,14.0
2245,25.0,49.0,9.0
2246,23.0,51.0,18.0
2247,29.0,57.0,16.0
2248,31.0,62.0,22.0
2249,34.0,68.0,14.0
2250,33.0,56.0,
2251,29.0,45.0,4.0
2252,32.0,39.0,4.0
2253,26.0,38.0,
2254,23.0,31.0,
2255,20.0,40.0,6.0
2256,23.0,54.0,17.0
2257,32.0,49.0,14.0
2258,33.0,31.0,
2259,,29.0,2.0
2260,41.0,32.0,14.0
2261,38.0,32.0,12.0
2262,30.0,31.0,13.0
2263,34.0,37.0,21.0
2264,41.0,39.0,26.0
2265,39.0,41.0,33.0
2266,41.0,49.0,35.0
2267,44.0,49.0,19.0
2268,44.0,54.0,17.0
2269,37.0,51.0,23.0
2270,35.0,37.0,30.0
2271,27.0,11.0,27.0
2272,21.0,20.0,32.0
2273,21.0,16.0,27.0
2274,16.0,15.0,13.0
2275,17.0,10.0,13.0
2276,12.0,8.0,6.0
2277,5.0,4.0,
2278,,19.0,
2279,22.0,20.0,
2280,39.0,12.0,
2281,39.0,15.0,3.0
2282,31.0,18.0,2.0
2283,36.0,9.0,8.0
2284,44.0,8.0,6.0
2285,43.0,9.0,12.0
2286,29.0,14.0,8.0
2287,25.0,12.0,10.0
2288,24.0,12.0,14.0
2289,19.0,9.0,20.0
2290,29.0,2.0,25.0
2291,37.0,5.0,18.0
2292,48.0,7.0,16.0
2293,39.0,11.0,14.0
2294,30.0,10.0,22.0
2295,23.0,11.0,39.0
2296,20.0,4.0,50.0
2297,19.0,4.0,39.0
2298,27.0,5.0,26.0
2299,28.0,7.0,16.0
2300,21.0,13.0,12.0
2301,11.0,16.0,
2302,7.0,11.0,6.0
2303,6.0,,10.0
2304,10.0,4.0,10.0
2305,8.0,5.0,8.0
2306,6.0,,3.0
2307,12.0,8.0,10.0
2308,8.0,8.0,20.0
2309,12.0,10.0,15.0
2310,8.0,5.0,11.0
2311,9.0,7.0,12.0
2312,10.0,17.0,10.0
2313,7.0,13.0,15.0
2314,12.0,12.0,22.0
2315,14.0,10.0,27.0
2316,16.0,6.0,20.0
2317,12.0,6.0,15.0
2318,15.0,4.0,58.0
2319,8.0,3.0,49.0
2320,21.0,3.0,46.0
2321,17.0,7.0,45.0
2322,13.0,7.0,39.0
2323,12.0,8.0,14.0
2324,19.0,14.0,11.0
2325,11.0,8.0,
2326,12.0,6.0,
2327,11.0,8.0,3.0
2328,16.0,3.0,13.0
2329,19.0,13.0,19.0
2330,26.0,14.0,13.0
2331,15.0,7.0,14.0
2332,12.0,,15.0
2333,15.0,4.0,11.0
2334,13.0,5.0,12.0
2335,13.0,5.0,13.0
2336,18.0,6.0,17.0
2337,21.0,8.0,18.0
2338,22.0,6.0,30.0
2339,28.0,12.0,32.0
2340,32.0,13.0,26.0
2341,28.0,12.0,18.0
2342,25.0,7.0,15.0
2343,30.0,11.0,38.0
2344,31.0,8.0,27.0
2345,30.0,17.0,24.0
2346,25.0,7.0,29.0
2347,25.0,9.0,7.0
2348,23.0,9.0,4.0
2349,27.0,5.0,
2350,27.0,9.0,
2351,20.0,10.0,9.0
2352,13.0,14.0,31.0
2353,14.0,14.0,23.0
2354,8.0,6.0,27.0
2355,5.0,9.0,23.0
2356,8.0,8.0,16.0
2357,10.0,7.0,15.0
2358,10.0,2.0,13.0
2359,,6.0,22.0
2360,12.0,7.0,30.0
2361,16.0,7.0,27.0
2362,19.0,9.0,19.0
2363,24.0,6.0,23.0
2364,22.0,6.0,32.0
2365,20.0,11.0,39.0
2366,34.0,16.0,34.0
2367,42.0,13.0,36.0
2368,55.0,13.0,38.0
2369,51.0,3.0,38.0
2370,43.0,7.0,40.0
2371,33.0,10.0,30.0
2372,31.0,10.0,31.0
2373,24.0,8.0,27.0
2374,20.0,5.0,33.0
2375,27.0,7.0,40.0
2376,25.0,7.0,42.0
2377,28.0,3.0,46.0
2378,11.0,,43.0
2379,17.0,,33.0
2380,26.0,3.0,33.0
2381,21.0,,37.0
2382,17.0,2.0,40.0
2383,11.0,4.0,41.0
2384,16.0,5.0,40.0
2385,14.0,8.0,45.0
2386,18.0,10.0,53.0
2387,23.0,9.0,59.0
2388,26.0,13.0,61.0
2389,34.0,12.0,63.0
2390,43.0,7.0,70.0
2391,38.0,7.0,58.0
2392,39.0,11.0,55.0
2393,36.0,5.0,46.0
2394,25.0,8.0,38.0
2395,23.0,10.0,21.0
2396,19.0,9.0,20.0
2397,13.0,13.0,10.0
2398,8.0,10.0,9.0
2399,,8.0,13.0
2400,13.0,6.0,20.0
2401,18.0,6.0,27.0
2402,22.0,3.0,23.0
2403,11.0,2.0,6.0
2404,15.0,,
2405,17.0,7.0,
2406,18.0,7.0,11.0
2407,22.0,8.0,8.0
2408,20.0,11.0,7.0
2409,23.0,15.0,13.0
2410,25.0,17.0,
2411,36.0,17.0,
2412,29.0,21.0,13.0
2413,22.0,17.0,39.0
2414,17.0,19.0,43.0
2415,15.0,18.0,41.0
2416,17.0,24.0,32.0
2417,9.0,32.0,27.0
2418,11.0,22.0,17.0
2419,14.0,8.0,9.0
2420,8.0,6.0,
2421,,9.0,
2422,3.0,13.0,
2423,12.0,18.0,
2424,13.0,11.0,
2425,23.0,8.0,
2426,15.0,11.0,8.0
2427,22.0,11.0,4.0
2428,26.0,,4.0
2429,24.0,,3.0
2430,21.0,10.0,7.0
2431,18.0,14.0,15.0
2432,22.0,18.0,14.0
2433,25.0,21.0,19.0
2434,28.0,24.0,28.0
2435,34.0,28.0,22.0
2436,38.0,25.0,25.0
2437,50.0,19.0,26.0
2438,39.0,22.0,27.0
2439,41.0,19.0,33.0
2440,39.0,13.0,24.0
2441,20.0,20.0,17.0
2442,24.0,25.0,13.0
2443,27.0,15.0,8.0
2444,16.0,14.0,
2445,8.0,8.0,
2446,7.0,6.0,
2447,9.0,10.0,
2448,25.0,8.0,
2449,24.0,5.0,2.0
2450,21.0,4.0,6.0
2451,29.0,14.0,14.0
2452,24.0,13.0,7.0
2453,21.0,9.0,12.0
2454,22.0,9.0,17.0
2455,22.0,8.0,10.0
2456,,13.0,16.0
2457,29.0,19.0,19.0
2458,32.0,22.0,23.0
2459,41.0,22.0,20.0
2460,32.0,19.0,18.0
2461,22.0,20.0,20.0
2462,16.0,10.0,38.0
2463,15.0,19.0,33.0
2464,10.0,25.0,39.0
2465,8.0,28.0,33.0
2466,8.0,26.0,20.0
2467,,21.0,6.0
2468,9.0,20.0,
2469,5.0,22.0,
2470,13.0,37.0,
2471,3.0,27.0,6.0
2472,10.0,16.0,4.0
2473,16.0,9.0,8.0
2474,18.0,9.0,15.0
2475,23.0,3.0,23.0
2476,15.0,7.0,19.0
2477,24.0,8.0,22.0
2478,29.0,10.0,20.0
2479,25.0,12.0,13.0
2480,27.0,13.0,11.0
2481,27.0,16.0,14.0
2482,24.0,25.0,16.0
2483,25.0,43.0,10.0
2484,24.0,44.0,13.0
2485,23.0,44.0,22.0
2486,25.0,37.0,24.0
2487,22.0,48.0,27.0
2488,22.0,44.0,30.0
2489,26.0,33.0,31.0
2490,26.0,27.0,27.0
2491,,18.0,
2492,21.0,24.0,19.0
2493,24.0,22.0,
2494,25.0,22.0,9.0
2495,25.0,21.0,22.0
2496,20.0,27.0,13.0
2497,12.0,35.0,10.0
2498,11.0,30.0,11.0
2499,20.0,25.0,5.0
2500,18.0,18.0,6.0
2501,20.0,17.0,6.0
2502,22.0,13.0,8.0
2503,22.0,18.0,11.0
2504,28.0,26.0,6.0
2505,24.0,24.0,10.0
2506,25.0,21.0,21.0
2507,24.0,23.0,24.0
2508,30.0,34.0,22.0
2509,34.0,29.0,23.0
2510,34.0,34.0,21.0
2511,33.0,34.0,33.0
2512,38.0,22.0,40.0
2513,43.0,15.0,51.0
2514,46.0,5.0,41.0
2515,38.0,,30.0
2516,37.0,,21.0
2517,35.0,,
2518,23.0,,
2519,30.0,,
2520,27.0,7.0,9.0
2521,25.0,13.0,16.0
2522,22.0,21.0,15.0
2523,14.0,34.0,11.0
2524,16.0,32.0,7.0
2525,28.0,31.0,4.0
2526,24.0,26.0,10.0
2527,21.0,14.0,13.0
2528,31.0,36.0,13.0
2529,31.0,37.0,18.0
2530,27.0,27.0,12.0
2531,28.0,16.0,4.0
2532,35.0,20.0,22.0
2533,37.0,18.0,36.0
2534,33.0,2.0,35.0
2535,34.0,3.0,38.0
2536,41.0,10.0,40.0
2537,41.0,18.0,38.0
2538,,14.0,40.0
2539,38.0,12.0,32.0
2540,33.0,8.0,17.0
2541,28.0,8.0,16.0
2542,30.0,6.0,
2543,27.0,13.0,
2544,32.0,13.0,11.0
2545,19.0,20.0,19.0
2546,18.0,20.0,19.0
2547,15.0,12.0,22.0
2548,14.0,7.0,20.0
2549,10.0,7.0,35.0
2550,12.0,8.0,36.0
2551,13.0,5.0,20.0
2552,16.0,14.0,33.0
2553,15.0,15.0,35.0
2554,18.0,15.0,21.0
2555,15.0,18.0,32.0
2556,26.0,19.0,33.0
2557,24.0,16.0,43.0
2558,28.0,25.0,41.0
2559,27.0,23.0,33.0
2560,37.0,21.0,37.0
2561,45.0,18.0,34.0
2562,38.0,22.0,28.0
2563,38.0,19.0,26.0
2564,32.0,19.0,13.0
2565,26.0,,
2566,24.0,22.0,7.0
2567,11.0,18.0,20.0
2568,13.0,15.0,18.0
2569,18.0,11.0,18.0
2570,22.0,5.0,14.0
2571,18.0,8.0,10.0
2572,20.0,12.0,10.0
2573,17.0,12.0,15.0
2574,17.0,4.0,17.0
2575,16.0,10.0,18.0
2576,18.0,13.0,24.0
2577,18.0,15.0,29.0
2578,22.0,18.0,36.0
2579,28.0,23.0,42.0
2580,24.0,30.0,51.0
2581,22.0,28.0,49.0
2582,21.0,23.0,56.0
2583,21.0,31.0,50.0
2584,,37.0,39.0
2585,17.0,45.0,33.0
2586,21.0,38.0,34.0
2587,20.0,37.0,38.0
2588,23.0,31.0,37.0
2589,25.0,16.0,41.0
2590,26.0,15.0,42.0
2591,29.0,16.0,40.0
2592,28.0,6.0,27.0
2593,25.0,10.0,22.0
2594,22.0,,14.0
2595,19.0,5.0,14.0
2596,19.0,10.0,17.0
2597,16.0,11.0,17.0
2598,15.0,11.0,16.0
2599,12.0,12.0,21.0
2600,12.0,17.0,22.0
2601,13.0,21.0,27.0
2602,19.0,18.0,28.0
2603,17.0,21.0,37.0
2604,15.0,25.0,36.0
2605,18.0,26.0,46.0
2606,19.0,36.0,52.0
2607,18.0,40.0,35.0
2608,13.0,45.0,35.0
2609,21.0,40.0,40.0
2610,20.0,32.0,52.0
2611,19.0,31.0,85.0
2612,14.0,27.0,68.0
2613,12.0,15.0,36.0
2614,17.0,4.0,6.0
2615,13.0,5.0,8.0
2616,14.0,5.0,19.0
2617,10.0,10.0,32.0
2618,9.0,9.0,51.0
2619,15.0,15.0,47.0
2620,7.0,8.0,52.0
2621,9.0,20.0,50.0
2622,7.0,14.0,44.0
2623,11.0,18.0,39.0
2624,9.0,21.0,37.0
2625,10.0,22.0,37.0
2626,16.0,24.0,43.0
2627,21.0,23.0,36.0
2628,23.0,32.0,21.0
2629,27.0,30.0,21.0
2630,28.0,37.0,40.0
2631,25.0,53.0,39.0
2632,28.0,58.0,40.0
2633,42.0,56.0,37.0
2634,45.0,54.0,42.0
2635,39.0,45.0,29.0
2636,38.0,31.0,33.0
2637,45.0,22.0,28.0
2638,36.0,17.0,16.0
2639,38.0,20.0,4.0
2640,30.0,20.0,19.0
2641,24.0,,27.0
2642,14.0,,18.0
2643,13.0,13.0,8.0
2644,17.0,18.0,21.0
2645,15.0,19.0,12.0
2646,16.0,30.0,11.0
2647,15.0,30.0,7.0
2648,22.0,26.0,16.0
2649,23.0,36.0,19.0
2650,28.0,42.0,18.0
2651,32.0,45.0,12.0
2652,30.0,58.0,11.0
2653,29.0,57.0,16.0
2654,26.0,47.0,
2655,30.0,31.0,
2656,35.0,23.0,37.0
2657,30.0,4.0,33.0
2658,34.0,10.0,41.0
2659,31.0,16.0,34.0
2660,34.0,22.0,34.0
2661,31.0,16.0,27.0
2662,26.0,14.0,29.0
2663,24.0,13.0,47.0
2664,22.0,12.0,28.0
2665,21.0,8.0,14.0
2666,20.0,22.0,20.0
2667,17.0,15.0,9.0
2668,26.0,9.0,2.0
2669,27.0,10.0,
2670,33.0,16.0,2.0
2671,33.0,14.0,
2672,36.0,17.0,
2673,35.0,16.0,
2674,38.0,24.0,
2675,30.0,28.0,
2676,36.0,34.0,
2677,40.0,47.0,2.0
2678,40.0,41.0,2.0
2679,47.0,44.0,2.0
2680,43.0,44.0,2.0
2681,33.0,57.0,3.0
2682,37.0,47.0,
2683,30.0,37.0,6.0
2684,26.0,31.0,
2685,17.0,15.0,8.0
2686,12.0,9.0,9.0
2687,19.0,2.0,11.0
2688,17.0,11.0,9.0
2689,16.0,9.0,
2690,15.0,,
2691,18.0,12.0,
2692,15.0,11.0,6.0
2693,14.0,15.0,4.0
2694,12.0,19.0,8.0
2695,15.0,19.0,13.0
2696,14.0,18.0,7.0
2697,14.0,20.0,10.0
2698,17.0,21.0,10.0
2699,17.0,30.0,3.0
2700,22.0,38.0,3.0
2701,21.0,39.0,4.0
2702,32.0,,13.0
2703,,23.0,10.0
2704,34.0,11.0,10.0
2705,50.0,,5.0
2706,40.0,,8.0
2707,32.0,,14.0
2708,24.0,,8.0
2709,24.0,,9.0
2710,16.0,,9.0
2711,13.0,,7.0
2712,15.0,9.0,9.0
2713,11.0,2.0,2.0
2714,11.0,13.0,
2715,29.0,8.0,
2716,22.0,6.0,2.0
2717,16.0,8.0,6.0
2718,12.0,6.0,6.0
2719,12.0,9.0,8.0
2720,10.0,12.0,10.0
2721,12.0,6.0,10.0
2722,12.0,11.0,
2723,20.0,8.0,9.0
2724,24.0,8.0,14.0
2725,32.0,12.0,19.0
2726,27.0,14.0,18.0
2727,24.0,15.0,21.0
2728,28.0,20.0,17.0
2729,29.0,17.0,18.0
2730,30.0,18.0,20.0
2731,19.0,21.0,18.0
2732,14.0,14.0,13.0
2733,21.0,12.0,20.0
2734,13.0,14.0,36.0
2735,12.0,6.0,38.0
2736,11.0,8.0,36.0
2737,13.0,9.0,25.0
2738,16.0,5.0,14.0
2739,10.0,14.0,8.0
2740,19.0,16.0,15.0
2741,22.0,21.0,18.0
2742,23.0,19.0,21.0
2743,20.0,10.0,14.0
2744,22.0,11.0,16.0
2745,26.0,10.0,18.0
2746,26.0,14.0,16.0
2747,,19.0,18.0
2748,30.0,22.0,18.0
2749,26.0,25.0,25.0
2750,25.0,24.0,21.0
2751,28.0,18.0,25.0
2752,24.0,35.0,23.0
2753,31.0,38.0,26.0
2754,30.0,25.0,29.0
2755,31.0,21.0,22.0
2756,28.0,10.0,27.0
2757,30.0,8.0,20.0
2758,33.0,,22.0
2759,37.0,7.0,19.0
2760,24.0,13.0,15.0
2761,5.0,18.0,17.0
2762,,24.0,14.0
2763,,12.0,14.0
2764,,12.0,13.0
2765,,16.0,17.0
2766,,13.0,21.0
2767,,12.0,20.0
2768,,15.0,17.0
2769,,16.0,25.0
2770,,23.0,18.0
2771,6.0,22.0,23.0
2772,28.0,23.0,22.0
2773,29.0,8.0,27.0
2774,15.0,,32.0
2775,4.0,30.0,32.0
2776,8.0,51.0,39.0
2777,5.0,37.0,43.0
2778,,21.0,40.0
2779,9.0,22.0,38.0
2780,11.0,26.0,36.0
2781,9.0,32.0,33.0
2782,7.0,24.0,29.0
2783,9.0,23.0,22.0
2784,11.0,30.0,21.0
2785,5.0,17.0,25.0
2786,7.0,24.0,29.0
2787,4.0,18.0,30.0
2788,8.0,9.0,23.0
2789,6.0,11.0,28.0
2790,8.0,14.0,23.0
2791,5.0,22.0,19.0
2792,13.0,26.0,21.0
2793,16.0,31.0,32.0
2794,15.0,39.0,19.0
2795,17.0,28.0,27.0
2796,15.0,25.0,33.0
2797,16.0,29.0,43.0
2798,19.0,22.0,49.0
2799,30.0,24.0,51.0
2800,28.0,23.0,61.0
2801,24.0,13.0,60.0
2802,11.0,5.0,40.0
2803,,,
2804,,17.0,
2805,,21.0,
2806,,22.0,
2807,,13.0,
2808,,13.0,
2809,8.0,2.0,
2810,12.0,5.0,
2811,8.0,4.0,
2812,8.0,7.0,
2813,7.0,8.0,
2814,5.0,9.0,
2815,9.0,9.0,
2816,13.0,13.0,
2817,11.0,19.0,
2818,11.0,26.0,
2819,16.0,29.0,
2820,23.0,30.0,
2821,19.0,27.0,
2822,22.0,38.0,
2823,17.0,46.0,
2824,25.0,48.0,
2825,19.0,32.0,
2826,28.0,23.0,
2827,22.0,27.0,
2828,25.0,22.0,30.0
2829,13.0,21.0,
2830,8.0,16.0,
2831,7.0,26.0,
2832,10.0,20.0,
2833,8.0,,
2834,9.0,,
2835,8.0,,
2836,11.0,,
2837,6.0,,
2838,9.0,,
2839,13.0,,
2840,12.0,,
2841,11.0,,
2842,13.0,,
2843,18.0,,
2844,18.0,,
2845,24.0,,
2846,31.0,,
2847,26.0,,
2848,32.0,,
2849,40.0,,
2850,43.0,,
2851,20.0,,
2852,18.0,,
2853,17.0,,
2854,13.0,,
2855,7.0,17.0,
2856,13.0,,
2857,16.0,,
2858,20.0,,
2859,21.0,,
2860,21.0,,
2861,22.0,,
2862,19.0,,
2863,21.0,26.0,
2864,20.0,,
2865,23.0,,
2866,26.0,,17.0
2867,31.0,,25.0
2868,26.0,,37.0
2869,23.0,25.0,36.0
2870,24.0,,37.0
2871,28.0,,47.0
2872,33.0,,52.0
2873,32.0,,44.0
2874,42.0,,32.0
2875,33.0,10.0,19.0
2876,24.0,2.0,25.0
2877,24.0,,16.0
2878,16.0,,25.0
2879,19.0,,24.0
2880,19.0,,32.0
2881,,,35.0
2882,14.0,10.0,29.0
2883,20.0,,24.0
2884,15.0,,19.0
2885,21.0,,23.0
2886,21.0,,22.0
2887,19.0,,24.0
2888,17.0,,31.0
2889,23.0,,36.0
2890,23.0,,32.0
2891,27.0,,40.0
2892,33.0,,36.0
2893,33.0,,33.0
2894,38.0,,37.0
2895,49.0,,43.0
2896,43.0,,50.0
2897,44.0,,49.0
2898,40.0,,49.0
2899,42.0,,47.0
2900,27.0,,35.0
2901,15.0,,31.0
2902,10.0,,30.0
2903,9.0,,28.0
2904,9.0,,28.0
2905,12.0,,
2906,11.0,,26.0
2907,7.0,9.0,22.0
2908,11.0,6.0,20.0
2909,13.0,,22.0
2910,12.0,,27.0
2911,21.0,,23.0
2912,20.0,,21.0
2913,22.0,,21.0
2914,31.0,,26.0
2915,28.0,,19.0
2916,31.0,19.0,21.0
2917,30.0,34.0,26.0
2918,31.0,46.0,28.0
2919,40.0,35.0,46.0
2920,44.0,,50.0
2921,53.0,,54.0
2922,48.0,,52.0
2923,38.0,7.0,48.0
2924,31.0,8.0,43.0
2925,35.0,25.0,36.0
2926,30.0,32.0,21.0
2927,11.0,21.0,17.0
2928,5.0,,17.0
2929,12.0,15.0,16.0
2930,15.0,12.0,18.0
2931,14.0,17.0,19.0
2932,14.0,15.0,22.0
2933,15.0,19.0,32.0
2934,14.0,18.0,33.0
2935,15.0,15.0,34.0
2936,21.0,17.0,40.0
2937,24.0,13.0,41.0
2938,26.0,14.0,34.0
2939,29.0,15.0,41.0
2940,29.0,19.0,50.0
2941,25.0,23.0,60.0
2942,27.0,29.0,62.0
2943,32.0,33.0,69.0
2944,38.0,35.0,58.0
2945,43.0,49.0,35.0
2946,40.0,52.0,30.0
2947,41.0,43.0,
2948,37.0,34.0,
2949,25.0,29.0,
2950,23.0,24.0,
2951,25.0,22.0,10.0
2952,20.0,28.0,32.0
2953,18.0,23.0,41.0
2954,20.0,22.0,25.0
2955,15.0,21.0,21.0
2956,17.0,23.0,19.0
2957,24.0,26.0,19.0
2958,20.0,26.0,20.0
2959,24.0,25.0,28.0
2960,28.0,34.0,31.0
2961,32.0,33.0,30.0
2962,36.0,36.0,41.0
2963,41.0,37.0,41.0
2964,47.0,37.0,46.0
2965,50.0,46.0,38.0
2966,48.0,55.0,29.0
2967,47.0,53.0,49.0
2968,43.0,51.0,37.0
2969,49.0,57.0,54.0
2970,54.0,50.0,35.0
2971,52.0,40.0,39.0
2972,44.0,31.0,31.0
2973,37.0,28.0,24.0
2974,18.0,31.0,26.0
2975,18.0,36.0,34.0
2976,17.0,43.0,26.0
2977,16.0,37.0,25.0
2978,16.0,27.0,22.0
2979,19.0,28.0,17.0
2980,23.0,25.0,10.0
2981,24.0,27.0,10.0
2982,28.0,26.0,16.0
2983,28.0,24.0,16.0
2984,27.0,28.0,19.0
2985,34.0,33.0,22.0
2986,34.0,44.0,26.0
2987,40.0,58.0,33.0
2988,46.0,68.0,34.0
2989,50.0,62.0,33.0
2990,53.0,67.0,33.0
2991,63.0,69.0,36.0
2992,69.0,64.0,40.0
2993,59.0,38.0,43.0
2994,57.0,47.0,42.0
2995,49.0,30.0,38.0
2996,39.0,27.0,39.0
2997,30.0,42.0,44.0
2998,26.0,32.0,37.0
2999,21.0,23.0,24.0
3000,12.0,46.0,28.0
3001,28.0,51.0,23.0
3002,26.0,42.0,23.0
3003,33.0,22.0,12.0
3004,30.0,28.0,21.0
3005,27.0,32.0,20.0
3006,27.0,39.0,25.0
3007,28.0,50.0,25.0
3008,31.0,41.0,27.0
3009,33.0,40.0,29.0
3010,40.0,44.0,28.0
3011,37.0,50.0,29.0
3012,41.0,58.0,23.0
3013,43.0,64.0,31.0
3014,41.0,65.0,25.0
3015,46.0,87.0,34.0
3016,40.0,63.0,47.0
3017,40.0,55.0,43.0
3018,36.0,57.0,51.0
3019,35.0,52.0,41.0
3020,33.0,53.0,28.0
3021,29.0,36.0,17.0
3022,27.0,37.0,13.0
3023,24.0,38.0,11.0
3024,23.0,37.0,11.0
3025,26.0,30.0,15.0
3026,24.0,33.0,14.0
3027,22.0,30.0,13.0
3028,23.0,31.0,12.0
3029,28.0,34.0,13.0
3030,24.0,35.0,16.0
3031,23.0,35.0,13.0
3032,21.0,,23.0
3033,23.0,40.0,30.0
3034,27.0,45.0,28.0
3035,35.0,50.0,32.0
3036,39.0,59.0,36.0
3037,41.0,62.0,29.0
3038,56.0,68.0,45.0
3039,57.0,65.0,54.0
3040,43.0,42.0,60.0
3041,47.0,38.0,51.0
3042,40.0,28.0,44.0
3043,35.0,23.0,34.0
3044,31.0,34.0,26.0
3045,19.0,26.0,20.0
3046,12.0,10.0,21.0
3047,16.0,2.0,21.0
3048,21.0,,6.0
3049,20.0,4.0,12.0
3050,27.0,,16.0
3051,28.0,6.0,16.0
3052,39.0,9.0,20.0
3053,39.0,13.0,24.0
3054,42.0,10.0,27.0
3055,46.0,13.0,29.0
3056,45.0,17.0,32.0
3057,44.0,18.0,34.0
3058,42.0,25.0,43.0
3059,45.0,27.0,45.0
3060,46.0,29.0,83.0
3061,46.0,27.0,76.0
3062,49.0,38.0,78.0
3063,70.0,42.0,60.0
3064,88.0,41.0,28.0
3065,76.0,42.0,22.0
3066,66.0,40.0,32.0
3067,43.0,47.0,30.0
3068,35.0,31.0,11.0
3069,17.0,15.0,16.0
3070,28.0,2.0,20.0
3071,15.0,4.0,28.0
3072,19.0,,28.0
3073,24.0,,27.0
3074,29.0,,30.0
3075,25.0,11.0,26.0
3076,37.0,7.0,23.0
3077,42.0,7.0,21.0
3078,38.0,12.0,21.0
3079,44.0,15.0,20.0
3080,47.0,18.0,31.0
3081,48.0,16.0,35.0
3082,51.0,26.0,38.0
3083,47.0,34.0,46.0
3084,47.0,33.0,73.0
3085,48.0,42.0,95.0
3086,56.0,62.0,
3087,60.0,68.0,59.0
3088,72.0,52.0,43.0
3089,56.0,36.0,41.0
3090,47.0,34.0,25.0
3091,46.0,33.0,31.0
3092,43.0,23.0,21.0
3093,37.0,19.0,23.0
3094,32.0,22.0,20.0
3095,24.0,21.0,30.0
3096,18.0,23.0,24.0
3097,24.0,11.0,23.0
3098,21.0,8.0,18.0
3099,23.0,6.0,47.0
3100,20.0,9.0,37.0
3101,20.0,6.0,36.0
3102,,6.0,35.0
3103,,3.0,42.0
3104,18.0,5.0,47.0
3105,21.0,13.0,64.0
3106,21.0,27.0,64.0
3107,23.0,30.0,92.0
3108,34.0,32.0,100.0
3109,35.0,37.0,90.0
3110,30.0,39.0,57.0
3111,39.0,48.0,30.0
3112,65.0,53.0,26.0
3113,61.0,36.0,29.0
3114,47.0,34.0,23.0
3115,43.0,,22.0
3116,36.0,13.0,26.0
3117,33.0,30.0,5.0
3118,22.0,24.0,12.0
3119,14.0,16.0,16.0
3120,20.0,21.0,20.0
3121,14.0,15.0,18.0
3122,4.0,19.0,2.0
3123,9.0,22.0,13.0
3124,10.0,18.0,25.0
3125,12.0,21.0,30.0
3126,10.0,21.0,31.0
3127,13.0,27.0,36.0
3128,20.0,33.0,38.0
3129,24.0,29.0,48.0
3130,20.0,36.0,55.0
3131,18.0,34.0,56.0
3132,24.0,44.0,67.0
3133,25.0,57.0,77.0
3134,29.0,62.0,55.0
3135,42.0,53.0,44.0
3136,40.0,39.0,37.0
3137,38.0,40.0,49.0
3138,31.0,37.0,37.0
3139,20.0,28.0,30.0
3140,16.0,22.0,30.0
3141,8.0,25.0,33.0
3142,14.0,28.0,33.0
3143,14.0,30.0,39.0
3144,15.0,27.0,36.0
3145,10.0,20.0,41.0
3146,14.0,18.0,42.0
3147,16.0,23.0,39.0
3148,9.0,26.0,42.0
3149,6.0,23.0,49.0
3150,11.0,25.0,56.0
3151,13.0,39.0,60.0
3152,16.0,46.0,62.0
3153,18.0,44.0,59.0
3154,20.0,43.0,53.0
3155,22.0,48.0,39.0
3156,35.0,52.0,36.0
3157,43.0,52.0,41.0
3158,37.0,55.0,49.0
3159,44.0,67.0,52.0
3160,41.0,71.0,46.0
3161,29.0,56.0,51.0
3162,25.0,48.0,50.0
3163,17.0,48.0,50.0
3164,8.0,,56.0
3165,,19.0,61.0
3166,5.0,12.0,57.0
3167,9.0,17.0,50.0
3168,13.0,9.0,44.0
3169,12.0,8.0,23.0
3170,5.0,10.0,19.0
3171,9.0,22.0,9.0
3172,12.0,23.0,10.0
3173,7.0,17.0,9.0
3174,16.0,14.0,13.0
3175,13.0,12.0,14.0
3176,14.0,11.0,13.0
3177,16.0,16.0,22.0
3178,20.0,16.0,25.0
3179,20.0,14.0,24.0
3180,22.0,19.0,29.0
3181,26.0,19.0,28.0
3182,31.0,28.0,25.0
3183,43.0,35.0,38.0
3184,39.0,32.0,57.0
3185,37.0,12.0,67.0
3186,29.0,10.0,45.0
3187,10.0,9.0,35.0
3188,12.0,16.0,36.0
3189,12.0,26.0,48.0
3190,5.0,19.0,31.0
3191,9.0,21.0,35.0
3192,10.0,16.0,42.0
3193,11.0,57.0,44.0
3194,2.0,46.0,47.0
3195,9.0,28.0,41.0
3196,9.0,15.0,39.0
3197,,10.0,37.0
3198,11.0,9.0,33.0
3199,12.0,12.0,34.0
3200,13.0,13.0,44.0
3201,15.0,19.0,44.0
3202,18.0,21.0,41.0
3203,26.0,16.0,43.0
3204,29.0,14.0,65.0
3205,34.0,9.0,88.0
3206,36.0,11.0,84.0
3207,36.0,18.0,60.0
3208,38.0,27.0,21.0
3209,37.0,14.0,6.0
3210,30.0,10.0,10.0
3211,23.0,13.0,11.0
3212,15.0,20.0,
3213,5.0,20.0,
3214,,18.0,
3215,7.0,17.0,8.0
3216,7.0,18.0,8.0
3217,11.0,20.0,13.0
3218,12.0,20.0,20.0
3219,10.0,21.0,19.0
3220,5.0,18.0,20.0
3221,9.0,18.0,21.0
3222,5.0,22.0,19.0
3223,7.0,21.0,17.0
3224,8.0,29.0,30.0
3225,16.0,46.0,26.0
3226,20.0,44.0,25.0
3227,15.0,23.0,27.0
3228,19.0,13.0,38.0
3229,26.0,15.0,46.0
3230,35.0,19.0,38.0
3231,48.0,24.0,41.0
3232,36.0,22.0,33.0
3233,21.0,28.0,31.0
3234,15.0,24.0,26.0
3235,12.0,3.0,11.0
3236,6.0,,11.0
3237,,,4.0
3238,,,
3239,3.0,,
3240,12.0,,13.0
3241,16.0,5.0,14.0
3242,11.0,6.0,15.0
3243,14.0,8.0,13.0
3244,11.0,14.0,19.0
3245,15.0,17.0,22.0
3246,17.0,15.0,32.0
3247,19.0,19.0,31.0
3248,23.0,24.0,35.0
3249,27.0,29.0,35.0
3250,30.0,23.0,37.0
3251,34.0,16.0,36.0
3252,31.0,9.0,41.0
3253,38.0,13.0,44.0
3254,49.0,19.0,53.0
3255,39.0,36.0,56.0
3256,22.0,37.0,65.0
3257,22.0,20.0,65.0
3258,16.0,,62.0
3259,25.0,,47.0
3260,19.0,,43.0
3261,5.0,,34.0
3262,13.0,8.0,32.0
3263,10.0,13.0,27.0
3264,10.0,8.0,25.0
3265,3.0,6.0,29.0
3266,6.0,16.0,25.0
3267,10.0,17.0,27.0
3268,12.0,15.0,32.0
3269,15.0,13.0,35.0
3270,13.0,13.0,39.0
3271,18.0,19.0,46.0
3272,16.0,28.0,40.0
3273,22.0,28.0,45.0
3274,27.0,29.0,33.0
3275,33.0,19.0,45.0
3276,24.0,19.0,53.0
3277,36.0,28.0,80.0
3278,51.0,38.0,91.0
3279,53.0,31.0,60.0
3280,47.0,28.0,43.0
3281,34.0,25.0,44.0
3282,31.0,18.0,33.0
3283,27.0,18.0,44.0
3284,18.0,,39.0
3285,3.0,12.0,27.0
3286,6.0,5.0,18.0
3287,15.0,,19.0
3288,16.0,,17.0
3289,18.0,,22.0
3290,23.0,,21.0
3291,16.0,4.0,32.0
3292,14.0,8.0,36.0
3293,14.0,11.0,38.0
3294,13.0,10.0,38.0
3295,16.0,13.0,18.0
3296,19.0,17.0,5.0
3297,18.0,26.0,14.0
3298,23.0,22.0,4.0
3299,31.0,25.0,7.0
3300,30.0,30.0,6.0
3301,30.0,29.0,13.0
3302,40.0,33.0,15.0
3303,43.0,31.0,13.0
3304,58.0,24.0,22.0
3305,58.0,9.0,8.0
3306,41.0,15.0,24.0
3307,35.0,15.0,21.0
3308,29.0,12.0,18.0
3309,30.0,13.0,20.0
3310,29.0,15.0,21.0
3311,14.0,24.0,24.0
3312,17.0,21.0,18.0
3313,20.0,23.0,22.0
3314,13.0,29.0,20.0
3315,14.0,26.0,12.0
3316,16.0,23.0,15.0
3317,11.0,26.0,16.0
3318,22.0,20.0,16.0
3319,21.0,22.0,19.0
3320,25.0,28.0,27.0
3321,23.0,37.0,33.0
3322,31.0,38.0,32.0
3323,31.0,36.0,31.0
3324,28.0,41.0,39.0
3325,30.0,48.0,63.0
3326,43.0,41.0,56.0
3327,43.0,33.0,61.0
3328,45.0,41.0,54.0
3329,46.0,32.0,40.0
3330,33.0,27.0,39.0
3331,36.0,28.0,14.0
3332,26.0,19.0,
3333,27.0,14.0,
3334,20.0,3.0,
3335,23.0,5.0,
3336,28.0,5.0,10.0
3337,34.0,,29.0
3338,33.0,5.0,31.0
3339,40.0,6.0,29.0
3340,40.0,8.0,46.0
3341,41.0,8.0,42.0
3342,44.0,13.0,40.0
3343,44.0,15.0,37.0
3344,48.0,16.0,42.0
3345,53.0,22.0,41.0
3346,55.0,26.0,52.0
3347,50.0,24.0,48.0
3348,62.0,28.0,40.0
3349,66.0,15.0,53.0
3350,56.0,,68.0
3351,36.0,,53.0
3352,32.0,2.0,
3353,59.0,,40.0
3354,94.0,4.0,25.0
3355,53.0,11.0,18.0
3356,42.0,10.0,6.0
3357,39.0,12.0,
3358,24.0,5.0,
3359,17.0,7.0,
3360,13.0,10.0,7.0
3361,7.0,9.0,25.0
3362,18.0,10.0,18.0
3363,28.0,9.0,23.0
3364,36.0,10.0,37.0
3365,36.0,11.0,54.0
3366,35.0,17.0,60.0
3367,31.0,8.0,53.0
3368,37.0,7.0,48.0
3369,40.0,9.0,39.0
3370,40.0,16.0,40.0
3371,47.0,14.0,42.0
3372,51.0,14.0,55.0
3373,51.0,22.0,67.0
3374,64.0,26.0,76.0
3375,76.0,29.0,80.0
3376,70.0,19.0,83.0
3377,68.0,19.0,76.0
3378,46.0,18.0,60.0
3379,30.0,19.0,48.0
3380,21.0,6.0,36.0
3381,17.0,3.0,15.0
3382,18.0,,11.0
3383,22.0,7.0,3.0
3384,16.0,17.0,7.0
3385,9.0,20.0,14.0
3386,14.0,12.0,17.0
3387,20.0,15.0,17.0
3388,22.0,16.0,27.0
3389,20.0,17.0,30.0
3390,20.0,11.0,28.0
3391,22.0,16.0,34.0
3392,25.0,17.0,36.0
3393,28.0,19.0,38.0
3394,30.0,22.0,39.0
3395,28.0,20.0,40.0
3396,30.0,19.0,45.0
3397,27.0,35.0,75.0
3398,38.0,46.0,78.0
3399,42.0,56.0,74.0
3400,45.0,41.0,68.0
3401,32.0,31.0,60.0
3402,18.0,16.0,42.0
3403,16.0,17.0,46.0
3404,15.0,16.0,35.0
3405,18.0,,28.0
3406,23.0,,24.0
3407,13.0,,3.0
3408,20.0,,19.0
3409,15.0,10.0,32.0
3410,12.0,2.0,36.0
3411,12.0,,42.0
3412,9.0,6.0,47.0
3413,12.0,7.0,53.0
3414,11.0,8.0,53.0
3415,12.0,7.0,56.0
3416,16.0,12.0,54.0
3417,12.0,18.0,57.0
3418,13.0,25.0,56.0
3419,7.0,31.0,53.0
3420,8.0,39.0,67.0
3421,8.0,38.0,
3422,13.0,38.0,86.0
3423,11.0,35.0,83.0
3424,15.0,33.0,81.0
3425,18.0,21.0,53.0
3426,21.0,8.0,45.0
3427,19.0,10.0,37.0
3428,16.0,18.0,45.0
3429,17.0,16.0,25.0
3430,21.0,7.0,15.0
3431,20.0,3.0,
3432,20.0,,5.0
3433,17.0,,30.0
3434,9.0,,27.0
3435,6.0,,19.0
3436,7.0,,31.0
3437,4.0,2.0,35.0
3438,4.0,6.0,33.0
3439,3.0,7.0,39.0
3440,7.0,10.0,48.0
3441,9.0,17.0,49.0
3442,9.0,22.0,52.0
3443,14.0,34.0,50.0
3444,10.0,36.0,64.0
3445,11.0,31.0,79.0
3446,15.0,28.0,80.0
3447,29.0,31.0,76.0
3448,35.0,36.0,84.0
3449,27.0,31.0,75.0
3450,16.0,26.0,56.0
3451,24.0,23.0,46.0
3452,30.0,12.0,34.0
3453,29.0,14.0,26.0
3454,32.0,12.0,25.0
3455,36.0,5.0,8.0
3456,34.0,4.0,7.0
3457,34.0,,
3458,40.0,,3.0
3459,37.0,,11.0
3460,28.0,,19.0
3461,32.0,4.0,24.0
3462,30.0,11.0,28.0
3463,34.0,4.0,30.0
3464,30.0,9.0,30.0
3465,36.0,13.0,34.0
3466,19.0,14.0,46.0
3467,6.0,24.0,67.0
3468,11.0,29.0,100.0
3469,22.0,43.0,112.0
3470,31.0,41.0,108.0
3471,31.0,39.0,49.0
3472,18.0,38.0,18.0
3473,18.0,39.0,
3474,12.0,34.0,
3475,16.0,16.0,
3476,13.0,,
3477,12.0,,
3478,19.0,,
3479,19.0,,
3480,13.0,,
3481,13.0,,
3482,20.0,,
3483,18.0,,
3484,20.0,,
3485,14.0,4.0,
3486,13.0,6.0,
3487,17.0,5.0,
3488,20.0,12.0,
3489,24.0,11.0,
3490,24.0,15.0,
3491,20.0,25.0,
3492,24.0,30.0,
3493,16.0,36.0,
3494,22.0,32.0,
3495,26.0,39.0,
3496,29.0,18.0,
3497,27.0,,
3498,27.0,,
3499,24.0,,
3500,19.0,,
3501,14.0,,
3502,5.0,,
3503,14.0,,
3504,18.0,4.0,
3505,19.0,8.0,
3506,16.0,8.0,
3507,24.0,13.0,
3508,24.0,6.0,
3509,26.0,10.0,
3510,29.0,13.0,
3511,38.0,15.0,
3512,44.0,18.0,
3513,42.0,21.0,
3514,42.0,18.0,
3515,40.0,23.0,
3516,42.0,24.0,
3517,40.0,35.0,
3518,52.0,61.0,
3519,58.0,56.0,
3520,57.0,43.0,
3521,56.0,53.0,
3522,51.0,36.0,
3523,43.0,29.0,
3524,33.0,16.0,
3525,24.0,18.0,
3526,17.0,12.0,
3527,18.0,13.0,
3528,19.0,,
3529,26.0,,
3530,24.0,,
3531,23.0,3.0,
3532,20.0,2.0,
3533,17.0,9.0,
3534,22.0,6.0,
3535,23.0,8.0,
3536,23.0,,43.0
3537,25.0,,48.0
3538,32.0,2.0,45.0
3539,37.0,13.0,96.0
3540,46.0,17.0,84.0
3541,46.0,17.0,88.0
3542,54.0,29.0,76.0
3543,63.0,37.0,34.0
3544,58.0,26.0,15.0
3545,48.0,24.0,28.0
3546,43.0,12.0,44.0
3547,35.0,,49.0
3548,23.0,,4.0
3549,8.0,,5.0
3550,,,8.0
3551,5.0,,5.0
3552,8.0,,17.0
3553,11.0,,25.0
3554,,,23.0
3555,10.0,,29.0
3556,11.0,,24.0
3557,12.0,,33.0
3558,13.0,8.0,24.0
3559,13.0,6.0,32.0
3560,15.0,,36.0
3561,20.0,,38.0
3562,18.0,,38.0
3563,27.0,20.0,42.0
3564,30.0,27.0,45.0
3565,32.0,,55.0
3566,44.0,,76.0
3567,48.0,,85.0
3568,41.0,23.0,
3569,36.0,,75.0
3570,25.0,,71.0
3571,18.0,,50.0
3572,12.0,8.0,47.0
3573,7.0,7.0,39.0
3574,5.0,,6.0
3575,12.0,,11.0
3576,14.0,,27.0
3577,13.0,2.0,25.0
3578,16.0,6.0,
3579,11.0,6.0,
3580,12.0,8.0,
3581,15.0,8.0,
3582,17.0,12.0,
3583,18.0,6.0,
3584,19.0,14.0,
3585,20.0,30.0,
3586,23.0,36.0,11.0
3587,27.0,37.0,20.0
3588,27.0,40.0,15.0
3589,28.0,51.0,18.0
3590,29.0,40.0,25.0
3591,33.0,23.0,43.0
3592,39.0,21.0,46.0
3593,36.0,29.0,54.0
3594,31.0,21.0,51.0
3595,24.0,,36.0
3596,23.0,,24.0
3597,7.0,4.0,
3598,8.0,7.0,
3599,17.0,2.0,7.0
3600,15.0,,23.0
3601,16.0,,32.0
3602,24.0,,28.0
3603,24.0,,36.0
3604,,2.0,47.0
3605,26.0,7.0,38.0
3606,24.0,4.0,32.0
3607,26.0,2.0,33.0
3608,31.0,11.0,29.0
3609,25.0,18.0,28.0
3610,28.0,30.0,25.0
3611,32.0,38.0,33.0
3612,35.0,41.0,42.0
3613,,60.0,39.0
3614,37.0,59.0,46.0
3615,45.0,52.0,61.0
3616,44.0,34.0,59.0
3617,38.0,19.0,59.0
3618,33.0,22.0,54.0
3619,24.0,14.0,39.0
3620,9.0,7.0,37.0
3621,5.0,6.0,29.0
3622,8.0,9.0,24.0
3623,12.0,3.0,33.0
3624,11.0,,25.0
3625,,,19.0
3626,3.0,,18.0
3627,5.0,,19.0
3628,8.0,,22.0
3629,12.0,,22.0
3630,12.0,4.0,
3631,,9.0,21.0
3632,11.0,10.0,22.0
3633,16.0,16.0,21.0
3634,14.0,18.0,24.0
3635,21.0,11.0,27.0
3636,21.0,24.0,31.0
3637,23.0,31.0,26.0
3638,21.0,42.0,28.0
3639,29.0,52.0,54.0
3640,26.0,54.0,47.0
3641,30.0,46.0,41.0
3642,20.0,37.0,32.0
3643,14.0,16.0,28.0
3644,6.0,11.0,15.0
3645,3.0,17.0,25.0
3646,5.0,13.0,12.0
3647,4.0,,9.0
3648,5.0,,18.0
3649,6.0,,
3650,10.0,,29.0
3651,9.0,,21.0
3652,6.0,,13.0
3653,4.0,2.0,16.0
3654,7.0,2.0,19.0
3655,9.0,6.0,20.0
3656,11.0,10.0,28.0
3657,12.0,13.0,34.0
3658,9.0,11.0,29.0
3659,16.0,8.0,34.0
3660,14.0,18.0,40.0
3661,18.0,24.0,45.0
3662,18.0,31.0,50.0
3663,29.0,47.0,69.0
3664,30.0,44.0,85.0
3665,25.0,37.0,76.0
3666,18.0,39.0,70.0
3667,8.0,32.0,58.0
3668,,19.0,38.0
3669,,15.0,22.0
3670,,7.0,16.0
3671,4.0,9.0,14.0
3672,14.0,5.0,5.0
3673,8.0,,8.0
3674,3.0,,8.0
3675,,,
3676,4.0,5.0,20.0
3677,6.0,2.0,28.0
3678,9.0,3.0,21.0
3679,13.0,6.0,20.0
3680,12.0,8.0,31.0
3681,12.0,8.0,40.0
3682,17.0,17.0,42.0
3683,20.0,23.0,46.0
3684,21.0,36.0,49.0
3685,25.0,35.0,49.0
3686,27.0,32.0,55.0
3687,36.0,38.0,62.0
3688,37.0,42.0,60.0
3689,31.0,44.0,49.0
3690,19.0,27.0,38.0
3691,12.0,10.0,43.0
3692,20.0,11.0,40.0
3693,29.0,4.0,27.0
3694,23.0,5.0,26.0
3695,12.0,5.0,37.0
3696,11.0,,22.0
3697,5.0,2.0,7.0
3698,13.0,,
3699,9.0,,
3700,9.0,,
3701,6.0,,
3702,7.0,4.0,
3703,7.0,4.0,
3704,11.0,8.0,
3705,14.0,9.0,
3706,18.0,17.0,
3707,17.0,16.0,
3708,14.0,22.0,
3709,22.0,,
3710,31.0,40.0,
3711,45.0,49.0,
3712,44.0,41.0,
3713,37.0,26.0,
3714,28.0,12.0,
3715,23.0,19.0,
3716,17.0,9.0,
3717,,3.0,
3718,,,
3719,,3.0,
3720,,3.0,
3721,3.0,,
3722,8.0,,
3723,8.0,,
3724,3.0,,
3725,4.0,,
3726,3.0,,
3727,8.0,4.0,
3728,6.0,14.0,
3729,16.0,18.0,
3730,16.0,25.0,
3731,,27.0,
3732,20.0,,
3733,31.0,39.0,
3734,37.0,36.0,
3735,42.0,20.0,
3736,62.0,17.0,
3737,42.0,12.0,
3738,22.0,18.0,
3739,13.0,9.0,
3740,7.0,,
3741,,,
3742,,11.0,
3743,,10.0,
3744,,,
3745,,,
3746,,,
3747,5.0,,
3748,11.0,8.0,
3749,10.0,10.0,
3750,8.0,10.0,
3751,9.0,13.0,
3752,13.0,24.0,
3753,14.0,23.0,
3754,18.0,35.0,
3755,15.0,34.0,
3756,23.0,44.0,
3757,38.0,,
3758,43.0,22.0,
3759,41.0,20.0,
3760,44.0,16.0,
3761,39.0,19.0,
3762,28.0,3.0,
3763,23.0,,127.0
3764,18.0,2.0,57.0
3765,4.0,14.0,23.0
3766,2.0,25.0,33.0
3767,11.0,15.0,6.0
3768,13.0,23.0,26.0
3769,13.0,12.0,25.0
3770,24.0,6.0,26.0
3771,27.0,3.0,27.0
3772,29.0,,29.0
3773,16.0,,34.0
3774,30.0,6.0,37.0
3775,30.0,8.0,45.0
3776,33.0,21.0,37.0
3777,28.0,26.0,46.0
3778,34.0,35.0,40.0
3779,44.0,47.0,37.0
3780,61.0,51.0,41.0
3781,50.0,54.0,49.0
3782,47.0,51.0,64.0
3783,58.0,43.0,59.0
3784,53.0,,61.0
3785,44.0,2.0,59.0
3786,32.0,,63.0
3787,25.0,,54.0
3788,17.0,,30.0
3789,8.0,,33.0
3790,10.0,27.0,16.0
3791,14.0,21.0,14.0
3792,17.0,,
3793,25.0,,20.0
3794,30.0,,20.0
3795,33.0,,19.0
3796,29.0,,20.0
3797,30.0,,21.0
3798,27.0,,18.0
3799,33.0,,21.0
3800,33.0,,27.0
3801,36.0,,37.0
3802,36.0,,37.0
3803,40.0,17.0,33.0
3804,43.0,43.0,31.0
3805,50.0,,29.0
3806,52.0,53.0,48.0
3807,65.0,49.0,52.0
3808,57.0,,59.0
3809,55.0,,53.0
3810,40.0,,46.0
3811,27.0,,41.0
3812,24.0,,32.0
3813,9.0,,21.0
3814,5.0,7.0,27.0
3815,8.0,14.0,35.0
3816,2.0,24.0,22.0
3817,5.0,19.0,15.0
3818,17.0,25.0,7.0
3819,22.0,15.0,10.0
3820,17.0,6.0,10.0
3821,17.0,,18.0
3822,,8.0,19.0
3823,18.0,9.0,18.0
3824,18.0,10.0,19.0
3825,16.0,23.0,28.0
3826,21.0,23.0,24.0
3827,27.0,35.0,29.0
3828,43.0,54.0,30.0
3829,58.0,49.0,39.0
3830,61.0,44.0,53.0
3831,46.0,55.0,47.0
3832,38.0,44.0,29.0
3833,29.0,41.0,30.0
3834,23.0,40.0,32.0
3835,17.0,24.0,44.0
3836,11.0,14.0,36.0
3837,12.0,7.0,33.0
3838,9.0,10.0,24.0
3839,3.0,14.0,8.0
3840,5.0,3.0,14.0
3841,8.0,,15.0
3842,21.0,,10.0
3843,13.0,2.0,11.0
3844,8.0,6.0,19.0
3845,8.0,6.0,13.0
3846,9.0,12.0,14.0
3847,11.0,11.0,14.0
3848,11.0,18.0,13.0
3849,16.0,20.0,21.0
3850,20.0,26.0,19.0
3851,22.0,37.0,15.0
3852,25.0,32.0,34.0
3853,33.0,40.0,
3854,45.0,46.0,
3855,45.0,53.0,48.0
3856,46.0,65.0,
3857,36.0,56.0,34.0
3858,29.0,47.0,17.0
3859,18.0,34.0,30.0
3860,15.0,33.0,
3861,7.0,22.0,
3862,,20.0,
3863,,30.0,6.0
3864,7.0,35.0,3.0
3865,6.0,20.0,58.0
3866,,24.0,69.0
3867,,27.0,27.0
3868,9.0,32.0,14.0
3869,5.0,24.0,12.0
3870,11.0,19.0,16.0
3871,12.0,18.0,16.0
3872,12.0,20.0,52.0
3873,20.0,19.0,50.0
3874,17.0,24.0,23.0
3875,26.0,29.0,28.0
3876,33.0,28.0,22.0
3877,44.0,38.0,41.0
3878,47.0,46.0,32.0
3879,48.0,47.0,
3880,41.0,45.0,44.0
3881,20.0,36.0,54.0
3882,15.0,30.0,38.0
3883,11.0,28.0,43.0
3884,11.0,17.0,23.0
3885,6.0,15.0,9.0
3886,,24.0,4.0
3887,3.0,24.0,
3888,7.0,27.0,11.0
3889,17.0,27.0,11.0
3890,28.0,8.0,26.0
3891,28.0,4.0,20.0
3892,27.0,9.0,10.0
3893,28.0,7.0,6.0
3894,26.0,14.0,9.0
3895,31.0,19.0,13.0
3896,31.0,21.0,13.0
3897,33.0,28.0,17.0
3898,39.0,33.0,30.0
3899,43.0,28.0,38.0
3900,48.0,45.0,62.0
3901,48.0,65.0,64.0
3902,65.0,53.0,53.0
3903,62.0,48.0,47.0
3904,55.0,38.0,
3905,31.0,33.0,52.0
3906,19.0,31.0,41.0
3907,19.0,27.0,26.0
3908,,17.0,15.0
3909,4.0,18.0,4.0
3910,,17.0,
3911,14.0,17.0,
3912,23.0,22.0,
3913,36.0,21.0,
3914,48.0,19.0,5.0
3915,32.0,18.0,8.0
3916,24.0,21.0,9.0
3917,28.0,19.0,4.0
3918,32.0,20.0,8.0
3919,35.0,27.0,12.0
3920,36.0,27.0,25.0
3921,44.0,33.0,25.0
3922,42.0,43.0,26.0
3923,43.0,47.0,24.0
3924,42.0,76.0,46.0
3925,42.0,73.0,33.0
3926,46.0,62.0,50.0
3927,43.0,73.0,51.0
3928,46.0,64.0,47.0
3929,28.0,48.0,44.0
3930,20.0,32.0,30.0
3931,23.0,30.0,24.0
3932,20.0,17.0,7.0
3933,12.0,3.0,
3934,16.0,6.0,
3935,15.0,,
3936,18.0,11.0,
3937,22.0,23.0,
3938,27.0,21.0,
3939,36.0,13.0,
3940,34.0,22.0,
3941,34.0,18.0,
3942,35.0,18.0,
3943,38.0,24.0,
3944,41.0,25.0,
3945,41.0,28.0,
3946,46.0,41.0,13.0
3947,47.0,46.0,24.0
3948,42.0,67.0,27.0
3949,41.0,70.0,49.0
3950,52.0,68.0,50.0
3951,47.0,47.0,43.0
3952,38.0,58.0,46.0
3953,27.0,87.0,36.0
3954,19.0,55.0,31.0
3955,10.0,29.0,19.0
3956,9.0,22.0,10.0
3957,,24.0,
3958,,14.0,
3959,,36.0,
3960,,26.0,
3961,14.0,25.0,
3962,14.0,15.0,
3963,,8.0,
3964,10.0,22.0,5.0
3965,7.0,25.0,6.0
3966,10.0,37.0,5.0
3967,10.0,36.0,6.0
3968,13.0,35.0,7.0
3969,10.0,41.0,16.0
3970,15.0,52.0,17.0
3971,18.0,56.0,13.0
3972,17.0,59.0,23.0
3973,22.0,66.0,36.0
3974,32.0,70.0,44.0
3975,41.0,57.0,37.0
3976,34.0,53.0,38.0
3977,28.0,61.0,31.0
3978,27.0,59.0,19.0
3979,27.0,44.0,11.0
3980,,27.0,6.0
3981,32.0,24.0,
3982,29.0,32.0,
3983,30.0,33.0,
3984,30.0,34.0,
3985,36.0,14.0,
3986,45.0,18.0,3.0
3987,41.0,19.0,8.0
3988,43.0,22.0,5.0
3989,41.0,31.0,8.0
3990,36.0,29.0,5.0
3991,37.0,29.0,7.0
3992,45.0,30.0,10.0
3993,47.0,35.0,15.0
3994,47.0,44.0,15.0
3995,,49.0,
3996,54.0,54.0,10.0
3997,53.0,61.0,17.0
3998,61.0,59.0,33.0
3999,68.0,62.0,43.0
4000,56.0,64.0,40.0
4001,54.0,63.0,33.0
4002,39.0,47.0,20.0
4003,39.0,38.0,12.0
4004,36.0,37.0,4.0
4005,32.0,34.0,
4006,28.0,31.0,
4007,31.0,35.0,
4008,40.0,24.0,
4009,40.0,24.0,
4010,27.0,17.0,11.0
4011,32.0,15.0,14.0
4012,36.0,28.0,11.0
4013,38.0,23.0,8.0
4014,36.0,21.0,7.0
4015,40.0,23.0,6.0
4016,39.0,30.0,9.0
4017,37.0,33.0,8.0
4018,42.0,30.0,12.0
4019,47.0,49.0,8.0
4020,49.0,53.0,13.0
4021,58.0,65.0,25.0
4022,56.0,61.0,44.0
4023,47.0,51.0,50.0
4024,46.0,55.0,
4025,33.0,40.0,
4026,29.0,37.0,
4027,24.0,46.0,
4028,21.0,37.0,
4029,14.0,19.0,
4030,4.0,13.0,
4031,6.0,10.0,
4032,15.0,5.0,
4033,18.0,12.0,
4034,16.0,30.0,
4035,18.0,26.0,
4036,19.0,,6.0
4037,17.0,,5.0
4038,16.0,,6.0
4039,23.0,,4.0
4040,22.0,,4.0
4041,33.0,,3.0
4042,42.0,,6.0
4043,29.0,,3.0
4044,31.0,,4.0
4045,32.0,,16.0
4046,26.0,,42.0
4047,30.0,,46.0
4048,27.0,,57.0
4049,24.0,,42.0
4050,20.0,,31.0
4051,2.0,,12.0
4052,,,10.0
4053,,,
4054,4.0,,
4055,7.0,,
4056,9.0,,
4057,7.0,,
4058,7.0,,
4059,5.0,,
4060,5.0,,2.0
4061,5.0,,3.0
4062,9.0,,
4063,9.0,,4.0
4064,8.0,,11.0
4065,11.0,30.0,7.0
4066,15.0,32.0,8.0
4067,18.0,56.0,13.0
4068,24.0,82.0,16.0
4069,24.0,71.0,15.0
4070,19.0,58.0,32.0
4071,21.0,52.0,29.0
4072,18.0,50.0,23.0
4073,19.0,56.0,
4074,19.0,48.0,27.0
4075,14.0,27.0,21.0
4076,,14.0,
4077,,21.0,
4078,,39.0,
4079,4.0,24.0,
4080,8.0,18.0,
4081,8.0,10.0,3.0
4082,11.0,13.0,
4083,11.0,4.0,
4084,8.0,9.0,4.0
4085,11.0,13.0,
4086,14.0,13.0,5.0
4087,14.0,21.0,8.0
4088,12.0,23.0,3.0
4089,14.0,31.0,6.0
4090,15.0,37.0,11.0
4091,15.0,44.0,6.0
4092,20.0,65.0,2.0
4093,24.0,74.0,3.0
4094,30.0,68.0,5.0
4095,26.0,63.0,2.0
4096,22.0,63.0,5.0
4097,20.0,69.0,
4098,16.0,52.0,6.0
4099,14.0,36.0,9.0
4100,3.0,25.0,8.0
4101,,15.0,2.0
4102,7.0,14.0,
4103,12.0,19.0,
4104,10.0,19.0,3.0
4105,10.0,14.0,
4106,9.0,12.0,
4107,11.0,,
4108,13.0,,
4109,14.0,12.0,
4110,15.0,14.0,13.0
4111,17.0,21.0,10.0
4112,13.0,24.0,10.0
4113,16.0,31.0,
4114,19.0,51.0,6.0
4115,19.0,70.0,12.0
4116,25.0,72.0,5.0
4117,17.0,73.0,2.0
4118,21.0,59.0,
4119,23.0,49.0,5.0
4120,23.0,35.0,
4121,19.0,29.0,7.0
4122,18.0,33.0,7.0
4123,12.0,28.0,
4124,6.0,24.0,10.0
4125,2.0,15.0,4.0
4126,,14.0,3.0
4127,4.0,21.0,
4128,3.0,23.0,10.0
4129,4.0,,
4130,,,9.0
4131,4.0,,13.0
4132,7.0,9.0,9.0
4133,8.0,18.0,8.0
4134,5.0,13.0,7.0
4135,12.0,14.0,6.0
4136,16.0,18.0,8.0
4137,17.0,27.0,10.0
4138,18.0,33.0,10.0
4139,21.0,48.0,11.0
4140,25.0,50.0,12.0
4141,21.0,63.0,8.0
4142,27.0,50.0,
4143,39.0,49.0,16.0
4144,40.0,57.0,
4145,31.0,46.0,13.0
4146,26.0,32.0,9.0
4147,27.0,28.0,
4148,20.0,26.0,7.0
4149,15.0,22.0,10.0
4150,16.0,20.0,14.0
4151,15.0,17.0,21.0
4152,15.0,9.0,18.0
4153,11.0,,10.0
4154,2.0,17.0,18.0
4155,6.0,10.0,17.0
4156,10.0,17.0,20.0
4157,9.0,14.0,8.0
4158,9.0,15.0,11.0
4159,12.0,21.0,7.0
4160,18.0,24.0,13.0
4161,17.0,25.0,10.0
4162,23.0,36.0,10.0
4163,24.0,38.0,7.0
4164,30.0,50.0,9.0
4165,45.0,57.0,12.0
4166,42.0,43.0,4.0
4167,44.0,50.0,6.0
4168,46.0,51.0,6.0
4169,45.0,40.0,4.0
4170,36.0,35.0,5.0
4171,28.0,27.0,5.0
4172,18.0,19.0,16.0
4173,18.0,18.0,12.0
4174,8.0,,9.0
4175,7.0,,11.0
4176,10.0,,21.0
4177,19.0,,24.0
4178,15.0,,35.0
4179,15.0,,25.0
4180,20.0,,9.0
4181,20.0,,11.0
4182,21.0,,10.0
4183,24.0,4.0,14.0
4184,25.0,8.0,11.0
4185,29.0,12.0,7.0
4186,36.0,18.0,4.0
4187,33.0,28.0,5.0
4188,35.0,43.0,10.0
4189,43.0,56.0,5.0
4190,45.0,40.0,12.0
4191,48.0,42.0,10.0
4192,44.0,36.0,12.0
4193,35.0,41.0,5.0
4194,24.0,34.0,
4195,,20.0,
4196,14.0,10.0,7.0
4197,9.0,4.0,6.0
4198,,,13.0
4199,,,10.0
4200,,,6.0
4201,8.0,,7.0
4202,,,
4203,10.0,,4.0
4204,10.0,,4.0
4205,11.0,6.0,8.0
4206,9.0,6.0,8.0
4207,10.0,3.0,11.0
4208,14.0,3.0,10.0
4209,15.0,14.0,15.0
4210,16.0,13.0,15.0
4211,20.0,20.0,18.0
4212,29.0,34.0,19.0
4213,34.0,40.0,11.0
4214,,40.0,2.0
4215,33.0,54.0,8.0
4216,40.0,50.0,14.0
4217,24.0,28.0,12.0
4218,25.0,16.0,
4219,20.0,5.0,6.0
4220,8.0,5.0,5.0
4221,,,6.0
4222,,,9.0
4223,,,12.0
4224,9.0,,14.0
4225,11.0,,13.0
4226,4.0,,8.0
4227,4.0,,3.0
4228,5.0,,5.0
4229,8.0,4.0,10.0
4230,10.0,,8.0
4231,11.0,7.0,10.0
4232,11.0,5.0,12.0
4233,8.0,20.0,14.0
4234,15.0,21.0,16.0
4235,19.0,27.0,14.0
4236,22.0,43.0,22.0
4237,24.0,37.0,17.0
4238,,36.0,28.0
4239,23.0,29.0,36.0
4240,24.0,28.0,25.0
4241,20.0,27.0,31.0
4242,14.0,19.0,28.0
4243,4.0,8.0,20.0
4244,7.0,6.0,11.0
4245,,,
4246,,,
4247,,,6.0
4248,2.0,,11.0
4249,,,5.0
4250,6.0,,8.0
4251,11.0,,8.0
4252,4.0,7.0,7.0
4253,9.0,2.0,7.0
4254,9.0,8.0,
4255,7.0,15.0,8.0
4256,8.0,13.0,8.0
4257,12.0,21.0,15.0
4258,16.0,26.0,15.0
4259,22.0,33.0,17.0
4260,20.0,44.0,32.0
4261,22.0,46.0,19.0
4262,19.0,38.0,45.0
4263,23.0,39.0,45.0
4264,22.0,46.0,46.0
4265,17.0,44.0,33.0
4266,6.0,25.0,30.0
4267,7.0,20.0,20.0
4268,5.0,20.0,11.0
4269,,7.0,
4270,,,
4271,,,
4272,9.0,,
4273,11.0,10.0,2.0
4274,23.0,14.0,12.0
4275,17.0,14.0,7.0
4276,12.0,15.0,
4277,14.0,14.0,
4278,12.0,12.0,6.0
4279,12.0,6.0,8.0
4280,,12.0,12.0
4281,18.0,20.0,11.0
4282,26.0,17.0,16.0
4283,19.0,18.0,18.0
4284,21.0,24.0,27.0
4285,18.0,27.0,14.0
4286,22.0,49.0,38.0
4287,24.0,44.0,44.0
4288,21.0,37.0,30.0
4289,5.0,27.0,16.0
4290,11.0,20.0,10.0
4291,16.0,9.0,11.0
4292,14.0,9.0,
4293,3.0,6.0,
4294,,,
4295,,,2.0
4296,10.0,,16.0
4297,9.0,3.0,14.0
4298,12.0,12.0,14.0
4299,12.0,8.0,12.0
4300,,3.0,13.0
4301,,5.0,15.0
4302,9.0,11.0,12.0
4303,,4.0,13.0
4304,18.0,13.0,10.0
4305,,17.0,19.0
4306,23.0,12.0,26.0
4307,12.0,11.0,20.0
4308,10.0,20.0,17.0
4309,18.0,23.0,24.0
4310,29.0,28.0,33.0
4311,23.0,40.0,25.0
4312,16.0,39.0,39.0
4313,11.0,26.0,38.0
4314,16.0,23.0,39.0
4315,9.0,8.0,30.0
4316,,,13.0
4317,7.0,,
4318,15.0,,
4319,11.0,,9.0
4320,14.0,,9.0
4321,13.0,,14.0
4322,10.0,,16.0
4323,18.0,3.0,11.0
4324,29.0,5.0,13.0
4325,24.0,4.0,13.0
4326,,8.0,15.0
4327,14.0,4.0,19.0
4328,20.0,13.0,22.0
4329,24.0,14.0,22.0
4330,27.0,11.0,
4331,21.0,11.0,28.0
4332,20.0,19.0,30.0
4333,21.0,30.0,23.0
4334,22.0,32.0,31.0
4335,,53.0,42.0
4336,24.0,40.0,49.0
4337,11.0,17.0,44.0
4338,6.0,10.0,25.0
4339,24.0,27.0,6.0
4340,17.0,13.0,2.0
4341,7.0,,
4342,4.0,3.0,
4343,9.0,8.0,
4344,13.0,,6.0
4345,,,12.0
4346,12.0,,7.0
4347,11.0,3.0,2.0
4348,13.0,3.0,2.0
4349,8.0,6.0,6.0
4350,13.0,12.0,5.0
4351,16.0,5.0,6.0
4352,11.0,12.0,6.0
4353,17.0,13.0,8.0
4354,18.0,10.0,12.0
4355,20.0,10.0,11.0
4356,18.0,15.0,
4357,26.0,19.0,
4358,29.0,39.0,7.0
4359,28.0,50.0,10.0
4360,26.0,44.0,7.0
4361,22.0,40.0,4.0
4362,15.0,34.0,7.0
4363,11.0,20.0,5.0
4364,16.0,16.0,8.0
4365,7.0,9.0,9.0
4366,13.0,7.0,7.0
4367,,,9.0
4368,9.0,,7.0
4369,11.0,,
4370,8.0,2.0,2.0
4371,16.0,8.0,9.0
4372,22.0,7.0,5.0
4373,18.0,9.0,
4374,18.0,6.0,10.0
4375,16.0,7.0,10.0
4376,17.0,11.0,5.0
4377,14.0,9.0,8.0
4378,18.0,9.0,15.0
4379,20.0,7.0,16.0
4380,26.0,17.0,3.0
4381,28.0,37.0,3.0
4382,26.0,41.0,16.0
4383,22.0,35.0,20.0
4384,42.0,43.0,16.0
4385,42.0,39.0,5.0
4386,,19.0,12.0
4387,29.0,,17.0
4388,24.0,,10.0
4389,23.0,3.0,12.0
4390,28.0,6.0,16.0
4391,21.0,9.0,21.0
4392,15.0,9.0,8.0
4393,16.0,,14.0
4394,13.0,3.0,13.0
4395,15.0,,17.0
4396,14.0,10.0,9.0
4397,11.0,9.0,15.0
4398,16.0,8.0,12.0
4399,14.0,9.0,10.0
4400,11.0,12.0,17.0
4401,11.0,19.0,19.0
4402,12.0,20.0,18.0
4403,16.0,15.0,23.0
4404,17.0,23.0,20.0
4405,30.0,32.0,16.0
4406,30.0,35.0,16.0
4407,38.0,38.0,29.0
4408,40.0,16.0,39.0
4409,33.0,34.0,33.0
4410,12.0,28.0,28.0
4411,5.0,20.0,22.0
4412,3.0,18.0,10.0
4413,8.0,11.0,5.0
4414,6.0,2.0,7.0
4415,8.0,5.0,13.0
4416,3.0,,20.0
4417,,8.0,22.0
4418,13.0,7.0,
4419,9.0,12.0,24.0
4420,7.0,13.0,14.0
4421,14.0,16.0,18.0
4422,15.0,15.0,12.0
4423,15.0,15.0,16.0
4424,,16.0,18.0
4425,16.0,28.0,19.0
4426,20.0,22.0,24.0
4427,22.0,26.0,20.0
4428,24.0,33.0,22.0
4429,26.0,33.0,24.0
4430,33.0,53.0,29.0
4431,37.0,56.0,40.0
4432,39.0,59.0,41.0
4433,25.0,43.0,37.0
4434,22.0,35.0,26.0
4435,11.0,21.0,17.0
4436,11.0,15.0,6.0
4437,3.0,8.0,
4438,,,
4439,3.0,,4.0
4440,10.0,,12.0
4441,12.0,2.0,9.0
4442,21.0,,14.0
4443,24.0,2.0,11.0
4444,21.0,5.0,10.0
4445,17.0,5.0,13.0
4446,15.0,7.0,8.0
4447,17.0,7.0,14.0
4448,18.0,14.0,15.0
4449,17.0,16.0,17.0
4450,19.0,15.0,13.0
4451,28.0,17.0,23.0
4452,32.0,17.0,25.0
4453,40.0,36.0,26.0
4454,43.0,36.0,32.0
4455,54.0,33.0,35.0
4456,49.0,40.0,33.0
4457,37.0,33.0,48.0
4458,26.0,29.0,34.0
4459,23.0,19.0,26.0
4460,18.0,8.0,15.0
4461,7.0,,5.0
4462,15.0,,3.0
4463,2.0,,8.0
4464,5.0,,18.0
4465,14.0,,24.0
4466,22.0,5.0,26.0
4467,16.0,6.0,23.0
4468,17.0,4.0,21.0
4469,19.0,4.0,18.0
4470,19.0,8.0,20.0
4471,17.0,8.0,24.0
4472,22.0,12.0,24.0
4473,23.0,15.0,22.0
4474,26.0,11.0,26.0
4475,24.0,20.0,28.0
4476,31.0,22.0,25.0
4477,35.0,19.0,28.0
4478,33.0,43.0,43.0
4479,41.0,42.0,34.0
4480,39.0,37.0,21.0
4481,38.0,43.0,22.0
4482,27.0,25.0,26.0
4483,24.0,,33.0
4484,15.0,,24.0
4485,9.0,15.0,9.0
4486,,13.0,17.0
4487,,16.0,26.0
4488,6.0,17.0,28.0
4489,4.0,14.0,20.0
4490,4.0,20.0,9.0
4491,9.0,11.0,9.0
4492,9.0,11.0,8.0
4493,11.0,15.0,13.0
4494,8.0,10.0,18.0
4495,11.0,10.0,18.0
4496,13.0,17.0,13.0
4497,14.0,23.0,23.0
4498,16.0,20.0,27.0
4499,17.0,20.0,32.0
4500,23.0,21.0,28.0
4501,27.0,30.0,43.0
4502,35.0,20.0,47.0
4503,48.0,36.0,46.0
4504,48.0,46.0,37.0
4505,31.0,31.0,31.0
4506,26.0,25.0,22.0
4507,19.0,17.0,12.0
4508,7.0,15.0,
4509,6.0,12.0,
4510,3.0,,
4511,,13.0,7.0
4512,,18.0,22.0
4513,4.0,20.0,35.0
4514,11.0,18.0,35.0
4515,11.0,14.0,32.0
4516,13.0,13.0,18.0
4517,14.0,14.0,17.0
4518,13.0,13.0,14.0
4519,14.0,16.0,14.0
4520,17.0,19.0,16.0
4521,19.0,23.0,25.0
4522,28.0,19.0,29.0
4523,33.0,27.0,27.0
4524,29.0,24.0,29.0
4525,40.0,31.0,37.0
4526,37.0,46.0,43.0
4527,45.0,45.0,23.0
4528,44.0,48.0,20.0
4529,27.0,45.0,16.0
4530,22.0,40.0,
4531,16.0,22.0,14.0
4532,16.0,,6.0
4533,9.0,10.0,
4534,,11.0,
4535,4.0,14.0,5.0
4536,10.0,8.0,10.0
4537,9.0,9.0,18.0
4538,9.0,18.0,25.0
4539,11.0,14.0,25.0
4540,15.0,3.0,19.0
4541,17.0,8.0,13.0
4542,18.0,8.0,15.0
4543,17.0,5.0,16.0
4544,20.0,5.0,21.0
4545,25.0,10.0,28.0
4546,26.0,9.0,27.0
4547,29.0,11.0,22.0
4548,33.0,18.0,46.0
4549,40.0,31.0,50.0
4550,47.0,50.0,49.0
4551,35.0,65.0,45.0
4552,34.0,50.0,25.0
4553,29.0,38.0,6.0
4554,19.0,33.0,18.0
4555,18.0,26.0,
4556,9.0,25.0,
4557,5.0,23.0,
4558,3.0,12.0,
4559,,3.0,4.0
4560,,,7.0
4561,8.0,5.0,11.0
4562,7.0,11.0,7.0
4563,10.0,15.0,4.0
4564,14.0,17.0,5.0
4565,8.0,15.0,8.0
4566,11.0,16.0,11.0
4567,9.0,16.0,9.0
4568,12.0,19.0,17.0
4569,16.0,21.0,21.0
4570,20.0,15.0,24.0
4571,23.0,23.0,24.0
4572,33.0,40.0,29.0
4573,44.0,33.0,32.0
4574,47.0,40.0,26.0
4575,33.0,41.0,28.0
4576,27.0,38.0,20.0
4577,14.0,40.0,32.0
4578,10.0,28.0,15.0
4579,3.0,25.0,10.0
4580,,21.0,
4581,,14.0,
4582,2.0,2.0,
4583,,,
4584,,,12.0
4585,,5.0,6.0
4586,,8.0,8.0
4587,2.0,6.0,8.0
4588,8.0,10.0,4.0
4589,9.0,14.0,2.0
4590,7.0,16.0,4.0
4591,11.0,16.0,7.0
4592,13.0,27.0,8.0
4593,13.0,26.0,7.0
4594,25.0,23.0,16.0
4595,26.0,28.0,19.0
4596,41.0,45.0,16.0
4597,,53.0,21.0
4598,,45.0,27.0
4599,28.0,50.0,20.0
4600,22.0,41.0,25.0
4601,18.0,39.0,22.0
4602,13.0,33.0,
4603,4.0,27.0,
4604,3.0,19.0,
4605,3.0,20.0,24.0
4606,2.0,16.0,23.0
4607,,,7.0
4608,,,11.0
4609,7.0,,8.0
4610,,11.0,6.0
4611,4.0,13.0,11.0
4612,10.0,11.0,9.0
4613,12.0,15.0,12.0
4614,14.0,18.0,9.0
4615,14.0,14.0,10.0
4616,16.0,27.0,18.0
4617,23.0,23.0,18.0
4618,25.0,19.0,
4619,26.0,24.0,19.0
4620,,38.0,
4621,42.0,53.0,37.0
4622,,38.0,42.0
4623,36.0,47.0,33.0
4624,24.0,42.0,24.0
4625,18.0,38.0,13.0
4626,5.0,44.0,15.0
4627,18.0,40.0,19.0
4628,19.0,27.0,12.0
4629,7.0,21.0,
4630,2.0,,
4631,,,3.0
4632,5.0,2.0,
4633,6.0,3.0,
4634,5.0,9.0,22.0
4635,4.0,,12.0
4636,10.0,2.0,7.0
4637,13.0,7.0,16.0
4638,14.0,8.0,15.0
4639,14.0,9.0,13.0
4640,21.0,14.0,16.0
4641,24.0,19.0,16.0
4642,30.0,17.0,19.0
4643,32.0,20.0,23.0
4644,36.0,43.0,25.0
4645,41.0,42.0,27.0
4646,46.0,39.0,22.0
4647,46.0,60.0,21.0
4648,35.0,52.0,18.0
4649,22.0,41.0,22.0
4650,11.0,36.0,17.0
4651,18.0,23.0,19.0
4652,13.0,21.0,22.0
4653,3.0,23.0,23.0
4654,,13.0,13.0
4655,,2.0,7.0
4656,6.0,2.0,
4657,9.0,10.0,
4658,15.0,5.0,
4659,11.0,8.0,
4660,11.0,12.0,
4661,12.0,12.0,
4662,10.0,13.0,
4663,16.0,15.0,
4664,13.0,25.0,
4665,18.0,31.0,
4666,19.0,24.0,
4667,22.0,27.0,
4668,29.0,39.0,
4669,28.0,44.0,
4670,32.0,46.0,
4671,39.0,49.0,
4672,28.0,53.0,
4673,20.0,47.0,
4674,15.0,39.0,
4675,11.0,33.0,
4676,14.0,20.0,
4677,2.0,15.0,
4678,,6.0,
4679,,7.0,
4680,4.0,,
4681,7.0,7.0,
4682,,,
4683,5.0,8.0,
4684,10.0,8.0,
4685,11.0,15.0,
4686,13.0,11.0,
4687,12.0,18.0,
4688,19.0,21.0,
4689,19.0,27.0,
4690,20.0,28.0,
4691,17.0,26.0,
4692,30.0,36.0,
4693,28.0,52.0,
4694,15.0,70.0,
4695,23.0,58.0,
4696,22.0,52.0,
4697,24.0,50.0,
4698,23.0,51.0,
4699,7.0,51.0,
4700,3.0,25.0,
4701,,8.0,
4702,,6.0,
4703,,5.0,
4704,7.0,8.0,
4705,12.0,13.0,
4706,14.0,20.0,
4707,23.0,18.0,
4708,21.0,19.0,
4709,18.0,21.0,
4710,16.0,20.0,
4711,21.0,27.0,
4712,24.0,27.0,
4713,29.0,31.0,
4714,32.0,23.0,12.0
4715,32.0,28.0,26.0
4716,,33.0,36.0
4717,40.0,47.0,34.0
4718,42.0,60.0,30.0
4719,37.0,59.0,29.0
4720,45.0,63.0,35.0
4721,41.0,54.0,39.0
4722,44.0,37.0,28.0
4723,36.0,19.0,
4724,30.0,9.0,9.0
4725,28.0,6.0,14.0
4726,27.0,,14.0
4727,30.0,,13.0
4728,28.0,,15.0
4729,26.0,9.0,11.0
4730,27.0,16.0,14.0
4731,33.0,17.0,18.0
4732,31.0,18.0,11.0
4733,29.0,19.0,11.0
4734,28.0,19.0,15.0
4735,28.0,21.0,12.0
4736,,21.0,19.0
4737,,,23.0
4738,36.0,18.0,23.0
4739,36.0,25.0,40.0
4740,37.0,32.0,43.0
4741,46.0,45.0,48.0
4742,52.0,52.0,42.0
4743,53.0,51.0,36.0
4744,57.0,44.0,32.0
4745,51.0,37.0,27.0
4746,37.0,19.0,29.0
4747,31.0,20.0,17.0
4748,24.0,13.0,15.0
4749,20.0,,15.0
4750,20.0,,19.0
4751,12.0,2.0,19.0
4752,24.0,4.0,21.0
4753,23.0,7.0,6.0
4754,32.0,6.0,
4755,28.0,18.0,7.0
4756,26.0,9.0,10.0
4757,27.0,20.0,10.0
4758,27.0,19.0,8.0
4759,30.0,25.0,10.0
4760,32.0,23.0,15.0
4761,32.0,30.0,14.0
4762,38.0,26.0,16.0
4763,40.0,30.0,15.0
4764,42.0,38.0,13.0
4765,41.0,50.0,25.0
4766,41.0,41.0,36.0
4767,46.0,50.0,33.0
4768,40.0,57.0,32.0
4769,35.0,48.0,36.0
4770,25.0,31.0,14.0
4771,24.0,20.0,15.0
4772,16.0,17.0,31.0
4773,13.0,4.0,37.0
4774,5.0,9.0,37.0
4775,,5.0,35.0
4776,11.0,7.0,37.0
4777,11.0,9.0,33.0
4778,21.0,,21.0
4779,18.0,11.0,2.0
4780,8.0,15.0,4.0
4781,16.0,22.0,3.0
4782,17.0,28.0,
4783,19.0,27.0,6.0
4784,15.0,29.0,8.0
4785,23.0,31.0,12.0
4786,27.0,24.0,18.0
4787,30.0,31.0,
4788,32.0,41.0,32.0
4789,40.0,53.0,35.0
4790,49.0,58.0,25.0
4791,41.0,55.0,25.0
4792,27.0,55.0,28.0
4793,34.0,54.0,30.0
4794,18.0,36.0,33.0
4795,24.0,24.0,26.0
4796,18.0,7.0,14.0
4797,20.0,5.0,7.0
4798,13.0,2.0,8.0
4799,9.0,2.0,14.0
4800,8.0,6.0,14.0
4801,12.0,8.0,11.0
4802,6.0,4.0,16.0
4803,15.0,7.0,21.0
4804,19.0,14.0,10.0
4805,18.0,12.0,4.0
4806,18.0,19.0,11.0
4807,24.0,14.0,8.0
4808,22.0,16.0,7.0
4809,26.0,25.0,17.0
4810,35.0,15.0,29.0
4811,32.0,22.0,35.0
4812,44.0,35.0,27.0
4813,44.0,41.0,36.0
4814,55.0,,41.0
4815,43.0,,34.0
4816,36.0,,35.0
4817,27.0,75.0,25.0
4818,29.0,55.0,33.0
4819,25.0,37.0,20.0
4820,21.0,24.0,15.0
4821,20.0,11.0,17.0
4822,28.0,,20.0
4823,14.0,,23.0
4824,18.0,,35.0
4825,9.0,2.0,34.0
4826,10.0,3.0,19.0
4827,10.0,7.0,13.0
4828,18.0,6.0,17.0
4829,21.0,8.0,13.0
4830,22.0,13.0,11.0
4831,23.0,15.0,16.0
4832,25.0,19.0,15.0
4833,28.0,27.0,22.0
4834,29.0,31.0,25.0
4835,39.0,32.0,48.0
4836,42.0,33.0,50.0
4837,45.0,33.0,45.0
4838,41.0,41.0,43.0
4839,54.0,49.0,37.0
4840,47.0,59.0,41.0
4841,34.0,73.0,32.0
4842,33.0,49.0,28.0
4843,29.0,33.0,15.0
4844,20.0,12.0,3.0
4845,18.0,,
4846,10.0,,
4847,5.0,,4.0
4848,7.0,,6.0
4849,13.0,3.0,6.0
4850,19.0,,
4851,22.0,2.0,5.0
4852,19.0,4.0,5.0
4853,19.0,4.0,
4854,,5.0,5.0
4855,20.0,8.0,7.0
4856,21.0,22.0,10.0
4857,20.0,24.0,14.0
4858,22.0,32.0,21.0
4859,25.0,34.0,33.0
4860,35.0,23.0,28.0
4861,50.0,43.0,22.0
4862,47.0,51.0,26.0
4863,64.0,53.0,22.0
4864,47.0,48.0,10.0
4865,30.0,,29.0
4866,27.0,7.0,31.0
4867,22.0,18.0,21.0
4868,15.0,25.0,17.0
4869,16.0,6.0,
4870,12.0,,
4871,10.0,,
4872,6.0,,
4873,2.0,4.0,2.0
4874,2.0,3.0,
4875,7.0,8.0,
4876,12.0,8.0,
4877,12.0,,3.0
4878,10.0,10.0,4.0
4879,13.0,10.0,7.0
4880,16.0,11.0,10.0
4881,23.0,17.0,12.0
4882,31.0,26.0,18.0
4883,29.0,25.0,20.0
4884,38.0,34.0,39.0
4885,40.0,47.0,43.0
4886,43.0,40.0,24.0
4887,50.0,,19.0
4888,53.0,41.0,23.0
4889,36.0,27.0,25.0
4890,21.0,,20.0
4891,11.0,28.0,24.0
4892,6.0,9.0,21.0
4893,15.0,,13.0
4894,10.0,,7.0
4895,2.0,,7.0
4896,2.0,,14.0
4897,6.0,4.0,14.0
4898,14.0,,5.0
4899,11.0,4.0,
4900,13.0,6.0,
4901,12.0,7.0,6.0
4902,14.0,6.0,5.0
4903,9.0,12.0,9.0
4904,9.0,10.0,10.0
4905,13.0,19.0,12.0
4906,18.0,25.0,20.0
4907,21.0,25.0,25.0
4908,34.0,22.0,30.0
4909,31.0,25.0,37.0
4910,29.0,30.0,42.0
4911,37.0,37.0,35.0
4912,38.0,32.0,44.0
4913,30.0,24.0,43.0
4914,16.0,,27.0
4915,6.0,,9.0
4916,,,5.0
4917,,,2.0
4918,,,4.0
4919,,4.0,
4920,3.0,4.0,
4921,8.0,4.0,2.0
4922,9.0,8.0,
4923,10.0,4.0,5.0
4924,6.0,4.0,5.0
4925,11.0,3.0,
4926,7.0,7.0,2.0
4927,10.0,7.0,3.0
4928,11.0,12.0,6.0
4929,11.0,16.0,11.0
4930,12.0,18.0,16.0
4931,18.0,22.0,
4932,13.0,21.0,
4933,22.0,20.0,22.0
4934,25.0,37.0,15.0
4935,25.0,44.0,11.0
4936,27.0,40.0,
4937,18.0,38.0,
4938,20.0,26.0,
4939,19.0,16.0,12.0
4940,4.0,8.0,12.0
4941,6.0,5.0,16.0
4942,3.0,,14.0
4943,4.0,3.0,10.0
4944,14.0,4.0,
4945,10.0,10.0,
4946,5.0,,
4947,8.0,2.0,
4948,12.0,6.0,
4949,12.0,6.0,7.0
4950,9.0,12.0,6.0
4951,12.0,13.0,6.0
4952,11.0,14.0,3.0
4953,13.0,25.0,7.0
4954,13.0,23.0,16.0
4955,18.0,26.0,18.0
4956,19.0,17.0,21.0
4957,30.0,23.0,16.0
4958,32.0,34.0,18.0
4959,38.0,39.0,18.0
4960,35.0,46.0,19.0
4961,27.0,58.0,30.0
4962,10.0,48.0,20.0
4963,13.0,35.0,31.0
4964,10.0,18.0,29.0
4965,,11.0,32.0
4966,,7.0,22.0
4967,4.0,,21.0
4968,4.0,20.0,24.0
4969,4.0,24.0,16.0
4970,10.0,27.0,17.0
4971,22.0,28.0,19.0
4972,19.0,26.0,8.0
4973,12.0,21.0,11.0
4974,7.0,27.0,9.0
4975,9.0,33.0,9.0
4976,11.0,35.0,7.0
4977,10.0,37.0,13.0
4978,14.0,32.0,17.0
4979,16.0,37.0,29.0
4980,30.0,41.0,25.0
4981,31.0,43.0,17.0
4982,28.0,52.0,21.0
4983,38.0,58.0,30.0
4984,35.0,61.0,32.0
4985,25.0,60.0,26.0
4986,12.0,47.0,20.0
4987,6.0,31.0,34.0
4988,8.0,21.0,35.0
4989,7.0,11.0,21.0
4990,5.0,,7.0
4991,9.0,,11.0
4992,6.0,,16.0
4993,10.0,,16.0
4994,14.0,5.0,3.0
4995,18.0,2.0,9.0
4996,10.0,8.0,15.0
4997,11.0,12.0,13.0
4998,14.0,11.0,11.0
4999,13.0,11.0,17.0
5000,14.0,17.0,10.0
5001,14.0,19.0,10.0
5002,22.0,27.0,16.0
5003,18.0,19.0,24.0
5004,27.0,20.0,36.0
5005,31.0,21.0,35.0
5006,25.0,30.0,31.0
5007,39.0,46.0,28.0
5008,38.0,44.0,24.0
5009,28.0,28.0,15.0
5010,8.0,20.0,24.0
5011,,17.0,26.0
5012,21.0,,10.0
5013,15.0,,16.0
5014,3.0,,22.0
5015,,13.0,12.0
5016,7.0,16.0,13.0
5017,17.0,9.0,8.0
5018,18.0,12.0,10.0
5019,14.0,12.0,7.0
5020,6.0,8.0,5.0
5021,7.0,8.0,4.0
5022,6.0,,5.0
5023,8.0,10.0,6.0
5024,11.0,18.0,9.0
5025,10.0,23.0,12.0
5026,15.0,25.0,15.0
5027,18.0,20.0,17.0
5028,32.0,28.0,25.0
5029,30.0,23.0,24.0
5030,34.0,24.0,30.0
5031,45.0,39.0,30.0
5032,35.0,43.0,29.0
5033,32.0,41.0,21.0
5034,22.0,24.0,10.0
5035,21.0,17.0,17.0
5036,12.0,11.0,7.0
5037,7.0,4.0,4.0
5038,,,9.0
5039,15.0,3.0,6.0
5040,6.0,9.0,9.0
5041,4.0,16.0,10.0
5042,14.0,17.0,4.0
5043,13.0,17.0,
5044,12.0,14.0,10.0
5045,11.0,17.0,8.0
5046,11.0,12.0,19.0
5047,16.0,20.0,15.0
5048,14.0,13.0,13.0
5049,20.0,16.0,13.0
5050,20.0,25.0,22.0
5051,17.0,23.0,24.0
5052,26.0,27.0,28.0
5053,31.0,31.0,38.0
5054,41.0,42.0,36.0
5055,52.0,51.0,25.0
5056,56.0,44.0,18.0
5057,44.0,28.0,28.0
5058,25.0,15.0,32.0
5059,20.0,3.0,25.0
5060,19.0,,8.0
5061,5.0,,8.0
5062,2.0,,13.0
5063,6.0,,12.0
5064,5.0,,6.0
5065,12.0,7.0,5.0
5066,15.0,,15.0
5067,16.0,3.0,12.0
5068,12.0,7.0,9.0
5069,14.0,3.0,
5070,12.0,8.0,3.0
5071,13.0,6.0,5.0
5072,11.0,7.0,7.0
5073,12.0,12.0,12.0
5074,18.0,12.0,20.0
5075,23.0,16.0,20.0
5076,26.0,26.0,21.0
5077,27.0,35.0,37.0
5078,30.0,35.0,39.0
5079,23.0,30.0,30.0
5080,23.0,39.0,31.0
5081,24.0,21.0,29.0
5082,14.0,19.0,25.0
5083,4.0,9.0,20.0
5084,,4.0,15.0
5085,,,13.0
5086,,,8.0
5087,3.0,,12.0
5088,4.0,,19.0
5089,,,23.0
5090,6.0,,31.0
5091,3.0,7.0,35.0
5092,2.0,9.0,32.0
5093,,6.0,30.0
5094,6.0,6.0,26.0
5095,8.0,12.0,30.0
5096,11.0,12.0,31.0
5097,11.0,15.0,35.0
5098,16.0,29.0,40.0
5099,17.0,23.0,48.0
5100,17.0,21.0,45.0
5101,32.0,33.0,49.0
5102,33.0,37.0,48.0
5103,29.0,45.0,46.0
5104,32.0,39.0,45.0
5105,25.0,29.0,67.0
5106,4.0,21.0,56.0
5107,9.0,14.0,42.0
5108,2.0,2.0,30.0
5109,,,8.0
5110,4.0,,10.0
5111,3.0,,30.0
5112,,,29.0
5113,13.0,,32.0
5114,11.0,,35.0
5115,17.0,,24.0
5116,6.0,9.0,20.0
5117,5.0,6.0,20.0
5118,4.0,7.0,22.0
5119,10.0,5.0,22.0
5120,13.0,11.0,30.0
5121,15.0,7.0,26.0
5122,21.0,13.0,36.0
5123,22.0,18.0,43.0
5124,30.0,22.0,54.0
5125,38.0,33.0,51.0
5126,30.0,40.0,59.0
5127,43.0,38.0,56.0
5128,44.0,41.0,52.0
5129,36.0,36.0,57.0
5130,21.0,23.0,62.0
5131,18.0,16.0,46.0
5132,26.0,5.0,32.0
5133,12.0,,16.0
5134,3.0,,21.0
5135,13.0,,24.0
5136,21.0,,27.0
5137,15.0,3.0,24.0
5138,,8.0,22.0
5139,12.0,7.0,9.0
5140,15.0,8.0,11.0
5141,17.0,5.0,9.0
5142,15.0,3.0,11.0
5143,16.0,5.0,17.0
5144,15.0,3.0,16.0
5145,17.0,14.0,23.0
5146,24.0,17.0,27.0
5147,25.0,26.0,39.0
5148,38.0,25.0,42.0
5149,41.0,20.0,58.0
5150,55.0,20.0,
5151,52.0,26.0,
5152,53.0,28.0,60.0
5153,36.0,32.0,32.0
5154,22.0,33.0,35.0
5155,16.0,20.0,18.0
5156,6.0,12.0,18.0
5157,4.0,,
5158,6.0,,
5159,,,2.0
5160,4.0,,13.0
5161,3.0,2.0,15.0
5162,2.0,,18.0
5163,17.0,8.0,13.0
5164,22.0,6.0,12.0
5165,22.0,11.0,15.0
5166,23.0,15.0,11.0
5167,21.0,12.0,5.0
5168,26.0,14.0,6.0
5169,22.0,19.0,17.0
5170,27.0,21.0,34.0
5171,32.0,23.0,47.0
5172,39.0,37.0,40.0
5173,44.0,44.0,36.0
5174,40.0,48.0,35.0
5175,47.0,43.0,37.0
5176,53.0,48.0,48.0
5177,33.0,32.0,35.0
5178,27.0,34.0,26.0
5179,26.0,21.0,11.0
5180,19.0,7.0,
5181,19.0,,
5182,18.0,,
5183,11.0,,8.0
5184,20.0,4.0,20.0
5185,22.0,4.0,17.0
5186,22.0,17.0,17.0
5187,20.0,19.0,13.0
5188,19.0,12.0,9.0
5189,26.0,17.0,13.0
5190,27.0,16.0,11.0
5191,24.0,17.0,13.0
5192,24.0,20.0,18.0
5193,29.0,25.0,25.0
5194,25.0,21.0,48.0
5195,33.0,29.0,48.0
5196,37.0,29.0,44.0
5197,47.0,35.0,41.0
5198,51.0,56.0,42.0
5199,55.0,55.0,40.0
5200,51.0,62.0,
5201,44.0,56.0,38.0
5202,36.0,43.0,29.0
5203,25.0,25.0,
5204,17.0,8.0,
5205,18.0,,
5206,9.0,,
5207,15.0,,
5208,24.0,,12.0
5209,24.0,8.0,9.0
5210,32.0,8.0,5.0
5211,24.0,11.0,2.0
5212,21.0,15.0,2.0
5213,22.0,17.0,7.0
5214,23.0,7.0,9.0
5215,21.0,11.0,6.0
5216,20.0,12.0,11.0
5217,28.0,22.0,20.0
5218,34.0,14.0,38.0
5219,36.0,15.0,34.0
5220,42.0,25.0,35.0
5221,51.0,38.0,37.0
5222,50.0,39.0,
5223,54.0,,
5224,48.0,44.0,
5225,43.0,33.0,
5226,31.0,29.0,
5227,4.0,13.0,30.0
5228,12.0,8.0,23.0
5229,9.0,,2.0
5230,,,
5231,8.0,,
5232,18.0,,
5233,17.0,4.0,2.0
5234,6.0,6.0,8.0
5235,9.0,11.0,8.0
5236,9.0,22.0,4.0
5237,14.0,23.0,4.0
5238,11.0,20.0,9.0
5239,15.0,18.0,7.0
5240,15.0,16.0,4.0
5241,17.0,19.0,17.0
5242,23.0,17.0,24.0
5243,22.0,21.0,31.0
5244,23.0,32.0,45.0
5245,26.0,39.0,29.0
5246,32.0,47.0,39.0
5247,36.0,55.0,43.0
5248,43.0,49.0,46.0
5249,32.0,30.0,41.0
5250,19.0,35.0,36.0
5251,14.0,27.0,25.0
5252,8.0,17.0,12.0
5253,2.0,4.0,2.0
5254,,,
5255,7.0,,
5256,2.0,,7.0
5257,5.0,,5.0
5258,19.0,2.0,7.0
5259,16.0,16.0,4.0
5260,7.0,7.0,
5261,12.0,10.0,2.0
5262,8.0,6.0,8.0
5263,14.0,10.0,
5264,17.0,15.0,4.0
5265,18.0,15.0,12.0
5266,15.0,18.0,36.0
5267,16.0,22.0,40.0
5268,24.0,32.0,33.0
5269,34.0,46.0,
5270,31.0,46.0,
5271,26.0,44.0,
5272,31.0,50.0,38.0
5273,28.0,40.0,29.0
5274,23.0,24.0,28.0
5275,15.0,22.0,4.0
5276,12.0,10.0,2.0
5277,,,
5278,,,
5279,4.0,,
5280,8.0,,5.0
5281,14.0,,10.0
5282,21.0,8.0,16.0
5283,19.0,4.0,15.0
5284,9.0,12.0,12.0
5285,9.0,9.0,11.0
5286,10.0,,8.0
5287,14.0,4.0,15.0
5288,13.0,15.0,18.0
5289,21.0,22.0,35.0
5290,19.0,24.0,43.0
5291,17.0,22.0,46.0
5292,24.0,43.0,54.0
5293,29.0,52.0,96.0
5294,30.0,93.0,74.0
5295,33.0,89.0,
5296,31.0,,46.0
5297,23.0,48.0,44.0
5298,12.0,,17.0
5299,10.0,,
5300,11.0,,
5301,,50.0,
5302,,9.0,
5303,,,
5304,6.0,,
5305,6.0,2.0,
5306,,26.0,18.0
5307,8.0,6.0,22.0
5308,9.0,,6.0
5309,11.0,6.0,5.0
5310,11.0,11.0,11.0
5311,13.0,12.0,12.0
5312,16.0,14.0,15.0
5313,15.0,16.0,17.0
5314,21.0,25.0,19.0
5315,16.0,30.0,17.0
5316,13.0,51.0,30.0
5317,42.0,45.0,35.0
5318,28.0,47.0,36.0
5319,30.0,45.0,37.0
5320,32.0,43.0,43.0
5321,27.0,39.0,44.0
5322,13.0,29.0,19.0
5323,8.0,28.0,17.0
5324,2.0,19.0,29.0
5325,,9.0,17.0
5326,,,2.0
5327,,,10.0
5328,3.0,,17.0
5329,7.0,3.0,14.0
5330,10.0,,26.0
5331,14.0,5.0,9.0
5332,7.0,11.0,17.0
5333,8.0,22.0,15.0
5334,10.0,17.0,13.0
5335,14.0,22.0,13.0
5336,8.0,31.0,16.0
5337,13.0,29.0,19.0
5338,18.0,31.0,30.0
5339,21.0,33.0,35.0
5340,24.0,41.0,48.0
5341,40.0,70.0,33.0
5342,43.0,61.0,35.0
5343,32.0,54.0,47.0
5344,23.0,58.0,45.0
5345,6.0,46.0,34.0
5346,6.0,34.0,27.0
5347,12.0,33.0,21.0
5348,,22.0,12.0
5349,,8.0,
5350,7.0,,
5351,,,
5352,,,2.0
5353,,4.0,6.0
5354,,2.0,
5355,,8.0,
5356,,11.0,3.0
5357,5.0,15.0,7.0
5358,7.0,20.0,
5359,7.0,24.0,3.0
5360,11.0,30.0,4.0
5361,12.0,32.0,9.0
5362,14.0,31.0,
5363,24.0,47.0,
5364,26.0,59.0,14.0
5365,29.0,61.0,20.0
5366,37.0,54.0,23.0
5367,9.0,50.0,38.0
5368,5.0,49.0,
5369,10.0,36.0,
5370,12.0,36.0,16.0
5371,,27.0,
5372,,18.0,
5373,,9.0,
5374,18.0,,
5375,24.0,,
5376,18.0,,10.0
5377,12.0,,9.0
5378,13.0,,8.0
5379,18.0,,6.0
5380,14.0,5.0,
5381,18.0,7.0,
5382,19.0,8.0,2.0
5383,21.0,11.0,
5384,21.0,10.0,7.0
5385,16.0,17.0,15.0
5386,13.0,18.0,23.0
5387,13.0,20.0,21.0
5388,16.0,33.0,29.0
5389,14.0,46.0,25.0
5390,21.0,51.0,24.0
5391,21.0,53.0,48.0
5392,14.0,44.0,49.0
5393,23.0,42.0,33.0
5394,14.0,21.0,29.0
5395,2.0,2.0,17.0
5396,,3.0,13.0
5397,,,
5398,8.0,,
5399,12.0,,
5400,11.0,,
5401,16.0,,
5402,11.0,,
5403,15.0,,
5404,15.0,4.0,
5405,,11.0,
5406,21.0,13.0,
5407,18.0,8.0,6.0
5408,14.0,11.0,2.0
5409,12.0,15.0,14.0
5410,9.0,12.0,17.0
5411,10.0,22.0,23.0
5412,11.0,33.0,37.0
5413,9.0,,29.0
5414,12.0,35.0,32.0
5415,21.0,36.0,40.0
5416,22.0,31.0,41.0
5417,23.0,28.0,40.0
5418,17.0,24.0,41.0
5419,,16.0,
5420,,,
5421,,3.0,
5422,8.0,2.0,
5423,13.0,,
5424,5.0,,
5425,13.0,,
5426,16.0,6.0,
5427,18.0,7.0,
5428,14.0,2.0,2.0
5429,12.0,5.0,
5430,11.0,8.0,8.0
5431,12.0,9.0,6.0
5432,11.0,10.0,5.0
5433,14.0,14.0,7.0
5434,13.0,17.0,12.0
5435,22.0,17.0,21.0
5436,20.0,40.0,19.0
5437,24.0,47.0,25.0
5438,31.0,43.0,35.0
5439,39.0,33.0,45.0
5440,40.0,34.0,56.0
5441,34.0,9.0,47.0
5442,25.0,17.0,36.0
5443,5.0,13.0,14.0
5444,,11.0,
5445,4.0,2.0,
5446,9.0,6.0,
5447,11.0,2.0,
5448,15.0,5.0,
5449,14.0,,9.0
5450,12.0,5.0,14.0
5451,11.0,4.0,16.0
5452,17.0,10.0,9.0
5453,17.0,18.0,9.0
5454,24.0,12.0,8.0
5455,23.0,22.0,7.0
5456,20.0,22.0,8.0
5457,23.0,25.0,12.0
5458,26.0,37.0,26.0
5459,29.0,51.0,31.0
5460,31.0,60.0,28.0
5461,38.0,54.0,28.0
5462,43.0,35.0,34.0
5463,34.0,30.0,62.0
5464,36.0,29.0,58.0
5465,36.0,25.0,69.0
5466,26.0,13.0,39.0
5467,24.0,14.0,20.0
5468,12.0,7.0,10.0
5469,13.0,,
5470,6.0,,
5471,,,
5472,2.0,,
5473,9.0,10.0,
5474,7.0,,10.0
5475,7.0,3.0,10.0
5476,6.0,14.0,5.0
5477,9.0,15.0,2.0
5478,9.0,17.0,3.0
5479,,21.0,9.0
5480,17.0,22.0,6.0
5481,16.0,29.0,8.0
5482,16.0,35.0,24.0
5483,23.0,53.0,21.0
5484,24.0,60.0,25.0
5485,28.0,55.0,30.0
5486,35.0,50.0,24.0
5487,40.0,39.0,
5488,44.0,30.0,
5489,33.0,33.0,36.0
5490,19.0,26.0,12.0
5491,13.0,16.0,8.0
5492,11.0,3.0,3.0
5493,7.0,,2.0
5494,,,
5495,14.0,,
5496,14.0,,
5497,4.0,,
5498,,,2.0
5499,,,4.0
5500,8.0,,5.0
5501,8.0,,4.0
5502,,,4.0
5503,11.0,4.0,7.0
5504,12.0,9.0,8.0
5505,15.0,11.0,9.0
5506,15.0,21.0,15.0
5507,29.0,33.0,30.0
5508,41.0,31.0,34.0
5509,44.0,37.0,40.0
5510,34.0,45.0,39.0
5511,33.0,44.0,46.0
5512,24.0,25.0,54.0
5513,22.0,11.0,50.0
5514,18.0,11.0,37.0
5515,12.0,,18.0
5516,10.0,,5.0
5517,4.0,,
5518,,,
5519,5.0,,
5520,12.0,,
5521,10.0,,
5522,12.0,,3.0
5523,12.0,7.0,
5524,17.0,7.0,
5525,14.0,15.0,
5526,15.0,13.0,
5527,19.0,20.0,5.0
5528,21.0,18.0,8.0
5529,16.0,21.0,7.0
5530,20.0,22.0,14.0
5531,23.0,27.0,24.0
5532,26.0,46.0,
5533,41.0,53.0,
5534,43.0,45.0,34.0
5535,43.0,45.0,
5536,38.0,53.0,
5537,27.0,48.0,
5538,19.0,40.0,23.0
5539,13.0,37.0,4.0
5540,7.0,26.0,
5541,6.0,14.0,
5542,5.0,7.0,
5543,3.0,17.0,
5544,,17.0,2.0
5545,13.0,23.0,2.0
5546,12.0,27.0,
5547,12.0,30.0,
5548,13.0,29.0,
5549,9.0,22.0,
5550,13.0,28.0,
5551,8.0,24.0,2.0
5552,10.0,27.0,5.0
5553,10.0,31.0,7.0
5554,14.0,32.0,20.0
5555,16.0,37.0,25.0
5556,30.0,50.0,20.0
5557,39.0,55.0,19.0
5558,36.0,54.0,27.0
5559,31.0,52.0,26.0
5560,28.0,39.0,20.0
5561,17.0,38.0,26.0
5562,15.0,31.0,10.0
5563,10.0,24.0,
5564,3.0,24.0,
5565,,,
5566,,,
5567,5.0,17.0,3.0
5568,,15.0,10.0
5569,,10.0,9.0
5570,8.0,14.0,4.0
5571,,9.0,5.0
5572,,9.0,7.0
5573,4.0,16.0,7.0
5574,3.0,17.0,4.0
5575,5.0,12.0,7.0
5576,8.0,16.0,5.0
5577,10.0,22.0,16.0
5578,15.0,19.0,23.0
5579,21.0,32.0,
5580,20.0,52.0,27.0
5581,,41.0,22.0
5582,27.0,27.0,24.0
5583,37.0,30.0,
5584,25.0,30.0,43.0
5585,31.0,20.0,42.0
5586,15.0,10.0,32.0
5587,5.0,6.0,19.0
5588,10.0,11.0,5.0
5589,10.0,,
5590,9.0,3.0,
5591,4.0,,
5592,8.0,4.0,
5593,9.0,2.0,
5594,5.0,8.0,29.0
5595,5.0,9.0,21.0
5596,6.0,8.0,11.0
5597,10.0,9.0,11.0
5598,13.0,15.0,7.0
5599,16.0,8.0,7.0
5600,18.0,21.0,8.0
5601,13.0,19.0,17.0
5602,11.0,24.0,28.0
5603,26.0,21.0,35.0
5604,33.0,23.0,40.0
5605,36.0,10.0,40.0
5606,33.0,37.0,58.0
5607,36.0,40.0,
5608,35.0,,
5609,30.0,,66.0
5610,22.0,,38.0
5611,18.0,5.0,11.0
5612,14.0,8.0,
5613,12.0,,
5614,,2.0,
5615,6.0,6.0,
5616,11.0,6.0,
5617,6.0,7.0,
5618,3.0,12.0,12.0
5619,,16.0,11.0
5620,2.0,10.0,12.0
5621,4.0,10.0,7.0
5622,8.0,6.0,9.0
5623,9.0,11.0,4.0
5624,7.0,11.0,9.0
5625,7.0,,14.0
5626,10.0,16.0,27.0
5627,19.0,17.0,33.0
5628,19.0,32.0,28.0
5629,24.0,31.0,34.0
5630,19.0,15.0,52.0
5631,28.0,31.0,63.0
5632,28.0,15.0,58.0
5633,18.0,14.0,49.0
5634,13.0,23.0,31.0
5635,14.0,15.0,28.0
5636,17.0,,4.0
5637,4.0,,
5638,,,
5639,4.0,9.0,
5640,10.0,11.0,
5641,10.0,6.0,14.0
5642,8.0,10.0,19.0
5643,4.0,12.0,10.0
5644,5.0,8.0,5.0
5645,5.0,9.0,7.0
5646,8.0,8.0,
5647,12.0,11.0,4.0
5648,9.0,12.0,2.0
5649,14.0,17.0,11.0
5650,13.0,16.0,25.0
5651,15.0,19.0,28.0
5652,21.0,41.0,27.0
5653,26.0,52.0,25.0
5654,29.0,38.0,19.0
5655,49.0,44.0,33.0
5656,26.0,45.0,
5657,17.0,31.0,43.0
5658,21.0,28.0,33.0
5659,6.0,19.0,21.0
5660,,7.0,2.0
5661,4.0,,
5662,6.0,8.0,
5663,6.0,12.0,
5664,,17.0,
5665,7.0,21.0,22.0
5666,,20.0,3.0
5667,,14.0,
5668,9.0,16.0,
5669,7.0,15.0,4.0
5670,13.0,12.0,2.0
5671,13.0,17.0,7.0
5672,12.0,16.0,9.0
5673,14.0,20.0,11.0
5674,14.0,29.0,24.0
5675,19.0,32.0,37.0
5676,31.0,47.0,45.0
5677,34.0,44.0,39.0
5678,30.0,37.0,34.0
5679,18.0,33.0,36.0
5680,8.0,34.0,
5681,12.0,24.0,
5682,21.0,21.0,30.0
5683,20.0,16.0,18.0
5684,8.0,6.0,
5685,,,
5686,,,
5687,,4.0,
5688,11.0,8.0,5.0
5689,8.0,13.0,3.0
5690,10.0,4.0,2.0
5691,9.0,7.0,
5692,7.0,5.0,3.0
5693,11.0,11.0,6.0
5694,5.0,6.0,2.0
5695,11.0,8.0,6.0
5696,10.0,9.0,12.0
5697,8.0,12.0,16.0
5698,8.0,27.0,22.0
5699,10.0,35.0,22.0
5700,12.0,32.0,28.0
5701,12.0,28.0,37.0
5702,17.0,33.0,33.0
5703,,41.0,39.0
5704,47.0,25.0,43.0
5705,27.0,12.0,26.0
5706,7.0,9.0,18.0
5707,,5.0,14.0
5708,,5.0,15.0
5709,14.0,,
5710,18.0,,
5711,14.0,6.0,
5712,13.0,6.0,13.0
5713,14.0,13.0,13.0
5714,15.0,11.0,17.0
5715,20.0,10.0,6.0
5716,14.0,7.0,
5717,14.0,9.0,2.0
5718,11.0,11.0,
5719,15.0,8.0,9.0
5720,17.0,12.0,12.0
5721,14.0,17.0,16.0
5722,18.0,29.0,33.0
5723,19.0,25.0,40.0
5724,22.0,22.0,27.0
5725,22.0,21.0,26.0
5726,25.0,33.0,30.0
5727,31.0,32.0,35.0
5728,37.0,32.0,37.0
5729,39.0,27.0,42.0
5730,38.0,8.0,32.0
5731,13.0,,2.0
5732,11.0,,
5733,20.0,,
5734,15.0,,
5735,7.0,,
5736,,,10.0
5737,,2.0,7.0
5738,,,4.0
5739,,8.0,5.0
5740,,10.0,7.0
5741,3.0,14.0,8.0
5742,2.0,5.0,6.0
5743,,10.0,2.0
5744,4.0,13.0,8.0
5745,11.0,17.0,10.0
5746,13.0,25.0,26.0
5747,19.0,35.0,23.0
5748,28.0,45.0,33.0
5749,28.0,27.0,31.0
5750,25.0,47.0,32.0
5751,18.0,35.0,41.0
5752,15.0,28.0,2.0
5753,17.0,25.0,
5754,14.0,15.0,
5755,13.0,5.0,
5756,2.0,,
5757,,,37.0
5758,,,
5759,4.0,,
5760,6.0,2.0,
5761,8.0,11.0,
5762,,2.0,
5763,2.0,,
5764,3.0,,4.0
5765,8.0,,6.0
5766,12.0,11.0,10.0
5767,15.0,22.0,16.0
5768,21.0,26.0,6.0
5769,20.0,25.0,9.0
5770,17.0,29.0,15.0
5771,23.0,22.0,27.0
5772,25.0,26.0,22.0
5773,31.0,38.0,18.0
5774,41.0,30.0,21.0
5775,39.0,30.0,24.0
5776,28.0,23.0,27.0
5777,23.0,5.0,45.0
5778,19.0,9.0,44.0
5779,13.0,3.0,23.0
5780,13.0,,5.0
5781,10.0,4.0,
5782,5.0,12.0,
5783,6.0,12.0,
5784,10.0,14.0,3.0
5785,12.0,14.0,5.0
5786,16.0,26.0,2.0
5787,19.0,27.0,
5788,17.0,17.0,7.0
5789,16.0,11.0,5.0
5790,15.0,17.0,2.0
5791,25.0,20.0,13.0
5792,18.0,38.0,22.0
5793,19.0,48.0,16.0
5794,22.0,61.0,14.0
5795,29.0,50.0,9.0
5796,37.0,42.0,
5797,43.0,30.0,13.0
5798,46.0,31.0,18.0
5799,48.0,28.0,
5800,39.0,25.0,25.0
5801,27.0,19.0,27.0
5802,25.0,14.0,30.0
5803,22.0,,23.0
5804,17.0,,7.0
5805,5.0,,2.0
5806,,,11.0
5807,,,15.0
5808,,,10.0
5809,6.0,,5.0
5810,9.0,,18.0
5811,2.0,,
5812,7.0,6.0,
5813,3.0,,
5814,6.0,4.0,
5815,11.0,8.0,
5816,14.0,22.0,20.0
5817,12.0,26.0,22.0
5818,18.0,46.0,46.0
5819,13.0,56.0,
5820,19.0,61.0,
5821,21.0,62.0,
5822,29.0,54.0,
5823,31.0,33.0,
5824,27.0,30.0,
5825,24.0,32.0,
5826,24.0,19.0,5.0
5827,20.0,10.0,
5828,18.0,,
5829,6.0,,
5830,,,
5831,,,
5832,,,2.0
5833,,,16.0
5834,,,8.0
5835,3.0,18.0,6.0
5836,10.0,21.0,10.0
5837,12.0,18.0,9.0
5838,2.0,10.0,6.0
5839,10.0,13.0,14.0
5840,16.0,16.0,10.0
5841,13.0,18.0,13.0
5842,13.0,34.0,18.0
5843,16.0,36.0,22.0
5844,25.0,44.0,15.0
5845,26.0,46.0,12.0
5846,29.0,47.0,
5847,40.0,35.0,28.0
5848,31.0,32.0,
5849,25.0,24.0,
5850,20.0,18.0,3.0
5851,19.0,9.0,11.0
5852,14.0,,11.0
5853,4.0,4.0,21.0
5854,,,16.0
5855,,,33.0
5856,,,23.0
5857,2.0,12.0,
5858,,10.0,11.0
5859,2.0,8.0,
5860,6.0,10.0,
5861,5.0,11.0,
5862,8.0,6.0,
5863,11.0,17.0,
5864,14.0,15.0,7.0
5865,10.0,14.0,12.0
5866,18.0,28.0,
5867,20.0,41.0,
5868,33.0,38.0,14.0
5869,39.0,50.0,15.0
5870,40.0,30.0,
5871,36.0,31.0,
5872,34.0,33.0,
5873,28.0,28.0,
5874,15.0,17.0,6.0
5875,6.0,7.0,16.0
5876,3.0,,12.0
5877,2.0,,8.0
5878,,,6.0
5879,,,13.0
5880,,4.0,14.0
5881,3.0,,14.0
5882,11.0,15.0,7.0
5883,12.0,12.0,4.0
5884,10.0,12.0,5.0
5885,9.0,6.0,
5886,9.0,14.0,3.0
5887,6.0,11.0,5.0
5888,11.0,16.0,7.0
5889,11.0,17.0,8.0
5890,16.0,19.0,6.0
5891,14.0,27.0,10.0
5892,26.0,35.0,16.0
5893,33.0,40.0,16.0
5894,32.0,46.0,
5895,26.0,45.0,
5896,24.0,54.0,
5897,18.0,46.0,
5898,15.0,34.0,
5899,4.0,22.0,9.0
5900,,6.0,
5901,,,
5902,,,
5903,9.0,,4.0
5904,6.0,,14.0
5905,7.0,,8.0
5906,,6.0,3.0
5907,5.0,5.0,
5908,8.0,6.0,
5909,11.0,6.0,
5910,7.0,9.0,
5911,12.0,13.0,
5912,12.0,12.0,
5913,9.0,15.0,10.0
5914,12.0,21.0,
5915,15.0,29.0,5.0
5916,18.0,33.0,8.0
5917,23.0,44.0,7.0
5918,24.0,46.0,17.0
5919,24.0,52.0,24.0
5920,20.0,44.0,9.0
5921,11.0,38.0,23.0
5922,8.0,32.0,48.0
5923,5.0,22.0,
5924,3.0,10.0,23.0
5925,5.0,7.0,16.0
5926,12.0,,23.0
5927,5.0,,18.0
5928,,,
5929,4.0,,
5930,3.0,8.0,
5931,3.0,12.0,
5932,,6.0,
5933,3.0,11.0,
5934,,8.0,
5935,4.0,10.0,
5936,11.0,10.0,
5937,12.0,12.0,
5938,15.0,23.0,
5939,15.0,26.0,
5940,,29.0,
5941,17.0,43.0,
5942,39.0,49.0,17.0
5943,17.0,56.0,
5944,,52.0,
5945,,41.0,
5946,6.0,35.0,
5947,7.0,21.0,
5948,9.0,8.0,
5949,10.0,,9.0
5950,9.0,,3.0
5951,8.0,,6.0
5952,2.0,,12.0
5953,2.0,,18.0
5954,,6.0,10.0
5955,6.0,2.0,
5956,4.0,9.0,
5957,3.0,3.0,
5958,2.0,7.0,
5959,8.0,6.0,
5960,9.0,12.0,
5961,12.0,11.0,
5962,9.0,17.0,13.0
5963,9.0,20.0,
5964,,29.0,
5965,19.0,41.0,
5966,17.0,39.0,
5967,25.0,49.0,
5968,25.0,41.0,4.0
5969,15.0,41.0,14.0
5970,8.0,19.0,6.0
5971,4.0,14.0,14.0
5972,6.0,,3.0
5973,9.0,,2.0
5974,15.0,,
5975,7.0,,
5976,9.0,,3.0
5977,3.0,,
5978,8.0,2.0,
5979,8.0,4.0,
5980,9.0,4.0,3.0
5981,5.0,3.0,32.0
5982,11.0,7.0,
5983,14.0,5.0,
5984,14.0,3.0,
5985,18.0,8.0,
5986,23.0,17.0,
5987,20.0,24.0,9.0
5988,20.0,28.0,
5989,11.0,25.0,
5990,14.0,44.0,
5991,13.0,41.0,
5992,11.0,35.0,
5993,9.0,21.0,
5994,15.0,12.0,10.0
5995,15.0,6.0,6.0
5996,4.0,,
5997,3.0,,39.0
5998,4.0,,
5999,15.0,,18.0
6000,14.0,3.0,
6001,13.0,6.0,
6002,21.0,,
6003,26.0,,8.0
6004,18.0,4.0,11.0
6005,16.0,4.0,8.0
6006,10.0,,14.0
6007,21.0,,
6008,20.0,7.0,
6009,25.0,17.0,9.0
6010,22.0,22.0,
6011,23.0,24.0,
6012,20.0,40.0,
6013,21.0,43.0,3.0
6014,19.0,45.0,6.0
6015,24.0,44.0,15.0
6016,16.0,31.0,14.0
6017,17.0,25.0,
6018,9.0,18.0,
6019,4.0,8.0,6.0
6020,,,
6021,,,15.0
6022,15.0,,10.0
6023,28.0,,12.0
6024,25.0,,8.0
6025,17.0,,16.0
6026,23.0,10.0,11.0
6027,19.0,6.0,11.0
6028,13.0,2.0,8.0
6029,6.0,6.0,12.0
6030,11.0,6.0,
6031,14.0,3.0,
6032,11.0,11.0,
6033,17.0,7.0,
6034,13.0,20.0,
6035,22.0,25.0,13.0
6036,26.0,37.0,
6037,33.0,31.0,
6038,39.0,32.0,3.0
6039,32.0,51.0,14.0
6040,39.0,46.0,10.0
6041,22.0,37.0,7.0
6042,19.0,20.0,
6043,14.0,10.0,2.0
6044,,,4.0
6045,7.0,,16.0
6046,11.0,,18.0
6047,17.0,,22.0
6048,14.0,,30.0
6049,10.0,,19.0
6050,11.0,,26.0
6051,7.0,,73.0
6052,6.0,8.0,85.0
6053,11.0,8.0,47.0
6054,10.0,5.0,
6055,12.0,3.0,
6056,14.0,,
6057,18.0,9.0,6.0
6058,18.0,19.0,33.0
6059,19.0,19.0,25.0
6060,21.0,23.0,
6061,31.0,37.0,
6062,46.0,,10.0
6063,41.0,50.0,7.0
6064,35.0,40.0,24.0
6065,34.0,34.0,107.0
6066,23.0,15.0,
6067,17.0,6.0,
6068,13.0,,
6069,7.0,,5.0
6070,,,13.0
6071,9.0,,8.0
6072,2.0,,12.0
6073,4.0,3.0,9.0
6074,11.0,4.0,9.0
6075,14.0,4.0,6.0
6076,9.0,12.0,13.0
6077,5.0,18.0,13.0
6078,9.0,9.0,5.0
6079,6.0,2.0,
6080,8.0,7.0,
6081,7.0,11.0,58.0
6082,12.0,14.0,
6083,18.0,28.0,
6084,21.0,21.0,
6085,24.0,33.0,11.0
6086,25.0,41.0,17.0
6087,28.0,39.0,
6088,14.0,34.0,
6089,5.0,32.0,
6090,9.0,16.0,
6091,5.0,9.0,
6092,,,
6093,,,
6094,,,
6095,3.0,,
6096,,,
6097,9.0,,
6098,19.0,7.0,
6099,15.0,10.0,
6100,17.0,4.0,
6101,10.0,6.0,
6102,8.0,3.0,
6103,15.0,7.0,
6104,12.0,7.0,
6105,24.0,,
6106,15.0,20.0,
6107,18.0,22.0,
6108,24.0,21.0,
6109,23.0,27.0,
6110,20.0,36.0,
6111,19.0,39.0,31.0
6112,19.0,38.0,52.0
6113,18.0,34.0,36.0
6114,14.0,24.0,27.0
6115,4.0,11.0,28.0
6116,,,
6117,,,
6118,6.0,,89.0
6119,4.0,,52.0
6120,19.0,,
6121,23.0,8.0,
6122,19.0,4.0,
6123,15.0,,8.0
6124,14.0,8.0,17.0
6125,10.0,5.0,37.0
6126,11.0,8.0,
6127,12.0,7.0,
6128,11.0,7.0,71.0
6129,12.0,6.0,52.0
6130,14.0,21.0,57.0
6131,17.0,27.0,
6132,23.0,19.0,
6133,29.0,46.0,
6134,28.0,36.0,
6135,25.0,29.0,
6136,23.0,32.0,
6137,24.0,28.0,
6138,8.0,19.0,
6139,3.0,,
6140,4.0,4.0,
6141,2.0,,
6142,7.0,,
6143,14.0,,
6144,19.0,,
6145,15.0,3.0,
6146,22.0,,
6147,16.0,3.0,
6148,11.0,4.0,
6149,10.0,7.0,
6150,10.0,8.0,
6151,,10.0,
6152,15.0,10.0,
6153,21.0,13.0,
6154,22.0,26.0,
6155,22.0,30.0,
6156,21.0,39.0,
6157,25.0,36.0,
6158,27.0,45.0,
6159,26.0,47.0,
6160,25.0,38.0,
6161,24.0,44.0,
6162,19.0,29.0,
6163,19.0,15.0,
6164,12.0,4.0,
6165,3.0,,
6166,2.0,,
6167,2.0,,
6168,9.0,,
6169,6.0,,
6170,7.0,,
6171,8.0,6.0,
6172,7.0,4.0,
6173,2.0,7.0,
6174,8.0,9.0,
6175,10.0,5.0,
6176,8.0,11.0,
6177,14.0,15.0,
6178,19.0,24.0,
6179,19.0,28.0,
6180,16.0,34.0,
6181,33.0,43.0,
6182,38.0,51.0,
6183,32.0,39.0,
6184,20.0,18.0,
6185,17.0,8.0,
6186,17.0,14.0,
6187,9.0,16.0,
6188,4.0,10.0,
6189,,2.0,
6190,3.0,5.0,
6191,4.0,,
6192,6.0,,
6193,14.0,6.0,
6194,13.0,3.0,
6195,6.0,5.0,
6196,10.0,,
6197,4.0,,
6198,8.0,2.0,
6199,16.0,2.0,
6200,13.0,5.0,
6201,18.0,2.0,
6202,17.0,7.0,
6203,22.0,13.0,
6204,25.0,7.0,
6205,22.0,13.0,
6206,23.0,31.0,
6207,28.0,29.0,
6208,19.0,10.0,
6209,15.0,,
6210,12.0,16.0,
6211,8.0,19.0,
6212,4.0,8.0,
6213,4.0,7.0,
6214,,9.0,
6215,4.0,9.0,
6216,4.0,,
6217,,11.0,
6218,9.0,3.0,
6219,7.0,,
6220,3.0,6.0,
6221,,3.0,
6222,4.0,6.0,
6223,3.0,8.0,
6224,7.0,6.0,
6225,8.0,10.0,
6226,11.0,13.0,
6227,11.0,16.0,
6228,14.0,17.0,
6229,19.0,12.0,
6230,28.0,24.0,
6231,30.0,20.0,
6232,24.0,4.0,
6233,24.0,14.0,
6234,23.0,,
6235,13.0,,
6236,,2.0,
6237,,,
6238,,2.0,
6239,,13.0,
6240,,15.0,
6241,,24.0,
6242,7.0,17.0,
6243,4.0,6.0,
6244,4.0,14.0,
6245,4.0,12.0,
6246,3.0,13.0,
6247,,12.0,
6248,6.0,11.0,
6249,3.0,17.0,
6250,9.0,26.0,
6251,13.0,24.0,
6252,15.0,23.0,
6253,20.0,16.0,
6254,22.0,19.0,
6255,19.0,36.0,
6256,21.0,41.0,
6257,16.0,37.0,
6258,11.0,11.0,
6259,8.0,,
6260,2.0,,
6261,,,
6262,,,
6263,,5.0,
6264,,15.0,
6265,,19.0,
6266,,25.0,
6267,2.0,17.0,
6268,8.0,13.0,
6269,7.0,9.0,
6270,8.0,11.0,
6271,10.0,15.0,
6272,9.0,12.0,
6273,9.0,22.0,
6274,14.0,23.0,
6275,10.0,30.0,
6276,23.0,25.0,
6277,21.0,28.0,
6278,23.0,28.0,
6279,21.0,36.0,
6280,17.0,24.0,
6281,17.0,33.0,
6282,20.0,21.0,
6283,15.0,12.0,
6284,,,
6285,,,
6286,,,
6287,,,
6288,5.0,7.0,
6289,,19.0,
6290,,13.0,
6291,4.0,,
6292,8.0,5.0,
6293,6.0,3.0,
6294,9.0,8.0,
6295,12.0,10.0,
6296,13.0,12.0,
6297,14.0,13.0,
6298,16.0,20.0,
6299,21.0,34.0,
6300,39.0,42.0,
6301,45.0,34.0,
6302,29.0,34.0,
6303,35.0,29.0,
6304,33.0,32.0,
6305,25.0,28.0,
6306,20.0,31.0,
6307,12.0,17.0,
6308,,,
6309,,,
6310,,,
6311,,,
6312,,14.0,
6313,2.0,10.0,
6314,4.0,9.0,
6315,6.0,6.0,
6316,5.0,3.0,
6317,3.0,4.0,
6318,8.0,3.0,
6319,8.0,8.0,
6320,10.0,12.0,
6321,13.0,13.0,
6322,17.0,18.0,
6323,24.0,26.0,
6324,34.0,27.0,
6325,32.0,24.0,
6326,29.0,35.0,
6327,27.0,34.0,
6328,25.0,35.0,
6329,18.0,22.0,
6330,12.0,15.0,
6331,,7.0,
6332,,,
6333,,,
6334,,,
6335,8.0,7.0,
6336,16.0,12.0,
6337,16.0,12.0,
6338,,5.0,
6339,15.0,4.0,
6340,10.0,6.0,
6341,13.0,7.0,
6342,9.0,10.0,
6343,12.0,14.0,
6344,12.0,17.0,
6345,15.0,20.0,
6346,19.0,21.0,
6347,25.0,27.0,
6348,27.0,31.0,
6349,30.0,36.0,
6350,28.0,39.0,
6351,29.0,52.0,
6352,25.0,45.0,
6353,6.0,41.0,
6354,7.0,40.0,
6355,2.0,26.0,
6356,,,
6357,,,
6358,3.0,2.0,
6359,10.0,9.0,
6360,15.0,13.0,
6361,22.0,15.0,
6362,19.0,3.0,
6363,19.0,6.0,
6364,15.0,4.0,
6365,15.0,5.0,
6366,10.0,2.0,
6367,16.0,10.0,
6368,13.0,14.0,
6369,17.0,17.0,
6370,22.0,21.0,
6371,25.0,30.0,
6372,28.0,31.0,
6373,26.0,31.0,
6374,30.0,41.0,
6375,29.0,48.0,
6376,23.0,49.0,
6377,13.0,45.0,
6378,12.0,29.0,
6379,8.0,18.0,
6380,3.0,4.0,
6381,,,
6382,8.0,,
6383,14.0,,
6384,13.0,,
6385,20.0,5.0,
6386,17.0,4.0,
6387,14.0,10.0,
6388,12.0,5.0,
6389,13.0,9.0,
6390,16.0,12.0,
6391,13.0,6.0,
6392,13.0,12.0,
6393,20.0,13.0,
6394,24.0,20.0,
6395,26.0,20.0,
6396,31.0,26.0,
6397,37.0,39.0,
6398,36.0,40.0,
6399,36.0,39.0,
6400,43.0,48.0,
6401,42.0,39.0,
6402,24.0,27.0,
6403,19.0,15.0,
6404,12.0,,
6405,12.0,,
6406,14.0,,
6407,16.0,,
6408,13.0,,
6409,10.0,,
6410,,2.0,
6411,,6.0,
6412,7.0,6.0,
6413,6.0,5.0,
6414,5.0,7.0,
6415,7.0,5.0,
6416,7.0,12.0,
6417,12.0,14.0,
6418,19.0,18.0,
6419,19.0,18.0,
6420,27.0,,
6421,27.0,25.0,
6422,26.0,38.0,
6423,28.0,39.0,
6424,12.0,36.0,
6425,10.0,28.0,
6426,14.0,12.0,
6427,11.0,9.0,
6428,12.0,,
6429,,,
6430,,,
6431,,,
6432,2.0,,
6433,3.0,,
6434,5.0,,
6435,9.0,,
6436,12.0,,
6437,12.0,3.0,
6438,14.0,6.0,
6439,14.0,5.0,
6440,19.0,5.0,
6441,19.0,13.0,
6442,26.0,21.0,
6443,27.0,21.0,
6444,21.0,28.0,
6445,17.0,28.0,
6446,16.0,31.0,
6447,10.0,30.0,
6448,17.0,26.0,
6449,9.0,18.0,
6450,,19.0,
6451,,3.0,
6452,2.0,,
6453,3.0,,
6454,6.0,5.0,
6455,13.0,,
6456,10.0,5.0,
6457,7.0,16.0,
6458,4.0,16.0,
6459,,8.0,
6460,11.0,3.0,
6461,24.0,3.0,
6462,25.0,7.0,
6463,26.0,10.0,
6464,22.0,10.0,
6465,10.0,7.0,
6466,16.0,29.0,
6467,16.0,29.0,
6468,17.0,22.0,
6469,13.0,29.0,
6470,23.0,35.0,
6471,34.0,43.0,
6472,14.0,23.0,
6473,3.0,3.0,
6474,6.0,,
6475,16.0,,
6476,15.0,13.0,
6477,11.0,18.0,
6478,20.0,13.0,
6479,24.0,13.0,
6480,22.0,20.0,
6481,20.0,28.0,
6482,20.0,17.0,
6483,19.0,13.0,
6484,17.0,10.0,
6485,15.0,12.0,
6486,11.0,19.0,
6487,18.0,18.0,
6488,17.0,24.0,
6489,22.0,30.0,
6490,26.0,44.0,
6491,35.0,42.0,
6492,30.0,42.0,
6493,13.0,32.0,
6494,,29.0,
6495,2.0,36.0,
6496,9.0,32.0,
6497,11.0,8.0,
6498,14.0,7.0,
6499,6.0,4.0,
6500,14.0,,
6501,41.0,,
6502,47.0,13.0,
6503,35.0,17.0,
6504,33.0,17.0,
6505,10.0,12.0,
6506,19.0,8.0,
6507,17.0,11.0,
6508,15.0,8.0,
6509,15.0,9.0,
6510,10.0,7.0,44.0
6511,18.0,14.0,3.0
6512,17.0,7.0,
6513,21.0,17.0,
6514,30.0,25.0,
6515,27.0,25.0,
6516,18.0,22.0,
6517,4.0,23.0,
6518,,32.0,
6519,17.0,32.0,
6520,23.0,31.0,
6521,10.0,13.0,
6522,7.0,11.0,
6523,9.0,4.0,
6524,6.0,,
6525,7.0,,
6526,11.0,5.0,
6527,24.0,8.0,
6528,27.0,23.0,
6529,29.0,17.0,
6530,30.0,9.0,
6531,21.0,3.0,
6532,14.0,5.0,
6533,10.0,4.0,
6534,15.0,8.0,
6535,20.0,11.0,
6536,27.0,10.0,
6537,34.0,12.0,
6538,42.0,17.0,
6539,25.0,21.0,
6540,12.0,27.0,
6541,16.0,19.0,
6542,29.0,24.0,
6543,36.0,30.0,
6544,31.0,21.0,
6545,21.0,10.0,
6546,18.0,12.0,
6547,13.0,7.0,
6548,8.0,4.0,
6549,6.0,3.0,
6550,8.0,7.0,
6551,17.0,10.0,
6552,22.0,7.0,
6553,,,76.0
6554,19.0,6.0,23.0
6555,22.0,3.0,13.0
6556,20.0,6.0,33.0
6557,17.0,8.0,22.0
6558,20.0,5.0,21.0
6559,19.0,7.0,35.0
6560,26.0,6.0,32.0
6561,33.0,6.0,
6562,31.0,7.0,34.0
6563,24.0,13.0,52.0
6564,25.0,22.0,
6565,24.0,31.0,24.0
6566,41.0,28.0,35.0
6567,39.0,24.0,32.0
6568,38.0,19.0,16.0
6569,26.0,20.0,24.0
6570,18.0,4.0,10.0
6571,13.0,2.0,23.0
6572,6.0,,
6573,3.0,,
6574,11.0,3.0,57.0
6575,16.0,,
6576,17.0,,
6577,16.0,2.0,
6578,11.0,2.0,62.0
6579,6.0,6.0,
6580,8.0,3.0,35.0
6581,6.0,3.0,16.0
6582,5.0,7.0,6.0
6583,4.0,7.0,5.0
6584,9.0,3.0,4.0
6585,6.0,10.0,7.0
6586,14.0,13.0,22.0
6587,16.0,17.0,
6588,17.0,21.0,
6589,17.0,29.0,
6590,31.0,22.0,
6591,39.0,36.0,8.0
6592,19.0,19.0,15.0
6593,,13.0,28.0
6594,2.0,22.0,
6595,,7.0,
6596,,7.0,
6597,,,
6598,9.0,8.0,
6599,11.0,2.0,12.0
6600,18.0,3.0,41.0
6601,13.0,,16.0
6602,10.0,,
6603,12.0,,37.0
6604,20.0,2.0,23.0
6605,14.0,28.0,18.0
6606,11.0,12.0,
6607,10.0,6.0,4.0
6608,15.0,,38.0
6609,11.0,5.0,
6610,8.0,12.0,44.0
6611,15.0,16.0,91.0
6612,18.0,14.0,89.0
6613,23.0,33.0,52.0
6614,21.0,38.0,
6615,18.0,38.0,
6616,16.0,36.0,14.0
6617,13.0,36.0,
6618,12.0,32.0,
6619,13.0,27.0,
6620,13.0,12.0,
6621,12.0,26.0,
6622,12.0,31.0,65.0
6623,16.0,20.0,87.0
6624,15.0,2.0,63.0
6625,13.0,,41.0
6626,,7.0,40.0
6627,,6.0,22.0
6628,5.0,6.0,24.0
6629,4.0,2.0,35.0
6630,10.0,,38.0
6631,10.0,7.0,34.0
6632,13.0,8.0,21.0
6633,11.0,10.0,25.0
6634,15.0,11.0,41.0
6635,18.0,15.0,61.0
6636,20.0,21.0,
6637,21.0,,
6638,15.0,,
6639,11.0,55.0,5.0
6640,18.0,34.0,
6641,25.0,28.0,
6642,21.0,28.0,34.0
6643,28.0,21.0,
6644,11.0,11.0,
6645,7.0,16.0,
6646,17.0,24.0,
6647,23.0,18.0,36.0
6648,7.0,8.0,
6649,8.0,3.0,
6650,9.0,6.0,
6651,16.0,7.0,
6652,17.0,8.0,
6653,15.0,3.0,
6654,16.0,4.0,
6655,17.0,2.0,
6656,19.0,12.0,
6657,17.0,13.0,
6658,22.0,21.0,
6659,23.0,19.0,
6660,19.0,22.0,
6661,18.0,26.0,
6662,26.0,23.0,
6663,21.0,33.0,
6664,23.0,22.0,
6665,29.0,,
6666,20.0,,
6667,12.0,,
6668,12.0,,
6669,,,
6670,9.0,5.0,
6671,18.0,2.0,
6672,28.0,5.0,
6673,23.0,6.0,
6674,18.0,,
6675,16.0,2.0,
6676,10.0,6.0,
6677,9.0,8.0,
6678,12.0,8.0,
6679,11.0,3.0,
6680,14.0,11.0,
6681,15.0,8.0,
6682,16.0,13.0,
6683,18.0,10.0,
6684,15.0,12.0,
6685,17.0,17.0,
6686,25.0,16.0,
6687,32.0,12.0,
6688,37.0,9.0,
6689,26.0,5.0,
6690,18.0,3.0,
6691,18.0,10.0,
6692,13.0,19.0,
6693,14.0,17.0,
6694,20.0,3.0,
6695,16.0,10.0,
6696,17.0,9.0,
6697,20.0,13.0,
6698,31.0,16.0,
6699,31.0,14.0,
6700,14.0,15.0,
6701,9.0,20.0,
6702,10.0,16.0,
6703,10.0,12.0,
6704,11.0,9.0,
6705,13.0,6.0,
6706,19.0,,
6707,21.0,9.0,
6708,24.0,15.0,
6709,18.0,14.0,
6710,12.0,14.0,
6711,10.0,11.0,
6712,14.0,10.0,
6713,18.0,6.0,
6714,24.0,,
6715,22.0,,
6716,20.0,12.0,
6717,13.0,9.0,
6718,12.0,5.0,
6719,16.0,11.0,
6720,13.0,6.0,
6721,7.0,2.0,
6722,6.0,8.0,
6723,5.0,5.0,
6724,12.0,7.0,
6725,9.0,,
6726,11.0,5.0,
6727,9.0,7.0,
6728,15.0,12.0,
6729,15.0,12.0,
6730,17.0,13.0,
6731,19.0,11.0,
6732,19.0,7.0,
6733,18.0,10.0,
6734,46.0,8.0,
6735,44.0,22.0,
6736,42.0,25.0,
6737,31.0,29.0,
6738,47.0,26.0,
6739,33.0,29.0,
6740,25.0,19.0,
6741,20.0,22.0,
6742,29.0,28.0,
6743,31.0,31.0,
6744,10.0,16.0,
6745,18.0,15.0,
6746,22.0,15.0,
6747,14.0,22.0,
6748,13.0,17.0,
6749,17.0,19.0,
6750,16.0,18.0,
6751,14.0,25.0,
6752,17.0,25.0,
6753,23.0,24.0,
6754,32.0,23.0,
6755,26.0,,
6756,32.0,,
6757,34.0,2.0,
6758,32.0,13.0,
6759,32.0,20.0,
6760,33.0,17.0,
6761,14.0,16.0,
6762,,18.0,
6763,3.0,17.0,
6764,14.0,18.0,
6765,16.0,21.0,
6766,11.0,52.0,
6767,20.0,25.0,
6768,20.0,24.0,
6769,19.0,40.0,
6770,32.0,25.0,
6771,22.0,39.0,
6772,17.0,39.0,
6773,15.0,33.0,
6774,16.0,29.0,
6775,20.0,15.0,
6776,20.0,31.0,
6777,26.0,51.0,
6778,22.0,29.0,
6779,20.0,28.0,
6780,18.0,29.0,
6781,21.0,24.0,
6782,21.0,18.0,
6783,19.0,14.0,
6784,15.0,13.0,
6785,19.0,18.0,
6786,10.0,9.0,
6787,15.0,13.0,
6788,17.0,13.0,
6789,16.0,22.0,
6790,15.0,33.0,
6791,10.0,13.0,
6792,22.0,,
6793,16.0,,
6794,2.0,6.0,
6795,8.0,,
6796,17.0,,
6797,13.0,19.0,
6798,13.0,13.0,
6799,19.0,15.0,
6800,22.0,17.0,
6801,17.0,13.0,
6802,20.0,7.0,
6803,23.0,,
6804,17.0,9.0,
6805,17.0,29.0,
6806,32.0,40.0,
6807,31.0,45.0,
6808,26.0,32.0,
6809,20.0,19.0,
6810,18.0,20.0,
6811,12.0,13.0,
6812,18.0,9.0,
6813,16.0,8.0,
6814,21.0,16.0,
6815,30.0,18.0,
6816,24.0,24.0,
6817,26.0,25.0,
6818,28.0,7.0,
6819,24.0,5.0,
6820,21.0,7.0,
6821,23.0,,
6822,37.0,24.0,
6823,34.0,28.0,
6824,38.0,28.0,
6825,39.0,22.0,
6826,32.0,11.0,
6827,35.0,6.0,
6828,29.0,27.0,
6829,32.0,35.0,
6830,33.0,40.0,
6831,32.0,31.0,
6832,28.0,26.0,
6833,5.0,38.0,
6834,5.0,39.0,
6835,6.0,22.0,
6836,9.0,10.0,
6837,22.0,6.0,
6838,43.0,16.0,
6839,41.0,12.0,
6840,30.0,20.0,
6841,27.0,13.0,
6842,14.0,8.0,
6843,20.0,12.0,
6844,20.0,6.0,
6845,22.0,26.0,
6846,29.0,22.0,
6847,29.0,,
6848,31.0,2.0,
6849,33.0,24.0,
6850,41.0,29.0,
6851,49.0,34.0,
6852,44.0,27.0,
6853,44.0,50.0,
6854,25.0,49.0,
6855,12.0,28.0,
6856,8.0,29.0,
6857,10.0,12.0,
6858,,4.0,
6859,3.0,12.0,
6860,21.0,,
6861,24.0,,
6862,31.0,8.0,
6863,33.0,5.0,
6864,38.0,9.0,
6865,23.0,13.0,
6866,16.0,,
6867,17.0,2.0,
6868,17.0,9.0,
6869,,25.0,
6870,,23.0,
6871,,15.0,
6872,,11.0,
6873,,25.0,
6874,,13.0,
6875,,8.0,
6876,,,
6877,,,
6878,,2.0,
6879,12.0,7.0,
6880,54.0,5.0,
6881,76.0,12.0,
6882,50.0,21.0,
6883,24.0,28.0,
6884,12.0,21.0,
6885,22.0,14.0,
6886,22.0,22.0,
6887,16.0,24.0,
6888,5.0,23.0,
6889,,22.0,
6890,,19.0,
6891,4.0,18.0,
6892,6.0,14.0,
6893,4.0,11.0,
6894,4.0,16.0,
6895,8.0,12.0,
6896,12.0,16.0,
6897,6.0,17.0,
6898,12.0,9.0,
6899,18.0,10.0,
6900,22.0,10.0,
6901,25.0,,
6902,35.0,7.0,
6903,44.0,11.0,
6904,42.0,11.0,
6905,32.0,2.0,
6906,28.0,9.0,
6907,17.0,15.0,
6908,12.0,15.0,
6909,4.0,24.0,
6910,9.0,36.0,
6911,15.0,42.0,
6912,,24.0,
6913,,6.0,
6914,,14.0,
6915,,5.0,
6916,,6.0,
6917,,10.0,
6918,4.0,12.0,
6919,4.0,24.0,
6920,5.0,14.0,
6921,6.0,,
6922,9.0,,
6923,18.0,,
6924,17.0,,
6925,,,
6926,41.0,9.0,
6927,42.0,8.0,
6928,34.0,10.0,
6929,32.0,10.0,
6930,14.0,9.0,
6931,15.0,14.0,
6932,18.0,17.0,
6933,11.0,18.0,
6934,11.0,26.0,
6935,4.0,21.0,
6936,,18.0,
6937,,27.0,
6938,,35.0,
6939,,32.0,
6940,,20.0,
6941,,28.0,
6942,5.0,32.0,
6943,10.0,21.0,
6944,10.0,19.0,
6945,14.0,34.0,
6946,18.0,40.0,
6947,19.0,19.0,
6948,26.0,7.0,
6949,37.0,4.0,
6950,39.0,13.0,
6951,28.0,30.0,
6952,33.0,29.0,
6953,24.0,17.0,
6954,6.0,14.0,
6955,,7.0,
6956,,10.0,
6957,,14.0,
6958,,19.0,
6959,,37.0,
6960,,34.0,
6961,,29.0,
6962,,31.0,
6963,,17.0,
6964,,12.0,
6965,7.0,17.0,
6966,,27.0,
6967,8.0,25.0,
6968,7.0,25.0,
6969,8.0,29.0,
6970,11.0,30.0,
6971,16.0,15.0,
6972,12.0,,
6973,9.0,,
6974,,17.0,
6975,,34.0,
6976,,30.0,
6977,,31.0,
6978,9.0,50.0,
6979,7.0,35.0,
6980,9.0,20.0,
6981,,29.0,
6982,3.0,39.0,
6983,10.0,32.0,
6984,14.0,31.0,
6985,7.0,46.0,
6986,,52.0,
6987,4.0,32.0,
6988,5.0,20.0,
6989,11.0,20.0,
6990,13.0,24.0,
6991,21.0,49.0,
6992,22.0,51.0,
6993,13.0,38.0,
6994,12.0,33.0,
6995,8.0,33.0,
6996,16.0,32.0,
6997,19.0,31.0,
6998,27.0,28.0,
6999,20.0,34.0,
7000,19.0,21.0,
7001,17.0,19.0,
7002,15.0,9.0,
7003,13.0,2.0,
7004,14.0,,
7005,21.0,9.0,
7006,35.0,30.0,
7007,32.0,30.0,
7008,15.0,34.0,
7009,15.0,38.0,
7010,27.0,27.0,
7011,22.0,63.0,
7012,25.0,69.0,
7013,20.0,45.0,
7014,19.0,37.0,
7015,26.0,46.0,
7016,33.0,51.0,
7017,34.0,75.0,
7018,42.0,55.0,
7019,39.0,45.0,
7020,31.0,38.0,
7021,19.0,42.0,
7022,21.0,41.0,
7023,28.0,24.0,
7024,24.0,21.0,
7025,19.0,26.0,
7026,28.0,6.0,
7027,41.0,9.0,
7028,24.0,,
7029,17.0,,
7030,19.0,21.0,
7031,27.0,29.0,
7032,34.0,43.0,
7033,28.0,50.0,
7034,30.0,50.0,
7035,22.0,54.0,
7036,14.0,81.0,
7037,17.0,73.0,
7038,23.0,56.0,
7039,29.0,59.0,
7040,26.0,45.0,
7041,29.0,48.0,
7042,36.0,67.0,
7043,48.0,59.0,
7044,43.0,20.0,
7045,30.0,33.0,
7046,29.0,46.0,
7047,30.0,49.0,
7048,21.0,39.0,
7049,27.0,32.0,
7050,33.0,22.0,
7051,28.0,15.0,
7052,17.0,,
7053,5.0,,
7054,18.0,19.0,
7055,34.0,30.0,
7056,27.0,31.0,
7057,21.0,34.0,
7058,20.0,26.0,
7059,14.0,4.0,
7060,17.0,6.0,
7061,12.0,21.0,
7062,13.0,17.0,
7063,19.0,23.0,
7064,24.0,20.0,
7065,33.0,17.0,
7066,57.0,20.0,
7067,60.0,18.0,
7068,48.0,14.0,
7069,53.0,38.0,
7070,44.0,49.0,
7071,37.0,45.0,
7072,37.0,30.0,
7073,44.0,18.0,
7074,33.0,16.0,
7075,19.0,18.0,
7076,18.0,15.0,
7077,12.0,20.0,
7078,22.0,25.0,
7079,17.0,22.0,
7080,13.0,11.0,
7081,14.0,11.0,
7082,,,
7083,4.0,7.0,
7084,6.0,19.0,
7085,3.0,20.0,
7086,5.0,13.0,
7087,10.0,15.0,
7088,16.0,18.0,
7089,20.0,18.0,
7090,22.0,5.0,
7091,27.0,13.0,
7092,32.0,21.0,
7093,30.0,29.0,
7094,33.0,25.0,
7095,40.0,26.0,
7096,33.0,30.0,
7097,27.0,27.0,
7098,21.0,28.0,
7099,13.0,25.0,
7100,12.0,33.0,
7101,8.0,34.0,
7102,13.0,36.0,
7103,16.0,39.0,
7104,17.0,27.0,
7105,16.0,16.0,
7106,14.0,6.0,
7107,14.0,7.0,
7108,,10.0,
7109,,22.0,
7110,,17.0,
7111,,3.0,
7112,,19.0,
7113,,21.0,
7114,,25.0,
7115,,36.0,
7116,,38.0,
7117,,40.0,
7118,,37.0,
7119,,35.0,
7120,,33.0,
7121,,27.0,
7122,,26.0,
7123,,32.0,
7124,,30.0,
7125,,29.0,
7126,,31.0,
7127,,24.0,
7128,,17.0,
7129,,18.0,
7130,,11.0,
7131,,9.0,
7132,,16.0,
7133,,17.0,
7134,,20.0,
7135,,23.0,
7136,,27.0,
7137,,26.0,
7138,,24.0,
7139,,25.0,
7140,,29.0,
7141,,31.0,
7142,,33.0,
7143,,32.0,
7144,,35.0,
7145,,31.0,
7146,,38.0,
7147,,33.0,
7148,,28.0,
7149,,29.0,
7150,,21.0,
7151,,14.0,
7152,,14.0,
7153,,15.0,
7154,,7.0,
7155,,,
7156,,14.0,
7157,,22.0,
7158,,13.0,
7159,,,
7160,,2.0,
7161,,25.0,
7162,,6.0,
7163,,8.0,
7164,,22.0,
7165,11.0,21.0,
7166,13.0,18.0,
7167,,22.0,
7168,67.0,31.0,
7169,46.0,44.0,
7170,37.0,47.0,
7171,26.0,32.0,
7172,18.0,22.0,
7173,22.0,31.0,
7174,29.0,24.0,
7175,24.0,21.0,
7176,20.0,12.0,
7177,21.0,9.0,
7178,18.0,13.0,
7179,11.0,18.0,
7180,11.0,6.0,
7181,8.0,6.0,
7182,10.0,16.0,
7183,10.0,9.0,
7184,15.0,14.0,
7185,17.0,21.0,
7186,23.0,9.0,
7187,23.0,12.0,
7188,26.0,15.0,
7189,22.0,23.0,
7190,18.0,24.0,
7191,15.0,31.0,
7192,29.0,31.0,
7193,29.0,29.0,
7194,20.0,27.0,
7195,28.0,22.0,
7196,21.0,16.0,
7197,24.0,25.0,
7198,17.0,22.0,
7199,21.0,11.0,
7200,34.0,7.0,
7201,26.0,2.0,9.0
7202,35.0,,
7203,28.0,11.0,
7204,18.0,15.0,
7205,14.0,14.0,
7206,16.0,10.0,
7207,16.0,8.0,
7208,29.0,6.0,
7209,33.0,13.0,
7210,37.0,14.0,
7211,36.0,2.0,
7212,30.0,9.0,
7213,28.0,16.0,
7214,24.0,19.0,
7215,22.0,23.0,
7216,22.0,27.0,
7217,,39.0,
7218,,36.0,
7219,,20.0,
7220,,8.0,
7221,,20.0,
7222,3.0,33.0,
7223,2.0,14.0,
7224,3.0,10.0,
7225,4.0,8.0,
7226,8.0,,
7227,6.0,,
7228,4.0,7.0,
7229,9.0,8.0,
7230,6.0,4.0,
7231,8.0,6.0,
7232,12.0,8.0,
7233,32.0,8.0,
7234,48.0,,
7235,28.0,3.0,
7236,25.0,10.0,
7237,15.0,13.0,
7238,18.0,22.0,
7239,15.0,26.0,
7240,16.0,16.0,
7241,25.0,24.0,
7242,36.0,19.0,
7243,23.0,16.0,
7244,21.0,15.0,
7245,19.0,19.0,
7246,25.0,32.0,
7247,16.0,16.0,
7248,20.0,8.0,
7249,24.0,2.0,
7250,29.0,,
7251,,2.0,
7252,,,
7253,17.0,,
7254,22.0,10.0,
7255,30.0,3.0,
7256,20.0,,
7257,20.0,,
7258,30.0,,
7259,29.0,,
7260,29.0,11.0,
7261,23.0,10.0,
7262,29.0,13.0,
7263,28.0,14.0,
7264,38.0,8.0,
7265,30.0,14.0,
7266,21.0,13.0,
7267,23.0,14.0,
7268,13.0,8.0,
7269,16.0,,
7270,26.0,,
7271,21.0,,
7272,25.0,,
7273,18.0,4.0,
7274,26.0,,
7275,18.0,,
7276,8.0,,
7277,7.0,2.0,
7278,10.0,5.0,
7279,9.0,4.0,
7280,8.0,5.0,
7281,15.0,15.0,
7282,17.0,11.0,
7283,26.0,16.0,
7284,25.0,14.0,
7285,21.0,21.0,
7286,24.0,28.0,
7287,26.0,,
7288,22.0,,
7289,29.0,,
7290,29.0,,
7291,14.0,7.0,
7292,9.0,2.0,
7293,9.0,3.0,
7294,8.0,8.0,
7295,9.0,6.0,
7296,5.0,9.0,
7297,,,
7298,,12.0,
7299,,11.0,
7300,4.0,7.0,
7301,3.0,5.0,
7302,3.0,4.0,
7303,6.0,5.0,
7304,6.0,9.0,
7305,9.0,13.0,
7306,4.0,14.0,
7307,10.0,9.0,
7308,8.0,4.0,
7309,10.0,4.0,
7310,17.0,14.0,
7311,10.0,12.0,
7312,8.0,14.0,
7313,10.0,18.0,
7314,5.0,26.0,
7315,8.0,20.0,
7316,6.0,29.0,
7317,7.0,26.0,
7318,11.0,33.0,
7319,16.0,27.0,
7320,13.0,19.0,
7321,7.0,26.0,
7322,6.0,25.0,
7323,2.0,25.0,
7324,4.0,26.0,
7325,3.0,22.0,
7326,6.0,18.0,
7327,12.0,28.0,
7328,17.0,44.0,7.0
7329,14.0,50.0,15.0
7330,8.0,69.0,
7331,26.0,16.0,
7332,,,
7333,59.0,,
7334,31.0,8.0,
7335,30.0,13.0,
7336,17.0,31.0,
7337,16.0,15.0,
7338,13.0,11.0,
7339,,13.0,
7340,7.0,19.0,
7341,11.0,24.0,
7342,15.0,26.0,
7343,17.0,26.0,
7344,15.0,23.0,
7345,13.0,26.0,
7346,5.0,32.0,
7347,9.0,27.0,
7348,11.0,24.0,
7349,24.0,27.0,
7350,21.0,32.0,
7351,16.0,34.0,
7352,10.0,34.0,
7353,16.0,41.0,
7354,12.0,37.0,
7355,19.0,32.0,
7356,22.0,16.0,
7357,25.0,13.0,
7358,32.0,16.0,
7359,30.0,13.0,
7360,30.0,18.0,
7361,32.0,15.0,
7362,35.0,19.0,
7363,32.0,23.0,
7364,27.0,22.0,
7365,38.0,34.0,
7366,25.0,42.0,
7367,5.0,50.0,
7368,5.0,37.0,
7369,7.0,32.0,
7370,3.0,19.0,
7371,5.0,14.0,
7372,6.0,6.0,
7373,8.0,10.0,
7374,10.0,10.0,
7375,12.0,13.0,
7376,16.0,9.0,
7377,22.0,19.0,
7378,25.0,26.0,
7379,37.0,31.0,
7380,45.0,35.0,
7381,53.0,22.0,
7382,62.0,11.0,
7383,60.0,10.0,
7384,62.0,11.0,
7385,67.0,15.0,
7386,45.0,15.0,
7387,28.0,13.0,
7388,22.0,16.0,
7389,31.0,18.0,
7390,42.0,32.0,
7391,24.0,44.0,
7392,18.0,45.0,
7393,,28.0,
7394,2.0,19.0,
7395,,16.0,
7396,,8.0,
7397,,10.0,
7398,,5.0,
7399,,6.0,
7400,,10.0,
7401,,17.0,
7402,5.0,26.0,
7403,9.0,29.0,
7404,15.0,21.0,
7405,12.0,9.0,
7406,16.0,4.0,
7407,32.0,3.0,
7408,25.0,15.0,
7409,31.0,20.0,
7410,23.0,16.0,
7411,20.0,10.0,
7412,11.0,10.0,
7413,15.0,16.0,
7414,14.0,19.0,
7415,16.0,28.0,
7416,21.0,33.0,
7417,33.0,15.0,
7418,40.0,11.0,
7419,25.0,10.0,
7420,19.0,5.0,
7421,23.0,8.0,
7422,34.0,6.0,
7423,38.0,10.0,
7424,31.0,12.0,
7425,35.0,26.0,
7426,32.0,33.0,
7427,32.0,5.0,
7428,29.0,,
7429,20.0,8.0,
7430,24.0,18.0,
7431,30.0,16.0,
7432,31.0,12.0,
7433,31.0,8.0,
7434,28.0,8.0,
7435,17.0,13.0,
7436,15.0,9.0,
7437,27.0,21.0,
7438,31.0,29.0,
7439,66.0,33.0,
7440,76.0,34.0,
7441,53.0,19.0,
7442,30.0,5.0,
7443,32.0,11.0,
7444,20.0,10.0,
7445,15.0,9.0,
7446,16.0,14.0,
7447,18.0,11.0,
7448,20.0,24.0,
7449,23.0,27.0,
7450,33.0,44.0,
7451,39.0,39.0,
7452,30.0,26.0,
7453,34.0,30.0,
7454,32.0,48.0,
7455,31.0,28.0,
7456,27.0,19.0,
7457,28.0,21.0,
7458,25.0,18.0,
7459,23.0,10.0,
7460,12.0,16.0,
7461,5.0,20.0,
7462,3.0,38.0,
7463,2.0,38.0,
7464,,34.0,
7465,,34.0,
7466,2.0,2.0,
7467,2.0,,
7468,14.0,17.0,
7469,4.0,15.0,
7470,5.0,16.0,
7471,4.0,16.0,
7472,11.0,12.0,
7473,15.0,17.0,
7474,11.0,28.0,
7475,14.0,13.0,
7476,16.0,22.0,
7477,17.0,28.0,
7478,20.0,29.0,
7479,19.0,36.0,
7480,24.0,36.0,
7481,22.0,35.0,
7482,14.0,59.0,
7483,13.0,32.0,
7484,13.0,27.0,
7485,6.0,35.0,
7486,7.0,31.0,
7487,3.0,21.0,
7488,10.0,21.0,
7489,2.0,16.0,
7490,4.0,4.0,
7491,3.0,2.0,
7492,5.0,11.0,
7493,2.0,8.0,
7494,7.0,11.0,
7495,9.0,14.0,
7496,8.0,10.0,
7497,12.0,16.0,
7498,13.0,20.0,
7499,14.0,15.0,
7500,18.0,17.0,
7501,21.0,19.0,
7502,20.0,24.0,
7503,28.0,16.0,
7504,28.0,12.0,
7505,27.0,18.0,
7506,24.0,13.0,
7507,18.0,24.0,
7508,24.0,18.0,
7509,29.0,13.0,
7510,15.0,26.0,
7511,5.0,20.0,
7512,5.0,22.0,
7513,8.0,26.0,
7514,,,
7515,,5.0,
7516,,10.0,
7517,3.0,16.0,
7518,3.0,6.0,
7519,6.0,2.0,
7520,9.0,,
7521,9.0,,
7522,15.0,,
7523,16.0,,
7524,21.0,,
7525,24.0,5.0,
7526,29.0,8.0,
7527,38.0,8.0,
7528,36.0,5.0,
7529,34.0,9.0,
7530,31.0,10.0,
7531,41.0,10.0,
7532,15.0,,
7533,8.0,11.0,
7534,11.0,9.0,
7535,19.0,3.0,
7536,27.0,4.0,
7537,18.0,8.0,
7538,19.0,5.0,
7539,10.0,,
7540,8.0,2.0,
7541,12.0,,
7542,19.0,4.0,
7543,24.0,2.0,
7544,25.0,3.0,
7545,26.0,2.0,
7546,24.0,4.0,
7547,24.0,9.0,
7548,38.0,5.0,
7549,51.0,,
7550,45.0,,
7551,47.0,,
7552,52.0,,
7553,34.0,15.0,
7554,29.0,22.0,
7555,39.0,12.0,
7556,46.0,12.0,
7557,33.0,17.0,
7558,17.0,14.0,
7559,9.0,17.0,
7560,,22.0,
7561,,5.0,
7562,,4.0,
7563,,3.0,
7564,,,
7565,,,
7566,,,
7567,,,
7568,,3.0,
7569,,2.0,
7570,3.0,,
7571,7.0,4.0,
7572,5.0,4.0,
7573,13.0,6.0,
7574,9.0,3.0,
7575,12.0,,
7576,7.0,5.0,
7577,6.0,,
7578,2.0,,
7579,4.0,5.0,
7580,5.0,4.0,
7581,4.0,4.0,
7582,10.0,5.0,
7583,14.0,18.0,
7584,8.0,18.0,
7585,6.0,13.0,
7586,4.0,2.0,
7587,7.0,,
7588,8.0,,
7589,15.0,,
7590,15.0,2.0,
7591,6.0,,
7592,14.0,2.0,
7593,16.0,7.0,
7594,22.0,,
7595,13.0,2.0,
7596,14.0,,
7597,25.0,,
7598,20.0,,
7599,23.0,,
7600,26.0,8.0,
7601,23.0,,
7602,16.0,6.0,
7603,5.0,8.0,
7604,3.0,14.0,
7605,7.0,23.0,
7606,8.0,12.0,
7607,5.0,9.0,
7608,,8.0,
7609,11.0,6.0,
7610,15.0,6.0,
7611,11.0,,
7612,3.0,5.0,
7613,6.0,,
7614,13.0,,
7615,10.0,3.0,
7616,16.0,8.0,
7617,27.0,,
7618,32.0,4.0,
7619,41.0,6.0,
7620,40.0,,
7621,27.0,,
7622,23.0,,
7623,21.0,5.0,
7624,29.0,,
7625,28.0,,
7626,23.0,7.0,
7627,13.0,17.0,
7628,8.0,28.0,
7629,6.0,51.0,
7630,8.0,52.0,
7631,4.0,43.0,
7632,7.0,34.0,
7633,6.0,14.0,
7634,2.0,4.0,
7635,7.0,5.0,
7636,11.0,9.0,
7637,7.0,15.0,
7638,4.0,9.0,
7639,,9.0,
7640,5.0,14.0,
7641,5.0,16.0,
7642,14.0,15.0,
7643,16.0,,
7644,23.0,7.0,
7645,29.0,11.0,
7646,23.0,17.0,
7647,21.0,22.0,
7648,26.0,22.0,
7649,22.0,16.0,
7650,12.0,21.0,
7651,7.0,24.0,
7652,12.0,39.0,
7653,11.0,52.0,
7654,10.0,49.0,
7655,11.0,33.0,
7656,10.0,22.0,
7657,7.0,30.0,
7658,,26.0,
7659,7.0,21.0,
7660,5.0,14.0,
7661,5.0,12.0,
7662,9.0,20.0,
7663,5.0,19.0,
7664,5.0,27.0,
7665,5.0,36.0,
7666,6.0,35.0,
7667,11.0,24.0,
7668,12.0,31.0,
7669,9.0,38.0,
7670,11.0,46.0,
7671,13.0,37.0,
7672,13.0,16.0,
7673,10.0,28.0,
7674,7.0,44.0,
7675,13.0,39.0,
7676,8.0,24.0,
7677,9.0,24.0,
7678,18.0,37.0,
7679,17.0,32.0,
7680,6.0,31.0,
7681,11.0,46.0,
7682,19.0,39.0,
7683,17.0,36.0,
7684,7.0,29.0,
7685,6.0,31.0,
7686,6.0,32.0,
7687,9.0,40.0,
7688,9.0,43.0,
7689,7.0,47.0,
7690,14.0,51.0,
7691,10.0,32.0,
7692,12.0,27.0,
7693,11.0,26.0,
7694,15.0,33.0,
7695,9.0,23.0,
7696,10.0,24.0,
7697,20.0,28.0,
7698,18.0,21.0,
7699,26.0,13.0,
7700,23.0,18.0,
7701,30.0,28.0,
7702,32.0,42.0,
7703,17.0,52.0,
7704,13.0,72.0,
7705,18.0,61.0,
7706,,36.0,
7707,,54.0,
7708,,65.0,
7709,28.0,45.0,
7710,,38.0,
7711,11.0,34.0,
7712,8.0,31.0,
7713,10.0,29.0,
7714,10.0,33.0,
7715,17.0,16.0,
7716,22.0,,
7717,18.0,2.0,
7718,17.0,8.0,
7719,,14.0,
7720,15.0,23.0,
7721,9.0,25.0,
7722,4.0,18.0,
7723,10.0,21.0,
7724,9.0,18.0,
7725,12.0,19.0,
7726,8.0,21.0,
7727,3.0,36.0,
7728,2.0,32.0,
7729,3.0,18.0,
7730,,23.0,
7731,2.0,17.0,
7732,,12.0,
7733,,15.0,
7734,,18.0,
7735,,14.0,
7736,2.0,15.0,
7737,,20.0,
7738,,18.0,
7739,,24.0,
7740,6.0,19.0,
7741,6.0,16.0,
7742,,28.0,
7743,,26.0,
7744,,28.0,
7745,2.0,27.0,
7746,7.0,16.0,
7747,9.0,11.0,
7748,9.0,18.0,
7749,8.0,30.0,
7750,6.0,44.0,
7751,8.0,41.0,
7752,4.0,39.0,
7753,,34.0,
7754,4.0,46.0,
7755,,40.0,
7756,,38.0,
7757,,43.0,
7758,2.0,48.0,
7759,,55.0,
7760,2.0,53.0,
7761,2.0,52.0,
7762,2.0,41.0,
7763,4.0,30.0,
7764,2.0,18.0,
7765,5.0,9.0,
7766,7.0,14.0,
7767,2.0,5.0,
7768,6.0,7.0,
7769,7.0,7.0,
7770,7.0,4.0,
7771,6.0,3.0,
7772,9.0,10.0,
7773,7.0,20.0,
7774,11.0,23.0,
7775,9.0,14.0,
7776,9.0,10.0,
7777,3.0,6.0,
7778,6.0,,
7779,7.0,,
7780,,,
7781,,,
7782,,,
7783,2.0,4.0,
7784,5.0,2.0,
7785,6.0,,
7786,,7.0,
7787,4.0,3.0,
7788,6.0,4.0,
7789,8.0,9.0,
7790,11.0,9.0,
7791,7.0,10.0,
7792,5.0,7.0,
7793,8.0,,
7794,8.0,2.0,
7795,15.0,6.0,
7796,20.0,7.0,
7797,26.0,8.0,
7798,6.0,10.0,
7799,9.0,4.0,
7800,4.0,10.0,
7801,6.0,5.0,
7802,4.0,,
7803,2.0,2.0,
7804,3.0,3.0,
7805,9.0,7.0,
7806,6.0,3.0,
7807,7.0,5.0,
7808,3.0,12.0,
7809,10.0,13.0,
7810,15.0,10.0,
7811,17.0,14.0,
7812,15.0,9.0,
7813,13.0,2.0,
7814,16.0,,
7815,10.0,,
7816,10.0,,
7817,6.0,11.0,
7818,17.0,24.0,
7819,21.0,21.0,
7820,25.0,27.0,
7821,17.0,41.0,
7822,5.0,41.0,
7823,9.0,27.0,
7824,5.0,19.0,
7825,,15.0,
7826,8.0,15.0,
7827,10.0,4.0,
7828,3.0,,
7829,8.0,8.0,
7830,2.0,10.0,
7831,7.0,13.0,
7832,8.0,14.0,
7833,7.0,14.0,
7834,11.0,42.0,
7835,7.0,58.0,
7836,16.0,,
7837,17.0,,
7838,20.0,2.0,
7839,15.0,9.0,
7840,26.0,21.0,
7841,31.0,31.0,
7842,42.0,26.0,
7843,32.0,21.0,
7844,36.0,23.0,
7845,37.0,33.0,
7846,36.0,30.0,
7847,59.0,26.0,
7848,65.0,12.0,
7849,33.0,20.0,
7850,29.0,25.0,
7851,35.0,24.0,
7852,38.0,18.0,
7853,35.0,10.0,
7854,32.0,16.0,
7855,32.0,20.0,
7856,29.0,23.0,
7857,35.0,39.0,
7858,37.0,63.0,
7859,34.0,54.0,
7860,30.0,,
7861,41.0,,
7862,29.0,2.0,
7863,27.0,5.0,
7864,44.0,18.0,
7865,44.0,20.0,
7866,48.0,19.0,
7867,34.0,18.0,
7868,,18.0,
7869,,22.0,
7870,7.0,20.0,
7871,,15.0,
7872,5.0,17.0,
7873,4.0,18.0,
7874,,5.0,
7875,5.0,15.0,
7876,6.0,13.0,
7877,2.0,14.0,
7878,,7.0,
7879,,9.0,
7880,,12.0,
7881,3.0,15.0,
7882,6.0,11.0,
7883,8.0,9.0,
7884,13.0,,
7885,16.0,9.0,
7886,11.0,11.0,
7887,10.0,15.0,
7888,6.0,18.0,
7889,9.0,29.0,
7890,4.0,32.0,
7891,10.0,29.0,
7892,18.0,35.0,
7893,21.0,41.0,
7894,9.0,43.0,
7895,4.0,49.0,
7896,3.0,48.0,
7897,,52.0,
7898,7.0,53.0,
7899,10.0,41.0,
7900,,31.0,
7901,3.0,31.0,
7902,,43.0,
7903,5.0,29.0,
7904,,13.0,
7905,,7.0,
7906,16.0,11.0,
7907,30.0,7.0,
7908,36.0,6.0,
7909,37.0,7.0,
7910,27.0,2.0,
7911,31.0,2.0,
7912,38.0,,
7913,27.0,3.0,
7914,33.0,8.0,
7915,24.0,13.0,
7916,28.0,7.0,
7917,26.0,7.0,
7918,36.0,11.0,
7919,50.0,7.0,
7920,63.0,,
7921,74.0,4.0,
7922,89.0,,
7923,82.0,,
7924,68.0,,
7925,47.0,6.0,
7926,38.0,,
7927,44.0,5.0,
7928,49.0,7.0,
7929,52.0,4.0,
7930,36.0,6.0,
7931,21.0,,
7932,27.0,4.0,
7933,23.0,10.0,
7934,11.0,9.0,
7935,18.0,10.0,
7936,33.0,,
7937,21.0,,
7938,,10.0,
7939,3.0,16.0,
7940,7.0,15.0,
7941,17.0,30.0,
7942,39.0,31.0,
7943,43.0,31.0,
7944,66.0,30.0,
7945,80.0,21.0,
7946,63.0,16.0,
7947,54.0,18.0,
7948,43.0,16.0,
7949,42.0,10.0,
7950,55.0,12.0,
7951,54.0,14.0,
7952,61.0,19.0,
7953,50.0,19.0,
7954,54.0,24.0,
7955,65.0,21.0,
7956,49.0,11.0,
7957,30.0,9.0,
7958,14.0,2.0,
7959,7.0,7.0,
7960,13.0,5.0,
7961,22.0,17.0,
7962,19.0,28.0,
7963,20.0,24.0,
7964,27.0,26.0,
7965,19.0,24.0,
7966,14.0,20.0,
7967,17.0,11.0,
7968,11.0,14.0,
7969,17.0,13.0,59.0
7970,14.0,6.0,68.0
7971,18.0,5.0,82.0
7972,13.0,11.0,83.0
7973,14.0,10.0,80.0
7974,18.0,12.0,69.0
7975,19.0,7.0,45.0
7976,29.0,7.0,38.0
7977,34.0,9.0,35.0
7978,43.0,9.0,30.0
7979,55.0,8.0,55.0
7980,63.0,7.0,28.0
7981,27.0,,
7982,20.0,10.0,
7983,50.0,26.0,
7984,48.0,28.0,
7985,53.0,31.0,
7986,35.0,,
7987,19.0,40.0,
7988,19.0,,
7989,17.0,,
7990,26.0,11.0,
7991,37.0,16.0,
7992,54.0,17.0,
7993,64.0,23.0,
7994,73.0,25.0,
7995,68.0,28.0,
7996,60.0,27.0,
7997,64.0,25.0,
7998,55.0,25.0,
7999,64.0,20.0,
8000,58.0,15.0,
8001,64.0,20.0,
8002,65.0,15.0,
8003,52.0,23.0,
8004,21.0,14.0,
8005,13.0,14.0,
8006,10.0,16.0,
8007,11.0,27.0,
8008,4.0,42.0,
8009,,51.0,
8010,,40.0,
8011,5.0,27.0,
8012,13.0,25.0,
8013,18.0,36.0,
8014,27.0,49.0,
8015,15.0,48.0,
8016,7.0,56.0,
8017,,,
8018,12.0,47.0,
8019,12.0,65.0,
8020,,57.0,
8021,11.0,49.0,
8022,10.0,40.0,
8023,12.0,37.0,
8024,18.0,32.0,
8025,26.0,26.0,
8026,13.0,16.0,
8027,10.0,10.0,
8028,17.0,11.0,
8029,15.0,44.0,
8030,22.0,18.0,
8031,16.0,,
8032,22.0,,
8033,27.0,5.0,
8034,38.0,17.0,
8035,34.0,19.0,
8036,25.0,23.0,
8037,14.0,30.0,
8038,22.0,33.0,
8039,26.0,33.0,
8040,19.0,41.0,
8041,10.0,54.0,
8042,6.0,30.0,
8043,5.0,34.0,
8044,11.0,55.0,
8045,17.0,46.0,
8046,21.0,27.0,
8047,23.0,13.0,
8048,29.0,42.0,
8049,34.0,35.0,
8050,34.0,20.0,
8051,33.0,18.0,
8052,38.0,24.0,
8053,36.0,40.0,
8054,43.0,25.0,
8055,53.0,25.0,
8056,70.0,28.0,
8057,56.0,22.0,
8058,28.0,33.0,
8059,36.0,57.0,
8060,52.0,67.0,
8061,33.0,76.0,
8062,18.0,71.0,
8063,25.0,63.0,
8064,27.0,64.0,
8065,27.0,71.0,
8066,25.0,80.0,
8067,30.0,60.0,
8068,25.0,46.0,
8069,25.0,32.0,
8070,20.0,37.0,
8071,21.0,30.0,
8072,24.0,29.0,
8073,25.0,26.0,
8074,43.0,26.0,
8075,50.0,28.0,
8076,53.0,24.0,
8077,45.0,18.0,
8078,29.0,11.0,
8079,17.0,5.0,
8080,35.0,10.0,
8081,28.0,8.0,
8082,23.0,13.0,
8083,33.0,19.0,
8084,28.0,23.0,
8085,21.0,31.0,
8086,14.0,33.0,
8087,17.0,32.0,
8088,17.0,40.0,
8089,15.0,32.0,
8090,12.0,33.0,
8091,11.0,25.0,
8092,2.0,31.0,
8093,5.0,27.0,
8094,,27.0,
8095,7.0,20.0,
8096,6.0,20.0,
8097,8.0,22.0,
8098,14.0,28.0,
8099,15.0,11.0,
8100,12.0,10.0,
8101,10.0,11.0,
8102,11.0,,
8103,26.0,,
8104,29.0,,
8105,16.0,11.0,
8106,15.0,15.0,
8107,16.0,33.0,
8108,18.0,32.0,
8109,24.0,25.0,
8110,26.0,16.0,
8111,35.0,20.0,
8112,26.0,29.0,
8113,10.0,34.0,
8114,8.0,34.0,
8115,13.0,45.0,
8116,9.0,45.0,
8117,13.0,,
8118,8.0,43.0,
8119,6.0,33.0,
8120,8.0,30.0,
8121,13.0,37.0,
8122,17.0,39.0,
8123,24.0,48.0,
8124,28.0,31.0,
8125,28.0,18.0,
8126,22.0,19.0,
8127,20.0,17.0,
8128,22.0,19.0,
8129,22.0,21.0,
8130,35.0,19.0,
8131,47.0,21.0,
8132,36.0,25.0,
8133,32.0,34.0,
8134,39.0,31.0,
8135,42.0,34.0,
8136,31.0,33.0,
8137,31.0,17.0,
8138,32.0,27.0,
8139,37.0,32.0,
8140,54.0,29.0,
8141,56.0,22.0,
8142,65.0,16.0,
8143,62.0,19.0,
8144,55.0,29.0,
8145,45.0,15.0,
8146,54.0,12.0,
8147,61.0,16.0,
8148,10.0,13.0,
8149,26.0,7.0,
8150,38.0,,
8151,39.0,10.0,
8152,43.0,5.0,
8153,40.0,8.0,
8154,57.0,3.0,
8155,38.0,9.0,
8156,52.0,14.0,
8157,64.0,12.0,
8158,79.0,13.0,
8159,77.0,19.0,
8160,78.0,9.0,
8161,86.0,13.0,
8162,71.0,9.0,
8163,33.0,9.0,
8164,19.0,23.0,
8165,18.0,6.0,
8166,18.0,14.0,
8167,16.0,4.0,
8168,18.0,5.0,
8169,20.0,9.0,
8170,23.0,9.0,
8171,25.0,10.0,
8172,25.0,14.0,
8173,30.0,10.0,
8174,35.0,15.0,
8175,57.0,14.0,
8176,53.0,19.0,
8177,41.0,21.0,
8178,30.0,28.0,
8179,27.0,21.0,
8180,30.0,16.0,
8181,30.0,19.0,
8182,40.0,22.0,
8183,48.0,20.0,
8184,50.0,21.0,
8185,43.0,24.0,
8186,47.0,25.0,
8187,30.0,14.0,
8188,23.0,15.0,
8189,19.0,28.0,
8190,21.0,42.0,
8191,21.0,27.0,
8192,22.0,42.0,
8193,25.0,44.0,
8194,33.0,27.0,
8195,31.0,33.0,
8196,36.0,39.0,
8197,33.0,36.0,
8198,30.0,19.0,
8199,29.0,20.0,
8200,32.0,44.0,
8201,35.0,35.0,
8202,45.0,27.0,
8203,47.0,25.0,
8204,45.0,31.0,
8205,57.0,42.0,
8206,74.0,34.0,
8207,82.0,46.0,
8208,70.0,47.0,
8209,71.0,53.0,
8210,63.0,58.0,
8211,31.0,75.0,
8212,19.0,69.0,
8213,23.0,66.0,
8214,22.0,64.0,
8215,19.0,52.0,
8216,23.0,46.0,
8217,23.0,59.0,
8218,21.0,45.0,
8219,27.0,38.0,
8220,31.0,41.0,
8221,31.0,29.0,
8222,27.0,26.0,
8223,34.0,30.0,
8224,46.0,30.0,
8225,55.0,20.0,
8226,58.0,,
8227,48.0,,
8228,44.0,14.0,
8229,56.0,25.0,
8230,68.0,21.0,
8231,83.0,,
8232,78.0,,
8233,37.0,,
8234,18.0,,
8235,14.0,,
8236,14.0,,
8237,,,
8238,17.0,,
8239,15.0,,
8240,17.0,,
8241,19.0,,
8242,23.0,6.0,
8243,30.0,11.0,
8244,22.0,5.0,
8245,28.0,4.0,
8246,33.0,,
8247,40.0,,
8248,66.0,,
8249,62.0,,
8250,58.0,,
8251,42.0,,
8252,33.0,9.0,
8253,51.0,16.0,
8254,47.0,13.0,
8255,55.0,18.0,
8256,66.0,23.0,
8257,75.0,24.0,
8258,76.0,16.0,
8259,58.0,27.0,
8260,36.0,16.0,
8261,27.0,11.0,
8262,26.0,20.0,
8263,20.0,25.0,
8264,27.0,55.0,
8265,32.0,55.0,
8266,29.0,45.0,
8267,29.0,27.0,
8268,28.0,,
8269,20.0,10.0,
8270,17.0,14.0,
8271,18.0,20.0,
8272,21.0,23.0,
8273,39.0,18.0,
8274,18.0,16.0,
8275,9.0,17.0,
8276,22.0,19.0,
8277,25.0,23.0,
8278,40.0,24.0,
8279,37.0,30.0,
8280,25.0,34.0,
8281,22.0,37.0,
8282,26.0,28.0,
8283,28.0,9.0,
8284,27.0,26.0,
8285,30.0,30.0,
8286,23.0,31.0,
8287,21.0,38.0,
8288,25.0,43.0,
8289,25.0,51.0,
8290,27.0,56.0,
8291,33.0,46.0,
8292,28.0,45.0,
8293,24.0,32.0,
8294,23.0,27.0,
8295,24.0,27.0,
8296,25.0,22.0,
8297,31.0,23.0,
8298,43.0,24.0,
8299,47.0,22.0,
8300,47.0,25.0,
8301,52.0,17.0,
8302,60.0,27.0,
8303,58.0,20.0,
8304,66.0,17.0,
8305,76.0,19.0,
8306,68.0,10.0,
8307,35.0,5.0,
8308,24.0,6.0,
8309,35.0,7.0,
8310,64.0,10.0,
8311,63.0,27.0,
8312,56.0,6.0,
8313,55.0,2.0,
8314,52.0,7.0,
8315,42.0,10.0,
8316,44.0,21.0,
8317,26.0,19.0,
8318,38.0,19.0,
8319,39.0,29.0,
8320,49.0,24.0,
8321,40.0,27.0,
8322,29.0,23.0,
8323,21.0,28.0,
8324,24.0,22.0,
8325,46.0,41.0,
8326,65.0,28.0,
8327,61.0,16.0,
8328,55.0,15.0,
8329,54.0,8.0,
8330,28.0,9.0,
8331,14.0,14.0,
8332,4.0,14.0,
8333,,,
8334,,28.0,
8335,,14.0,
8336,,,
8337,2.0,,
8338,7.0,,
8339,11.0,5.0,
8340,10.0,9.0,
8341,8.0,9.0,
8342,6.0,15.0,
8343,8.0,15.0,
8344,11.0,10.0,
8345,5.0,10.0,
8346,4.0,,
8347,4.0,6.0,
8348,10.0,12.0,
8349,21.0,12.0,
8350,27.0,13.0,
8351,31.0,9.0,
8352,35.0,8.0,
8353,25.0,26.0,
8354,23.0,3.0,
8355,19.0,2.0,
8356,28.0,8.0,
8357,33.0,30.0,
8358,30.0,18.0,
8359,29.0,,
8360,32.0,6.0,
8361,31.0,30.0,
8362,49.0,,
8363,55.0,8.0,
8364,39.0,29.0,
8365,32.0,21.0,
8366,27.0,25.0,
8367,22.0,14.0,
8368,15.0,17.0,
8369,21.0,22.0,
8370,13.0,14.0,
8371,10.0,18.0,
8372,18.0,23.0,
8373,24.0,29.0,
8374,28.0,27.0,
8375,25.0,10.0,
8376,33.0,23.0,
8377,28.0,20.0,
8378,21.0,23.0,
8379,9.0,16.0,
8380,8.0,6.0,
8381,15.0,7.0,
8382,21.0,7.0,
8383,22.0,2.0,
8384,28.0,4.0,
8385,31.0,7.0,
8386,35.0,4.0,
8387,38.0,,
8388,37.0,,
8389,21.0,,
8390,15.0,,
8391,7.0,,
8392,12.0,,
8393,12.0,11.0,
8394,17.0,10.0,
8395,19.0,12.0,
8396,34.0,27.0,
8397,35.0,25.0,
8398,33.0,16.0,
8399,15.0,13.0,
8400,4.0,20.0,
8401,,25.0,
8402,,37.0,
8403,,53.0,
8404,4.0,37.0,
8405,,32.0,
8406,4.0,25.0,
8407,,28.0,
8408,3.0,37.0,
8409,4.0,45.0,
8410,7.0,50.0,
8411,11.0,63.0,
8412,12.0,56.0,
8413,8.0,30.0,
8414,10.0,18.0,
8415,8.0,12.0,
8416,9.0,7.0,
8417,21.0,3.0,
8418,24.0,4.0,
8419,23.0,7.0,
8420,16.0,16.0,
8421,7.0,29.0,
8422,7.0,31.0,
8423,20.0,38.0,
8424,11.0,59.0,
8425,8.0,70.0,
8426,8.0,61.0,
8427,10.0,44.0,
8428,13.0,58.0,
8429,8.0,77.0,
8430,,48.0,
8431,6.0,38.0,
8432,6.0,40.0,
8433,8.0,47.0,
8434,8.0,49.0,
8435,9.0,47.0,
8436,10.0,45.0,
8437,7.0,40.0,
8438,11.0,12.0,
8439,13.0,4.0,
8440,15.0,5.0,
8441,26.0,3.0,
8442,26.0,3.0,
8443,27.0,6.0,
8444,22.0,11.0,
8445,12.0,27.0,
8446,15.0,30.0,
8447,21.0,30.0,
8448,17.0,31.0,
8449,13.0,41.0,
8450,14.0,31.0,
8451,9.0,18.0,
8452,7.0,19.0,
8453,13.0,28.0,
8454,8.0,28.0,
8455,7.0,23.0,
8456,2.0,27.0,
8457,,30.0,
8458,7.0,23.0,
8459,5.0,15.0,
8460,11.0,24.0,
8461,15.0,13.0,
8462,26.0,15.0,
8463,13.0,21.0,
8464,4.0,14.0,
8465,3.0,14.0,
8466,14.0,11.0,
8467,21.0,22.0,
8468,37.0,35.0,
8469,32.0,44.0,
8470,36.0,25.0,
8471,26.0,9.0,
8472,25.0,11.0,
8473,34.0,25.0,
8474,37.0,19.0,
8475,37.0,19.0,
8476,29.0,14.0,
8477,27.0,8.0,
8478,19.0,7.0,
8479,22.0,19.0,
8480,35.0,16.0,
8481,44.0,21.0,
8482,44.0,36.0,
8483,43.0,22.0,
8484,41.0,19.0,
8485,19.0,15.0,
8486,,13.0,
8487,,28.0,
8488,,32.0,
8489,5.0,26.0,
8490,10.0,24.0,
8491,8.0,12.0,
8492,10.0,23.0,
8493,14.0,54.0,
8494,13.0,66.0,
8495,16.0,59.0,
8496,20.0,47.0,
8497,10.0,27.0,
8498,24.0,11.0,
8499,26.0,10.0,
8500,17.0,11.0,
8501,12.0,12.0,
8502,4.0,8.0,
8503,2.0,10.0,
8504,6.0,11.0,
8505,14.0,13.0,
8506,17.0,32.0,
8507,22.0,26.0,
8508,21.0,17.0,
8509,20.0,28.0,
8510,28.0,25.0,
8511,29.0,29.0,
8512,24.0,42.0,
8513,24.0,31.0,
8514,18.0,23.0,
8515,19.0,25.0,
8516,26.0,38.0,
8517,30.0,39.0,
8518,23.0,59.0,
8519,32.0,66.0,
8520,29.0,80.0,
8521,27.0,85.0,
8522,33.0,71.0,
8523,24.0,43.0,
8524,15.0,29.0,
8525,15.0,23.0,
8526,19.0,15.0,
8527,17.0,17.0,
8528,25.0,17.0,
8529,31.0,19.0,
8530,44.0,17.0,
8531,37.0,6.0,
8532,58.0,8.0,
8533,84.0,12.0,
8534,35.0,15.0,
8535,22.0,20.0,
8536,38.0,25.0,
8537,35.0,30.0,
8538,34.0,31.0,
8539,42.0,33.0,
8540,31.0,38.0,
8541,37.0,36.0,
8542,33.0,29.0,
8543,20.0,24.0,
8544,5.0,24.0,
8545,,25.0,
8546,,32.0,
8547,,21.0,
8548,,18.0,
8549,,14.0,
8550,,10.0,
8551,,9.0,
8552,,18.0,
8553,8.0,17.0,
8554,3.0,16.0,
8555,8.0,19.0,
8556,10.0,21.0,
8557,9.0,23.0,
8558,22.0,25.0,
8559,22.0,27.0,
8560,18.0,17.0,
8561,15.0,17.0,
8562,12.0,25.0,
8563,23.0,22.0,
8564,26.0,24.0,
8565,24.0,24.0,
8566,20.0,27.0,
8567,20.0,23.0,
8568,17.0,32.0,
8569,10.0,29.0,
8570,12.0,14.0,
8571,12.0,18.0,
8572,8.0,22.0,
8573,3.0,30.0,
8574,3.0,31.0,
8575,3.0,31.0,
8576,,30.0,
8577,7.0,26.0,
8578,7.0,24.0,
8579,,24.0,
8580,10.0,28.0,
8581,13.0,14.0,
8582,20.0,,
8583,12.0,,
8584,24.0,,
8585,21.0,,
8586,14.0,,
8587,16.0,,
8588,13.0,2.0,
8589,26.0,29.0,
8590,30.0,42.0,
8591,32.0,39.0,
8592,28.0,35.0,
8593,35.0,33.0,
8594,53.0,35.0,
8595,44.0,53.0,
8596,37.0,64.0,
8597,34.0,61.0,
8598,39.0,52.0,
8599,49.0,52.0,
8600,44.0,35.0,
8601,34.0,28.0,
8602,36.0,17.0,
8603,51.0,13.0,
8604,28.0,9.0,
8605,15.0,,
8606,10.0,,
8607,9.0,,
8608,7.0,,
8609,10.0,2.0,
8610,11.0,10.0,
8611,21.0,5.0,
8612,19.0,9.0,
8613,10.0,12.0,
8614,11.0,12.0,
8615,19.0,13.0,
8616,22.0,4.0,
8617,18.0,,
8618,11.0,,
8619,22.0,2.0,
8620,28.0,7.0,
8621,30.0,8.0,
8622,45.0,,
8623,67.0,,
8624,56.0,,
8625,67.0,,
8626,74.0,8.0,
8627,80.0,11.0,
8628,70.0,8.0,
8629,68.0,11.0,
8630,57.0,10.0,
8631,37.0,15.0,
8632,21.0,11.0,
8633,12.0,21.0,
8634,9.0,20.0,
8635,15.0,21.0,
8636,12.0,27.0,
8637,9.0,33.0,
8638,9.0,30.0,
8639,,37.0,
8640,27.0,31.0,
8641,23.0,29.0,
8642,10.0,25.0,
8643,10.0,23.0,
8644,9.0,32.0,
8645,10.0,19.0,
8646,22.0,26.0,
8647,28.0,35.0,
8648,26.0,27.0,
8649,29.0,26.0,
8650,36.0,50.0,
8651,44.0,68.0,
8652,33.0,17.0,
8653,16.0,,
8654,20.0,,
8655,17.0,,
8656,27.0,,
8657,27.0,,
8658,18.0,4.0,
8659,13.0,12.0,
8660,11.0,19.0,
8661,12.0,30.0,
8662,26.0,27.0,
8663,27.0,44.0,
8664,21.0,40.0,
8665,21.0,41.0,
8666,25.0,19.0,
8667,21.0,5.0,
8668,13.0,,
8669,16.0,,
8670,24.0,,
8671,29.0,,
8672,29.0,6.0,
8673,28.0,22.0,
8674,42.0,34.0,
8675,54.0,45.0,
8676,61.0,,
8677,58.0,,
8678,49.0,,
8679,26.0,,
8680,,,
8681,26.0,8.0,
8682,24.0,11.0,
8683,16.0,12.0,
8684,16.0,20.0,
8685,21.0,27.0,
8686,25.0,29.0,
8687,20.0,32.0,
8688,25.0,34.0,
8689,16.0,25.0,
8690,29.0,22.0,
8691,31.0,25.0,
8692,39.0,23.0,
8693,40.0,20.0,
8694,40.0,22.0,
8695,30.0,45.0,
8696,26.0,48.0,
8697,34.0,53.0,
8698,25.0,63.0,
8699,28.0,71.0,
8700,24.0,3.0,
8701,21.0,,
8702,7.0,,
8703,6.0,,
8704,10.0,,
8705,12.0,,
8706,13.0,,
8707,24.0,3.0,
8708,30.0,14.0,
8709,17.0,27.0,
8710,19.0,32.0,
8711,13.0,32.0,
8712,14.0,35.0,
8713,15.0,31.0,
8714,18.0,31.0,
8715,11.0,38.0,
8716,11.0,50.0,
8717,,35.0,
8718,18.0,38.0,
8719,17.0,44.0,
8720,24.0,45.0,
8721,29.0,43.0,
8722,32.0,41.0,
8723,29.0,50.0,
8724,32.0,11.0,
8725,28.0,14.0,
8726,22.0,19.0,
8727,38.0,9.0,
8728,31.0,4.0,
8729,30.0,3.0,
8730,30.0,11.0,
8731,21.0,8.0,
8732,20.0,17.0,
8733,34.0,31.0,
8734,45.0,37.0,
8735,53.0,48.0,
8736,37.0,38.0,
8737,24.0,43.0,
8738,39.0,46.0,
8739,28.0,28.0,
8740,42.0,31.0,
8741,45.0,36.0,
8742,39.0,32.0,
8743,47.0,33.0,
8744,47.0,26.0,
8745,52.0,35.0,
8746,54.0,41.0,
8747,66.0,57.0,
8748,57.0,16.0,
8749,45.0,,
8750,24.0,5.0,
8751,17.0,4.0,
8752,16.0,6.0,
8753,16.0,14.0,
8754,21.0,11.0,
8755,26.0,36.0,
8756,19.0,35.0,
8757,,62.0,
8758,88.0,173.0,
8759,107.0,270.0,
8760,67.0,319.0,
